,Site,Waterbody,Date,Phylum,Class,Order,Family,Genus,Count
1,Apal,Apalachin Creek,22/04/2025,Arthropoda,Insecta,Plecoptera,Perlidae,Neoperla,1
2,Apal,Apalachin Creek,22/04/2025,Arthropoda,Insecta,Diptera,Simuliidae,Simulium,15
3,Apal,Apalachin Creek,22/04/2025,Arthropoda,Arachnida,Hydracarina,,,3
4,Apal,Apalachin Creek,22/04/2025,Arthropoda,Insecta,Diptera,Empididae,Trichoclinocera,1
5,Apal,Apalachin Creek,22/04/2025,Arthropoda,Insecta,Ephemeroptera,Heptageniidae,Stenacron,1
6,Apal,Apalachin Creek,22/04/2025,Arthropoda,Insecta,Diptera,Simuliidae,Prosimulium,6
7,Apal,Apalachin Creek,22/04/2025,Arthropoda,Insecta,Trichoptera,Hydropsychidae,Cheumatopsyche,4
8,Apal,Apalachin Creek,22/04/2025,Arthropoda,Insecta,Coleoptera,Elmidae,Stenelmis,1
9,Apal,Apalachin Creek,22/04/2025,Arthropoda,Insecta,Ephemeroptera,Heptageniidae,Maccaffertium,6
10,Apal,Apalachin Creek,22/04/2025,Arthropoda,Insecta,Ephemeroptera,Baetidae,Acerpenna,2
11,Apal,Apalachin Creek,22/04/2025,Arthropoda,Insecta,Ephemeroptera,Ameletidae,Ameletus,1
12,Apal,Apalachin Creek,22/04/2025,Arthropoda,Insecta,Plecoptera,Nemouridae,Amphinemura,3
13,Apal,Apalachin Creek,22/04/2025,Arthropoda,Insecta,Ephemeroptera,Baetidae,Baetis,13
14,Apal,Apalachin Creek,22/04/2025,Arthropoda,Insecta,Ephemeroptera,Baetidae,Acentrella,7
15,Apal,Apalachin Creek,22/04/2025,Arthropoda,Insecta,Diptera,Chironomidae,,90
16,Apal,Apalachin Creek,22/04/2025,Arthropoda,Insecta,Plecoptera,Chloroperlidae,,1
17,Apal,Apalachin Creek,22/04/2025,Arthropoda,Insecta,Trichoptera,Hydropsychidae,Hydropsyche,5
18,Apal,Apalachin Creek,22/04/2025,Arthropoda,Insecta,Ephemeroptera,Heptageniidae,Epeorus,24
19,Apal,Apalachin Creek,22/04/2025,Arthropoda,Insecta,Ephemeroptera,Ephemerellidae,Ephemerella,1
20,Apal,Apalachin Creek,22/04/2025,Arthropoda,Insecta,Plecoptera,Chloroperlidae,Haploperla,4
21,Apal,Apalachin Creek,22/04/2025,Arthropoda,Insecta,Diptera,Tipulidae,Hexatoma,1
22,Apal,Apalachin Creek,22/04/2025,Arthropoda,Insecta,Ephemeroptera,Heptageniidae,Cinygmula,13
23,Apal,Apalachin Creek,22/04/2025,Arthropoda,Insecta,Ephemeroptera,Heptageniidae,Leucrocuta,2
24,Apal,Apalachin Creek,22/04/2025,Arthropoda,Insecta,Plecoptera,Perlodidae,Isoperla,1
25,Apal,Apalachin Creek,22/04/2025,Arthropoda,Insecta,Ephemeroptera,Baetidae,Acentrella,2
26,Apal,Apalachin Creek,22/04/2025,Arthropoda,Malacostraca,Decapoda,Cambaridae,Cambarus,1
27,Apal,Apalachin Creek,22/04/2025,Arthropoda,Insecta,Trichoptera,Hydropsychidae,Cheumatopsyche,2
28,Apal,Apalachin Creek,22/04/2025,Arthropoda,Insecta,Diptera,Chironomidae,,17
29,Apal,Apalachin Creek,22/04/2025,Arthropoda,Insecta,Ephemeroptera,Ephemerellidae,Ephemerella,1
30,Apal,Apalachin Creek,22/04/2025,Arthropoda,Insecta,Ephemeroptera,Ephemerellidae,Eurylophella,3
31,Apal,Apalachin Creek,22/04/2025,Arthropoda,Insecta,Diptera,Tipulidae,Hexatoma,3
32,Apal,Apalachin Creek,22/04/2025,Arthropoda,Insecta,Trichoptera,Hydropsychidae,Hydropsyche,5
33,Apal,Apalachin Creek,22/04/2025,Arthropoda,Insecta,Ephemeroptera,Isonychiidae,Isonychia,1
34,Apal,Apalachin Creek,22/04/2025,Arthropoda,Insecta,Plecoptera,Perlodidae,Isoperla,2
35,Apal,Apalachin Creek,22/04/2025,Arthropoda,Insecta,Ephemeroptera,Leptophlebiidae,,1
36,Apal,Apalachin Creek,22/04/2025,Arthropoda,Insecta,Plecoptera,Leuctridae,Leuctra,3
37,Apal,Apalachin Creek,22/04/2025,Arthropoda,Insecta,Ephemeroptera,Heptageniidae,Maccaffertium,4
38,Apal,Apalachin Creek,22/04/2025,Arthropoda,Insecta,Coleoptera,Elmidae,Optioservus,2
39,Apal,Apalachin Creek,22/04/2025,Arthropoda,Insecta,Coleoptera,Psephenidae,Psephenus,3
40,Apal,Apalachin Creek,22/04/2025,Arthropoda,Insecta,Diptera,Simuliidae,Simulium,2
41,Apal,Apalachin Creek,22/04/2025,Arthropoda,Insecta,Ephemeroptera,Heptageniidae,Stenacron,1
42,Apal,Apalachin Creek,22/04/2025,Arthropoda,Insecta,Plecoptera,Chloroperlidae,Sweltsa,2
43,Apal,Apalachin Creek,22/04/2025,Arthropoda,Insecta,Plecoptera,Taeniopterygidae,Taeniopteryx,11
44,Apal,Apalachin Creek,22/04/2025,Arthropoda,Insecta,Ephemeroptera,Baetidae,Acentrella,16
45,Apal,Apalachin Creek,22/04/2025,Arthropoda,Insecta,Ephemeroptera,Baetidae,Baetis,3
46,Apal,Apalachin Creek,22/04/2025,Arthropoda,Insecta,Ephemeroptera,Caenidae,Caenis,2
47,Apal,Apalachin Creek,22/04/2025,Arthropoda,Insecta,Ephemeroptera,Heptageniidae,Leucrocuta,2
48,Apal,Apalachin Creek,22/04/2025,Arthropoda,Insecta,Ephemeroptera,Heptageniidae,Maccaffertium,50
49,Apal,Apalachin Creek,22/04/2025,Arthropoda,Insecta,Ephemeroptera,Isonychiidae,Isonychia,2
50,Apal,Apalachin Creek,22/04/2025,Arthropoda,Insecta,Trichoptera,Hydropsychidae,Ceratopsyche,59
51,Apal,Apalachin Creek,22/04/2025,Arthropoda,Insecta,Trichoptera,Hydropsychidae,Cheumatopsyche,55
52,Apal,Apalachin Creek,22/04/2025,Arthropoda,Insecta,Trichoptera,Philopotamidae,Chimarra,1
53,Apal,Apalachin Creek,22/04/2025,Arthropoda,Insecta,Coleoptera,Elmidae,Optioservus,1
54,Apal,Apalachin Creek,22/04/2025,Arthropoda,Insecta,Coleoptera,Elmidae,Stenelmis,1
55,Apal,Apalachin Creek,22/04/2025,Arthropoda,Insecta,Coleoptera,Psephenidae,Psephenus,3
56,Apal,Apalachin Creek,22/04/2025,Arthropoda,Insecta,Diptera,Chironomidae,,8
57,Apal,Apalachin Creek,22/04/2025,Arthropoda,Insecta,Diptera,Empididae,Hemerodromia,4
58,Apal,Apalachin Creek,22/04/2025,Arthropoda,Insecta,Diptera,Tipulidae,Hexatoma,1
59,Apal,Apalachin Creek,22/04/2025,Platyhelminthes,Turbellaria,,,,2
60,Apal,Apalachin Creek,22/04/2025,Arthropoda,Arachnida,Hydracarina,,,1
61,Apal,Apalachin Creek,22/04/2025,Arthropoda,Insecta,Ephemeroptera,Baetidae,Acentrella,3
62,Apal,Apalachin Creek,22/04/2025,Arthropoda,Insecta,Ephemeroptera,Baetidae,Acerpenna,3
63,Apal,Apalachin Creek,22/04/2025,Arthropoda,Insecta,Ephemeroptera,Baetidae,Baetis,3
64,Apal,Apalachin Creek,22/04/2025,Arthropoda,Insecta,Ephemeroptera,Caenidae,Caenis,1
65,Apal,Apalachin Creek,22/04/2025,Arthropoda,Insecta,Ephemeroptera,Ephemerellidae,Eurylophella,3
66,Apal,Apalachin Creek,22/04/2025,Arthropoda,Insecta,Ephemeroptera,Ephemerellidae,Serratella,4
67,Apal,Apalachin Creek,22/04/2025,Arthropoda,Insecta,Ephemeroptera,Heptageniidae,Epeorus,2
68,Apal,Apalachin Creek,22/04/2025,Arthropoda,Insecta,Ephemeroptera,Heptageniidae,Leucrocuta,3
69,Apal,Apalachin Creek,22/04/2025,Arthropoda,Insecta,Ephemeroptera,Heptageniidae,Maccaffertium,29
70,Apal,Apalachin Creek,22/04/2025,Arthropoda,Insecta,Ephemeroptera,Heptageniidae,Stenacron,1
71,Apal,Apalachin Creek,22/04/2025,Arthropoda,Insecta,Ephemeroptera,Isonychiidae,Isonychia,1
72,Apal,Apalachin Creek,22/04/2025,Arthropoda,Insecta,Plecoptera,Capniidae,Allocapnia,1
73,Apal,Apalachin Creek,22/04/2025,Arthropoda,Insecta,Trichoptera,Glossosomatidae,Glossosoma,1
74,Apal,Apalachin Creek,22/04/2025,Arthropoda,Insecta,Trichoptera,Hydropsychidae,Ceratopsyche,46
75,Apal,Apalachin Creek,22/04/2025,Arthropoda,Insecta,Trichoptera,Hydropsychidae,Cheumatopsyche,46
76,Apal,Apalachin Creek,22/04/2025,Arthropoda,Insecta,Trichoptera,Lepidostomatidae,Lepidostoma,1
77,Apal,Apalachin Creek,22/04/2025,Arthropoda,Insecta,Trichoptera,Philopotamidae,Chimarra,13
78,Apal,Apalachin Creek,22/04/2025,Arthropoda,Insecta,Odonata,Gomphidae,,1
79,Apal,Apalachin Creek,22/04/2025,Arthropoda,Insecta,Megaloptera,Corydalidae,Nigronia,1
80,Apal,Apalachin Creek,22/04/2025,Arthropoda,Insecta,Coleoptera,Elmidae,Optioservus,4
81,Apal,Apalachin Creek,22/04/2025,Arthropoda,Insecta,Coleoptera,Elmidae,Stenelmis,1
82,Apal,Apalachin Creek,22/04/2025,Arthropoda,Insecta,Coleoptera,Psephenidae,Psephenus,3
83,Apal,Apalachin Creek,22/04/2025,Arthropoda,Insecta,Diptera,Ceratopogonidae,,1
84,Apal,Apalachin Creek,22/04/2025,Arthropoda,Insecta,Diptera,Chironomidae,,25
85,Apal,Apalachin Creek,22/04/2025,Arthropoda,Insecta,Diptera,Empididae,Hemerodromia,1
86,Apal,Apalachin Creek,22/04/2025,Arthropoda,Insecta,Diptera,Tipulidae,Antocha,3
87,Apal,Apalachin Creek,22/04/2025,Arthropoda,Insecta,Diptera,Tipulidae,Hexatoma,2
88,Apal,Apalachin Creek,22/04/2025,Nemertea,,,,,4
89,Apal,Apalachin Creek,22/04/2025,Mollusca,Gastropoda,Basommatophora,Lymnaeidae,,2
90,Apal,Apalachin Creek,22/04/2025,Platyhelminthes,Turbellaria,,,,14
91,Apal,Apalachin Creek,22/04/2025,Annelida,Oligochaeta,,,,10
92,Apal,Apalachin Creek,22/04/2025,Arthropoda,Arachnida,Hydracarina,,,4
93,Apal,Apalachin Creek,22/04/2025,Arthropoda,Insecta,Ephemeroptera,Caenidae,Caenis,2
94,Apal,Apalachin Creek,22/04/2025,Arthropoda,Insecta,Ephemeroptera,Ephemerellidae,Eurylophella,1
95,Apal,Apalachin Creek,22/04/2025,Arthropoda,Insecta,Ephemeroptera,Ephemerellidae,Serratella,4
96,Apal,Apalachin Creek,22/04/2025,Arthropoda,Insecta,Ephemeroptera,Heptageniidae,Leucrocuta,2
97,Apal,Apalachin Creek,22/04/2025,Arthropoda,Insecta,Ephemeroptera,Heptageniidae,Maccaffertium,12
98,Apal,Apalachin Creek,22/04/2025,Arthropoda,Insecta,Ephemeroptera,Isonychiidae,Isonychia,6
99,Apal,Apalachin Creek,22/04/2025,Arthropoda,Insecta,Trichoptera,Hydropsychidae,Ceratopsyche,36
100,Apal,Apalachin Creek,22/04/2025,Arthropoda,Insecta,Trichoptera,Hydropsychidae,Cheumatopsyche,62
101,Apal,Apalachin Creek,22/04/2025,Arthropoda,Insecta,Ephemeroptera,Baetidae,Acerpenna,1
102,Apal,Apalachin Creek,22/04/2025,Arthropoda,Insecta,Trichoptera,Philopotamidae,Chimarra,15
103,Apal,Apalachin Creek,22/04/2025,Arthropoda,Insecta,Coleoptera,Dryopidae,Helichus,1
104,Apal,Apalachin Creek,22/04/2025,Arthropoda,Insecta,Coleoptera,Elmidae,Optioservus,5
105,Apal,Apalachin Creek,22/04/2025,Arthropoda,Insecta,Coleoptera,Elmidae,Stenelmis,1
106,Apal,Apalachin Creek,22/04/2025,Arthropoda,Insecta,Coleoptera,Psephenidae,Psephenus,6
107,Apal,Apalachin Creek,22/04/2025,Arthropoda,Insecta,Diptera,Ceratopogonidae,,1
108,Apal,Apalachin Creek,22/04/2025,Arthropoda,Insecta,Diptera,Chironomidae,,52
109,Apal,Apalachin Creek,22/04/2025,Arthropoda,Insecta,Diptera,Tipulidae,Antocha,3
110,Apal,Apalachin Creek,22/04/2025,Platyhelminthes,Turbellaria,,,,1
111,Apal,Apalachin Creek,22/04/2025,Annelida,Oligochaeta,,,,8
112,Apal,Apalachin Creek,22/04/2025,Arthropoda,Arachnida,Hydracarina,,,3
113,Apal,Apalachin Creek,22/04/2025,Arthropoda,Arachnida,Hydracarina,,,6
114,Apal,Apalachin Creek,22/04/2025,Arthropoda,Insecta,Ephemeroptera,Baetidae,Acentrella,1
115,Apal,Apalachin Creek,22/04/2025,Arthropoda,Insecta,Ephemeroptera,Ephemerellidae,Ephemerella,1
116,Apal,Apalachin Creek,22/04/2025,Arthropoda,Insecta,Ephemeroptera,Ephemerellidae,Eurylophella,5
117,Apal,Apalachin Creek,22/04/2025,Arthropoda,Insecta,Ephemeroptera,Ephemerellidae,Serratella,2
118,Apal,Apalachin Creek,22/04/2025,Arthropoda,Insecta,Ephemeroptera,Heptageniidae,Epeorus,2
119,Apal,Apalachin Creek,22/04/2025,Arthropoda,Insecta,Ephemeroptera,Heptageniidae,Leucrocuta,5
120,Apal,Apalachin Creek,22/04/2025,Arthropoda,Insecta,Ephemeroptera,Heptageniidae,Maccaffertium,3
121,Apal,Apalachin Creek,22/04/2025,Arthropoda,Insecta,Ephemeroptera,Heptageniidae,Stenacron,1
122,Apal,Apalachin Creek,22/04/2025,Arthropoda,Insecta,Ephemeroptera,Isonychiidae,Isonychia,3
123,Apal,Apalachin Creek,22/04/2025,Arthropoda,Insecta,Plecoptera,Perlidae,Neoperla,1
124,Apal,Apalachin Creek,22/04/2025,Arthropoda,Insecta,Plecoptera,Taeniopterygidae,Taeniopteryx,2
125,Apal,Apalachin Creek,22/04/2025,Arthropoda,Insecta,Trichoptera,Hydropsychidae,Ceratopsyche,13
126,Apal,Apalachin Creek,22/04/2025,Arthropoda,Insecta,Trichoptera,Hydropsychidae,Cheumatopsyche,38
127,Apal,Apalachin Creek,22/04/2025,Arthropoda,Insecta,Trichoptera,Philopotamidae,Chimarra,15
128,Apal,Apalachin Creek,22/04/2025,Arthropoda,Insecta,Trichoptera,Polycentropodidae,Polycentropus,6
129,Apal,Apalachin Creek,22/04/2025,Arthropoda,Insecta,Odonata,Coenagrionidae,Argia,3
130,Apal,Apalachin Creek,22/04/2025,Arthropoda,Insecta,Coleoptera,Elmidae,,5
131,Apal,Apalachin Creek,22/04/2025,Arthropoda,Insecta,Coleoptera,Elmidae,Optioservus,11
132,Apal,Apalachin Creek,22/04/2025,Arthropoda,Insecta,Coleoptera,Elmidae,Stenelmis,5
133,Apal,Apalachin Creek,22/04/2025,Arthropoda,Insecta,Coleoptera,Psephenidae,Psephenus,21
134,Apal,Apalachin Creek,22/04/2025,Arthropoda,Insecta,Diptera,Ceratopogonidae,Bezzia,1
135,Apal,Apalachin Creek,22/04/2025,Arthropoda,Insecta,Diptera,Chironomidae,,14
136,Apal,Apalachin Creek,22/04/2025,Arthropoda,Insecta,Diptera,Tipulidae,Antocha,1
137,Apal,Apalachin Creek,22/04/2025,Arthropoda,Insecta,Diptera,Tipulidae,Hexatoma,2
138,Apal,Apalachin Creek,22/04/2025,Nemertea,,,,,6
139,Apal,Apalachin Creek,22/04/2025,Platyhelminthes,Turbellaria,,,,16
140,Apal,Apalachin Creek,22/04/2025,Annelida,Oligochaeta,,,,1
141,Apal,Apalachin Creek,22/04/2025,Arthropoda,Arachnida,Hydracarina,,,8
142,Apal,Apalachin Creek,22/04/2025,Arthropoda,Insecta,Ephemeroptera,Ephemerellidae,Eurylophella,1
143,Apal,Apalachin Creek,22/04/2025,Arthropoda,Insecta,Ephemeroptera,Ephemerellidae,Serratella,1
144,Apal,Apalachin Creek,22/04/2025,Arthropoda,Insecta,Ephemeroptera,Heptageniidae,Leucrocuta,3
145,Apal,Apalachin Creek,22/04/2025,Arthropoda,Insecta,Ephemeroptera,Heptageniidae,Maccaffertium,8
146,Apal,Apalachin Creek,22/04/2025,Arthropoda,Insecta,Ephemeroptera,Isonychiidae,Isonychia,6
147,Apal,Apalachin Creek,22/04/2025,Arthropoda,Insecta,Plecoptera,Perlidae,Acroneuria,1
148,Apal,Apalachin Creek,22/04/2025,Arthropoda,Insecta,Plecoptera,Taeniopterygidae,Taeniopteryx,1
149,Apal,Apalachin Creek,22/04/2025,Arthropoda,Insecta,Trichoptera,Hydropsychidae,Ceratopsyche,18
150,Apal,Apalachin Creek,22/04/2025,Arthropoda,Insecta,Trichoptera,Hydropsychidae,Cheumatopsyche,47
151,Apal,Apalachin Creek,22/04/2025,Arthropoda,Insecta,Trichoptera,Hydropsychidae,Hydropsyche,1
152,Apal,Apalachin Creek,22/04/2025,Arthropoda,Insecta,Trichoptera,Philopotamidae,Chimarra,23
153,Apal,Apalachin Creek,22/04/2025,Arthropoda,Insecta,Trichoptera,Polycentropodidae,Polycentropus,1
154,Apal,Apalachin Creek,22/04/2025,Arthropoda,Insecta,Coleoptera,Elmidae,Optioservus,10
155,Apal,Apalachin Creek,22/04/2025,Arthropoda,Insecta,Coleoptera,Elmidae,Stenelmis,2
156,Apal,Apalachin Creek,22/04/2025,Arthropoda,Insecta,Coleoptera,Psephenidae,Psephenus,24
157,Apal,Apalachin Creek,22/04/2025,Arthropoda,Insecta,Diptera,Ceratopogonidae,Bezzia,5
158,Apal,Apalachin Creek,22/04/2025,Arthropoda,Insecta,Diptera,Chironomidae,,18
159,Apal,Apalachin Creek,22/04/2025,Arthropoda,Insecta,Diptera,Empididae,Hemerodromia,6
160,Apal,Apalachin Creek,22/04/2025,Nemertea,,,,,2
161,Apal,Apalachin Creek,22/04/2025,Platyhelminthes,Turbellaria,,,,8
162,Apal,Apalachin Creek,22/04/2025,Annelida,Oligochaeta,,,,3
163,Apal,Apalachin Creek,22/04/2025,Arthropoda,Insecta,Ephemeroptera,Baetidae,Acerpenna,6
164,Apal,Apalachin Creek,22/04/2025,Arthropoda,Insecta,Plecoptera,Nemouridae,Amphinemura,9
165,Apal,Apalachin Creek,22/04/2025,Arthropoda,Insecta,Trichoptera,Hydropsychidae,Ceratopsyche,3
166,Apal,Apalachin Creek,22/04/2025,Arthropoda,Insecta,Diptera,Empididae,Clinocera,2
167,Apal,Apalachin Creek,22/04/2025,Arthropoda,Insecta,Ephemeroptera,Heptageniidae,Epeorus,14
168,Apal,Apalachin Creek,22/04/2025,Arthropoda,Insecta,Odonata,Gomphidae,,1
169,Apal,Apalachin Creek,22/04/2025,Arthropoda,Insecta,Ephemeroptera,Isonychiidae,Isonychia,1
170,Apal,Apalachin Creek,22/04/2025,Arthropoda,Insecta,Plecoptera,Perlodidae,Isoperla,1
171,Apal,Apalachin Creek,22/04/2025,Arthropoda,Insecta,Plecoptera,Leuctridae,Leuctra,1
172,Apal,Apalachin Creek,22/04/2025,Annelida,Oligochaeta,,,,2
173,Apal,Apalachin Creek,22/04/2025,Arthropoda,Insecta,Coleoptera,Psephenidae,Psephenus,1
174,Apal,Apalachin Creek,22/04/2025,Arthropoda,Insecta,Plecoptera,Capniidae,Allocapnia,2
175,Apal,Apalachin Creek,22/04/2025,Arthropoda,Insecta,Ephemeroptera,Baetidae,Baetis,21
176,Apal,Apalachin Creek,22/04/2025,Arthropoda,Insecta,Diptera,Ceratopogonidae,,1
177,Apal,Apalachin Creek,22/04/2025,Arthropoda,Insecta,Trichoptera,Hydropsychidae,Cheumatopsyche,3
178,Apal,Apalachin Creek,22/04/2025,Arthropoda,Insecta,Diptera,Chironomidae,,32
179,Apal,Apalachin Creek,22/04/2025,Arthropoda,Insecta,Ephemeroptera,Heptageniidae,Cinygmula,4
180,Apal,Apalachin Creek,22/04/2025,Arthropoda,Malacostraca,Amphipoda,Crangonyctidae,Crangonyx,1
181,Apal,Apalachin Creek,22/04/2025,Arthropoda,Insecta,Ephemeroptera,Ephemerellidae,Ephemerella,1
182,Apal,Apalachin Creek,22/04/2025,Arthropoda,Insecta,Diptera,Empididae,Hemerodromia,3
183,Apal,Apalachin Creek,22/04/2025,Arthropoda,Insecta,Diptera,Tipulidae,Hexatoma,6
184,Apal,Apalachin Creek,22/04/2025,Arthropoda,Insecta,Diptera,Simuliidae,Prosimulium,50
185,Apal,Apalachin Creek,22/04/2025,Arthropoda,Insecta,Plecoptera,Nemouridae,Prostoia,9
186,Apal,Apalachin Creek,22/04/2025,Arthropoda,Insecta,Diptera,Simuliidae,Stegopterna,2
187,Apal,Apalachin Creek,22/04/2025,Arthropoda,Insecta,Ephemeroptera,Heptageniidae,Stenonema,1
188,Apal,Apalachin Creek,22/04/2025,Arthropoda,Insecta,Plecoptera,Taeniopterygidae,Taenionema,24
189,BABB 13.4,Babb Creek,17/04/2025,Arthropoda,Insecta,Trichoptera,Philopotamidae,Dolophilodes,2
190,BABB 13.4,Babb Creek,17/04/2025,Arthropoda,Insecta,Ephemeroptera,Leptophlebiidae,Paraleptophlebia,7
191,BABB 13.4,Babb Creek,17/04/2025,Arthropoda,Insecta,Plecoptera,Leuctridae,Leuctra,20
192,BABB 13.4,Babb Creek,17/04/2025,Arthropoda,Insecta,Trichoptera,Lepidostomatidae,Lepidostoma,2
193,BABB 13.4,Babb Creek,17/04/2025,Arthropoda,Insecta,Plecoptera,Perlodidae,Isoperla,4
194,BABB 13.4,Babb Creek,17/04/2025,Arthropoda,Insecta,Ephemeroptera,Isonychiidae,Isonychia,1
195,BABB 13.4,Babb Creek,17/04/2025,Arthropoda,Insecta,Trichoptera,Hydropsychidae,Hydropsyche,2
196,BABB 13.4,Babb Creek,17/04/2025,Arthropoda,Insecta,Plecoptera,Chloroperlidae,Haploperla,2
197,BABB 13.4,Babb Creek,17/04/2025,Arthropoda,Insecta,Ephemeroptera,Ephemerellidae,Eurylophella,1
198,BABB 13.4,Babb Creek,17/04/2025,Arthropoda,Insecta,Trichoptera,Uenoidae,Neophylax,1
199,BABB 13.4,Babb Creek,17/04/2025,Arthropoda,Insecta,Ephemeroptera,Heptageniidae,Epeorus,9
200,BABB 13.4,Babb Creek,17/04/2025,Arthropoda,Insecta,Ephemeroptera,Ephemerellidae,Drunella,2
201,BABB 13.4,Babb Creek,17/04/2025,Arthropoda,Insecta,Ephemeroptera,Baetidae,Diphetor,5
202,BABB 13.4,Babb Creek,17/04/2025,Arthropoda,Insecta,Ephemeroptera,Heptageniidae,Cinygmula,4
203,BABB 13.4,Babb Creek,17/04/2025,Arthropoda,Insecta,Diptera,Chironomidae,,124
204,BABB 13.4,Babb Creek,17/04/2025,Arthropoda,Insecta,Trichoptera,Hydropsychidae,Cheumatopsyche,1
205,BABB 13.4,Babb Creek,17/04/2025,Arthropoda,Insecta,Ephemeroptera,Baetidae,Baetis,13
206,BABB 13.4,Babb Creek,17/04/2025,Arthropoda,Insecta,Plecoptera,Nemouridae,Amphinemura,4
207,BABB 13.4,Babb Creek,17/04/2025,Arthropoda,Insecta,Ephemeroptera,Ameletidae,Ameletus,2
208,BABB 13.4,Babb Creek,17/04/2025,Arthropoda,Insecta,Plecoptera,Perlidae,Acroneuria,1
209,BABB 13.4,Babb Creek,17/04/2025,Arthropoda,Insecta,Ephemeroptera,Ephemerellidae,Ephemerella,16
210,BABB 13.4,Babb Creek,17/04/2025,Arthropoda,Insecta,Diptera,Simuliidae,Prosimulium,1
211,BABB 13.4,Babb Creek,17/04/2025,Arthropoda,Insecta,Trichoptera,Rhyacophilidae,Rhyacophila,4
212,BABB 13.4,Babb Creek,17/04/2025,Arthropoda,Insecta,Ephemeroptera,Baetidae,Acerpenna,1
213,BABB 13.4,Babb Creek,17/04/2025,Arthropoda,Insecta,Coleoptera,Elmidae,Optioservus,1
214,BABB 13.4,Babb Creek,17/04/2025,Arthropoda,Insecta,Trichoptera,Hydropsychidae,Diplectrona,1
215,BAKR 0.1,Baker Run,15/04/2025,Arthropoda,Insecta,Trichoptera,Hydropsychidae,Diplectrona,2
216,BAKR 0.1,Baker Run,15/04/2025,Arthropoda,Insecta,Trichoptera,Leptophlebiidae,,8
217,BAKR 0.1,Baker Run,15/04/2025,Arthropoda,Insecta,Coleoptera,Elmidae,Optioservus,7
218,BAKR 0.1,Baker Run,15/04/2025,Arthropoda,Insecta,Ephemeroptera,Ephemerellidae,Drunella,15
219,BAKR 0.1,Baker Run,15/04/2025,Arthropoda,Insecta,Diptera,Ceratopogonidae,,1
220,BAKR 0.1,Baker Run,15/04/2025,Arthropoda,Insecta,Diptera,Empididae,Chelifera,1
221,BAKR 0.1,Baker Run,15/04/2025,Arthropoda,Insecta,Diptera,Chironomidae,,58
222,BAKR 0.1,Baker Run,15/04/2025,Arthropoda,Insecta,Trichoptera,Brachycentridae,Micrasema,1
223,BAKR 0.1,Baker Run,15/04/2025,Arthropoda,Insecta,Ephemeroptera,Heptageniidae,Maccaffertium,2
224,BAKR 0.1,Baker Run,15/04/2025,Arthropoda,Insecta,Trichoptera,Rhyacophilidae,Rhyacophila,2
225,BAKR 0.1,Baker Run,15/04/2025,Arthropoda,Insecta,Diptera,Athericidae,Atherix,1
226,BAKR 0.1,Baker Run,15/04/2025,Arthropoda,Insecta,Ephemeroptera,Heptageniidae,Epeorus,3
227,BAKR 0.1,Baker Run,15/04/2025,Arthropoda,Insecta,Ephemeroptera,Ephemerellidae,Ephemerella,30
228,BAKR 0.1,Baker Run,15/04/2025,Arthropoda,Insecta,Ephemeroptera,Ephemerellidae,Eurylophella,2
229,BAKR 0.1,Baker Run,15/04/2025,Arthropoda,Insecta,Diptera,Empididae,Hemerodromia,3
230,BAKR 0.1,Baker Run,15/04/2025,Arthropoda,Insecta,Diptera,Tipulidae,Hexatoma,3
231,BAKR 0.1,Baker Run,15/04/2025,Arthropoda,Insecta,Plecoptera,Chloroperlidae,,1
232,BAKR 0.1,Baker Run,15/04/2025,Annelida,Oligochaeta,,,,1
233,BAKR 0.1,Baker Run,15/04/2025,Arthropoda,Insecta,Diptera,Tipulidae,Antocha,1
234,BAKR 0.1,Baker Run,15/04/2025,Arthropoda,Insecta,Trichoptera,Polycentropodidae,Polycentropus,1
235,BAKR 0.1,Baker Run,15/04/2025,Arthropoda,Insecta,Ephemeroptera,Baetidae,Baetis,19
236,BAKR 0.1,Baker Run,15/04/2025,Arthropoda,Insecta,Ephemeroptera,Baetidae,Acentrella,9
237,BAKR 0.1,Baker Run,15/04/2025,Arthropoda,Insecta,Plecoptera,Perlidae,Acroneuria,2
238,BAKR 0.1,Baker Run,15/04/2025,Arthropoda,Insecta,Trichoptera,Glossosomatidae,Agapetus,1
239,BAKR 0.1,Baker Run,15/04/2025,Platyhelminthes,Turbellaria,,,,1
240,BAKR 0.1,Baker Run,15/04/2025,Arthropoda,Insecta,Trichoptera,Uenoidae,Neophylax,2
241,BAKR 0.1,Baker Run,15/04/2025,Arthropoda,Arachnida,Hydracarina,,,1
242,BAKR 0.1,Baker Run,15/04/2025,Arthropoda,Insecta,Coleoptera,Elmidae,Promoresia,4
243,BAKR 0.1,Baker Run,15/04/2025,Arthropoda,Insecta,Plecoptera,Leuctridae,Leuctra,4
244,BAKR 0.1,Baker Run,15/04/2025,Arthropoda,Insecta,Coleoptera,Elmidae,Oulimnius,7
245,BAKR 0.1,Baker Run,15/04/2025,Arthropoda,Insecta,Ephemeroptera,Heptageniidae,Leucrocuta,2
246,BAKR 0.1,Baker Run,15/04/2025,Arthropoda,Insecta,Diptera,Simuliidae,Prosimulium,1
247,BAKR 0.1,Baker Run,15/04/2025,Arthropoda,Insecta,Trichoptera,Psychomyiidae,Psychomyia,1
248,BAKR 0.1,Baker Run,15/04/2025,Arthropoda,Insecta,Plecoptera,Nemouridae,Amphinemura,1
249,BAKR 0.1,Baker Run,15/04/2025,Arthropoda,Insecta,Ephemeroptera,Heptageniidae,Cinygmula,2
250,BAKR 0.1,Baker Run,15/04/2025,Arthropoda,Insecta,Ephemeroptera,Ephemerellidae,Teloganopsis,4
251,BAKR 0.1,Baker Run,15/04/2025,Arthropoda,Insecta,Plecoptera,Chloroperlidae,,1
252,BAKR 0.1,Baker Run,15/04/2025,Arthropoda,Insecta,Coleoptera,Elmidae,Optioservus,2
253,BAKR 0.1,Baker Run,15/04/2025,Arthropoda,Insecta,Trichoptera,Uenoidae,Neophylax,1
254,BAKR 0.1,Baker Run,15/04/2025,Arthropoda,Insecta,Plecoptera,Leuctridae,Leuctra,11
255,BAKR 0.1,Baker Run,15/04/2025,Arthropoda,Insecta,Ephemeroptera,Heptageniidae,Leucrocuta,2
256,BAKR 0.1,Baker Run,15/04/2025,Arthropoda,Insecta,Plecoptera,Perlodidae,Isoperla,6
257,BAKR 0.1,Baker Run,15/04/2025,Arthropoda,Insecta,Trichoptera,Hydropsychidae,Hydropsyche,1
258,BAKR 0.1,Baker Run,15/04/2025,Arthropoda,Insecta,Ephemeroptera,Ephemerellidae,Ephemerella,43
259,BAKR 0.1,Baker Run,15/04/2025,Arthropoda,Insecta,Ephemeroptera,Heptageniidae,Epeorus,7
260,BAKR 0.1,Baker Run,15/04/2025,Arthropoda,Insecta,Ephemeroptera,Ephemerellidae,Drunella,9
261,BAKR 0.1,Baker Run,15/04/2025,Arthropoda,Insecta,Coleoptera,Elmidae,Oulimnius,20
262,BAKR 0.1,Baker Run,15/04/2025,Arthropoda,Insecta,Ephemeroptera,Heptageniidae,Cinygmula,1
263,BAKR 0.1,Baker Run,15/04/2025,Annelida,Oligochaeta,,,,20
264,BAKR 0.1,Baker Run,15/04/2025,Arthropoda,Insecta,Diptera,Chironomidae,,29
265,BAKR 0.1,Baker Run,15/04/2025,Arthropoda,Insecta,Trichoptera,Hydropsychidae,Cheumatopsyche,4
266,BAKR 0.1,Baker Run,15/04/2025,Arthropoda,Insecta,Diptera,Ceratopogonidae,,5
267,BAKR 0.1,Baker Run,15/04/2025,Arthropoda,Malacostraca,Decapoda,Cambaridae,Cambarus,2
268,BAKR 0.1,Baker Run,15/04/2025,Arthropoda,Insecta,Ephemeroptera,Baetidae,Baetis,30
269,BAKR 0.1,Baker Run,15/04/2025,Arthropoda,Insecta,Diptera,Athericidae,Atherix,1
270,BAKR 0.1,Baker Run,15/04/2025,Arthropoda,Insecta,Diptera,Tipulidae,Antocha,1
271,BAKR 0.1,Baker Run,15/04/2025,Arthropoda,Insecta,Plecoptera,Nemouridae,Amphinemura,1
272,BAKR 0.1,Baker Run,15/04/2025,Arthropoda,Insecta,Plecoptera,Perlidae,Acroneuria,2
273,BAKR 0.1,Baker Run,15/04/2025,Arthropoda,Insecta,Trichoptera,Hydropsychidae,Diplectrona,2
274,BAKR 0.1,Baker Run,15/04/2025,Arthropoda,Arachnida,Hydracarina,,,1
275,BAKR 0.1,Baker Run,15/04/2025,Arthropoda,Insecta,Trichoptera,Rhyacophilidae,Rhyacophila,3
276,BAKR 0.1,Baker Run,15/04/2025,Arthropoda,Insecta,Ephemeroptera,Ephemerellidae,Teloganopsis,1
277,BAKR 0.1,Baker Run,15/04/2025,Arthropoda,Insecta,Diptera,Tipulidae,Pseudolimnophila,2
278,BAKR 0.1,Baker Run,15/04/2025,Platyhelminthes,Turbellaria,,,,4
279,BAKR 0.1,Baker Run,15/04/2025,Arthropoda,Insecta,Ephemeroptera,Leptophlebiidae,Paraleptophlebia,12
280,BAKR 0.1,Baker Run,15/04/2025,Arthropoda,Insecta,Ephemeroptera,Baetidae,Acentrella,2
281,BAKR 0.1,Baker Run,15/04/2025,Arthropoda,Insecta,Plecoptera,Perlidae,Acroneuria,4
282,BAKR 0.1,Baker Run,15/04/2025,Arthropoda,Insecta,Trichoptera,Glossosomatidae,Agapetus,4
283,BAKR 0.1,Baker Run,15/04/2025,Arthropoda,Insecta,Ephemeroptera,Baetidae,Baetis,10
284,BAKR 0.1,Baker Run,15/04/2025,Arthropoda,Malacostraca,Decapoda,Cambaridae,,1
285,BAKR 0.1,Baker Run,15/04/2025,Arthropoda,Insecta,Diptera,Ceratopogonidae,,1
286,BAKR 0.1,Baker Run,15/04/2025,Arthropoda,Insecta,Diptera,Empididae,Chelifera,1
287,BAKR 0.1,Baker Run,15/04/2025,Arthropoda,Insecta,Diptera,Chironomidae,,63
288,BAKR 0.1,Baker Run,15/04/2025,Arthropoda,Insecta,Ephemeroptera,Heptageniidae,Cinygmula,1
289,BAKR 0.1,Baker Run,15/04/2025,Arthropoda,Insecta,Trichoptera,Hydropsychidae,Diplectrona,2
290,BAKR 0.1,Baker Run,15/04/2025,Arthropoda,Insecta,Trichoptera,Philopotamidae,Dolophilodes,3
291,BAKR 0.1,Baker Run,15/04/2025,Arthropoda,Insecta,Ephemeroptera,Ephemerellidae,Drunella,5
292,BAKR 0.1,Baker Run,15/04/2025,Arthropoda,Insecta,Ephemeroptera,Heptageniidae,Epeorus,7
293,BAKR 0.1,Baker Run,15/04/2025,Arthropoda,Insecta,Ephemeroptera,Ephemeridae,Ephemera,1
294,BAKR 0.1,Baker Run,15/04/2025,Arthropoda,Insecta,Ephemeroptera,Ephemerellidae,Ephemerella,34
295,BAKR 0.1,Baker Run,15/04/2025,Arthropoda,Insecta,Plecoptera,Chloroperlidae,Haploperla,1
296,BAKR 0.1,Baker Run,15/04/2025,Arthropoda,Insecta,Diptera,Empididae,Hemerodromia,1
297,BAKR 0.1,Baker Run,15/04/2025,Arthropoda,Insecta,Diptera,Tipulidae,Hexatoma,1
298,BAKR 0.1,Baker Run,15/04/2025,Arthropoda,Insecta,Trichoptera,Hydropsychidae,Hydropsyche,1
299,BAKR 0.1,Baker Run,15/04/2025,Arthropoda,Insecta,Plecoptera,Perlodidae,Isoperla,3
300,BAKR 0.1,Baker Run,15/04/2025,Arthropoda,Insecta,Ephemeroptera,Leptophlebiidae,,8
301,BAKR 0.1,Baker Run,15/04/2025,Arthropoda,Insecta,Plecoptera,Leuctridae,Leuctra,1
302,BAKR 0.1,Baker Run,15/04/2025,Arthropoda,Insecta,Trichoptera,Brachycentridae,Micrasema,3
303,BAKR 0.1,Baker Run,15/04/2025,Annelida,Oligochaeta,,,,3
304,BAKR 0.1,Baker Run,15/04/2025,Arthropoda,Insecta,Coleoptera,Elmidae,Promoresia,8
305,BAKR 0.1,Baker Run,15/04/2025,Arthropoda,Insecta,Coleoptera,Elmidae,Optioservus,1
306,BAKR 0.1,Baker Run,15/04/2025,Arthropoda,Insecta,Coleoptera,Elmidae,Oulimnius,17
307,BAKR 0.1,Baker Run,15/04/2025,Arthropoda,Insecta,Plecoptera,Perlidae,Paragnetina,1
308,BAKR 0.1,Baker Run,15/04/2025,Arthropoda,Insecta,Trichoptera,Rhyacophilidae,Rhyacophila,5
309,BAKR 0.1,Baker Run,15/04/2025,Arthropoda,Insecta,Diptera,Simuliidae,Simulium,1
310,BAKR 0.1,Baker Run,15/04/2025,Arthropoda,Insecta,Trichoptera,Hydroptilidae,Stactobiella,1
311,BAKR 0.1,Baker Run,15/04/2025,Arthropoda,Insecta,Plecoptera,Chloroperlidae,Sweltsa,1
312,BAKR 0.1,Baker Run,15/04/2025,Arthropoda,Insecta,Ephemeroptera,Ephemerellidae,Teloganopsis,5
313,BAKR 0.1,Baker Run,15/04/2025,Platyhelminthes,Turbellaria,,,,1
314,BAKR 0.1,Baker Run,15/04/2025,Arthropoda,Arachnida,Hydracarina,,,1
315,BAKR 0.1,Baker Run,15/04/2025,Mollusca,Bivalvia,Sphaeriida,Sphaeriidae,,2
316,BAKR 0.1,Baker Run,15/04/2025,Arthropoda,Insecta,Trichoptera,Philopotamidae,Dolophilodes,1
317,BAKR 0.1,Baker Run,15/04/2025,Arthropoda,Insecta,Trichoptera,Polycentropodidae,Polycentropus,1
318,BAKR 0.1,Baker Run,15/04/2025,Arthropoda,Insecta,Trichoptera,Philopotamidae,,1
319,BAKR 0.1,Baker Run,15/04/2025,Arthropoda,Insecta,Trichoptera,Rhyacophilidae,Rhyacophila,4
320,BAKR 0.1,Baker Run,15/04/2025,Arthropoda,Insecta,Trichoptera,Lepidostomatidae,Lepidostoma,2
321,BAKR 0.1,Baker Run,15/04/2025,Arthropoda,Insecta,Trichoptera,Uenoidae,Neophylax,1
322,BAKR 0.1,Baker Run,15/04/2025,Arthropoda,Insecta,Coleoptera,Elmidae,Promoresia,1
323,BAKR 0.1,Baker Run,15/04/2025,Arthropoda,Insecta,Diptera,Ceratopogonidae,,3
324,BAKR 0.1,Baker Run,15/04/2025,Arthropoda,Insecta,Diptera,Chironomidae,,90
325,BAKR 0.1,Baker Run,15/04/2025,Arthropoda,Insecta,Trichoptera,Hydroptilidae,Hydroptila,1
326,BAKR 0.1,Baker Run,15/04/2025,Arthropoda,Insecta,Diptera,Simuliidae,Simulium,1
327,BAKR 0.1,Baker Run,15/04/2025,Arthropoda,Insecta,Coleoptera,Elmidae,Oulimnius,7
328,BAKR 0.1,Baker Run,15/04/2025,Platyhelminthes,Turbellaria,,,,1
329,BAKR 0.1,Baker Run,15/04/2025,Arthropoda,Insecta,Plecoptera,Chloroperlidae,Sweltsa,1
330,BAKR 0.1,Baker Run,15/04/2025,Annelida,Oligochaeta,,,,7
331,BAKR 0.1,Baker Run,15/04/2025,Arthropoda,Insecta,Diptera,Empididae,Hemerodromia,2
332,BAKR 0.1,Baker Run,15/04/2025,Arthropoda,Insecta,Ephemeroptera,Heptageniidae,Epeorus,12
333,BAKR 0.1,Baker Run,15/04/2025,Arthropoda,Malacostraca,Decapoda,Cambaridae,,1
334,BAKR 0.1,Baker Run,15/04/2025,Arthropoda,Insecta,Ephemeroptera,Baetidae,Acentrella,4
335,BAKR 0.1,Baker Run,15/04/2025,Arthropoda,Insecta,Ephemeroptera,Baetidae,Acerpenna,2
336,BAKR 0.1,Baker Run,15/04/2025,Arthropoda,Insecta,Ephemeroptera,Baetidae,Baetis,5
337,BAKR 0.1,Baker Run,15/04/2025,Arthropoda,Insecta,Ephemeroptera,Baetidae,Diphetor,2
338,BAKR 0.1,Baker Run,15/04/2025,Arthropoda,Insecta,Ephemeroptera,Ephemerellidae,Drunella,14
339,BAKR 0.1,Baker Run,15/04/2025,Arthropoda,Insecta,Ephemeroptera,Ephemerellidae,Serratella,2
340,BAKR 0.1,Baker Run,15/04/2025,Arthropoda,Insecta,Trichoptera,Hydropsychidae,Hydropsyche,1
341,BAKR 0.1,Baker Run,15/04/2025,Arthropoda,Insecta,Ephemeroptera,Leptophlebiidae,,3
342,BAKR 0.1,Baker Run,15/04/2025,Arthropoda,Insecta,Ephemeroptera,Heptageniidae,Leucrocuta,1
343,BAKR 0.1,Baker Run,15/04/2025,Arthropoda,Insecta,Trichoptera,Hydropsychidae,Diplectrona,2
344,BAKR 0.1,Baker Run,15/04/2025,Arthropoda,Insecta,Ephemeroptera,Ephemerellidae,Ephemerella,22
345,BAKR 0.1,Baker Run,15/04/2025,Nematoda,,,,,1
346,BAKR 0.1,Baker Run,15/04/2025,Arthropoda,Insecta,Plecoptera,Perlidae,Acroneuria,1
347,BAKR 0.1,Baker Run,15/04/2025,Arthropoda,Insecta,Plecoptera,Nemouridae,Amphinemura,3
348,BAKR 0.1,Baker Run,15/04/2025,Arthropoda,Insecta,Plecoptera,Leuctridae,Leuctra,11
349,BAKR 0.1,Baker Run,15/04/2025,Arthropoda,Insecta,Ephemeroptera,Leptophlebiidae,Paraleptophlebia,12
350,BAKR 0.1,Baker Run,15/04/2025,Arthropoda,Insecta,Plecoptera,Pteronarcyidae,Pteronarcys,2
351,BAKR 0.1,Baker Run,15/04/2025,Arthropoda,Insecta,Coleoptera,Elmidae,Oulimnius,5
352,BAKR 0.1,Baker Run,15/04/2025,Arthropoda,Insecta,Ephemeroptera,Leptophlebiidae,Paraleptophlebia,2
353,BAKR 0.1,Baker Run,15/04/2025,Arthropoda,Insecta,Plecoptera,Chloroperlidae,Haploperla,3
354,BAKR 0.1,Baker Run,15/04/2025,Arthropoda,Insecta,Plecoptera,Leuctridae,Leuctra,8
355,BAKR 0.1,Baker Run,15/04/2025,Arthropoda,Insecta,Plecoptera,Nemouridae,Amphinemura,2
356,BAKR 0.1,Baker Run,15/04/2025,Arthropoda,Insecta,Plecoptera,Perlidae,,1
357,BAKR 0.1,Baker Run,15/04/2025,Arthropoda,Insecta,Plecoptera,Perlodidae,Isoperla,4
358,BAKR 0.1,Baker Run,15/04/2025,Arthropoda,Insecta,Plecoptera,Pteronarcyidae,Pteronarcys,1
359,BAKR 0.1,Baker Run,15/04/2025,Arthropoda,Insecta,Ephemeroptera,Heptageniidae,Cinygmula,2
360,BAKR 0.1,Baker Run,15/04/2025,Arthropoda,Insecta,Trichoptera,Hydropsychidae,Hydropsyche,4
361,BAKR 0.1,Baker Run,15/04/2025,Arthropoda,Insecta,Trichoptera,Rhyacophilidae,Rhyacophila,5
362,BAKR 0.1,Baker Run,15/04/2025,Arthropoda,Insecta,Ephemeroptera,Heptageniidae,Epeorus,32
363,BAKR 0.1,Baker Run,15/04/2025,Arthropoda,Insecta,Trichoptera,Uenoidae,Neophylax,1
364,BAKR 0.1,Baker Run,15/04/2025,Arthropoda,Insecta,Diptera,Chironomidae,,29
365,BAKR 0.1,Baker Run,15/04/2025,Arthropoda,Insecta,Coleoptera,Elmidae,Promoresia,1
366,BAKR 0.1,Baker Run,15/04/2025,Arthropoda,Insecta,Diptera,Nymphomyiidae,Nymphomyia,1
367,BAKR 0.1,Baker Run,15/04/2025,Mollusca,Bivalvia,Sphaeriida,Sphaeriidae,,1
368,BAKR 0.1,Baker Run,15/04/2025,Annelida,Oligochaeta,,,,3
369,BAKR 0.1,Baker Run,15/04/2025,Arthropoda,Insecta,Trichoptera,Hydropsychidae,Diplectrona,1
370,BAKR 0.1,Baker Run,15/04/2025,Arthropoda,Insecta,Ephemeroptera,Ephemerellidae,Drunella,14
371,BAKR 0.1,Baker Run,15/04/2025,Arthropoda,Insecta,Ephemeroptera,Baetidae,Baetis,39
372,BAKR 0.1,Baker Run,15/04/2025,Arthropoda,Insecta,Coleoptera,Elmidae,Optioservus,1
373,BAKR 0.1,Baker Run,15/04/2025,Arthropoda,Insecta,Ephemeroptera,Ephemerellidae,Ephemerella,55
374,BAKR 0.1,Baker Run,15/04/2025,Arthropoda,Insecta,Trichoptera,Lepidostomatidae,Lepidostoma,1
375,BAKR 0.1,Baker Run,15/04/2025,Arthropoda,Insecta,Trichoptera,Polycentropodidae,Polycentropus,1
376,BAKR 0.1,Baker Run,15/04/2025,Arthropoda,Insecta,Diptera,Simuliidae,Prosimulium,3
377,BAKR 0.1,Baker Run,15/04/2025,Arthropoda,Insecta,Ephemeroptera,Baetidae,Acentrella,1
378,BAKR 0.1,Baker Run,15/04/2025,Arthropoda,Insecta,Ephemeroptera,Baetidae,Acerpenna,1
379,BAKR 0.1,Baker Run,15/04/2025,Arthropoda,Insecta,Plecoptera,Perlidae,Acroneuria,8
380,BAKR 0.1,Baker Run,15/04/2025,Arthropoda,Insecta,Diptera,Athericidae,Atherix,2
381,BAKR 0.1,Baker Run,15/04/2025,Arthropoda,Insecta,Diptera,Ceratopogonidae,Bezzia,1
382,BAKR 0.1,Baker Run,15/04/2025,Arthropoda,Insecta,Odonata,Aeshnidae,Boyeria,1
383,BAKR 0.1,Baker Run,15/04/2025,Arthropoda,Insecta,Ephemeroptera,Caenidae,Caenis,1
384,BAKR 0.1,Baker Run,15/04/2025,Arthropoda,Malacostraca,Decapoda,Cambaridae,Cambarus,1
385,BAKR 0.1,Baker Run,15/04/2025,Arthropoda,Insecta,Diptera,Empididae,Chelifera,2
386,BAKR 0.1,Baker Run,15/04/2025,Arthropoda,Insecta,Trichoptera,Hydropsychidae,Cheumatopsyche,12
387,BAKR 0.1,Baker Run,15/04/2025,Arthropoda,Insecta,Diptera,Chironomidae,,43
388,BAKR 0.1,Baker Run,15/04/2025,Arthropoda,Insecta,Trichoptera,Polycentropodidae,Cyrnellus,1
389,BAKR 0.1,Baker Run,15/04/2025,Arthropoda,Insecta,Diptera,Tipulidae,Dicranota,2
390,BAKR 0.1,Baker Run,15/04/2025,Arthropoda,Insecta,Diptera,,,1
391,BAKR 0.1,Baker Run,15/04/2025,Arthropoda,Insecta,Trichoptera,Philopotamidae,Dolophilodes,13
392,BAKR 0.1,Baker Run,15/04/2025,Arthropoda,Insecta,Ephemeroptera,Ephemerellidae,Drunella,10
393,BAKR 0.1,Baker Run,15/04/2025,Arthropoda,Insecta,Coleoptera,Elmidae,Dubiraphia,1
394,BAKR 0.1,Baker Run,15/04/2025,Arthropoda,Insecta,Coleoptera,Psephenidae,Ectopria,3
395,BAKR 0.1,Baker Run,15/04/2025,Arthropoda,Insecta,Ephemeroptera,Heptageniidae,Epeorus,3
396,BAKR 0.1,Baker Run,15/04/2025,Arthropoda,Insecta,Ephemeroptera,Ephemerellidae,Ephemerella,1
397,BAKR 0.1,Baker Run,15/04/2025,Arthropoda,Insecta,Ephemeroptera,Ephemerellidae,Eurylophella,1
398,BAKR 0.1,Baker Run,15/04/2025,Arthropoda,Insecta,Trichoptera,Glossosomatidae,Glossosoma,2
399,BAKR 0.1,Baker Run,15/04/2025,Arthropoda,Insecta,Ephemeroptera,Heptageniidae,Heptagenia,1
400,BAKR 0.1,Baker Run,15/04/2025,Arthropoda,Insecta,Diptera,Tipulidae,Hexatoma,5
401,BAKR 0.1,Baker Run,15/04/2025,Arthropoda,Insecta,Trichoptera,Hydropsychidae,Hydropsyche,10
402,BAKR 0.1,Baker Run,15/04/2025,Arthropoda,Insecta,Trichoptera,Hydropsychidae,,1
403,BAKR 0.1,Baker Run,15/04/2025,Arthropoda,Insecta,Odonata,Gomphidae,Lanthus,4
404,BAKR 0.1,Baker Run,15/04/2025,Arthropoda,Insecta,Trichoptera,Lepidostomatidae,Lepidostoma,3
405,BAKR 0.1,Baker Run,15/04/2025,Arthropoda,Insecta,Ephemeroptera,Heptageniidae,Leucrocuta,9
406,BAKR 0.1,Baker Run,15/04/2025,Arthropoda,Insecta,Plecoptera,Leuctridae,Leuctra,5
407,BAKR 0.1,Baker Run,15/04/2025,Arthropoda,Insecta,Ephemeroptera,Heptageniidae,Maccaffertium,1
408,BAKR 0.1,Baker Run,15/04/2025,Arthropoda,Insecta,Megaloptera,Corydalidae,Nigronia,4
409,BAKR 0.1,Baker Run,15/04/2025,Arthropoda,Insecta,Trichoptera,Odontoceridae,,5
410,BAKR 0.1,Baker Run,15/04/2025,Arthropoda,Insecta,Coleoptera,Elmidae,Optioservus,17
411,BAKR 0.1,Baker Run,15/04/2025,Arthropoda,Insecta,Coleoptera,Elmidae,Oulimnius,6
412,BAKR 0.1,Baker Run,15/04/2025,Arthropoda,Insecta,Plecoptera,Perlidae,Paragnetina,3
413,BAKR 0.1,Baker Run,15/04/2025,Arthropoda,Insecta,Ephemeroptera,Leptophlebiidae,Paraleptophlebia,1
414,BAKR 0.1,Baker Run,15/04/2025,Arthropoda,Insecta,Plecoptera,Perlidae,,3
415,BAKR 0.1,Baker Run,15/04/2025,Arthropoda,Insecta,Coleoptera,Elmidae,Promoresia,5
416,BAKR 0.1,Baker Run,15/04/2025,Arthropoda,Insecta,Plecoptera,Pteronarcyidae,Pteronarcys,4
417,BAKR 0.1,Baker Run,15/04/2025,Arthropoda,Insecta,Hemiptera,Veliidae,Rhagovelia,3
418,BAKR 0.1,Baker Run,15/04/2025,Arthropoda,Insecta,Trichoptera,Rhyacophilidae,Rhyacophila,6
419,BAKR 0.1,Baker Run,15/04/2025,Mollusca,Bivalvia,Sphaeriida,Sphaeriidae,,1
420,BAKR 0.1,Baker Run,15/04/2025,Arthropoda,Insecta,Plecoptera,Chloroperlidae,Sweltsa,2
421,BAKR 0.1,Baker Run,15/04/2025,Arthropoda,Insecta,Ephemeroptera,Baetidae,Acerpenna,1
422,BAKR 0.1,Baker Run,15/04/2025,Arthropoda,Insecta,Ephemeroptera,Baetidae,Baetis,1
423,BAKR 0.1,Baker Run,15/04/2025,Arthropoda,Insecta,Ephemeroptera,Ephemerellidae,Ephemerella,18
424,BAKR 0.1,Baker Run,15/04/2025,Arthropoda,Insecta,Ephemeroptera,Ephemerellidae,Serratella,3
425,BAKR 0.1,Baker Run,15/04/2025,Arthropoda,Insecta,Ephemeroptera,Heptageniidae,Epeorus,30
426,BAKR 0.1,Baker Run,15/04/2025,Arthropoda,Insecta,Ephemeroptera,Heptageniidae,Leucrocuta,6
427,BAKR 0.1,Baker Run,15/04/2025,Arthropoda,Insecta,Ephemeroptera,Heptageniidae,Maccaffertium,1
428,BAKR 0.1,Baker Run,15/04/2025,Arthropoda,Insecta,Ephemeroptera,Leptophlebiidae,Paraleptophlebia,23
429,BAKR 0.1,Baker Run,15/04/2025,Arthropoda,Insecta,Plecoptera,Leuctridae,Leuctra,2
430,BAKR 0.1,Baker Run,15/04/2025,Arthropoda,Insecta,Plecoptera,Perlidae,Acroneuria,9
431,BAKR 0.1,Baker Run,15/04/2025,Arthropoda,Insecta,Plecoptera,Perlodidae,Isogenoides,1
432,BAKR 0.1,Baker Run,15/04/2025,Arthropoda,Insecta,Plecoptera,Perlodidae,Isoperla,3
433,BAKR 0.1,Baker Run,15/04/2025,Arthropoda,Insecta,Plecoptera,Pteronarcyidae,Pteronarcys,1
434,BAKR 0.1,Baker Run,15/04/2025,Arthropoda,Insecta,Plecoptera,Taeniopterygidae,Taeniopteryx,2
435,BAKR 0.1,Baker Run,15/04/2025,Arthropoda,Insecta,Trichoptera,Hydropsychidae,Ceratopsyche,7
436,BAKR 0.1,Baker Run,15/04/2025,Arthropoda,Insecta,Trichoptera,Hydropsychidae,Cheumatopsyche,2
437,BAKR 0.1,Baker Run,15/04/2025,Arthropoda,Insecta,Trichoptera,Hydropsychidae,Diplectrona,3
438,BAKR 0.1,Baker Run,15/04/2025,Arthropoda,Insecta,Trichoptera,Lepidostomatidae,Lepidostoma,24
439,BAKR 0.1,Baker Run,15/04/2025,Arthropoda,Insecta,Trichoptera,Limnephilidae,,1
440,BAKR 0.1,Baker Run,15/04/2025,Arthropoda,Insecta,Trichoptera,Odontoceridae,Psilotreta,1
441,BAKR 0.1,Baker Run,15/04/2025,Arthropoda,Insecta,Trichoptera,Polycentropodidae,Polycentropus,1
442,BAKR 0.1,Baker Run,15/04/2025,Arthropoda,Insecta,Trichoptera,Rhyacophilidae,Rhyacophila,7
443,BAKR 0.1,Baker Run,15/04/2025,Arthropoda,Insecta,Trichoptera,Uenoidae,Neophylax,16
444,BAKR 0.1,Baker Run,15/04/2025,Arthropoda,Insecta,Coleoptera,Elmidae,Optioservus,10
445,BAKR 0.1,Baker Run,15/04/2025,Arthropoda,Insecta,Coleoptera,Elmidae,Oulimnius,5
446,BAKR 0.1,Baker Run,15/04/2025,Arthropoda,Insecta,Coleoptera,Elmidae,Promoresia,4
447,BAKR 0.1,Baker Run,15/04/2025,Arthropoda,Insecta,Diptera,Athericidae,Atherix,1
448,BAKR 0.1,Baker Run,15/04/2025,Arthropoda,Insecta,Diptera,Chironomidae,,31
449,BAKR 0.1,Baker Run,15/04/2025,Arthropoda,Insecta,Diptera,Tabanidae,,1
450,BAKR 0.1,Baker Run,15/04/2025,Arthropoda,Insecta,Diptera,Tipulidae,Antocha,1
451,BAKR 0.1,Baker Run,15/04/2025,Arthropoda,Insecta,Trichoptera,Rhyacophilidae,Rhyacophila,15
452,BAKR 0.1,Baker Run,15/04/2025,Arthropoda,Insecta,Trichoptera,Uenoidae,Neophylax,1
453,BAKR 0.1,Baker Run,15/04/2025,Arthropoda,Insecta,Coleoptera,Elmidae,Optioservus,7
454,BAKR 0.1,Baker Run,15/04/2025,Arthropoda,Insecta,Coleoptera,Elmidae,Oulimnius,2
455,BAKR 0.1,Baker Run,15/04/2025,Arthropoda,Insecta,Coleoptera,Elmidae,Promoresia,1
456,BAKR 0.1,Baker Run,15/04/2025,Arthropoda,Insecta,Diptera,Athericidae,Atherix,1
457,BAKR 0.1,Baker Run,15/04/2025,Arthropoda,Insecta,Diptera,Ceratopogonidae,,1
458,BAKR 0.1,Baker Run,15/04/2025,Arthropoda,Insecta,Diptera,Chironomidae,,25
459,BAKR 0.1,Baker Run,15/04/2025,Arthropoda,Insecta,Diptera,Empididae,Neoplasta,1
460,BAKR 0.1,Baker Run,15/04/2025,Arthropoda,Insecta,Diptera,Tipulidae,Dicranota,1
461,BAKR 0.1,Baker Run,15/04/2025,Arthropoda,Insecta,Diptera,Tipulidae,Hexatoma,1
462,BAKR 0.1,Baker Run,15/04/2025,Platyhelminthes,Turbellaria,,,,3
463,BAKR 0.1,Baker Run,15/04/2025,Arthropoda,Malacostraca,Decapoda,Cambaridae,,1
464,BAKR 0.1,Baker Run,15/04/2025,Arthropoda,Insecta,Ephemeroptera,Ephemerellidae,Ephemerella,38
465,BAKR 0.1,Baker Run,15/04/2025,Arthropoda,Insecta,Ephemeroptera,Ephemerellidae,Serratella,3
466,BAKR 0.1,Baker Run,15/04/2025,Arthropoda,Insecta,Ephemeroptera,Ephemeridae,Ephemera,2
467,BAKR 0.1,Baker Run,15/04/2025,Arthropoda,Insecta,Ephemeroptera,Heptageniidae,Epeorus,31
468,BAKR 0.1,Baker Run,15/04/2025,Arthropoda,Insecta,Ephemeroptera,Heptageniidae,Leucrocuta,1
469,BAKR 0.1,Baker Run,15/04/2025,Arthropoda,Insecta,Ephemeroptera,Heptageniidae,Maccaffertium,2
470,BAKR 0.1,Baker Run,15/04/2025,Arthropoda,Insecta,Ephemeroptera,Leptophlebiidae,Paraleptophlebia,27
471,BAKR 0.1,Baker Run,15/04/2025,Arthropoda,Insecta,Plecoptera,Perlidae,Acroneuria,6
472,BAKR 0.1,Baker Run,15/04/2025,Arthropoda,Insecta,Plecoptera,Perlodidae,Isoperla,4
473,BAKR 0.1,Baker Run,15/04/2025,Arthropoda,Insecta,Trichoptera,Apataniidae,Apatania,1
474,BAKR 0.1,Baker Run,15/04/2025,Arthropoda,Insecta,Trichoptera,Hydropsychidae,Ceratopsyche,2
475,BAKR 0.1,Baker Run,15/04/2025,Arthropoda,Insecta,Trichoptera,Hydropsychidae,Cheumatopsyche,4
476,BAKR 0.1,Baker Run,15/04/2025,Arthropoda,Insecta,Trichoptera,Hydropsychidae,Diplectrona,11
477,BAKR 0.1,Baker Run,15/04/2025,Arthropoda,Insecta,Trichoptera,Lepidostomatidae,Lepidostoma,14
478,BAKR 0.1,Baker Run,15/04/2025,Arthropoda,Insecta,Trichoptera,Odontoceridae,Psilotreta,1
479,BAKR 0.1,Baker Run,15/04/2025,Arthropoda,Insecta,Trichoptera,Philopotamidae,Dolophilodes,4
480,BAKR 0.1,Baker Run,15/04/2025,Arthropoda,Insecta,Trichoptera,Psychomyiidae,Lype,1
481,BAKR 0.1,Baker Run,15/04/2025,Arthropoda,Arachnida,Hydracarina,,,1
482,BAKR 0.1,Baker Run,15/04/2025,Arthropoda,Insecta,Ephemeroptera,Baetidae,Baetis,3
483,BAKR 0.1,Baker Run,15/04/2025,Arthropoda,Insecta,Ephemeroptera,Ephemerellidae,Ephemerella,22
484,BAKR 0.1,Baker Run,15/04/2025,Arthropoda,Insecta,Ephemeroptera,Ephemerellidae,Eurylophella,1
485,BAKR 0.1,Baker Run,15/04/2025,Arthropoda,Insecta,Ephemeroptera,Ephemerellidae,Serratella,3
486,BAKR 0.1,Baker Run,15/04/2025,Arthropoda,Insecta,Ephemeroptera,Ephemeridae,Ephemera,1
487,BAKR 0.1,Baker Run,15/04/2025,Arthropoda,Insecta,Ephemeroptera,Heptageniidae,Epeorus,17
488,BAKR 0.1,Baker Run,15/04/2025,Arthropoda,Insecta,Ephemeroptera,Heptageniidae,Leucrocuta,2
489,BAKR 0.1,Baker Run,15/04/2025,Arthropoda,Insecta,Ephemeroptera,Heptageniidae,Stenacron,1
490,BAKR 0.1,Baker Run,15/04/2025,Arthropoda,Insecta,Ephemeroptera,Leptophlebiidae,Paraleptophlebia,13
491,BAKR 0.1,Baker Run,15/04/2025,Arthropoda,Insecta,Plecoptera,Capniidae,Allocapnia,1
492,BAKR 0.1,Baker Run,15/04/2025,Arthropoda,Insecta,Plecoptera,Capniidae,Paracapnia,1
493,BAKR 0.1,Baker Run,15/04/2025,Arthropoda,Insecta,Plecoptera,Chloroperlidae,,2
494,BAKR 0.1,Baker Run,15/04/2025,Arthropoda,Insecta,Plecoptera,Chloroperlidae,Sweltsa,1
495,BAKR 0.1,Baker Run,15/04/2025,Arthropoda,Insecta,Plecoptera,Leuctridae,Leuctra,3
496,BAKR 0.1,Baker Run,15/04/2025,Arthropoda,Insecta,Plecoptera,Peltoperlidae,Tallaperla,1
497,BAKR 0.1,Baker Run,15/04/2025,Arthropoda,Insecta,Plecoptera,Perlidae,Acroneuria,2
498,BAKR 0.1,Baker Run,15/04/2025,Arthropoda,Insecta,Plecoptera,Perlidae,Paragnetina,1
499,BAKR 0.1,Baker Run,15/04/2025,Arthropoda,Insecta,Plecoptera,Perlodidae,Isoperla,7
500,BAKR 0.1,Baker Run,15/04/2025,Arthropoda,Insecta,Plecoptera,Taeniopterygidae,Taeniopteryx,2
501,BAKR 0.1,Baker Run,15/04/2025,Arthropoda,Insecta,Trichoptera,Hydropsychidae,Ceratopsyche,7
502,BAKR 0.1,Baker Run,15/04/2025,Arthropoda,Insecta,Trichoptera,Hydropsychidae,Cheumatopsyche,4
503,BAKR 0.1,Baker Run,15/04/2025,Arthropoda,Insecta,Trichoptera,Hydropsychidae,Diplectrona,8
504,BAKR 0.1,Baker Run,15/04/2025,Arthropoda,Insecta,Trichoptera,Lepidostomatidae,Lepidostoma,2
505,BAKR 0.1,Baker Run,15/04/2025,Arthropoda,Insecta,Trichoptera,Limnephilidae,,1
506,BAKR 0.1,Baker Run,15/04/2025,Arthropoda,Insecta,Trichoptera,Philopotamidae,Dolophilodes,3
507,BAKR 0.1,Baker Run,15/04/2025,Arthropoda,Insecta,Trichoptera,Rhyacophilidae,Rhyacophila,12
508,BAKR 0.1,Baker Run,15/04/2025,Arthropoda,Insecta,Trichoptera,Uenoidae,Neophylax,3
509,BAKR 0.1,Baker Run,15/04/2025,Arthropoda,Insecta,Megaloptera,Corydalidae,Nigronia,2
510,BAKR 0.1,Baker Run,15/04/2025,Arthropoda,Insecta,Coleoptera,Elmidae,Optioservus,2
511,BAKR 0.1,Baker Run,15/04/2025,Arthropoda,Insecta,Coleoptera,Elmidae,Oulimnius,14
512,BAKR 0.1,Baker Run,15/04/2025,Arthropoda,Insecta,Coleoptera,Elmidae,Promoresia,10
513,BAKR 0.1,Baker Run,15/04/2025,Arthropoda,Insecta,Diptera,Ceratopogonidae,Bezzia,3
514,BAKR 0.1,Baker Run,15/04/2025,Arthropoda,Insecta,Diptera,Chironomidae,,40
515,BAKR 0.1,Baker Run,15/04/2025,Arthropoda,Insecta,Diptera,Tipulidae,Antocha,1
516,BAKR 0.1,Baker Run,15/04/2025,Arthropoda,Insecta,Diptera,Tipulidae,Dicranota,1
517,BAKR 0.1,Baker Run,15/04/2025,Arthropoda,Insecta,Diptera,Tipulidae,Hexatoma,1
518,BAKR 0.1,Baker Run,15/04/2025,Nematoda,,,,,1
519,BAKR 0.1,Baker Run,15/04/2025,Mollusca,Bivalvia,Sphaeriida,Sphaeriidae,,1
520,BAKR 0.1,Baker Run,15/04/2025,Annelida,Oligochaeta,,,,2
521,BAKR 0.1,Baker Run,15/04/2025,Arthropoda,Insecta,Trichoptera,Hydropsychidae,Ceratopsyche,2
522,BAKR 0.1,Baker Run,15/04/2025,Arthropoda,Insecta,Trichoptera,Hydropsychidae,Cheumatopsyche,1
523,BAKR 0.1,Baker Run,15/04/2025,Arthropoda,Insecta,Plecoptera,Pteronarcyidae,Pteronarcys,1
524,BAKR 0.1,Baker Run,15/04/2025,Arthropoda,Insecta,Trichoptera,Hydropsychidae,Diplectrona,2
525,BAKR 0.1,Baker Run,15/04/2025,Arthropoda,Insecta,Trichoptera,Rhyacophilidae,Rhyacophila,7
526,BAKR 0.1,Baker Run,15/04/2025,Arthropoda,Insecta,Trichoptera,Polycentropodidae,Polycentropus,1
527,BAKR 0.1,Baker Run,15/04/2025,Arthropoda,Insecta,Plecoptera,Perlidae,Acroneuria,1
528,BAKR 0.1,Baker Run,15/04/2025,Arthropoda,Insecta,Ephemeroptera,Leptophlebiidae,Habrophlebia,1
529,BAKR 0.1,Baker Run,15/04/2025,Arthropoda,Insecta,Trichoptera,Lepidostomatidae,Lepidostoma,4
530,BAKR 0.1,Baker Run,15/04/2025,Arthropoda,Insecta,Ephemeroptera,Leptophlebiidae,Paraleptophlebia,25
531,BAKR 0.1,Baker Run,15/04/2025,Arthropoda,Insecta,Ephemeroptera,Heptageniidae,Stenacron,1
532,BAKR 0.1,Baker Run,15/04/2025,Arthropoda,Insecta,Ephemeroptera,Heptageniidae,Epeorus,3
533,BAKR 0.1,Baker Run,15/04/2025,Arthropoda,Insecta,Ephemeroptera,Ephemerellidae,Serratella,4
534,BAKR 0.1,Baker Run,15/04/2025,Arthropoda,Insecta,Ephemeroptera,Ephemerellidae,Ephemerella,32
535,BAKR 0.1,Baker Run,15/04/2025,Arthropoda,Insecta,Ephemeroptera,Ephemerellidae,Drunella,20
536,BAKR 0.1,Baker Run,15/04/2025,Arthropoda,Insecta,Plecoptera,Leuctridae,Leuctra,2
537,BAKR 0.1,Baker Run,15/04/2025,Arthropoda,Insecta,Ephemeroptera,Baetidae,Baetis,20
538,BAKR 0.1,Baker Run,15/04/2025,Arthropoda,Insecta,Trichoptera,Brachycentridae,Micrasema,2
539,BAKR 0.1,Baker Run,15/04/2025,Arthropoda,Insecta,Diptera,Simuliidae,Prosimulium,3
540,BAKR 0.1,Baker Run,15/04/2025,Arthropoda,Insecta,Coleoptera,Elmidae,Promoresia,2
541,BAKR 0.1,Baker Run,15/04/2025,Mollusca,Bivalvia,Sphaeriida,Sphaeriidae,,1
542,BAKR 0.1,Baker Run,15/04/2025,Arthropoda,Insecta,Diptera,Tipulidae,Antocha,1
543,BAKR 0.1,Baker Run,15/04/2025,Arthropoda,Insecta,Plecoptera,Perlodidae,Isoperla,1
544,BAKR 0.1,Baker Run,15/04/2025,Arthropoda,Insecta,Coleoptera,Elmidae,Oulimnius,6
545,BAKR 0.1,Baker Run,15/04/2025,Nematoda,,,,,1
546,BAKR 0.1,Baker Run,15/04/2025,Arthropoda,Insecta,Plecoptera,Nemouridae,Amphinemura,5
547,BAKR 0.1,Baker Run,15/04/2025,Annelida,Oligochaeta,,,,3
548,BAKR 0.1,Baker Run,15/04/2025,Annelida,Clitellata,Branchiobdellida,,,1
549,BAKR 0.1,Baker Run,15/04/2025,Arthropoda,Insecta,Trichoptera,Philopotamidae,Dolophilodes,2
550,BAKR 0.1,Baker Run,15/04/2025,Arthropoda,Insecta,Ephemeroptera,Baetidae,Diphetor,2
551,BAKR 0.1,Baker Run,15/04/2025,Arthropoda,Insecta,Diptera,Chironomidae,,45
552,BAKR 0.1,Baker Run,15/04/2025,Arthropoda,Insecta,Diptera,Empididae,Chelifera,2
553,BAKR 0.1,Baker Run,15/04/2025,Arthropoda,Insecta,Trichoptera,Uenoidae,Neophylax,1
554,BAKR 0.1,Baker Run,15/04/2025,Arthropoda,Insecta,Ephemeroptera,Ephemeridae,Ephemera,1
555,BAKR 0.1,Baker Run,15/04/2025,Arthropoda,Insecta,Ephemeroptera,Baetidae,Diphetor,3
556,BAKR 0.1,Baker Run,15/04/2025,Arthropoda,Insecta,Trichoptera,Hydropsychidae,Diplectrona,1
557,BAKR 0.1,Baker Run,15/04/2025,Arthropoda,Insecta,Trichoptera,Brachycentridae,Micrasema,1
558,BAKR 0.1,Baker Run,15/04/2025,Arthropoda,Insecta,Plecoptera,Peltoperlidae,Tallaperla,1
559,BAKR 0.1,Baker Run,15/04/2025,Arthropoda,Insecta,Plecoptera,Leuctridae,Leuctra,6
560,BAKR 0.1,Baker Run,15/04/2025,Arthropoda,Insecta,Plecoptera,Chloroperlidae,Sweltsa,1
561,BAKR 0.1,Baker Run,15/04/2025,Arthropoda,Insecta,Trichoptera,Molannidae,Molanna,1
562,BAKR 0.1,Baker Run,15/04/2025,Arthropoda,Insecta,Ephemeroptera,Heptageniidae,Epeorus,2
563,BAKR 0.1,Baker Run,15/04/2025,Arthropoda,Insecta,Plecoptera,Perlodidae,Isoperla,4
564,BAKR 0.1,Baker Run,15/04/2025,Arthropoda,Insecta,Ephemeroptera,Ephemerellidae,Serratella,5
565,BAKR 0.1,Baker Run,15/04/2025,Arthropoda,Insecta,Ephemeroptera,Ephemerellidae,Eurylophella,2
566,BAKR 0.1,Baker Run,15/04/2025,Arthropoda,Insecta,Trichoptera,Lepidostomatidae,Lepidostoma,5
567,BAKR 0.1,Baker Run,15/04/2025,Arthropoda,Insecta,Ephemeroptera,Ameletidae,Ameletus,1
568,BAKR 0.1,Baker Run,15/04/2025,Arthropoda,Insecta,Ephemeroptera,Ephemerellidae,Drunella,1
569,BAKR 0.1,Baker Run,15/04/2025,Arthropoda,Arachnida,Hydracarina,,,3
570,BAKR 0.1,Baker Run,15/04/2025,Arthropoda,Insecta,Ephemeroptera,Leptophlebiidae,Paraleptophlebia,18
571,BAKR 0.1,Baker Run,15/04/2025,Arthropoda,Bivalvia,Sphaeriida,Sphaeriidae,,3
572,BAKR 0.1,Baker Run,15/04/2025,Arthropoda,Insecta,Plecoptera,Chloroperlidae,Haploperla,3
573,BAKR 0.1,Baker Run,15/04/2025,Arthropoda,Insecta,Diptera,Tipulidae,Hexatoma,1
574,BAKR 0.1,Baker Run,15/04/2025,Arthropoda,Insecta,Plecoptera,Nemouridae,Amphinemura,18
575,BAKR 0.1,Baker Run,15/04/2025,Platyhelminthes,Turbellaria,,,,5
576,BAKR 0.1,Baker Run,15/04/2025,Arthropoda,Insecta,Trichoptera,Philopotamidae,Dolophilodes,1
577,BAKR 0.1,Baker Run,15/04/2025,Arthropoda,Insecta,Diptera,Simuliidae,Simulium,1
578,BAKR 0.1,Baker Run,15/04/2025,Annelida,Oligochaeta,,,,21
579,BAKR 0.1,Baker Run,15/04/2025,Arthropoda,Insecta,Trichoptera,Glossosomatidae,Agapetus,1
580,BAKR 0.1,Baker Run,15/04/2025,Arthropoda,Insecta,Ephemeroptera,Baetidae,Baetis,1
581,BAKR 0.1,Baker Run,15/04/2025,Arthropoda,Insecta,Diptera,Chironomidae,,45
582,BAKR 0.1,Baker Run,15/04/2025,Arthropoda,Insecta,Diptera,Ceratopogonidae,,2
583,BAKR 0.1,Baker Run,15/04/2025,Arthropoda,Insecta,Coleoptera,Psephenidae,Ectopria,1
584,BAKR 0.1,Baker Run,15/04/2025,Arthropoda,Insecta,Trichoptera,Uenoidae,Neophylax,1
585,BAKR 0.1,Baker Run,15/04/2025,Arthropoda,Insecta,Trichoptera,Rhyacophilidae,Rhyacophila,1
586,BAKR 0.1,Baker Run,15/04/2025,Arthropoda,Insecta,Ephemeroptera,Ephemerellidae,Ephemerella,53
587,BAKR 0.1,Baker Run,15/04/2025,Arthropoda,Insecta,Diptera,Tipulidae,Molophilus,1
588,BAKR 0.1,Baker Run,15/04/2025,Arthropoda,Insecta,Plecoptera,Nemouridae,Amphinemura,1
589,BAKR 0.1,Baker Run,15/04/2025,NA,NA,NA,NA,Cambaridae,1
590,BAKR 0.1,Baker Run,15/04/2025,Arthropoda,Insecta,Diptera,Tipulidae,Dicranota,2
591,BAKR 0.1,Baker Run,15/04/2025,Arthropoda,Insecta,Trichoptera,Hydropsychidae,Diplectrona,7
592,BAKR 0.1,Baker Run,15/04/2025,Arthropoda,Insecta,Ephemeroptera,Ephemerellidae,Drunella,5
593,BAKR 0.1,Baker Run,15/04/2025,Arthropoda,Insecta,Ephemeroptera,Heptageniidae,Epeorus,7
594,BAKR 0.1,Baker Run,15/04/2025,Arthropoda,Insecta,Ephemeroptera,Ephemerellidae,Eurylophella,1
595,BAKR 0.1,Baker Run,15/04/2025,Arthropoda,Insecta,Plecoptera,Perlodidae,Isoperla,8
596,BAKR 0.1,Baker Run,15/04/2025,NA,NA,NA,NA,Leptophlebiidae,16
597,BAKR 0.1,Baker Run,15/04/2025,Arthropoda,Insecta,Plecoptera,Leuctridae,Leuctra,7
598,BAKR 0.1,Baker Run,15/04/2025,Arthropoda,Insecta,Ephemeroptera,Heptageniidae,Maccaffertium,2
599,BAKR 0.1,Baker Run,15/04/2025,Arthropoda,Insecta,Trichoptera,Brachycentridae,Micrasema,3
600,BAKR 0.1,Baker Run,15/04/2025,Annelida,Oligochaeta,,,,3
601,BAKR 0.1,Baker Run,15/04/2025,Arthropoda,Insecta,Coleoptera,Elmidae,Oulimnius,4
602,BAKR 0.1,Baker Run,15/04/2025,Arthropoda,Insecta,Plecoptera,Peltoperlidae,Peltoperla,1
603,BAKR 0.1,Baker Run,15/04/2025,Arthropoda,Insecta,Trichoptera,Rhyacophilidae,Rhyacophila,10
604,BAKR 0.1,Baker Run,15/04/2025,Mollusca,Bivalvia,Sphaeriida,Sphaeriidae,,1
605,BAKR 0.1,Baker Run,15/04/2025,Arthropoda,Insecta,Ephemeroptera,Heptageniidae,Stenacron,1
606,BAKR 0.1,Baker Run,15/04/2025,Arthropoda,Insecta,Plecoptera,Perlidae,Acroneuria,5
607,BAKR 0.1,Baker Run,15/04/2025,Arthropoda,Insecta,Diptera,Athericidae,Atherix,1
608,BAKR 0.1,Baker Run,15/04/2025,Arthropoda,Insecta,Ephemeroptera,Baetidae,Baetis,7
609,BAKR 0.1,Baker Run,15/04/2025,Arthropoda,Insecta,Trichoptera,Hydropsychidae,Cheumatopsyche,2
610,BAKR 0.1,Baker Run,15/04/2025,Arthropoda,Insecta,Diptera,Chironomidae,,28
611,BAKR 0.1,Baker Run,15/04/2025,NA,NA,NA,NA,Chloroperlidae,3
612,BAKR 0.1,Baker Run,15/04/2025,Arthropoda,Insecta,Trichoptera,Philopotamidae,Dolophilodes,1
613,BAKR 0.1,Baker Run,15/04/2025,Arthropoda,Insecta,Ephemeroptera,Ephemerellidae,Ephemerella,65
614,BAKR 0.1,Baker Run,15/04/2025,Arthropoda,Insecta,Diptera,Tipulidae,Hexatoma,3
615,BAKR 0.1,Baker Run,15/04/2025,Arthropoda,Insecta,Trichoptera,Lepidostomatidae,Lepidostoma,2
616,BAKR 0.1,Baker Run,15/04/2025,Arthropoda,Insecta,Ephemeroptera,Heptageniidae,Leucrocuta,3
617,BAKR 0.1,Baker Run,15/04/2025,Arthropoda,Insecta,Coleoptera,Elmidae,Optioservus,2
618,BAKR 0.1,Baker Run,15/04/2025,NA,NA,NA,NA,Promoresia,3
619,BAKR 0.1,Baker Run,15/04/2025,Arthropoda,Insecta,Ephemeroptera,Ephemerellidae,Serratella,8
620,BAKR 0.1,Baker Run,15/04/2025,Platyhelminthes,Turbellaria,,,,1
621,Baldwin,Baldwin Creek,12/04/2018,Arthropoda,Insecta,Ephemeroptera,Baetidae,Acentrella,4
622,Baldwin,Baldwin Creek,12/04/2018,Arthropoda,Insecta,Ephemeroptera,Baetidae,Acerpenna,3
623,Baldwin,Baldwin Creek,12/04/2018,Arthropoda,Insecta,Plecoptera,Perlidae,Acroneuria,1
624,Baldwin,Baldwin Creek,12/04/2018,Arthropoda,Insecta,Odonata,Coenagrionidae,Argia,1
625,Baldwin,Baldwin Creek,12/04/2018,Arthropoda,Insecta,Ephemeroptera,Caenidae,Caenis,2
626,Baldwin,Baldwin Creek,12/04/2018,Arthropoda,Insecta,Trichoptera,Hydropsychidae,Cheumatopsyche,12
627,Baldwin,Baldwin Creek,12/04/2018,Arthropoda,Insecta,Trichoptera,Philopotamidae,Chimarra,15
628,Baldwin,Baldwin Creek,12/04/2018,Arthropoda,Insecta,Diptera,Chironomidae,,46
629,Baldwin,Baldwin Creek,12/04/2018,Arthropoda,Insecta,Ephemeroptera,Ephemerellidae,Ephemerella,13
630,Baldwin,Baldwin Creek,12/04/2018,Arthropoda,Insecta,Ephemeroptera,Ephemerellidae,Eurylophella,2
631,Baldwin,Baldwin Creek,12/04/2018,Arthropoda,Insecta,Odonata,Gomphidae,Gomphus,2
632,Baldwin,Baldwin Creek,12/04/2018,Arthropoda,Insecta,Diptera,Tipulidae,Hexatoma,3
633,Baldwin,Baldwin Creek,12/04/2018,Arthropoda,Insecta,Trichoptera,Hydropsychidae,Hydropsyche,8
634,Baldwin,Baldwin Creek,12/04/2018,Arthropoda,Insecta,Ephemeroptera,Isonychiidae,Isonychia,5
635,Baldwin,Baldwin Creek,12/04/2018,Arthropoda,Insecta,Plecoptera,Perlodidae,Isoperla,17
636,Baldwin,Baldwin Creek,12/04/2018,Arthropoda,Insecta,Ephemeroptera,Heptageniidae,Leucrocuta,1
637,Baldwin,Baldwin Creek,12/04/2018,Arthropoda,Insecta,Plecoptera,Leuctridae,Leuctra,13
638,Baldwin,Baldwin Creek,12/04/2018,Arthropoda,Insecta,Ephemeroptera,Heptageniidae,Maccaffertium,19
639,Baldwin,Baldwin Creek,12/04/2018,Arthropoda,Insecta,Plecoptera,Perlidae,Neoperla,2
640,Baldwin,Baldwin Creek,12/04/2018,Arthropoda,Insecta,Coleoptera,Elmidae,Optioservus,4
641,Baldwin,Baldwin Creek,12/04/2018,Arthropoda,Malacostraca,Decapoda,Cambaridae,Orconectes,1
642,Baldwin,Baldwin Creek,12/04/2018,Arthropoda,Insecta,Ephemeroptera,Leptophlebiidae,Paraleptophlebia,1
643,Baldwin,Baldwin Creek,12/04/2018,NA,NA,NA,NA,Perlodidae,1
644,Baldwin,Baldwin Creek,12/04/2018,Arthropoda,Insecta,Trichoptera,Polycentropodidae,Polycentropus,1
645,Baldwin,Baldwin Creek,12/04/2018,Arthropoda,Insecta,Diptera,Simuliidae,Prosimulium,1
646,Baldwin,Baldwin Creek,12/04/2018,Arthropoda,Insecta,Coleoptera,Psephenidae,Psephenus,2
647,Baldwin,Baldwin Creek,12/04/2018,Arthropoda,Insecta,Diptera,Simuliidae,Simulium,4
648,Baldwin,Baldwin Creek,12/04/2018,Arthropoda,Insecta,Ephemeroptera,Heptageniidae,Stenacron,2
649,Baldwin,Baldwin Creek,12/04/2018,Arthropoda,Insecta,Coleoptera,Elmidae,Stenelmis,2
650,Baldwin,Baldwin Creek,12/04/2018,Arthropoda,Insecta,Odonata,Gomphidae,Stylogomphus,1
651,Baldwin,Baldwin Creek,12/04/2018,Arthropoda,Insecta,Plecoptera,Taeniopterygidae,Taeniopteryx,29
652,Baldwin,Baldwin Creek,12/04/2018,Arthropoda,Insecta,Ephemeroptera,Baetidae,Acerpenna,9
653,Baldwin,Baldwin Creek,12/04/2018,Arthropoda,Insecta,Ephemeroptera,Ephemerellidae,Ephemerella,18
654,Baldwin,Baldwin Creek,12/04/2018,Arthropoda,Insecta,Ephemeroptera,Ephemerellidae,Eurylophella,1
655,Baldwin,Baldwin Creek,12/04/2018,Arthropoda,Insecta,Ephemeroptera,Heptageniidae,Leucrocuta,3
656,Baldwin,Baldwin Creek,12/04/2018,Arthropoda,Insecta,Ephemeroptera,Heptageniidae,Maccaffertium,4
657,Baldwin,Baldwin Creek,12/04/2018,Arthropoda,Insecta,Ephemeroptera,Isonychiidae,Isonychia,6
658,Baldwin,Baldwin Creek,12/04/2018,Arthropoda,Insecta,Ephemeroptera,Leptophlebiidae,Paraleptophlebia,1
659,Baldwin,Baldwin Creek,12/04/2018,Arthropoda,Insecta,Plecoptera,Capniidae,Allocapnia,27
660,Baldwin,Baldwin Creek,12/04/2018,Arthropoda,Insecta,Plecoptera,Perlodidae,Isoperla,1
661,Baldwin,Baldwin Creek,12/04/2018,NA,NA,NA,NA,Taeniopterygidae,7
662,Baldwin,Baldwin Creek,12/04/2018,Arthropoda,Insecta,Plecoptera,Taeniopterygidae,Taeniopteryx,27
663,Baldwin,Baldwin Creek,12/04/2018,Arthropoda,Insecta,Trichoptera,Hydropsychidae,Ceratopsyche,8
664,Baldwin,Baldwin Creek,12/04/2018,Arthropoda,Insecta,Trichoptera,Hydropsychidae,Cheumatopsyche,23
665,Baldwin,Baldwin Creek,12/04/2018,Arthropoda,Insecta,Trichoptera,Philopotamidae,Chimarra,17
666,Baldwin,Baldwin Creek,12/04/2018,Arthropoda,Insecta,Trichoptera,Polycentropodidae,Polycentropus,2
667,Baldwin,Baldwin Creek,12/04/2018,Arthropoda,Insecta,Trichoptera,Uenoidae,Neophylax,1
668,Baldwin,Baldwin Creek,12/04/2018,Arthropoda,Insecta,Odonata,Coenagrionidae,Argia,5
669,Baldwin,Baldwin Creek,12/04/2018,Arthropoda,Insecta,Odonata,Gomphidae,Ophiogomphus,5
670,Baldwin,Baldwin Creek,12/04/2018,Arthropoda,Insecta,Coleoptera,Elmidae,Optioservus,10
671,Baldwin,Baldwin Creek,12/04/2018,Arthropoda,Insecta,Coleoptera,Psephenidae,Psephenus,13
672,Baldwin,Baldwin Creek,12/04/2018,Arthropoda,Insecta,Diptera,Chironomidae,,27
673,Baldwin,Baldwin Creek,12/04/2018,Arthropoda,Insecta,Diptera,Tipulidae,Antocha,1
674,Baldwin,Baldwin Creek,12/04/2018,NA,NA,NA,NA,Physidae,1
675,Baldwin,Baldwin Creek,12/04/2018,Platyhelminthes,Turbellaria,,,,7
676,Baldwin,Baldwin Creek,12/04/2018,Arthropoda,Arachnida,Hydracarina,,,9
677,Baldwin,Baldwin Creek,12/04/2018,Arthropoda,Insecta,Ephemeroptera,Baetidae,Acerpenna,5
678,Baldwin,Baldwin Creek,12/04/2018,Arthropoda,Insecta,Ephemeroptera,Caenidae,Caenis,1
679,Baldwin,Baldwin Creek,12/04/2018,Arthropoda,Insecta,Ephemeroptera,Ephemerellidae,Ephemerella,10
680,Baldwin,Baldwin Creek,12/04/2018,Arthropoda,Insecta,Ephemeroptera,Ephemerellidae,Eurylophella,1
681,Baldwin,Baldwin Creek,12/04/2018,Arthropoda,Insecta,Ephemeroptera,Ephemeridae,Ephemera,3
682,Baldwin,Baldwin Creek,12/04/2018,Arthropoda,Insecta,Ephemeroptera,Heptageniidae,Epeorus,2
683,Baldwin,Baldwin Creek,12/04/2018,Arthropoda,Insecta,Ephemeroptera,Heptageniidae,Leucrocuta,4
684,Baldwin,Baldwin Creek,12/04/2018,Arthropoda,Insecta,Ephemeroptera,Heptageniidae,Maccaffertium,12
685,Baldwin,Baldwin Creek,12/04/2018,Arthropoda,Insecta,Ephemeroptera,Isonychiidae,Isonychia,23
686,Baldwin,Baldwin Creek,12/04/2018,Arthropoda,Insecta,Ephemeroptera,Leptophlebiidae,Paraleptophlebia,2
687,Baldwin,Baldwin Creek,12/04/2018,Arthropoda,Insecta,Plecoptera,Capniidae,Allocapnia,2
688,Baldwin,Baldwin Creek,12/04/2018,Arthropoda,Insecta,Plecoptera,Taeniopterygidae,Taeniopteryx,3
689,Baldwin,Baldwin Creek,12/04/2018,Arthropoda,Insecta,Trichoptera,Hydropsychidae,Ceratopsyche,24
690,Baldwin,Baldwin Creek,12/04/2018,Arthropoda,Insecta,Trichoptera,Hydropsychidae,Cheumatopsyche,53
691,Baldwin,Baldwin Creek,12/04/2018,Arthropoda,Insecta,Trichoptera,Philopotamidae,Chimarra,8
692,Baldwin,Baldwin Creek,12/04/2018,Arthropoda,Insecta,Trichoptera,Polycentropodidae,Polycentropus,2
693,Baldwin,Baldwin Creek,12/04/2018,Arthropoda,Insecta,Odonata,Coenagrionidae,Argia,3
694,Baldwin,Baldwin Creek,12/04/2018,NA,NA,NA,NA,Gomphidae,1
695,Baldwin,Baldwin Creek,12/04/2018,Arthropoda,Insecta,Coleoptera,Elmidae,Optioservus,13
696,Baldwin,Baldwin Creek,12/04/2018,Arthropoda,Insecta,Coleoptera,Psephenidae,Psephenus,12
697,Baldwin,Baldwin Creek,12/04/2018,Arthropoda,Insecta,Diptera,Athericidae,Atherix,1
698,Baldwin,Baldwin Creek,12/04/2018,Arthropoda,Insecta,Diptera,Ceratopogonidae,,2
699,Baldwin,Baldwin Creek,12/04/2018,Arthropoda,Insecta,Diptera,Chironomidae,,28
700,Baldwin,Baldwin Creek,12/04/2018,Arthropoda,Insecta,Diptera,Empididae,Hemerodromia,3
701,Baldwin,Baldwin Creek,12/04/2018,Arthropoda,Insecta,Diptera,Tipulidae,Hexatoma,2
702,Baldwin,Baldwin Creek,12/04/2018,Arthropoda,Arachnida,Hydracarina,,,6
703,Baldwin,Baldwin Creek,12/04/2018,Arthropoda,Insecta,Ephemeroptera,Baetidae,Acerpenna,17
704,Baldwin,Baldwin Creek,12/04/2018,Arthropoda,Insecta,Trichoptera,Odontoceridae,Psilotreta,1
705,Baldwin,Baldwin Creek,12/04/2018,Arthropoda,Insecta,Trichoptera,Philopotamidae,Chimarra,4
706,Baldwin,Baldwin Creek,12/04/2018,Arthropoda,Insecta,Trichoptera,Polycentropodidae,Polycentropus,3
707,Baldwin,Baldwin Creek,12/04/2018,Arthropoda,Insecta,Odonata,Coenagrionidae,Argia,2
708,Baldwin,Baldwin Creek,12/04/2018,NA,NA,NA,NA,Gomphidae,1
709,Baldwin,Baldwin Creek,12/04/2018,Arthropoda,Insecta,Megaloptera,Sialidae,Sialis,1
710,Baldwin,Baldwin Creek,12/04/2018,Arthropoda,Insecta,Coleoptera,Elmidae,Optioservus,11
711,Baldwin,Baldwin Creek,12/04/2018,Arthropoda,Insecta,Coleoptera,Psephenidae,Psephenus,6
712,Baldwin,Baldwin Creek,12/04/2018,Arthropoda,Insecta,Diptera,Ceratopogonidae,,2
713,Baldwin,Baldwin Creek,12/04/2018,Arthropoda,Insecta,Diptera,Chironomidae,,76
714,Baldwin,Baldwin Creek,12/04/2018,Arthropoda,Insecta,Diptera,Empididae,Hemerodromia,1
715,Baldwin,Baldwin Creek,12/04/2018,Arthropoda,Insecta,Diptera,Simuliidae,Simulium,1
716,Baldwin,Baldwin Creek,12/04/2018,NA,NA,NA,NA,Ancylidae,1
717,Baldwin,Baldwin Creek,12/04/2018,NA,NA,NA,NA,Physidae,1
718,Baldwin,Baldwin Creek,12/04/2018,Platyhelminthes,Turbellaria,,,,1
719,Baldwin,Baldwin Creek,12/04/2018,Mollusca,Bivalvia,sphaeriida,Sphaeriidae,,1
720,Baldwin,Baldwin Creek,12/04/2018,Annelida,Oligochaeta,,,,15
721,Baldwin,Baldwin Creek,12/04/2018,Arthropoda,Arachnida,Hydracarina,,,12
722,Baldwin,Baldwin Creek,12/04/2018,Arthropoda,Insecta,Ephemeroptera,Caenidae,Caenis,2
723,Baldwin,Baldwin Creek,12/04/2018,Arthropoda,Insecta,Ephemeroptera,Ephemerellidae,Ephemerella,2
724,Baldwin,Baldwin Creek,12/04/2018,Arthropoda,Insecta,Ephemeroptera,Ephemerellidae,Eurylophella,3
725,Baldwin,Baldwin Creek,12/04/2018,Arthropoda,Insecta,Ephemeroptera,Heptageniidae,Epeorus,3
726,Baldwin,Baldwin Creek,12/04/2018,Arthropoda,Insecta,Ephemeroptera,Heptageniidae,Leucrocuta,14
727,Baldwin,Baldwin Creek,12/04/2018,Arthropoda,Insecta,Ephemeroptera,Heptageniidae,Maccaffertium,6
728,Baldwin,Baldwin Creek,12/04/2018,Arthropoda,Insecta,Ephemeroptera,Heptageniidae,Stenacron,2
729,Baldwin,Baldwin Creek,12/04/2018,Arthropoda,Insecta,Ephemeroptera,Isonychiidae,Isonychia,10
730,Baldwin,Baldwin Creek,12/04/2018,Arthropoda,Insecta,Plecoptera,Capniidae,Allocapnia,4
731,Baldwin,Baldwin Creek,12/04/2018,Arthropoda,Insecta,Plecoptera,Perlodidae,Isoperla,1
732,Baldwin,Baldwin Creek,12/04/2018,NA,NA,NA,NA,Taeniopterygidae,2
733,Baldwin,Baldwin Creek,12/04/2018,Arthropoda,Insecta,Plecoptera,Taeniopterygidae,Taeniopteryx,5
734,Baldwin,Baldwin Creek,12/04/2018,Arthropoda,Insecta,Trichoptera,Hydropsychidae,Ceratopsyche,8
735,Baldwin,Baldwin Creek,12/04/2018,Arthropoda,Insecta,Trichoptera,Hydropsychidae,Cheumatopsyche,10
736,Baldwin,Baldwin Creek,12/04/2018,Arthropoda,Insecta,Trichoptera,Hydroptilidae,Hydroptila,1
737,Baldwin,Baldwin Creek,12/04/2018,Arthropoda,Arachnida,Hydracarina,,,14
738,Baldwin,Baldwin Creek,12/04/2018,Arthropoda,Insecta,Ephemeroptera,Baetidae,Acerpenna,1
739,Baldwin,Baldwin Creek,12/04/2018,Arthropoda,Insecta,Ephemeroptera,Baetidae,Baetis,2
740,Baldwin,Baldwin Creek,12/04/2018,Arthropoda,Insecta,Ephemeroptera,Ephemerellidae,Ephemerella,4
741,Baldwin,Baldwin Creek,12/04/2018,Arthropoda,Insecta,Ephemeroptera,Ephemerellidae,Serratella,1
742,Baldwin,Baldwin Creek,12/04/2018,Arthropoda,Insecta,Ephemeroptera,Heptageniidae,Epeorus,3
743,Baldwin,Baldwin Creek,12/04/2018,Arthropoda,Insecta,Ephemeroptera,Heptageniidae,Leucrocuta,7
744,Baldwin,Baldwin Creek,12/04/2018,Arthropoda,Insecta,Ephemeroptera,Heptageniidae,Maccaffertium,10
745,Baldwin,Baldwin Creek,12/04/2018,Arthropoda,Insecta,Ephemeroptera,Heptageniidae,Stenacron,1
746,Baldwin,Baldwin Creek,12/04/2018,Arthropoda,Insecta,Ephemeroptera,Isonychiidae,Isonychia,27
747,Baldwin,Baldwin Creek,12/04/2018,Arthropoda,Insecta,Plecoptera,Perlidae,Acroneuria,2
748,Baldwin,Baldwin Creek,12/04/2018,Arthropoda,Insecta,Plecoptera,Taeniopterygidae,Taeniopteryx,2
749,Baldwin,Baldwin Creek,12/04/2018,Arthropoda,Insecta,Trichoptera,Hydropsychidae,Ceratopsyche,4
750,Baldwin,Baldwin Creek,12/04/2018,Arthropoda,Insecta,Trichoptera,Hydropsychidae,Cheumatopsyche,26
751,Baldwin,Baldwin Creek,12/04/2018,Arthropoda,Insecta,Trichoptera,Hydroptilidae,Hydroptila,1
752,Baldwin,Baldwin Creek,12/04/2018,Arthropoda,Insecta,Trichoptera,Philopotamidae,Chimarra,12
753,Baldwin,Baldwin Creek,12/04/2018,Arthropoda,Insecta,Trichoptera,Polycentropodidae,Polycentropus,6
754,Baldwin,Baldwin Creek,12/04/2018,Arthropoda,Insecta,Odonata,Coenagrionidae,Argia,3
755,Baldwin,Baldwin Creek,12/04/2018,Arthropoda,Insecta,Odonata,Gomphidae,Ophiogomphus,4
756,Baldwin,Baldwin Creek,12/04/2018,Arthropoda,Insecta,Megaloptera,Sialidae,Sialis,1
757,Baldwin,Baldwin Creek,12/04/2018,Arthropoda,Insecta,Coleoptera,Elmidae,Optioservus,16
758,Baldwin,Baldwin Creek,12/04/2018,Arthropoda,Insecta,Coleoptera,Psephenidae,Psephenus,35
759,Baldwin,Baldwin Creek,12/04/2018,Arthropoda,Insecta,Diptera,Chironomidae,,19
760,Baldwin,Baldwin Creek,12/04/2018,Arthropoda,Insecta,Diptera,Empididae,Hemerodromia,1
761,Baldwin,Baldwin Creek,12/04/2018,Arthropoda,Insecta,Diptera,Tipulidae,Antocha,1
762,Baldwin,Baldwin Creek,12/04/2018,Arthropoda,Insecta,Diptera,Tipulidae,Hexatoma,1
763,Baldwin,Baldwin Creek,12/04/2018,NA,NA,NA,NA,Nemertea,1
764,Baldwin,Baldwin Creek,12/04/2018,Annelida,Oligochaeta,,,,1
765,Baldwin,Baldwin Creek,12/04/2018,Arthropoda,Insecta,Plecoptera,Perlidae,Acroneuria,1
766,Baldwin,Baldwin Creek,12/04/2018,NA,NA,NA,NA,Ancylidae,1
767,Baldwin,Baldwin Creek,12/04/2018,Arthropoda,Insecta,Diptera,Ceratopogonidae,,1
768,Baldwin,Baldwin Creek,12/04/2018,Arthropoda,Insecta,Trichoptera,Hydropsychidae,Cheumatopsyche,3
769,Baldwin,Baldwin Creek,12/04/2018,Arthropoda,Insecta,Diptera,Chironomidae,,36
770,Baldwin,Baldwin Creek,12/04/2018,Arthropoda,Insecta,Coleoptera,Elmidae,Dubiraphia,1
771,Baldwin,Baldwin Creek,12/04/2018,Arthropoda,Arachnida,Hydracarina,,,2
772,Baldwin,Baldwin Creek,12/04/2018,Arthropoda,Insecta,Ephemeroptera,Heptageniidae,Leucrocuta,1
773,Baldwin,Baldwin Creek,12/04/2018,Arthropoda,Insecta,Trichoptera,Uenoidae,Neophylax,5
774,Baldwin,Baldwin Creek,12/04/2018,Arthropoda,Insecta,Coleoptera,Elmidae,Optioservus,2
775,Baldwin,Baldwin Creek,12/04/2018,Arthropoda,Insecta,Diptera,Simuliidae,Prosimulium,121
776,Baldwin,Baldwin Creek,12/04/2018,Arthropoda,Insecta,Plecoptera,Nemouridae,Prostoia,6
777,Baldwin,Baldwin Creek,12/04/2018,Arthropoda,Insecta,Plecoptera,Taeniopterygidae,Taenionema,2
778,Baldwin,Baldwin Creek,12/04/2018,Platyhelminthes,Turbellaria,,,,1
779,Baldwin,Baldwin Creek,12/04/2018,Arthropoda,Insecta,Plecoptera,Nemouridae,Amphinemura,27
780,Baldwin,Baldwin Creek,12/04/2018,Arthropoda,Insecta,Diptera,Empididae,Clinocera,3
781,Baldwin,Baldwin Creek,12/04/2018,Arthropoda,Insecta,Ephemeroptera,Ephemerellidae,Drunella,4
782,Baldwin,Baldwin Creek,12/04/2018,Arthropoda,Insecta,Ephemeroptera,Heptageniidae,Epeorus,1
783,Baldwin,Baldwin Creek,12/04/2018,Arthropoda,Insecta,Ephemeroptera,Isonychiidae,Isonychia,1
784,Baldwin,Baldwin Creek,12/04/2018,Arthropoda,Insecta,Ephemeroptera,Heptageniidae,Maccaffertium,1
785,Baldwin,Baldwin Creek,12/04/2018,NA,NA,NA,NA,Nematoda,1
786,Baldwin,Baldwin Creek,12/04/2018,Arthropoda,Insecta,Coleoptera,Psephenidae,Psephenus,3
787,Bald Tioga,Baldwin Run,16/04/2025,Arthropoda,Insecta,Diptera,Ceratopogonidae,,2
788,Bald Tioga,Baldwin Run,16/04/2025,Arthropoda,Insecta,Ephemeroptera,Ephemerellidae,Drunella,8
789,Bald Tioga,Baldwin Run,16/04/2025,Arthropoda,Insecta,Plecoptera,Perlidae,Agnetina,6
790,Bald Tioga,Baldwin Run,16/04/2025,Arthropoda,Insecta,Plecoptera,Perlidae,Acroneuria,1
791,Bald Tioga,Baldwin Run,16/04/2025,Arthropoda,Insecta,Plecoptera,Nemouridae,Amphinemura,3
792,Bald Tioga,Baldwin Run,16/04/2025,Arthropoda,Insecta,Diptera,Tipulidae,Antocha,2
793,Bald Tioga,Baldwin Run,16/04/2025,Arthropoda,Insecta,Ephemeroptera,Baetidae,Baetis,4
794,Bald Tioga,Baldwin Run,16/04/2025,Arthropoda,Insecta,Ephemeroptera,Heptageniidae,Cinygmula,43
795,Bald Tioga,Baldwin Run,16/04/2025,Arthropoda,Insecta,Plecoptera,Leuctridae,Leuctra,10
796,Bald Tioga,Baldwin Run,16/04/2025,Arthropoda,Insecta,Trichoptera,Uenoidae,Neophylax,1
797,Bald Tioga,Baldwin Run,16/04/2025,Arthropoda,Insecta,Coleoptera,Elmidae,Optioservus,5
798,Bald Tioga,Baldwin Run,16/04/2025,Arthropoda,Insecta,Coleoptera,Elmidae,Oulimnius,35
799,Bald Tioga,Baldwin Run,16/04/2025,Arthropoda,Insecta,Plecoptera,Chloroperlidae,Sweltsa,1
800,Bald Tioga,Baldwin Run,16/04/2025,Arthropoda,Insecta,Trichoptera,Rhyacophilidae,Rhyacophila,1
801,Bald Tioga,Baldwin Run,16/04/2025,Arthropoda,Insecta,Plecoptera,Pteronarcyidae,Pteronarcys,1
802,Bald Tioga,Baldwin Run,16/04/2025,Arthropoda,Insecta,Diptera,Tipulidae,Hexatoma,2
803,Bald Tioga,Baldwin Run,16/04/2025,Arthropoda,Insecta,Diptera,Simuliidae,Prosimulium,1
804,Bald Tioga,Baldwin Run,16/04/2025,Arthropoda,Insecta,Plecoptera,Chloroperlidae,Haploperla,3
805,Bald Tioga,Baldwin Run,16/04/2025,Arthropoda,Insecta,Ephemeroptera,Baetidae,Diphetor,1
806,Bald Tioga,Baldwin Run,16/04/2025,Arthropoda,Insecta,Trichoptera,Hydropsychidae,Diplectrona,2
807,Bald Tioga,Baldwin Run,16/04/2025,Arthropoda,Insecta,Diptera,Chironomidae,,14
808,Bald Tioga,Baldwin Run,16/04/2025,Arthropoda,Insecta,Ephemeroptera,Ephemerellidae,Ephemerella,20
809,Bald Tioga,Baldwin Run,16/04/2025,Arthropoda,Insecta,Plecoptera,Perlodidae,Isoperla,1
810,Bald Tioga,Baldwin Run,16/04/2025,Arthropoda,Insecta,Ephemeroptera,Heptageniidae,Leucrocuta,1
811,Bald Tioga,Baldwin Run,16/04/2025,Arthropoda,Insecta,Ephemeroptera,Heptageniidae,Epeorus,37
812,Bald Tioga,Baldwin Run,16/04/2025,Arthropoda,Insecta,Coleoptera,Psephenidae,Psephenus,2
813,Bald Tioga,Baldwin Run,16/04/2025,NA,NA,NA,NA,Leptophlebiidae,15
814,Bald Tioga,Baldwin Run,16/04/2025,Arthropoda,Insecta,Diptera,Tipulidae,Antocha,2
815,Bald Tioga,Baldwin Run,16/04/2025,Arthropoda,Insecta,Plecoptera,Perlidae,Acroneuria,2
816,Bald Tioga,Baldwin Run,16/04/2025,Arthropoda,Insecta,Ephemeroptera,Ephemerellidae,Ephemerella,19
817,Bald Tioga,Baldwin Run,16/04/2025,Arthropoda,Insecta,Plecoptera,Pteronarcyidae,Pteronarcys,1
818,Bald Tioga,Baldwin Run,16/04/2025,Arthropoda,Insecta,Diptera,Simuliidae,Prosimulium,5
819,Bald Tioga,Baldwin Run,16/04/2025,Arthropoda,Insecta,Coleoptera,Elmidae,Oulimnius,16
820,Bald Tioga,Baldwin Run,16/04/2025,Arthropoda,Insecta,Coleoptera,Elmidae,Optioservus,3
821,Bald Tioga,Baldwin Run,16/04/2025,Annelida,Oligochaeta,,,,1
822,Bald Tioga,Baldwin Run,16/04/2025,Arthropoda,Insecta,Plecoptera,Taeniopterygidae,Oemopteryx,1
823,Bald Tioga,Baldwin Run,16/04/2025,Arthropoda,Insecta,Diptera,Empididae,Neoplasta,1
824,Bald Tioga,Baldwin Run,16/04/2025,Arthropoda,Insecta,Trichoptera,Uenoidae,Neophylax,3
825,Bald Tioga,Baldwin Run,16/04/2025,Arthropoda,Insecta,Plecoptera,Leuctridae,Leuctra,9
826,Bald Tioga,Baldwin Run,16/04/2025,Arthropoda,Insecta,Plecoptera,Perlidae,Agnetina,2
827,Bald Tioga,Baldwin Run,16/04/2025,Arthropoda,Insecta,Plecoptera,Perlodidae,Isoperla,2
828,Bald Tioga,Baldwin Run,16/04/2025,Arthropoda,Insecta,Plecoptera,Nemouridae,Amphinemura,2
829,Bald Tioga,Baldwin Run,16/04/2025,Arthropoda,Insecta,Ephemeroptera,Ephemerellidae,Drunella,11
830,Bald Tioga,Baldwin Run,16/04/2025,Arthropoda,Insecta,Trichoptera,Hydropsychidae,Diplectrona,4
831,Bald Tioga,Baldwin Run,16/04/2025,Arthropoda,Insecta,Ephemeroptera,Baetidae,Diphetor,2
832,Bald Tioga,Baldwin Run,16/04/2025,Arthropoda,Insecta,Ephemeroptera,Heptageniidae,Cinygmula,36
833,Bald Tioga,Baldwin Run,16/04/2025,NA,NA,NA,NA,Chloroperlidae,3
834,Bald Tioga,Baldwin Run,16/04/2025,Arthropoda,Insecta,Diptera,Chironomidae,,17
835,Bald Tioga,Baldwin Run,16/04/2025,Arthropoda,Insecta,Trichoptera,Hydropsychidae,Cheumatopsyche,5
836,Bald Tioga,Baldwin Run,16/04/2025,Arthropoda,Insecta,Diptera,Ceratopogonidae,,1
837,Bald Tioga,Baldwin Run,16/04/2025,Arthropoda,Insecta,Ephemeroptera,Baetidae,Baetis,6
838,Bald Tioga,Baldwin Run,16/04/2025,Arthropoda,Insecta,Ephemeroptera,Heptageniidae,Epeorus,36
839,Bald Tioga,Baldwin Run,16/04/2025,NA,NA,NA,NA,Leptophlebiidae,31
840,Bald Tioga,Baldwin Run,16/04/2025,Arthropoda,Insecta,Trichoptera,Hydropsychidae,Hydropsyche,2
841,Bald Tioga,Baldwin Run,16/04/2025,Arthropoda,Insecta,Plecoptera,Perlidae,Acroneuria,2
842,Bald Tioga,Baldwin Run,16/04/2025,Arthropoda,Insecta,Plecoptera,Perlidae,Agnetina,3
843,Bald Tioga,Baldwin Run,16/04/2025,Arthropoda,Insecta,Ephemeroptera,Baetidae,Baetis,9
844,Bald Tioga,Baldwin Run,16/04/2025,NA,NA,NA,NA,Cambaridae,1
845,Bald Tioga,Baldwin Run,16/04/2025,Arthropoda,Insecta,Trichoptera,Hydropsychidae,Cheumatopsyche,3
846,Bald Tioga,Baldwin Run,16/04/2025,Arthropoda,Insecta,Diptera,Chironomidae,,5
847,Bald Tioga,Baldwin Run,16/04/2025,NA,NA,NA,NA,Chloroperlidae,5
848,Bald Tioga,Baldwin Run,16/04/2025,Arthropoda,Insecta,Ephemeroptera,Heptageniidae,Cinygmula,14
849,Bald Tioga,Baldwin Run,16/04/2025,Arthropoda,Insecta,Diptera,Tipulidae,Dicranota,1
850,Bald Tioga,Baldwin Run,16/04/2025,Arthropoda,Insecta,Ephemeroptera,Baetidae,Diphetor,4
851,Bald Tioga,Baldwin Run,16/04/2025,Arthropoda,Insecta,Trichoptera,Hydropsychidae,Diplectrona,7
852,Bald Tioga,Baldwin Run,16/04/2025,Arthropoda,Insecta,Ephemeroptera,Ephemerellidae,Drunella,14
853,Bald Tioga,Baldwin Run,16/04/2025,Arthropoda,Insecta,Ephemeroptera,Heptageniidae,Epeorus,68
854,Bald Tioga,Baldwin Run,16/04/2025,Arthropoda,Insecta,Ephemeroptera,Ephemeridae,Ephemera,1
855,Bald Tioga,Baldwin Run,16/04/2025,Arthropoda,Insecta,Ephemeroptera,Ephemerellidae,Ephemerella,9
856,Bald Tioga,Baldwin Run,16/04/2025,Arthropoda,Insecta,Diptera,Empididae,Hemerodromia,1
857,Bald Tioga,Baldwin Run,16/04/2025,Arthropoda,Insecta,Diptera,Tipulidae,Hexatoma,2
858,Bald Tioga,Baldwin Run,16/04/2025,Arthropoda,Insecta,Trichoptera,Hydropsychidae,Hydropsyche,1
859,Bald Tioga,Baldwin Run,16/04/2025,NA,NA,NA,NA,Leptophlebiidae,8
860,Bald Tioga,Baldwin Run,16/04/2025,Arthropoda,Insecta,Ephemeroptera,Heptageniidae,Leucrocuta,1
861,Bald Tioga,Baldwin Run,16/04/2025,Arthropoda,Insecta,Plecoptera,Leuctridae,Leuctra,2
862,Bald Tioga,Baldwin Run,16/04/2025,Arthropoda,Insecta,Trichoptera,Uenoidae,Neophylax,6
863,Bald Tioga,Baldwin Run,16/04/2025,Arthropoda,Insecta,Coleoptera,Elmidae,Optioservus,2
864,Bald Tioga,Baldwin Run,16/04/2025,Arthropoda,Insecta,Coleoptera,Elmidae,Oulimnius,41
865,Bald Tioga,Baldwin Run,16/04/2025,Arthropoda,Insecta,Coleoptera,Psephenidae,Psephenus,2
866,Bald Tioga,Baldwin Run,16/04/2025,Arthropoda,Insecta,Trichoptera,Rhyacophilidae,Rhyacophila,2
867,Bald Tioga,Baldwin Run,16/04/2025,Arthropoda,Insecta,Plecoptera,Perlodidae,Yugus,1
868,Bald Tioga,Baldwin Run,16/04/2025,Arthropoda,Insecta,Plecoptera,Perlidae,Acroneuria,2
869,Bald Tioga,Baldwin Run,16/04/2025,Arthropoda,Insecta,Plecoptera,Capniidae,Allocapnia,1
870,Bald Tioga,Baldwin Run,16/04/2025,Arthropoda,Insecta,Ephemeroptera,Baetidae,Baetis,8
871,Bald Tioga,Baldwin Run,16/04/2025,Arthropoda,Insecta,Diptera,Ceratopogonidae,,1
872,Bald Tioga,Baldwin Run,16/04/2025,Arthropoda,Insecta,Trichoptera,Hydropsychidae,Cheumatopsyche,4
873,Bald Tioga,Baldwin Run,16/04/2025,Arthropoda,Insecta,Diptera,Chironomidae,,15
874,Bald Tioga,Baldwin Run,16/04/2025,Arthropoda,Insecta,Ephemeroptera,Heptageniidae,Cinygmula,14
875,Bald Tioga,Baldwin Run,16/04/2025,Arthropoda,Insecta,Ephemeroptera,Ephemerellidae,Ephemerella,18
876,Bald Tioga,Baldwin Run,16/04/2025,Arthropoda,Insecta,Trichoptera,Uenoidae,Neophylax,6
877,Bald Tioga,Baldwin Run,16/04/2025,Arthropoda,Insecta,Coleoptera,Elmidae,Optioservus,2
878,Bald Tioga,Baldwin Run,16/04/2025,Arthropoda,Insecta,Diptera,Simuliidae,Prosimulium,3
879,Bald Tioga,Baldwin Run,16/04/2025,Arthropoda,Insecta,Plecoptera,Pteronarcyidae,Pteronarcys,4
880,Bald Tioga,Baldwin Run,16/04/2025,Arthropoda,Insecta,Plecoptera,Perlidae,Agnetina,2
881,Bald Tioga,Baldwin Run,16/04/2025,Arthropoda,Insecta,Plecoptera,Nemouridae,Amphinemura,2
882,Bald Tioga,Baldwin Run,16/04/2025,Arthropoda,Insecta,Trichoptera,Hydropsychidae,Ceratopsyche,1
883,Bald Tioga,Baldwin Run,16/04/2025,Arthropoda,Insecta,Ephemeroptera,Baetidae,Diphetor,5
884,Bald Tioga,Baldwin Run,16/04/2025,Arthropoda,Insecta,Trichoptera,Hydropsychidae,Diplectrona,19
885,Bald Tioga,Baldwin Run,16/04/2025,Arthropoda,Insecta,Ephemeroptera,Ephemerellidae,Drunella,4
886,Bald Tioga,Baldwin Run,16/04/2025,Arthropoda,Insecta,Ephemeroptera,Heptageniidae,Epeorus,47
887,Bald Tioga,Baldwin Run,16/04/2025,Arthropoda,Insecta,Plecoptera,Perlodidae,Isoperla,1
888,Bald Tioga,Baldwin Run,16/04/2025,Arthropoda,Insecta,Plecoptera,Leuctridae,Leuctra,6
889,Bald Tioga,Baldwin Run,16/04/2025,Annelida,Oligochaeta,,,,1
890,Bald Tioga,Baldwin Run,16/04/2025,Arthropoda,Insecta,Coleoptera,Elmidae,Oulimnius,22
891,Bald Tioga,Baldwin Run,16/04/2025,Arthropoda,Insecta,Ephemeroptera,Leptophlebiidae,Paraleptophlebia,19
892,Bald Tioga,Baldwin Run,16/04/2025,Arthropoda,Insecta,Coleoptera,Psephenidae,Psephenus,1
893,Bald Tioga,Baldwin Run,16/04/2025,Arthropoda,Insecta,Trichoptera,Rhyacophilidae,Rhyacophila,5
894,Bald Tioga,Baldwin Run,16/04/2025,Arthropoda,Insecta,Plecoptera,Chloroperlidae,Sweltsa,1
895,Bald Tioga,Baldwin Run,16/04/2025,Arthropoda,Insecta,Plecoptera,Leuctridae,Leuctra,9
896,Bald Tioga,Baldwin Run,16/04/2025,Arthropoda,Insecta,Trichoptera,Uenoidae,Neophylax,1
897,Bald Tioga,Baldwin Run,16/04/2025,Arthropoda,Insecta,Plecoptera,Nemouridae,Amphinemura,5
898,Bald Tioga,Baldwin Run,16/04/2025,Arthropoda,Insecta,Ephemeroptera,Leptophlebiidae,Paraleptophlebia,15
899,Bald Tioga,Baldwin Run,16/04/2025,Arthropoda,Insecta,Diptera,Simuliidae,Prosimulium,3
900,Bald Tioga,Baldwin Run,16/04/2025,Arthropoda,Insecta,Plecoptera,Pteronarcyidae,Pteronarcys,4
901,Bald Tioga,Baldwin Run,16/04/2025,NA,NA,NA,NA,Chloroperlidae,2
902,Bald Tioga,Baldwin Run,16/04/2025,Mollusca,Bivalvia,sphaeriida,Sphaeriidae,,1
903,Bald Tioga,Baldwin Run,16/04/2025,Arthropoda,Insecta,Trichoptera,Hydropsychidae,Cheumatopsyche,1
904,Bald Tioga,Baldwin Run,16/04/2025,Arthropoda,Insecta,Ephemeroptera,Baetidae,Baetis,13
905,Bald Tioga,Baldwin Run,16/04/2025,Arthropoda,Insecta,Plecoptera,Chloroperlidae,Sweltsa,2
906,Bald Tioga,Baldwin Run,16/04/2025,Arthropoda,Insecta,Trichoptera,Rhyacophilidae,Rhyacophila,3
907,Bald Tioga,Baldwin Run,16/04/2025,NA,NA,NA,NA,Leptophlebiidae,2
908,Bald Tioga,Baldwin Run,16/04/2025,Arthropoda,Insecta,Ephemeroptera,Baetidae,Diphetor,1
909,Bald Tioga,Baldwin Run,16/04/2025,Arthropoda,Insecta,Diptera,Tipulidae,Hexatoma,4
910,Bald Tioga,Baldwin Run,16/04/2025,Arthropoda,Insecta,Ephemeroptera,Ephemeridae,Ephemera,1
911,Bald Tioga,Baldwin Run,16/04/2025,Arthropoda,Insecta,Ephemeroptera,Heptageniidae,Epeorus,93
912,Bald Tioga,Baldwin Run,16/04/2025,Arthropoda,Insecta,Ephemeroptera,Ephemerellidae,Drunella,1
913,Bald Tioga,Baldwin Run,16/04/2025,Arthropoda,Insecta,Trichoptera,Hydropsychidae,Diplectrona,1
914,Bald Tioga,Baldwin Run,16/04/2025,Arthropoda,Insecta,Trichoptera,Hydropsychidae,Hydropsyche,1
915,Bald Tioga,Baldwin Run,16/04/2025,Arthropoda,Insecta,Coleoptera,Elmidae,Oulimnius,8
916,Bald Tioga,Baldwin Run,16/04/2025,Arthropoda,Insecta,Ephemeroptera,Heptageniidae,Cinygmula,19
917,Bald Tioga,Baldwin Run,16/04/2025,Arthropoda,Insecta,Diptera,Chironomidae,,8
918,Bald Tioga,Baldwin Run,16/04/2025,Arthropoda,Insecta,Plecoptera,Nemouridae,Prostoia,1
919,Bald Tioga,Baldwin Run,16/04/2025,Arthropoda,Insecta,Ephemeroptera,Ephemerellidae,Ephemerella,4
920,Bald Tioga,Baldwin Run,16/04/2025,Arthropoda,Insecta,Trichoptera,Polycentropodidae,Polycentropus,1
921,BLOC,Blockhouse Creek,25/04/2023,Arthropoda,Insecta,Coleoptera,Psephenidae,Psephenus,7
922,BLOC,Blockhouse Creek,25/04/2023,Arthropoda,Insecta,Coleoptera,Elmidae,Optioservus,3
923,BLOC,Blockhouse Creek,25/04/2023,Arthropoda,Insecta,Diptera,Empididae,Neoplasta,1
924,BLOC,Blockhouse Creek,25/04/2023,Arthropoda,Insecta,Ephemeroptera,Heptageniidae,Maccaffertium,8
925,BLOC,Blockhouse Creek,25/04/2023,Arthropoda,Insecta,Coleoptera,Elmidae,Stenelmis,3
926,BLOC,Blockhouse Creek,25/04/2023,NA,NA,NA,NA,Leptophlebiidae,2
927,BLOC,Blockhouse Creek,25/04/2023,Arthropoda,Insecta,Trichoptera,Uenoidae,Neophylax,41
928,BLOC,Blockhouse Creek,25/04/2023,Arthropoda,Insecta,Trichoptera,Odontoceridae,Psilotreta,1
929,BLOC,Blockhouse Creek,25/04/2023,Arthropoda,Insecta,Diptera,Empididae,Trichoclinocera,1
930,BLOC,Blockhouse Creek,25/04/2023,Arthropoda,Arachnida,Hydracarina,,,1
931,BLOC,Blockhouse Creek,25/04/2023,Arthropoda,Insecta,Plecoptera,Chloroperlidae,Sweltsa,1
932,BLOC,Blockhouse Creek,25/04/2023,Arthropoda,Insecta,Trichoptera,Hydropsychidae,Hydropsyche,1
933,BLOC,Blockhouse Creek,25/04/2023,Arthropoda,Insecta,Trichoptera,Hydropsychidae,Cheumatopsyche,6
934,BLOC,Blockhouse Creek,25/04/2023,Arthropoda,Insecta,Diptera,Tipulidae,Hexatoma,1
935,BLOC,Blockhouse Creek,25/04/2023,Arthropoda,Insecta,Diptera,Empididae,Hemerodromia,1
936,BLOC,Blockhouse Creek,25/04/2023,Arthropoda,Insecta,Ephemeroptera,Ephemerellidae,Ephemerella,24
937,BLOC,Blockhouse Creek,25/04/2023,Arthropoda,Insecta,Ephemeroptera,Heptageniidae,Epeorus,1
938,BLOC,Blockhouse Creek,25/04/2023,Arthropoda,Insecta,Ephemeroptera,Ephemerellidae,Drunella,53
939,BLOC,Blockhouse Creek,25/04/2023,Arthropoda,Insecta,Trichoptera,Philopotamidae,Dolophilodes,2
940,BLOC,Blockhouse Creek,25/04/2023,Arthropoda,Insecta,Ephemeroptera,Baetidae,Acentrella,2
941,BLOC,Blockhouse Creek,25/04/2023,Arthropoda,Insecta,Plecoptera,Perlidae,Acroneuria,1
942,BLOC,Blockhouse Creek,25/04/2023,Arthropoda,Insecta,Diptera,Tipulidae,Antocha,1
943,BLOC,Blockhouse Creek,25/04/2023,Arthropoda,Insecta,Diptera,Ceratopogonidae,,3
944,BLOC,Blockhouse Creek,25/04/2023,Arthropoda,Insecta,Diptera,Chironomidae,,35
945,BLOC,Blockhouse Creek,25/04/2023,Arthropoda,Insecta,Ephemeroptera,Isonychiidae,Isonychia,10
946,BLOC,Blockhouse Creek,25/04/2023,Arthropoda,Insecta,Ephemeroptera,Heptageniidae,Cinygmula,2
947,BLOC,Blockhouse Creek,25/04/2023,Arthropoda,Insecta,Ephemeroptera,Ephemerellidae,Teloganopsis,5
948,BLOC,Blockhouse Creek,25/04/2023,Arthropoda,Insecta,Trichoptera,Leptoceridae,Ceraclea,1
949,BLOC,Blockhouse Creek,25/04/2023,Arthropoda,Insecta,Ephemeroptera,Baetidae,Acentrella,3
950,BLOC,Blockhouse Creek,25/04/2023,Arthropoda,Insecta,Plecoptera,Perlidae,Acroneuria,1
951,BLOC,Blockhouse Creek,25/04/2023,Arthropoda,Insecta,Plecoptera,Perlidae,Agnetina,1
952,BLOC,Blockhouse Creek,25/04/2023,Arthropoda,Insecta,Diptera,Athericidae,Atherix,3
953,BLOC,Blockhouse Creek,25/04/2023,Arthropoda,Insecta,Trichoptera,Hydropsychidae,Cheumatopsyche,6
954,BLOC,Blockhouse Creek,25/04/2023,Arthropoda,Insecta,Trichoptera,Philopotamidae,Chimarra,3
955,BLOC,Blockhouse Creek,25/04/2023,Arthropoda,Insecta,Diptera,Chironomidae,,6
956,BLOC,Blockhouse Creek,25/04/2023,Arthropoda,Insecta,Coleoptera,Dytiscidae,Copelatus,1
957,BLOC,Blockhouse Creek,25/04/2023,Arthropoda,Insecta,Trichoptera,Philopotamidae,Dolophilodes,2
958,BLOC,Blockhouse Creek,25/04/2023,Arthropoda,Insecta,Ephemeroptera,Heptageniidae,Epeorus,3
959,BLOC,Blockhouse Creek,25/04/2023,Arthropoda,Insecta,Ephemeroptera,Ephemerellidae,Ephemerella,27
960,BLOC,Blockhouse Creek,25/04/2023,Arthropoda,Insecta,Ephemeroptera,Ephemerellidae,Eurylophella,1
961,BLOC,Blockhouse Creek,25/04/2023,Arthropoda,Insecta,Trichoptera,Goeridae,Goera,1
962,BLOC,Blockhouse Creek,25/04/2023,NA,NA,NA,NA,Heptageniidae,1
963,BLOC,Blockhouse Creek,25/04/2023,Arthropoda,Insecta,Trichoptera,Hydropsychidae,Hydropsyche,13
964,BLOC,Blockhouse Creek,25/04/2023,Arthropoda,Insecta,Plecoptera,Perlodidae,Isoperla,1
965,BLOC,Blockhouse Creek,25/04/2023,Arthropoda,Insecta,Odonata,Gomphidae,Lanthus,2
966,BLOC,Blockhouse Creek,25/04/2023,Arthropoda,Insecta,Trichoptera,Lepidostomatidae,Lepidostoma,2
967,BLOC,Blockhouse Creek,25/04/2023,NA,NA,NA,NA,Leptophlebiidae,14
968,BLOC,Blockhouse Creek,25/04/2023,Arthropoda,Insecta,Plecoptera,Leuctridae,Leuctra,10
969,BLOC,Blockhouse Creek,25/04/2023,Annelida,Oligochaeta,,,,1
970,BLOC,Blockhouse Creek,25/04/2023,Arthropoda,Insecta,Ephemeroptera,Heptageniidae,Maccaffertium,13
971,BLOC,Blockhouse Creek,25/04/2023,Arthropoda,Insecta,Megaloptera,Corydalidae,Nigronia,1
972,BLOC,Blockhouse Creek,25/04/2023,Arthropoda,Insecta,Coleoptera,Elmidae,Optioservus,6
973,BLOC,Blockhouse Creek,25/04/2023,Arthropoda,Insecta,Plecoptera,Capniidae,Paracapnia,1
974,BLOC,Blockhouse Creek,25/04/2023,Arthropoda,Insecta,Ephemeroptera,Leptophlebiidae,Paraleptophlebia,8
975,BLOC,Blockhouse Creek,25/04/2023,Arthropoda,Insecta,Trichoptera,Rhyacophilidae,Rhyacophila,1
976,BLOC,Blockhouse Creek,25/04/2023,Arthropoda,Insecta,Ephemeroptera,Heptageniidae,Stenacron,3
977,BLOC,Blockhouse Creek,25/04/2023,Arthropoda,Insecta,Plecoptera,Chloroperlidae,Sweltsa,1
978,BLOC,Blockhouse Creek,25/04/2023,Arthropoda,Insecta,Plecoptera,Taeniopterygidae,Taeniopteryx,45
979,BLOC,Blockhouse Creek,25/04/2023,Arthropoda,Insecta,Ephemeroptera,Baetidae,Acentrella,2
980,BLOC,Blockhouse Creek,25/04/2023,Arthropoda,Insecta,Ephemeroptera,Baetidae,Plauditus,1
981,BLOC,Blockhouse Creek,25/04/2023,Arthropoda,Insecta,Ephemeroptera,Ephemerellidae,Ephemerella,11
982,BLOC,Blockhouse Creek,25/04/2023,Arthropoda,Insecta,Ephemeroptera,Ephemerellidae,Eurylophella,2
983,BLOC,Blockhouse Creek,25/04/2023,Arthropoda,Insecta,Ephemeroptera,Ephemerellidae,Serratella,2
984,BLOC,Blockhouse Creek,25/04/2023,Arthropoda,Insecta,Ephemeroptera,Heptageniidae,Epeorus,2
985,BLOC,Blockhouse Creek,25/04/2023,Arthropoda,Insecta,Ephemeroptera,Heptageniidae,Leucrocuta,9
986,BLOC,Blockhouse Creek,25/04/2023,Arthropoda,Insecta,Ephemeroptera,Heptageniidae,Maccaffertium,14
987,BLOC,Blockhouse Creek,25/04/2023,Arthropoda,Insecta,Ephemeroptera,Heptageniidae,Stenacron,2
988,BLOC,Blockhouse Creek,25/04/2023,Arthropoda,Insecta,Ephemeroptera,Isonychiidae,Isonychia,14
989,BLOC,Blockhouse Creek,25/04/2023,Arthropoda,Insecta,Ephemeroptera,Leptophlebiidae,Paraleptophlebia,24
990,BLOC,Blockhouse Creek,25/04/2023,Arthropoda,Insecta,Plecoptera,Perlidae,Acroneuria,2
991,BLOC,Blockhouse Creek,25/04/2023,Arthropoda,Insecta,Plecoptera,Perlodidae,Isogenoides,1
992,BLOC,Blockhouse Creek,25/04/2023,Arthropoda,Insecta,Plecoptera,Pteronarcyidae,Pteronarcys,1
993,BLOC,Blockhouse Creek,25/04/2023,Arthropoda,Insecta,Plecoptera,Taeniopterygidae,Taeniopteryx,30
994,BLOC,Blockhouse Creek,25/04/2023,Arthropoda,Insecta,Trichoptera,Apataniidae,Apatania,1
995,BLOC,Blockhouse Creek,25/04/2023,Arthropoda,Insecta,Trichoptera,Glossosomatidae,Glossosoma,1
996,BLOC,Blockhouse Creek,25/04/2023,Arthropoda,Insecta,Trichoptera,Hydropsychidae,Ceratopsyche,12
997,BLOC,Blockhouse Creek,25/04/2023,Arthropoda,Insecta,Trichoptera,Hydropsychidae,Cheumatopsyche,14
998,BLOC,Blockhouse Creek,25/04/2023,Arthropoda,Insecta,Trichoptera,Lepidostomatidae,Lepidostoma,3
999,BLOC,Blockhouse Creek,25/04/2023,NA,NA,NA,NA,Limnephilidae,1
1000,BLOC,Blockhouse Creek,25/04/2023,Arthropoda,Insecta,Trichoptera,Philopotamidae,Chimarra,1
1001,BLOC,Blockhouse Creek,25/04/2023,Arthropoda,Insecta,Trichoptera,Philopotamidae,Dolophilodes,1
1002,BLOC,Blockhouse Creek,25/04/2023,Arthropoda,Insecta,Trichoptera,Rhyacophilidae,Rhyacophila,1
1003,BLOC,Blockhouse Creek,25/04/2023,Arthropoda,Insecta,Megaloptera,Corydalidae,Nigronia,1
1004,BLOC,Blockhouse Creek,25/04/2023,Arthropoda,Insecta,Coleoptera,Dryopidae,Helichus,1
1005,BLOC,Blockhouse Creek,25/04/2023,Arthropoda,Insecta,Coleoptera,Elmidae,Optioservus,5
1006,BLOC,Blockhouse Creek,25/04/2023,Arthropoda,Insecta,Coleoptera,Psephenidae,Psephenus,11
1007,BLOC,Blockhouse Creek,25/04/2023,Arthropoda,Insecta,Diptera,Chironomidae,,25
1008,BLOC,Blockhouse Creek,25/04/2023,Arthropoda,Insecta,Diptera,Empididae,Hemerodromia,1
1009,BLOC,Blockhouse Creek,25/04/2023,Arthropoda,Insecta,Diptera,Simuliidae,Simulium,1
1010,BLOC,Blockhouse Creek,25/04/2023,Arthropoda,Insecta,Diptera,Tipulidae,Antocha,1
1011,BLOC,Blockhouse Creek,25/04/2023,Arthropoda,Insecta,Diptera,Tipulidae,Hexatoma,2
1012,BLOC,Blockhouse Creek,25/04/2023,NA,NA,NA,NA,Nematoda,1
1013,BLOC,Blockhouse Creek,25/04/2023,Platyhelminthes,Turbellaria,,,,1
1014,BLOC,Blockhouse Creek,25/04/2023,Annelida,Oligochaeta,,,,2
1015,BLOC,Blockhouse Creek,25/04/2023,Arthropoda,Arachnida,Hydracarina,,,1
1016,BLOC,Blockhouse Creek,25/04/2023,Arthropoda,Insecta,Ephemeroptera,Ephemerellidae,Ephemerella,16
1017,BLOC,Blockhouse Creek,25/04/2023,Arthropoda,Insecta,Ephemeroptera,Ephemerellidae,Eurylophella,2
1018,BLOC,Blockhouse Creek,25/04/2023,Arthropoda,Insecta,Ephemeroptera,Ephemerellidae,Serratella,18
1019,BLOC,Blockhouse Creek,25/04/2023,Arthropoda,Insecta,Ephemeroptera,Heptageniidae,Epeorus,8
1020,BLOC,Blockhouse Creek,25/04/2023,Arthropoda,Insecta,Ephemeroptera,Heptageniidae,Leucrocuta,15
1021,BLOC,Blockhouse Creek,25/04/2023,Arthropoda,Insecta,Ephemeroptera,Heptageniidae,Maccaffertium,27
1022,BLOC,Blockhouse Creek,25/04/2023,Arthropoda,Insecta,Ephemeroptera,Isonychiidae,Isonychia,8
1023,BLOC,Blockhouse Creek,25/04/2023,Arthropoda,Insecta,Ephemeroptera,Leptophlebiidae,Paraleptophlebia,24
1024,BLOC,Blockhouse Creek,25/04/2023,Arthropoda,Insecta,Plecoptera,Perlidae,Acroneuria,1
1025,BLOC,Blockhouse Creek,25/04/2023,Arthropoda,Insecta,Plecoptera,Perlidae,Paragnetina,1
1026,BLOC,Blockhouse Creek,25/04/2023,Arthropoda,Insecta,Plecoptera,Perlodidae,Isoperla,2
1027,BLOC,Blockhouse Creek,25/04/2023,Arthropoda,Insecta,Plecoptera,Taeniopterygidae,Taeniopteryx,17
1028,BLOC,Blockhouse Creek,25/04/2023,Arthropoda,Insecta,Trichoptera,Apataniidae,Apatania,2
1029,BLOC,Blockhouse Creek,25/04/2023,Arthropoda,Insecta,Trichoptera,Hydropsychidae,Ceratopsyche,18
1030,BLOC,Blockhouse Creek,25/04/2023,Arthropoda,Insecta,Trichoptera,Hydropsychidae,Cheumatopsyche,28
1031,BLOC,Blockhouse Creek,25/04/2023,Arthropoda,Insecta,Trichoptera,Lepidostomatidae,Lepidostoma,1
1032,BLOC,Blockhouse Creek,25/04/2023,Arthropoda,Insecta,Trichoptera,Philopotamidae,Chimarra,5
1033,BLOC,Blockhouse Creek,25/04/2023,Arthropoda,Insecta,Trichoptera,Philopotamidae,Dolophilodes,2
1034,BLOC,Blockhouse Creek,25/04/2023,Arthropoda,Insecta,Trichoptera,Polycentropodidae,Polycentropus,1
1035,BLOC,Blockhouse Creek,25/04/2023,Arthropoda,Insecta,Trichoptera,Rhyacophilidae,Rhyacophila,3
1036,BLOC,Blockhouse Creek,25/04/2023,Arthropoda,Insecta,Trichoptera,Uenoidae,Neophylax,1
1037,BLOC,Blockhouse Creek,25/04/2023,NA,NA,NA,NA,Gomphidae,1
1038,BLOC,Blockhouse Creek,25/04/2023,Arthropoda,Insecta,Megaloptera,Corydalidae,Nigronia,1
1039,BLOC,Blockhouse Creek,25/04/2023,Arthropoda,Insecta,Coleoptera,Elmidae,Optioservus,7
1040,BLOC,Blockhouse Creek,25/04/2023,NA,NA,NA,NA,Promoresia,1
1041,BLOC,Blockhouse Creek,25/04/2023,Arthropoda,Insecta,Coleoptera,Psephenidae,Psephenus,2
1042,BLOC,Blockhouse Creek,25/04/2023,Arthropoda,Insecta,Diptera,Athericidae,Atherix,2
1043,BLOC,Blockhouse Creek,25/04/2023,Arthropoda,Insecta,Diptera,Chironomidae,,10
1044,BLOC,Blockhouse Creek,25/04/2023,Arthropoda,Insecta,Diptera,Empididae,Hemerodromia,1
1045,BLOC,Blockhouse Creek,25/04/2023,Arthropoda,Insecta,Diptera,Tipulidae,Antocha,3
1046,BLOC,Blockhouse Creek,25/04/2023,Arthropoda,Insecta,Diptera,Tipulidae,Dicranota,1
1047,BLOC,Blockhouse Creek,25/04/2023,NA,NA,NA,NA,Nemertea,1
1048,BLOC,Blockhouse Creek,25/04/2023,NA,NA,NA,NA,Nematoda,1
1049,BLOC,Blockhouse Creek,25/04/2023,Platyhelminthes,Turbellaria,,,,7
1050,BLOC,Blockhouse Creek,25/04/2023,Annelida,Oligochaeta,,,,3
1051,BLOC,Blockhouse Creek,25/04/2023,Arthropoda,Arachnida,Hydracarina,,,2
1052,BLOC,Blockhouse Creek,25/04/2023,Arthropoda,Insecta,Ephemeroptera,Ephemerellidae,Ephemerella,9
1053,BLOC,Blockhouse Creek,25/04/2023,Arthropoda,Insecta,Ephemeroptera,Ephemerellidae,Eurylophella,5
1054,BLOC,Blockhouse Creek,25/04/2023,Arthropoda,Insecta,Ephemeroptera,Ephemerellidae,Serratella,1
1055,BLOC,Blockhouse Creek,25/04/2023,Arthropoda,Insecta,Ephemeroptera,Heptageniidae,Epeorus,10
1056,BLOC,Blockhouse Creek,25/04/2023,Arthropoda,Insecta,Ephemeroptera,Heptageniidae,Leucrocuta,34
1057,BLOC,Blockhouse Creek,25/04/2023,Arthropoda,Insecta,Ephemeroptera,Heptageniidae,Maccaffertium,37
1058,BLOC,Blockhouse Creek,25/04/2023,Arthropoda,Insecta,Ephemeroptera,Heptageniidae,Stenacron,5
1059,BLOC,Blockhouse Creek,25/04/2023,Arthropoda,Insecta,Ephemeroptera,Isonychiidae,Isonychia,34
1060,BLOC,Blockhouse Creek,25/04/2023,Arthropoda,Insecta,Ephemeroptera,Leptophlebiidae,Paraleptophlebia,18
1061,BLOC,Blockhouse Creek,25/04/2023,Arthropoda,Insecta,Plecoptera,Perlidae,Acroneuria,2
1062,BLOC,Blockhouse Creek,25/04/2023,Arthropoda,Insecta,Plecoptera,Taeniopterygidae,Taeniopteryx,10
1063,BLOC,Blockhouse Creek,25/04/2023,Arthropoda,Insecta,Trichoptera,Hydropsychidae,Ceratopsyche,18
1064,BLOC,Blockhouse Creek,25/04/2023,Arthropoda,Insecta,Trichoptera,Hydropsychidae,Cheumatopsyche,20
1065,BLOC,Blockhouse Creek,25/04/2023,Arthropoda,Insecta,Ephemeroptera,Baetidae,Acentrella,1
1066,BLOC,Blockhouse Creek,25/04/2023,Arthropoda,Insecta,Trichoptera,Lepidostomatidae,Lepidostoma,5
1067,BLOC,Blockhouse Creek,25/04/2023,Arthropoda,Insecta,Trichoptera,Polycentropodidae,Polycentropus,2
1068,BLOC,Blockhouse Creek,25/04/2023,Arthropoda,Insecta,Trichoptera,Uenoidae,Neophylax,4
1069,BLOC,Blockhouse Creek,25/04/2023,NA,NA,NA,NA,Gomphidae,1
1070,BLOC,Blockhouse Creek,25/04/2023,Arthropoda,Insecta,Coleoptera,Psephenidae,Psephenus,7
1071,BLOC,Blockhouse Creek,25/04/2023,Arthropoda,Insecta,Diptera,Athericidae,Atherix,1
1072,BLOC,Blockhouse Creek,25/04/2023,Arthropoda,Insecta,Diptera,Chironomidae,,10
1073,BLOC,Blockhouse Creek,25/04/2023,Arthropoda,Insecta,Diptera,Tipulidae,Antocha,1
1074,BLOC,Blockhouse Creek,25/04/2023,Annelida,Oligochaeta,,,,1
1075,BLOC,Blockhouse Creek,25/04/2023,Arthropoda,Arachnida,Hydracarina,,,1
1076,BLOC,Blockhouse Creek,25/04/2023,Arthropoda,Insecta,Ephemeroptera,Baetidae,Acentrella,4
1077,BLOC,Blockhouse Creek,25/04/2023,Arthropoda,Insecta,Ephemeroptera,Baetidae,Baetis,2
1078,BLOC,Blockhouse Creek,25/04/2023,Arthropoda,Insecta,Ephemeroptera,Ephemerellidae,Ephemerella,20
1079,BLOC,Blockhouse Creek,25/04/2023,Arthropoda,Insecta,Ephemeroptera,Ephemerellidae,Eurylophella,1
1080,BLOC,Blockhouse Creek,25/04/2023,Arthropoda,Insecta,Ephemeroptera,Ephemerellidae,Serratella,5
1081,BLOC,Blockhouse Creek,25/04/2023,Arthropoda,Insecta,Ephemeroptera,Heptageniidae,Epeorus,10
1082,BLOC,Blockhouse Creek,25/04/2023,Arthropoda,Insecta,Ephemeroptera,Heptageniidae,Leucrocuta,16
1083,BLOC,Blockhouse Creek,25/04/2023,Arthropoda,Insecta,Ephemeroptera,Heptageniidae,Maccaffertium,28
1084,BLOC,Blockhouse Creek,25/04/2023,Arthropoda,Insecta,Ephemeroptera,Isonychiidae,Isonychia,16
1085,BLOC,Blockhouse Creek,25/04/2023,Arthropoda,Insecta,Ephemeroptera,Leptophlebiidae,Paraleptophlebia,15
1086,BLOC,Blockhouse Creek,25/04/2023,Arthropoda,Insecta,Plecoptera,Chloroperlidae,Sweltsa,1
1087,BLOC,Blockhouse Creek,25/04/2023,Arthropoda,Insecta,Plecoptera,Perlidae,Acroneuria,3
1088,BLOC,Blockhouse Creek,25/04/2023,Arthropoda,Insecta,Plecoptera,Taeniopterygidae,Taeniopteryx,1
1089,BLOC,Blockhouse Creek,25/04/2023,Arthropoda,Insecta,Trichoptera,Hydropsychidae,Ceratopsyche,45
1090,BLOC,Blockhouse Creek,25/04/2023,Arthropoda,Insecta,Trichoptera,Hydropsychidae,Cheumatopsyche,15
1091,BLOC,Blockhouse Creek,25/04/2023,Arthropoda,Insecta,Trichoptera,Odontoceridae,Psilotreta,1
1092,BLOC,Blockhouse Creek,25/04/2023,Arthropoda,Insecta,Trichoptera,Philopotamidae,Chimarra,2
1093,BLOC,Blockhouse Creek,25/04/2023,Arthropoda,Insecta,Trichoptera,Philopotamidae,Dolophilodes,3
1094,BLOC,Blockhouse Creek,25/04/2023,Arthropoda,Insecta,Trichoptera,Polycentropodidae,Polycentropus,2
1095,BLOC,Blockhouse Creek,25/04/2023,Arthropoda,Insecta,Trichoptera,Rhyacophilidae,Rhyacophila,1
1096,BLOC,Blockhouse Creek,25/04/2023,Arthropoda,Insecta,Coleoptera,Elmidae,Optioservus,6
1097,BLOC,Blockhouse Creek,25/04/2023,Arthropoda,Insecta,Coleoptera,Psephenidae,Psephenus,5
1098,BLOC,Blockhouse Creek,25/04/2023,Arthropoda,Insecta,Diptera,Athericidae,Atherix,1
1099,BLOC,Blockhouse Creek,25/04/2023,Arthropoda,Insecta,Diptera,Ceratopogonidae,Bezzia,1
1100,BLOC,Blockhouse Creek,25/04/2023,Arthropoda,Insecta,Diptera,Chironomidae,,10
1101,BLOC,Blockhouse Creek,25/04/2023,Arthropoda,Insecta,Diptera,Tipulidae,Antocha,11
1102,BLOC,Blockhouse Creek,25/04/2023,Annelida,Oligochaeta,,,,1
1103,BLOC,Blockhouse Creek,25/04/2023,Arthropoda,Insecta,Plecoptera,Perlidae,Acroneuria,4
1104,BLOC,Blockhouse Creek,25/04/2023,Arthropoda,Insecta,Ephemeroptera,Baetidae,Baetis,3
1105,BLOC,Blockhouse Creek,25/04/2023,Arthropoda,Insecta,Diptera,Empididae,Chelifera,1
1106,BLOC,Blockhouse Creek,25/04/2023,Arthropoda,Insecta,Trichoptera,Hydropsychidae,Cheumatopsyche,13
1107,BLOC,Blockhouse Creek,25/04/2023,Arthropoda,Insecta,Diptera,Chironomidae,,32
1108,BLOC,Blockhouse Creek,25/04/2023,Arthropoda,Insecta,Ephemeroptera,Heptageniidae,Cinygmula,7
1109,BLOC,Blockhouse Creek,25/04/2023,Arthropoda,Insecta,Ephemeroptera,Ephemerellidae,Ephemerella,11
1110,BLOC,Blockhouse Creek,25/04/2023,Arthropoda,Arachnida,Hydracarina,,,2
1111,BLOC,Blockhouse Creek,25/04/2023,Arthropoda,Insecta,Trichoptera,Lepidostomatidae,Lepidostoma,2
1112,BLOC,Blockhouse Creek,25/04/2023,Arthropoda,Insecta,Ephemeroptera,Heptageniidae,Leucrocuta,3
1113,BLOC,Blockhouse Creek,25/04/2023,NA,NA,NA,NA,Nemouridae,2
1114,BLOC,Blockhouse Creek,25/04/2023,Arthropoda,Insecta,Trichoptera,Uenoidae,Neophylax,17
1115,BLOC,Blockhouse Creek,25/04/2023,Arthropoda,Insecta,Coleoptera,Elmidae,Optioservus,3
1116,BLOC,Blockhouse Creek,25/04/2023,Arthropoda,Insecta,Ephemeroptera,Ephemerellidae,Serratella,3
1117,BLOC,Blockhouse Creek,25/04/2023,Arthropoda,Insecta,Plecoptera,Taeniopterygidae,Taenionema,31
1118,BLOC,Blockhouse Creek,25/04/2023,Platyhelminthes,Turbellaria,,,,1
1119,BLOC,Blockhouse Creek,25/04/2023,Arthropoda,Insecta,Diptera,Tipulidae,Antocha,1
1120,BLOC,Blockhouse Creek,25/04/2023,Arthropoda,Insecta,Trichoptera,Hydropsychidae,Ceratopsyche,9
1121,BLOC,Blockhouse Creek,25/04/2023,Arthropoda,Insecta,Trichoptera,Philopotamidae,Chimarra,1
1122,BLOC,Blockhouse Creek,25/04/2023,Arthropoda,Insecta,Diptera,Empididae,Clinocera,2
1123,BLOC,Blockhouse Creek,25/04/2023,Arthropoda,Insecta,Ephemeroptera,Baetidae,Diphetor,1
1124,BLOC,Blockhouse Creek,25/04/2023,Arthropoda,Insecta,Ephemeroptera,Ephemerellidae,Drunella,7
1125,BLOC,Blockhouse Creek,25/04/2023,Arthropoda,Insecta,Ephemeroptera,Heptageniidae,Epeorus,13
1126,BLOC,Blockhouse Creek,25/04/2023,Arthropoda,Insecta,Ephemeroptera,Ephemerellidae,Eurylophella,2
1127,BLOC,Blockhouse Creek,25/04/2023,Arthropoda,Insecta,Ephemeroptera,Isonychiidae,Isonychia,14
1128,BLOC,Blockhouse Creek,25/04/2023,Arthropoda,Insecta,Plecoptera,Perlodidae,Isoperla,2
1129,BLOC,Blockhouse Creek,25/04/2023,NA,NA,NA,NA,Leptophlebiidae,1
1130,BLOC,Blockhouse Creek,25/04/2023,Arthropoda,Insecta,Ephemeroptera,Heptageniidae,Maccaffertium,11
1131,BLOC,Blockhouse Creek,25/04/2023,Arthropoda,Insecta,Ephemeroptera,Leptophlebiidae,Paraleptophlebia,19
1132,BLOC,Blockhouse Creek,25/04/2023,Arthropoda,Insecta,Trichoptera,Rhyacophilidae,Rhyacophila,1
1133,BLOC,Blockhouse Creek,25/04/2023,Arthropoda,Insecta,Diptera,Simuliidae,Simulium,9
1134,BLOC,Blockhouse Creek,25/04/2023,Arthropoda,Insecta,Coleoptera,Elmidae,Stenelmis,1
1135,BLOC,Blockhouse Creek,25/04/2023,Arthropoda,Insecta,Plecoptera,Chloroperlidae,Sweltsa,1
1136,BOBS,Bobs Creek,23/04/2025,Arthropoda,Insecta,Trichoptera,Hydropsychidae,Diplectrona,4
1137,BOBS,Bobs Creek,23/04/2025,Arthropoda,Insecta,Ephemeroptera,Ephemerellidae,Drunella,13
1138,BOBS,Bobs Creek,23/04/2025,Arthropoda,Insecta,Ephemeroptera,Baetidae,Diphetor,3
1139,BOBS,Bobs Creek,23/04/2025,Arthropoda,Insecta,Ephemeroptera,Heptageniidae,Cinygmula,19
1140,BOBS,Bobs Creek,23/04/2025,Arthropoda,Insecta,Diptera,Chironomidae,,13
1141,BOBS,Bobs Creek,23/04/2025,Arthropoda,Insecta,Ephemeroptera,Ephemerellidae,Teloganopsis,3
1142,BOBS,Bobs Creek,23/04/2025,Arthropoda,Insecta,Trichoptera,Philopotamidae,Dolophilodes,1
1143,BOBS,Bobs Creek,23/04/2025,Arthropoda,Insecta,Diptera,Ceratopogonidae,,2
1144,BOBS,Bobs Creek,23/04/2025,Arthropoda,Insecta,Plecoptera,Leuctridae,Leuctra,3
1145,BOBS,Bobs Creek,23/04/2025,Arthropoda,Insecta,Plecoptera,Perlodidae,Isoperla,5
1146,BOBS,Bobs Creek,23/04/2025,NA,NA,NA,NA,Leptophlebiidae,10
1147,BOBS,Bobs Creek,23/04/2025,Arthropoda,Insecta,Ephemeroptera,Baetidae,Baetis,16
1148,BOBS,Bobs Creek,23/04/2025,Arthropoda,Insecta,Coleoptera,Elmidae,Oulimnius,3
1149,BOBS,Bobs Creek,23/04/2025,Arthropoda,Insecta,Trichoptera,Rhyacophilidae,Rhyacophila,2
1150,BOBS,Bobs Creek,23/04/2025,Arthropoda,Insecta,Diptera,Tipulidae,Antocha,1
1151,BOBS,Bobs Creek,23/04/2025,Mollusca,Bivalvia,Veneroida,Pisidiidae,Pisidium,1
1152,BOBS,Bobs Creek,23/04/2025,Arthropoda,Insecta,Ephemeroptera,Heptageniidae,Maccaffertium,1
1153,BOBS,Bobs Creek,23/04/2025,Arthropoda,Insecta,Coleoptera,Elmidae,Optioservus,3
1154,BOBS,Bobs Creek,23/04/2025,Annelida,Oligochaeta,,,,2
1155,BOBS,Bobs Creek,23/04/2025,Arthropoda,Insecta,Trichoptera,Uenoidae,Neophylax,6
1156,BOBS,Bobs Creek,23/04/2025,Platyhelminthes,Turbellaria,,,,1
1157,BOBS,Bobs Creek,23/04/2025,Arthropoda,Insecta,Ephemeroptera,Ephemerellidae,Ephemerella,57
1158,BOBS,Bobs Creek,23/04/2025,Arthropoda,Insecta,Diptera,Simuliidae,Prosimulium,1
1159,BOBS,Bobs Creek,23/04/2025,Arthropoda,Insecta,Ephemeroptera,Heptageniidae,Leucrocuta,1
1160,BOBS,Bobs Creek,23/04/2025,Arthropoda,Insecta,Ephemeroptera,Heptageniidae,Epeorus,20
1161,BOBS,Bobs Creek,23/04/2025,Arthropoda,Insecta,Plecoptera,Chloroperlidae,Haploperla,8
1162,BOBS,Bobs Creek,23/04/2025,Arthropoda,Arachnida,Hydracarina,,,1
1163,BOBS,Bobs Creek,23/04/2025,Arthropoda,Insecta,Trichoptera,Hydropsychidae,Hydropsyche,1
1164,BOBS,Bobs Creek,23/04/2025,Arthropoda,Insecta,Ephemeroptera,Isonychiidae,Isonychia,6
1165,BOBS,Bobs Creek,23/04/2025,Arthropoda,Insecta,Coleoptera,Psephenidae,Ectopria,2
1166,BOBS,Bobs Creek,23/04/2025,Arthropoda,Insecta,Ephemeroptera,Heptageniidae,Leucrocuta,6
1167,BOBS,Bobs Creek,23/04/2025,Arthropoda,Insecta,Diptera,Tipulidae,Dicranota,1
1168,BOBS,Bobs Creek,23/04/2025,Arthropoda,Insecta,Trichoptera,Hydropsychidae,Diplectrona,1
1169,BOBS,Bobs Creek,23/04/2025,Arthropoda,Insecta,Trichoptera,Philopotamidae,Dolophilodes,1
1170,BOBS,Bobs Creek,23/04/2025,Arthropoda,Insecta,Ephemeroptera,Ephemerellidae,Drunella,3
1171,BOBS,Bobs Creek,23/04/2025,Arthropoda,Insecta,Ephemeroptera,Heptageniidae,Epeorus,1
1172,BOBS,Bobs Creek,23/04/2025,Arthropoda,Insecta,Ephemeroptera,Ephemerellidae,Eurylophella,3
1173,BOBS,Bobs Creek,23/04/2025,Arthropoda,Insecta,Diptera,Tipulidae,Tipula,1
1174,BOBS,Bobs Creek,23/04/2025,Arthropoda,Insecta,Diptera,Tipulidae,Hexatoma,1
1175,BOBS,Bobs Creek,23/04/2025,Arthropoda,Insecta,Trichoptera,Hydropsychidae,Hydropsyche,2
1176,BOBS,Bobs Creek,23/04/2025,Arthropoda,Insecta,Ephemeroptera,Heptageniidae,Cinygmula,3
1177,BOBS,Bobs Creek,23/04/2025,NA,NA,NA,NA,Leptophlebiidae,9
1178,BOBS,Bobs Creek,23/04/2025,Arthropoda,Insecta,Ephemeroptera,Ephemerellidae,Ephemerella,15
1179,BOBS,Bobs Creek,23/04/2025,Arthropoda,Insecta,Plecoptera,Leuctridae,Leuctra,3
1180,BOBS,Bobs Creek,23/04/2025,Arthropoda,Insecta,Trichoptera,Uenoidae,Neophylax,5
1181,BOBS,Bobs Creek,23/04/2025,Annelida,Oligochaeta,,,,2
1182,BOBS,Bobs Creek,23/04/2025,Arthropoda,Insecta,Coleoptera,Elmidae,Optioservus,4
1183,BOBS,Bobs Creek,23/04/2025,Arthropoda,Insecta,Coleoptera,Elmidae,Oulimnius,7
1184,BOBS,Bobs Creek,23/04/2025,Arthropoda,Insecta,Coleoptera,Psephenidae,Psephenus,8
1185,BOBS,Bobs Creek,23/04/2025,Arthropoda,Insecta,Diptera,Tipulidae,Pseudolimnophila,3
1186,BOBS,Bobs Creek,23/04/2025,Arthropoda,Insecta,Ephemeroptera,Ephemerellidae,Teloganopsis,1
1187,BOBS,Bobs Creek,23/04/2025,Arthropoda,Arachnida,Hydracarina,,,1
1188,BOBS,Bobs Creek,23/04/2025,Arthropoda,Insecta,Ephemeroptera,Isonychiidae,Isonychia,2
1189,BOBS,Bobs Creek,23/04/2025,Arthropoda,Insecta,Diptera,Ceratopogonidae,,1
1190,BOBS,Bobs Creek,23/04/2025,Arthropoda,Insecta,Plecoptera,Nemouridae,Amphinemura,2
1191,BOBS,Bobs Creek,23/04/2025,Arthropoda,Insecta,Plecoptera,Perlidae,Acroneuria,1
1192,BOBS,Bobs Creek,23/04/2025,Arthropoda,Insecta,Ephemeroptera,Baetidae,Acentrella,37
1193,BOBS,Bobs Creek,23/04/2025,Mollusca,Gastropoda,Basommatophora,Planorbidae,Ferrissia,1
1194,BOBS,Bobs Creek,23/04/2025,Arthropoda,Insecta,Diptera,Chironomidae,,89
1195,BOBS,Bobs Creek,23/04/2025,Arthropoda,Insecta,Ephemeroptera,Baetidae,Acentrella,6
1196,BOBS,Bobs Creek,23/04/2025,Arthropoda,Insecta,Plecoptera,Perlidae,Acroneuria,1
1197,BOBS,Bobs Creek,23/04/2025,Arthropoda,Insecta,Plecoptera,Nemouridae,Amphinemura,2
1198,BOBS,Bobs Creek,23/04/2025,Arthropoda,Insecta,Diptera,Tipulidae,Antocha,3
1199,BOBS,Bobs Creek,23/04/2025,Arthropoda,Insecta,Ephemeroptera,Baetidae,Baetis,4
1200,BOBS,Bobs Creek,23/04/2025,NA,NA,NA,NA,Cambaridae,1
1201,BOBS,Bobs Creek,23/04/2025,Arthropoda,Insecta,Diptera,Empididae,Chelifera,1
1202,BOBS,Bobs Creek,23/04/2025,Arthropoda,Insecta,Trichoptera,Hydropsychidae,Cheumatopsyche,4
1203,BOBS,Bobs Creek,23/04/2025,Arthropoda,Insecta,Diptera,Chironomidae,,39
1204,BOBS,Bobs Creek,23/04/2025,Arthropoda,Insecta,Ephemeroptera,Heptageniidae,Cinygmula,39
1205,BOBS,Bobs Creek,23/04/2025,Arthropoda,Insecta,Ephemeroptera,Baetidae,Diphetor,2
1206,BOBS,Bobs Creek,23/04/2025,Arthropoda,Insecta,Trichoptera,Hydropsychidae,Diplectrona,3
1207,BOBS,Bobs Creek,23/04/2025,Arthropoda,Insecta,Ephemeroptera,Ephemerellidae,Drunella,2
1208,BOBS,Bobs Creek,23/04/2025,Arthropoda,Insecta,Ephemeroptera,Heptageniidae,Epeorus,11
1209,BOBS,Bobs Creek,23/04/2025,Arthropoda,Insecta,Ephemeroptera,Ephemerellidae,Ephemerella,12
1210,BOBS,Bobs Creek,23/04/2025,Arthropoda,Insecta,Plecoptera,Chloroperlidae,Haploperla,8
1211,BOBS,Bobs Creek,23/04/2025,Arthropoda,Insecta,Trichoptera,Hydropsychidae,Hydropsyche,4
1212,BOBS,Bobs Creek,23/04/2025,Arthropoda,Insecta,Ephemeroptera,Isonychiidae,Isonychia,5
1213,BOBS,Bobs Creek,23/04/2025,Arthropoda,Insecta,Plecoptera,Perlodidae,Isoperla,2
1214,BOBS,Bobs Creek,23/04/2025,Arthropoda,Insecta,Trichoptera,Lepidostomatidae,Lepidostoma,1
1215,BOBS,Bobs Creek,23/04/2025,Arthropoda,Insecta,Ephemeroptera,Heptageniidae,Leucrocuta,7
1216,BOBS,Bobs Creek,23/04/2025,Arthropoda,Insecta,Plecoptera,Leuctridae,Leuctra,12
1217,BOBS,Bobs Creek,23/04/2025,Arthropoda,Insecta,Ephemeroptera,Leptophlebiidae,Paraleptophlebia,22
1218,BOBS,Bobs Creek,23/04/2025,Arthropoda,Insecta,Trichoptera,Uenoidae,Neophylax,5
1219,BOBS,Bobs Creek,23/04/2025,Arthropoda,Insecta,Megaloptera,Corydalidae,Nigronia,3
1220,BOBS,Bobs Creek,23/04/2025,Annelida,Oligochaeta,,,,1
1221,BOBS,Bobs Creek,23/04/2025,Arthropoda,Insecta,Coleoptera,Elmidae,Optioservus,1
1222,BOBS,Bobs Creek,23/04/2025,Arthropoda,Insecta,Coleoptera,Elmidae,Oulimnius,10
1223,BOBS,Bobs Creek,23/04/2025,Arthropoda,Insecta,Trichoptera,Polycentropodidae,Polycentropus,1
1224,BOBS,Bobs Creek,23/04/2025,Arthropoda,Insecta,Coleoptera,Psephenidae,Psephenus,1
1225,BOBS,Bobs Creek,23/04/2025,Arthropoda,Insecta,Trichoptera,Rhyacophilidae,Rhyacophila,1
1226,BOBS,Bobs Creek,23/04/2025,Mollusca,Bivalvia,Sphaeriida,Sphaeriidae,,2
1227,BOBS,Bobs Creek,23/04/2025,Arthropoda,Insecta,Ephemeroptera,Ephemerellidae,Teloganopsis,1
1228,BOBS,Bobs Creek,23/04/2025,Arthropoda,Arachnida,Hydracarina,,,1
1229,BOBS,Bobs Creek,23/04/2025,Arthropoda,Insecta,Ephemeroptera,Heptageniidae,Epeorus,8
1230,BOBS,Bobs Creek,23/04/2025,Arthropoda,Insecta,Trichoptera,Polycentropodidae,Polycentropus,1
1231,BOBS,Bobs Creek,23/04/2025,Arthropoda,Insecta,Trichoptera,Hydropsychidae,Hydropsyche,3
1232,BOBS,Bobs Creek,23/04/2025,Arthropoda,Insecta,Ephemeroptera,Baetidae,Diphetor,2
1233,BOBS,Bobs Creek,23/04/2025,Arthropoda,Insecta,Ephemeroptera,Ephemerellidae,Serratella,10
1234,BOBS,Bobs Creek,23/04/2025,Arthropoda,Insecta,Ephemeroptera,Baetidae,Baetis,5
1235,BOBS,Bobs Creek,23/04/2025,Arthropoda,Insecta,Ephemeroptera,Ephemerellidae,Ephemerella,15
1236,BOBS,Bobs Creek,23/04/2025,Arthropoda,Insecta,Ephemeroptera,Heptageniidae,Maccaffertium,3
1237,BOBS,Bobs Creek,23/04/2025,Arthropoda,Insecta,Ephemeroptera,Leptophlebiidae,Paraleptophlebia,10
1238,BOBS,Bobs Creek,23/04/2025,Arthropoda,Insecta,Plecoptera,Chloroperlidae,Haploperla,2
1239,BOBS,Bobs Creek,23/04/2025,Arthropoda,Insecta,Trichoptera,Hydropsychidae,Cheumatopsyche,2
1240,BOBS,Bobs Creek,23/04/2025,Arthropoda,Insecta,Ephemeroptera,Heptageniidae,Cinygmula,1
1241,BOBS,Bobs Creek,23/04/2025,Arthropoda,Insecta,Ephemeroptera,Baetidae,Acentrella,10
1242,BOBS,Bobs Creek,23/04/2025,Arthropoda,Insecta,Coleoptera,Psephenidae,Psephenus,1
1243,BOBS,Bobs Creek,23/04/2025,Arthropoda,Insecta,Ephemeroptera,Ephemerellidae,Drunella,5
1244,BOBS,Bobs Creek,23/04/2025,Arthropoda,Insecta,Plecoptera,Leuctridae,Leuctra,13
1245,BOBS,Bobs Creek,23/04/2025,Arthropoda,Insecta,Diptera,Simuliidae,Simulium,1
1246,BOBS,Bobs Creek,23/04/2025,Annelida,Oligochaeta,,,,1
1247,BOBS,Bobs Creek,23/04/2025,Arthropoda,Insecta,Megaloptera,Corydalidae,Nigronia,3
1248,BOBS,Bobs Creek,23/04/2025,Arthropoda,Insecta,Diptera,Tipulidae,Antocha,1
1249,BOBS,Bobs Creek,23/04/2025,Arthropoda,Insecta,Ephemeroptera,Heptageniidae,Leucrocuta,10
1250,BOBS,Bobs Creek,23/04/2025,Arthropoda,Insecta,Diptera,Chironomidae,,80
1251,BOBS,Bobs Creek,23/04/2025,Arthropoda,Insecta,Diptera,Ceratopogonidae,,1
1252,BOBS,Bobs Creek,23/04/2025,Arthropoda,Insecta,Diptera,Athericidae,Atherix,1
1253,BOBS,Bobs Creek,23/04/2025,Arthropoda,Insecta,Coleoptera,Elmidae,Oulimnius,5
1254,BOBS,Bobs Creek,23/04/2025,Arthropoda,Insecta,Trichoptera,Hydropsychidae,Diplectrona,2
1255,BOBS,Bobs Creek,23/04/2025,Arthropoda,Insecta,Trichoptera,Uenoidae,Neophylax,6
1256,BOBS,Bobs Creek,23/04/2025,Arthropoda,Insecta,Trichoptera,Rhyacophilidae,Rhyacophila,2
1257,BOBS,Bobs Creek,23/04/2025,NA,NA,NA,NA,Cambaridae,1
1258,BOBS,Bobs Creek,23/04/2025,Arthropoda,Insecta,Diptera,Blephariceridae,Blepharicera,3
1259,BOBS,Bobs Creek,23/04/2025,Mollusca,Bivalvia,Sphaeriida,Sphaeriidae,,1
1260,BOBS,Bobs Creek,23/04/2025,Arthropoda,Insecta,Trichoptera,Rhyacophilidae,Rhyacophila,7
1261,BOBS,Bobs Creek,23/04/2025,Arthropoda,Insecta,Plecoptera,Pteronarcyidae,Pteronarcys,2
1262,BOBS,Bobs Creek,23/04/2025,Arthropoda,Insecta,Plecoptera,Perlodidae,Isoperla,4
1263,BOBS,Bobs Creek,23/04/2025,Arthropoda,Insecta,Plecoptera,Nemouridae,Amphinemura,4
1264,BOBS,Bobs Creek,23/04/2025,Arthropoda,Insecta,Ephemeroptera,Leptophlebiidae,Paraleptophlebia,18
1265,BOBS,Bobs Creek,23/04/2025,Arthropoda,Insecta,Diptera,Simuliidae,Simulium,38
1266,BOBS,Bobs Creek,23/04/2025,Arthropoda,Insecta,Ephemeroptera,Heptageniidae,Leucrocuta,1
1267,BOBS,Bobs Creek,23/04/2025,Arthropoda,Insecta,Coleoptera,Elmidae,Oulimnius,3
1268,BOBS,Bobs Creek,23/04/2025,Arthropoda,Insecta,Diptera,Chironomidae,,17
1269,BOBS,Bobs Creek,23/04/2025,Arthropoda,Insecta,Plecoptera,Leuctridae,Leuctra,4
1270,BOBS,Bobs Creek,23/04/2025,NA,NA,NA,NA,Ephemerellidae,2
1271,BOBS,Bobs Creek,23/04/2025,Arthropoda,Insecta,Ephemeroptera,Baetidae,Baetis,39
1272,BOBS,Bobs Creek,23/04/2025,Arthropoda,Insecta,Ephemeroptera,Heptageniidae,Epeorus,41
1273,BOBS,Bobs Creek,23/04/2025,Arthropoda,Insecta,Plecoptera,Chloroperlidae,Haploperla,2
1274,BOBS,Bobs Creek,23/04/2025,Arthropoda,Insecta,Ephemeroptera,Ephemerellidae,Ephemerella,22
1275,BOBS,Bobs Creek,23/04/2025,Arthropoda,Insecta,Ephemeroptera,Heptageniidae,Cinygmula,8
1276,BOBS,Bobs Creek,23/04/2025,Arthropoda,Insecta,Ephemeroptera,Ephemerellidae,Drunella,6
1277,BOBS,Bobs Creek,23/04/2025,Arthropoda,Insecta,Plecoptera,Perlidae,Paragnetina,1
1278,BOBS,Bobs Creek,23/04/2025,Arthropoda,Insecta,Ephemeroptera,Baetidae,Acentrella,8
1279,BOBS,Bobs Creek,23/04/2025,Arthropoda,Insecta,Plecoptera,Perlidae,Acroneuria,4
1280,BOBS,Bobs Creek,23/04/2025,Arthropoda,Insecta,Diptera,Athericidae,Atherix,1
1281,BOBS,Bobs Creek,23/04/2025,Arthropoda,Insecta,Ephemeroptera,Baetidae,Baetis,1
1282,BOBS,Bobs Creek,23/04/2025,Arthropoda,Malacostraca,Decapoda,Cambaridae,Cambarus,1
1283,BOBS,Bobs Creek,23/04/2025,Arthropoda,Insecta,Trichoptera,Hydropsychidae,Cheumatopsyche,18
1284,BOBS,Bobs Creek,23/04/2025,Arthropoda,Insecta,Diptera,Chironomidae,,4
1285,BOBS,Bobs Creek,23/04/2025,Arthropoda,Insecta,Trichoptera,Philopotamidae,Dolophilodes,28
1286,BOBS,Bobs Creek,23/04/2025,Arthropoda,Insecta,Coleoptera,Psephenidae,Ectopria,5
1287,BOBS,Bobs Creek,23/04/2025,Arthropoda,Insecta,Ephemeroptera,Ephemerellidae,Ephemerella,10
1288,BOBS,Bobs Creek,23/04/2025,NA,NA,NA,NA,Ephemerellidae,1
1289,BOBS,Bobs Creek,23/04/2025,Arthropoda,Insecta,Ephemeroptera,Ephemerellidae,Eurylophella,1
1290,BOBS,Bobs Creek,23/04/2025,Arthropoda,Insecta,Diptera,Tipulidae,Hexatoma,4
1291,BOBS,Bobs Creek,23/04/2025,Arthropoda,Insecta,Trichoptera,Hydropsychidae,Hydropsyche,4
1292,BOBS,Bobs Creek,23/04/2025,Arthropoda,Insecta,Ephemeroptera,Isonychiidae,Isonychia,2
1293,BOBS,Bobs Creek,23/04/2025,Arthropoda,Insecta,Plecoptera,Perlodidae,Isoperla,4
1294,BOBS,Bobs Creek,23/04/2025,Arthropoda,Insecta,Trichoptera,Lepidostomatidae,Lepidostoma,14
1295,BOBS,Bobs Creek,23/04/2025,NA,NA,NA,NA,Leptophlebiidae,24
1296,BOBS,Bobs Creek,23/04/2025,Arthropoda,Insecta,Ephemeroptera,Heptageniidae,Leucrocuta,2
1297,BOBS,Bobs Creek,23/04/2025,Arthropoda,Insecta,Plecoptera,Leuctridae,Leuctra,5
1298,BOBS,Bobs Creek,23/04/2025,Arthropoda,Insecta,Ephemeroptera,Heptageniidae,Maccaffertium,5
1299,BOBS,Bobs Creek,23/04/2025,Arthropoda,Insecta,Megaloptera,Corydalidae,Nigronia,3
1300,BOBS,Bobs Creek,23/04/2025,Arthropoda,Insecta,Coleoptera,Elmidae,Oulimnius,3
1301,BOBS,Bobs Creek,23/04/2025,Arthropoda,Insecta,Plecoptera,Capniidae,Paracapnia,1
1302,BOBS,Bobs Creek,23/04/2025,Arthropoda,Insecta,Ephemeroptera,Leptophlebiidae,Paraleptophlebia,9
1303,BOBS,Bobs Creek,23/04/2025,Arthropoda,Insecta,Diptera,Tipulidae,Pedicia,1
1304,BOBS,Bobs Creek,23/04/2025,Arthropoda,Insecta,Trichoptera,Polycentropodidae,Polycentropus,1
1305,BOBS,Bobs Creek,23/04/2025,Arthropoda,Insecta,Diptera,Simuliidae,Prosimulium,1
1306,BOBS,Bobs Creek,23/04/2025,Arthropoda,Insecta,Trichoptera,Rhyacophilidae,Rhyacophila,2
1307,BOBS,Bobs Creek,23/04/2025,Arthropoda,Insecta,Ephemeroptera,Ephemerellidae,Serratella,3
1308,BOBS,Bobs Creek,23/04/2025,Arthropoda,Insecta,Diptera,Simuliidae,Simulium,2
1309,BOBS,Bobs Creek,23/04/2025,Arthropoda,Insecta,Plecoptera,Chloroperlidae,Sweltsa,3
1310,BOBS,Bobs Creek,23/04/2025,Arthropoda,Insecta,Plecoptera,Taeniopterygidae,Taeniopteryx,29
1311,BOBS,Bobs Creek,23/04/2025,Arthropoda,Insecta,Diptera,Tipulidae,Tipula,8
1312,BOBS,Bobs Creek,23/04/2025,Arthropoda,Insecta,Ephemeroptera,Baetidae,Acentrella,2
1313,BOBS,Bobs Creek,23/04/2025,Arthropoda,Insecta,Ephemeroptera,Ephemerellidae,Ephemerella,11
1314,BOBS,Bobs Creek,23/04/2025,Arthropoda,Insecta,Ephemeroptera,Ephemerellidae,Eurylophella,1
1315,BOBS,Bobs Creek,23/04/2025,Arthropoda,Insecta,Ephemeroptera,Ephemerellidae,Serratella,12
1316,BOBS,Bobs Creek,23/04/2025,Arthropoda,Insecta,Ephemeroptera,Heptageniidae,Epeorus,4
1317,BOBS,Bobs Creek,23/04/2025,Arthropoda,Insecta,Ephemeroptera,Heptageniidae,Leucrocuta,3
1318,BOBS,Bobs Creek,23/04/2025,Arthropoda,Insecta,Ephemeroptera,Heptageniidae,Maccaffertium,30
1319,BOBS,Bobs Creek,23/04/2025,Arthropoda,Insecta,Ephemeroptera,Isonychiidae,Isonychia,15
1320,BOBS,Bobs Creek,23/04/2025,Arthropoda,Insecta,Ephemeroptera,Leptophlebiidae,Paraleptophlebia,5
1321,BOBS,Bobs Creek,23/04/2025,Arthropoda,Insecta,Plecoptera,Chloroperlidae,Sweltsa,1
1322,BOBS,Bobs Creek,23/04/2025,Arthropoda,Insecta,Plecoptera,Leuctridae,Leuctra,2
1323,BOBS,Bobs Creek,23/04/2025,Arthropoda,Insecta,Plecoptera,Perlidae,Acroneuria,1
1324,BOBS,Bobs Creek,23/04/2025,Arthropoda,Insecta,Plecoptera,Perlodidae,Isoperla,1
1325,BOBS,Bobs Creek,23/04/2025,Arthropoda,Insecta,Plecoptera,Taeniopterygidae,Taeniopteryx,2
1326,BOBS,Bobs Creek,23/04/2025,Arthropoda,Insecta,Trichoptera,Hydropsychidae,Ceratopsyche,23
1327,BOBS,Bobs Creek,23/04/2025,Arthropoda,Insecta,Trichoptera,Hydropsychidae,Cheumatopsyche,22
1328,BOBS,Bobs Creek,23/04/2025,Arthropoda,Insecta,Trichoptera,Hydropsychidae,Diplectrona,6
1329,BOBS,Bobs Creek,23/04/2025,Arthropoda,Insecta,Trichoptera,Lepidostomatidae,Lepidostoma,8
1330,BOBS,Bobs Creek,23/04/2025,Arthropoda,Insecta,Trichoptera,Philopotamidae,Dolophilodes,15
1331,BOBS,Bobs Creek,23/04/2025,Arthropoda,Insecta,Trichoptera,Polycentropodidae,Polycentropus,1
1332,BOBS,Bobs Creek,23/04/2025,Arthropoda,Insecta,Trichoptera,Psychomyiidae,Psychomyia,2
1333,BOBS,Bobs Creek,23/04/2025,Arthropoda,Insecta,Trichoptera,Rhyacophilidae,Rhyacophila,3
1334,BOBS,Bobs Creek,23/04/2025,Arthropoda,Insecta,Coleoptera,Elmidae,Optioservus,1
1335,BOBS,Bobs Creek,23/04/2025,Arthropoda,Insecta,Coleoptera,Elmidae,Oulimnius,3
1336,BOBS,Bobs Creek,23/04/2025,Arthropoda,Insecta,Coleoptera,Psephenidae,Psephenus,4
1337,BOBS,Bobs Creek,23/04/2025,Arthropoda,Insecta,Diptera,Athericidae,Atherix,1
1338,BOBS,Bobs Creek,23/04/2025,Arthropoda,Insecta,Diptera,Ceratopogonidae,,2
1339,BOBS,Bobs Creek,23/04/2025,Arthropoda,Insecta,Diptera,Chironomidae,,36
1340,BOBS,Bobs Creek,23/04/2025,Arthropoda,Insecta,Diptera,Tipulidae,Antocha,2
1341,BOBS,Bobs Creek,23/04/2025,Arthropoda,Insecta,Diptera,Tipulidae,Hexatoma,1
1342,BOBS,Bobs Creek,23/04/2025,Arthropoda,Insecta,Diptera,Tipulidae,Tipula,3
1343,BOBS,Bobs Creek,23/04/2025,Arthropoda,Insecta,Ephemeroptera,Baetidae,Acentrella,1
1344,BOBS,Bobs Creek,23/04/2025,Arthropoda,Insecta,Ephemeroptera,Baetidae,Baetis,2
1345,BOBS,Bobs Creek,23/04/2025,Arthropoda,Insecta,Ephemeroptera,Ephemerellidae,Ephemerella,29
1346,BOBS,Bobs Creek,23/04/2025,Arthropoda,Insecta,Ephemeroptera,Ephemerellidae,Eurylophella,1
1347,BOBS,Bobs Creek,23/04/2025,Arthropoda,Insecta,Ephemeroptera,Ephemerellidae,Serratella,23
1348,BOBS,Bobs Creek,23/04/2025,Arthropoda,Insecta,Ephemeroptera,Heptageniidae,Epeorus,7
1349,BOBS,Bobs Creek,23/04/2025,Arthropoda,Insecta,Ephemeroptera,Heptageniidae,Maccaffertium,14
1350,BOBS,Bobs Creek,23/04/2025,Arthropoda,Insecta,Ephemeroptera,Isonychiidae,Isonychia,31
1351,BOBS,Bobs Creek,23/04/2025,Arthropoda,Insecta,Ephemeroptera,Leptophlebiidae,Paraleptophlebia,11
1352,BOBS,Bobs Creek,23/04/2025,Arthropoda,Insecta,Plecoptera,Chloroperlidae,Sweltsa,1
1353,BOBS,Bobs Creek,23/04/2025,Arthropoda,Insecta,Plecoptera,Peltoperlidae,Tallaperla,1
1354,BOBS,Bobs Creek,23/04/2025,Arthropoda,Insecta,Plecoptera,Perlidae,Acroneuria,1
1355,BOBS,Bobs Creek,23/04/2025,Arthropoda,Insecta,Plecoptera,Perlidae,Paragnetina,2
1356,BOBS,Bobs Creek,23/04/2025,Arthropoda,Insecta,Plecoptera,Perlodidae,Isoperla,1
1357,BOBS,Bobs Creek,23/04/2025,Arthropoda,Insecta,Plecoptera,Taeniopterygidae,Taeniopteryx,4
1358,BOBS,Bobs Creek,23/04/2025,Arthropoda,Insecta,Trichoptera,Hydropsychidae,Ceratopsyche,24
1359,BOBS,Bobs Creek,23/04/2025,Arthropoda,Insecta,Trichoptera,Hydropsychidae,Cheumatopsyche,7
1360,BOBS,Bobs Creek,23/04/2025,Arthropoda,Insecta,Trichoptera,Hydropsychidae,Diplectrona,2
1361,BOBS,Bobs Creek,23/04/2025,Arthropoda,Insecta,Trichoptera,Lepidostomatidae,Lepidostoma,12
1362,BOBS,Bobs Creek,23/04/2025,Arthropoda,Insecta,Trichoptera,Philopotamidae,Dolophilodes,10
1363,BOBS,Bobs Creek,23/04/2025,Arthropoda,Insecta,Trichoptera,Rhyacophilidae,Rhyacophila,2
1364,BOBS,Bobs Creek,23/04/2025,Arthropoda,Insecta,Trichoptera,Uenoidae,Neophylax,1
1365,BOBS,Bobs Creek,23/04/2025,Arthropoda,Insecta,Coleoptera,Elmidae,Optioservus,2
1366,BOBS,Bobs Creek,23/04/2025,Arthropoda,Insecta,Coleoptera,Elmidae,Oulimnius,4
1367,BOBS,Bobs Creek,23/04/2025,Arthropoda,Insecta,Diptera,Chironomidae,,12
1368,BOBS,Bobs Creek,23/04/2025,Arthropoda,Insecta,Diptera,Tipulidae,Hexatoma,2
1369,BOBS,Bobs Creek,23/04/2025,Arthropoda,Insecta,Diptera,Tipulidae,Tipula,1
1370,BOBS,Bobs Creek,23/04/2025,Annelida,Oligochaeta,,,,1
1371,BOBS,Bobs Creek,23/04/2025,Arthropoda,Arachnida,Hydracarina,,,1
1372,BOBS,Bobs Creek,23/04/2025,Arthropoda,Insecta,Ephemeroptera,Ephemerellidae,Ephemerella,14
1373,BOBS,Bobs Creek,23/04/2025,Arthropoda,Insecta,Ephemeroptera,Ephemerellidae,Serratella,23
1374,BOBS,Bobs Creek,23/04/2025,Arthropoda,Insecta,Ephemeroptera,Heptageniidae,Epeorus,10
1375,BOBS,Bobs Creek,23/04/2025,Arthropoda,Insecta,Ephemeroptera,Heptageniidae,Leucrocuta,4
1376,BOBS,Bobs Creek,23/04/2025,Arthropoda,Insecta,Ephemeroptera,Heptageniidae,Maccaffertium,9
1377,BOBS,Bobs Creek,23/04/2025,Arthropoda,Insecta,Ephemeroptera,Isonychiidae,Isonychia,25
1378,BOBS,Bobs Creek,23/04/2025,Arthropoda,Insecta,Ephemeroptera,Leptophlebiidae,Paraleptophlebia,18
1379,BOBS,Bobs Creek,23/04/2025,Arthropoda,Insecta,Ephemeroptera,Potamanthidae,Anthopotamus,1
1380,BOBS,Bobs Creek,23/04/2025,Arthropoda,Insecta,Plecoptera,Chloroperlidae,Sweltsa,1
1381,BOBS,Bobs Creek,23/04/2025,Arthropoda,Insecta,Plecoptera,Perlidae,Paragnetina,1
1382,BOBS,Bobs Creek,23/04/2025,Arthropoda,Insecta,Plecoptera,Perlodidae,Isoperla,8
1383,BOBS,Bobs Creek,23/04/2025,Arthropoda,Insecta,Plecoptera,Taeniopterygidae,Taeniopteryx,2
1384,BOBS,Bobs Creek,23/04/2025,Arthropoda,Insecta,Trichoptera,Hydropsychidae,Ceratopsyche,32
1385,BOBS,Bobs Creek,23/04/2025,Arthropoda,Insecta,Trichoptera,Hydropsychidae,Cheumatopsyche,6
1386,BOBS,Bobs Creek,23/04/2025,Arthropoda,Insecta,Trichoptera,Hydropsychidae,Diplectrona,5
1387,BOBS,Bobs Creek,23/04/2025,Arthropoda,Insecta,Ephemeroptera,Baetidae,Acentrella,3
1388,BOBS,Bobs Creek,23/04/2025,Arthropoda,Insecta,Ephemeroptera,Baetidae,Baetis,2
1389,BOBS,Bobs Creek,23/04/2025,Arthropoda,Insecta,Trichoptera,Lepidostomatidae,Lepidostoma,7
1390,BOBS,Bobs Creek,23/04/2025,Arthropoda,Insecta,Trichoptera,Philopotamidae,Dolophilodes,12
1391,BOBS,Bobs Creek,23/04/2025,Arthropoda,Insecta,Trichoptera,Rhyacophilidae,Rhyacophila,1
1392,BOBS,Bobs Creek,23/04/2025,Arthropoda,Insecta,Trichoptera,Uenoidae,Neophylax,1
1393,BOBS,Bobs Creek,23/04/2025,Arthropoda,Insecta,Megaloptera,Corydalidae,Nigronia,1
1394,BOBS,Bobs Creek,23/04/2025,Arthropoda,Insecta,Coleoptera,Elmidae,Optioservus,1
1395,BOBS,Bobs Creek,23/04/2025,Arthropoda,Insecta,Coleoptera,Elmidae,Oulimnius,5
1396,BOBS,Bobs Creek,23/04/2025,Arthropoda,Insecta,Diptera,Ceratopogonidae,,2
1397,BOBS,Bobs Creek,23/04/2025,Arthropoda,Insecta,Diptera,Chironomidae,,28
1398,BOBS,Bobs Creek,23/04/2025,Arthropoda,Insecta,Diptera,Tipulidae,Hexatoma,1
1399,BOBS,Bobs Creek,23/04/2025,Arthropoda,Insecta,Diptera,Tipulidae,Tipula,1
1400,BOBS,Bobs Creek,23/04/2025,NA,NA,NA,NA,Nematoda,1
1401,BOBS,Bobs Creek,23/04/2025,NA,NA,NA,NA,Ancylidae,1
1402,BOBS,Bobs Creek,23/04/2025,Mollusca,Bivalvia,Sphaeriida,Sphaeriidae,,1
1403,BOBS,Bobs Creek,23/04/2025,Annelida,Oligochaeta,,,,1
1404,BOBS,Bobs Creek,23/04/2025,Arthropoda,Arachnida,Hydracarina,,,1
1405,BOBS,Bobs Creek,23/04/2025,Arthropoda,Insecta,Ephemeroptera,Baetidae,Acentrella,6
1406,BOBS,Bobs Creek,23/04/2025,Arthropoda,Insecta,Ephemeroptera,Baetidae,Baetis,2
1407,BOBS,Bobs Creek,23/04/2025,Arthropoda,Insecta,Ephemeroptera,Ephemerellidae,Ephemerella,27
1408,BOBS,Bobs Creek,23/04/2025,Arthropoda,Insecta,Ephemeroptera,Ephemerellidae,Serratella,6
1409,BOBS,Bobs Creek,23/04/2025,Arthropoda,Insecta,Ephemeroptera,Heptageniidae,Epeorus,4
1410,BOBS,Bobs Creek,23/04/2025,Arthropoda,Insecta,Ephemeroptera,Heptageniidae,Leucrocuta,2
1411,BOBS,Bobs Creek,23/04/2025,Arthropoda,Insecta,Ephemeroptera,Heptageniidae,Maccaffertium,4
1412,BOBS,Bobs Creek,23/04/2025,Arthropoda,Insecta,Ephemeroptera,Isonychiidae,Isonychia,20
1413,BOBS,Bobs Creek,23/04/2025,Arthropoda,Insecta,Ephemeroptera,Leptophlebiidae,Paraleptophlebia,24
1414,BOBS,Bobs Creek,23/04/2025,Arthropoda,Insecta,Plecoptera,Perlidae,Acroneuria,2
1415,BOBS,Bobs Creek,23/04/2025,Arthropoda,Insecta,Plecoptera,Perlodidae,Isoperla,3
1416,BOBS,Bobs Creek,23/04/2025,Arthropoda,Insecta,Plecoptera,Taeniopterygidae,Taeniopteryx,5
1417,BOBS,Bobs Creek,23/04/2025,Arthropoda,Insecta,Trichoptera,Glossosomatidae,Glossosoma,1
1418,BOBS,Bobs Creek,23/04/2025,Arthropoda,Insecta,Trichoptera,Hydropsychidae,Ceratopsyche,31
1419,BOBS,Bobs Creek,23/04/2025,Arthropoda,Insecta,Trichoptera,Hydropsychidae,Cheumatopsyche,1
1420,BOBS,Bobs Creek,23/04/2025,Arthropoda,Insecta,Trichoptera,Hydropsychidae,Diplectrona,3
1421,BOBS,Bobs Creek,23/04/2025,Arthropoda,Insecta,Trichoptera,Lepidostomatidae,Lepidostoma,3
1422,BOBS,Bobs Creek,23/04/2025,Arthropoda,Insecta,Trichoptera,Philopotamidae,Dolophilodes,20
1423,BOBS,Bobs Creek,23/04/2025,Arthropoda,Insecta,Trichoptera,Rhyacophilidae,Rhyacophila,6
1424,BOBS,Bobs Creek,23/04/2025,Arthropoda,Insecta,Coleoptera,Elmidae,Optioservus,1
1425,BOBS,Bobs Creek,23/04/2025,Arthropoda,Insecta,Coleoptera,Elmidae,Stenelmis,1
1426,BOBS,Bobs Creek,23/04/2025,Arthropoda,Insecta,Diptera,Ceratopogonidae,Bezzia,1
1427,BOBS,Bobs Creek,23/04/2025,Arthropoda,Insecta,Diptera,Chironomidae,,30
1428,BOBS,Bobs Creek,23/04/2025,Arthropoda,Insecta,Diptera,Empididae,Hemerodromia,1
1429,BOBS,Bobs Creek,23/04/2025,Arthropoda,Insecta,Diptera,Simuliidae,Simulium,1
1430,BOBS,Bobs Creek,23/04/2025,Arthropoda,Insecta,Diptera,Tipulidae,Tipula,2
1431,BOBS,Bobs Creek,23/04/2025,NA,NA,NA,NA,Ancylidae,1
1432,BOBS,Bobs Creek,23/04/2025,Platyhelminthes,Turbellaria,,,,1
1433,BOBS,Bobs Creek,23/04/2025,Mollusca,Bivalvia,Sphaeriida,Sphaeriidae,,2
1434,BOBS,Bobs Creek,23/04/2025,Annelida,Oligochaeta,,,,2
1435,BOBS,Bobs Creek,23/04/2025,Arthropoda,Insecta,Diptera,Empididae,Chelifera,1
1436,BOBS,Bobs Creek,23/04/2025,Arthropoda,Insecta,Trichoptera,Hydropsychidae,Cheumatopsyche,1
1437,BOBS,Bobs Creek,23/04/2025,Arthropoda,Insecta,Ephemeroptera,Isonychiidae,Isonychia,2
1438,BOBS,Bobs Creek,23/04/2025,Annelida,Oligochaeta,,,,3
1439,BOBS,Bobs Creek,23/04/2025,NA,NA,NA,NA,Nematoda,1
1440,BOBS,Bobs Creek,23/04/2025,Arthropoda,Insecta,Trichoptera,Rhyacophilidae,Rhyacophila,2
1441,BOBS,Bobs Creek,23/04/2025,Arthropoda,Insecta,Trichoptera,Philopotamidae,Dolophilodes,1
1442,BOBS,Bobs Creek,23/04/2025,Arthropoda,Insecta,Plecoptera,Chloroperlidae,Haploperla,1
1443,BOBS,Bobs Creek,23/04/2025,Arthropoda,Insecta,Trichoptera,Brachycentridae,Micrasema,1
1444,BOBS,Bobs Creek,23/04/2025,Arthropoda,Insecta,Plecoptera,Perlodidae,Isoperla,3
1445,BOBS,Bobs Creek,23/04/2025,Arthropoda,Insecta,Plecoptera,Nemouridae,Amphinemura,11
1446,BOBS,Bobs Creek,23/04/2025,Arthropoda,Insecta,Plecoptera,Leuctridae,Leuctra,3
1447,BOBS,Bobs Creek,23/04/2025,Arthropoda,Insecta,Ephemeroptera,Leptophlebiidae,Habrophlebia,3
1448,BOBS,Bobs Creek,23/04/2025,Arthropoda,Insecta,Diptera,Blephariceridae,Blepharicera,1
1449,BOBS,Bobs Creek,23/04/2025,Arthropoda,Insecta,Trichoptera,Hydropsychidae,Ceratopsyche,2
1450,BOBS,Bobs Creek,23/04/2025,Arthropoda,Insecta,Ephemeroptera,Heptageniidae,Leucrocuta,4
1451,BOBS,Bobs Creek,23/04/2025,Arthropoda,Insecta,Trichoptera,Uenoidae,Neophylax,1
1452,BOBS,Bobs Creek,23/04/2025,Arthropoda,Insecta,Ephemeroptera,Heptageniidae,Epeorus,4
1453,BOBS,Bobs Creek,23/04/2025,Arthropoda,Insecta,Ephemeroptera,Leptophlebiidae,Paraleptophlebia,48
1454,BOBS,Bobs Creek,23/04/2025,Arthropoda,Insecta,Ephemeroptera,Ephemerellidae,Ephemerella,17
1455,BOBS,Bobs Creek,23/04/2025,Arthropoda,Insecta,Ephemeroptera,Ephemerellidae,Drunella,4
1456,BOBS,Bobs Creek,23/04/2025,Arthropoda,Insecta,Ephemeroptera,Ephemerellidae,Serratella,5
1457,BOBS,Bobs Creek,23/04/2025,Arthropoda,Insecta,Ephemeroptera,Baetidae,Baetis,5
1458,BOBS,Bobs Creek,23/04/2025,Arthropoda,Insecta,Diptera,Simuliidae,Simulium,5
1459,BOBS,Bobs Creek,23/04/2025,Arthropoda,Insecta,Diptera,Simuliidae,Prosimulium,31
1460,BOBS,Bobs Creek,23/04/2025,Arthropoda,Insecta,Coleoptera,Elmidae,Optioservus,2
1461,BOBS,Bobs Creek,23/04/2025,Arthropoda,Insecta,Diptera,Athericidae,Atherix,1
1462,BOBS,Bobs Creek,23/04/2025,Arthropoda,Insecta,Coleoptera,Elmidae,Oulimnius,2
1463,BOBS,Bobs Creek,23/04/2025,Arthropoda,Insecta,Megaloptera,Corydalidae,Nigronia,1
1464,BOBS,Bobs Creek,23/04/2025,Arthropoda,Insecta,Diptera,Chironomidae,,41
1465,BOBS,Bobs Creek,23/04/2025,Arthropoda,Insecta,Ephemeroptera,Baetidae,Diphetor,5
1466,BOBS,Bobs Creek,23/04/2025,Arthropoda,Arachnida,Hydracarina,,,1
1467,BOBS,Bobs Creek,23/04/2025,Arthropoda,Insecta,Ephemeroptera,Heptageniidae,Maccaffertium,4
1468,BOBS,Bobs Creek,23/04/2025,NA,NA,NA,NA,Gomphidae,2
1469,BOBS,Bobs Creek,23/04/2025,Arthropoda,Insecta,Ephemeroptera,Baetidae,Acentrella,17
1470,BOBS,Bobs Creek,23/04/2025,Arthropoda,Insecta,Ephemeroptera,Heptageniidae,Leucrocuta,6
1471,BOBS,Bobs Creek,23/04/2025,Arthropoda,Insecta,Ephemeroptera,Heptageniidae,Epeorus,1
1472,BOBS,Bobs Creek,23/04/2025,Arthropoda,Insecta,Ephemeroptera,Ephemerellidae,Serratella,7
1473,BOBS,Bobs Creek,23/04/2025,Arthropoda,Insecta,Ephemeroptera,Ephemerellidae,Ephemerella,12
1474,BOBS,Bobs Creek,23/04/2025,Arthropoda,Insecta,Ephemeroptera,Ephemerellidae,Drunella,15
1475,BOBS,Bobs Creek,23/04/2025,Arthropoda,Insecta,Ephemeroptera,Baetidae,Baetis,1
1476,BOBS,Bobs Creek,23/04/2025,Arthropoda,Insecta,Ephemeroptera,Baetidae,Diphetor,1
1477,BOBS,Bobs Creek,23/04/2025,Arthropoda,Arachnida,Hydracarina,,,1
1478,BOBS,Bobs Creek,23/04/2025,Arthropoda,Insecta,Plecoptera,Chloroperlidae,Sweltsa,1
1479,BOBS,Bobs Creek,23/04/2025,Arthropoda,Insecta,Plecoptera,Leuctridae,Leuctra,14
1480,BOBS,Bobs Creek,23/04/2025,Arthropoda,Insecta,Plecoptera,Perlidae,Acroneuria,2
1481,BOBS,Bobs Creek,23/04/2025,Arthropoda,Insecta,Plecoptera,Perlidae,Paragnetina,1
1482,BOBS,Bobs Creek,23/04/2025,Arthropoda,Insecta,Plecoptera,Nemouridae,Amphinemura,3
1483,BOBS,Bobs Creek,23/04/2025,Arthropoda,Insecta,Trichoptera,Hydropsychidae,Ceratopsyche,1
1484,BOBS,Bobs Creek,23/04/2025,Arthropoda,Insecta,Trichoptera,Brachycentridae,Micrasema,3
1485,BOBS,Bobs Creek,23/04/2025,Arthropoda,Insecta,Ephemeroptera,Leptophlebiidae,Paraleptophlebia,15
1486,BOBS,Bobs Creek,23/04/2025,Arthropoda,Insecta,Diptera,Ceratopogonidae,,1
1487,BOBS,Bobs Creek,23/04/2025,Annelida,Oligochaeta,,,,7
1488,BOBS,Bobs Creek,23/04/2025,Arthropoda,Insecta,Ephemeroptera,Isonychiidae,Isonychia,2
1489,BOBS,Bobs Creek,23/04/2025,Arthropoda,Insecta,Diptera,Chironomidae,,56
1490,BOBS,Bobs Creek,23/04/2025,Mollusca,Bivalvia,Sphaeriida,Sphaeriidae,,1
1491,BOBS,Bobs Creek,23/04/2025,Arthropoda,Insecta,Diptera,Tipulidae,Dicranota,1
1492,BOBS,Bobs Creek,23/04/2025,Arthropoda,Insecta,Diptera,Simuliidae,Simulium,1
1493,BOBS,Bobs Creek,23/04/2025,Arthropoda,Insecta,Diptera,Simuliidae,Prosimulium,11
1494,BOBS,Bobs Creek,23/04/2025,Arthropoda,Insecta,Diptera,Empididae,Neoplasta,1
1495,BOBS,Bobs Creek,23/04/2025,Arthropoda,Insecta,Diptera,Blephariceridae,Blepharicera,2
1496,BOBS,Bobs Creek,23/04/2025,Arthropoda,Insecta,Trichoptera,Uenoidae,Neophylax,3
1497,BOBS,Bobs Creek,23/04/2025,Arthropoda,Insecta,Trichoptera,Rhyacophilidae,Rhyacophila,1
1498,BOBS,Bobs Creek,23/04/2025,Arthropoda,Insecta,Trichoptera,Philopotamidae,Dolophilodes,1
1499,BOBS,Bobs Creek,23/04/2025,Arthropoda,Insecta,Trichoptera,Hydropsychidae,Diplectrona,1
1500,BOBS,Bobs Creek,23/04/2025,Arthropoda,Insecta,Trichoptera,Hydropsychidae,Cheumatopsyche,3
1501,BOBS,Bobs Creek,23/04/2025,Arthropoda,Insecta,Coleoptera,Elmidae,Oulimnius,3
1502,BOBS,Bobs Creek,23/04/2025,Arthropoda,Insecta,Ephemeroptera,Baetidae,Baetis,15
1503,BOBS,Bobs Creek,23/04/2025,Arthropoda,Insecta,Trichoptera,Hydropsychidae,Cheumatopsyche,7
1504,BOBS,Bobs Creek,23/04/2025,Arthropoda,Insecta,Diptera,Chironomidae,,23
1505,BOBS,Bobs Creek,23/04/2025,NA,NA,NA,NA,Chloroperlidae,3
1506,BOBS,Bobs Creek,23/04/2025,Arthropoda,Insecta,Ephemeroptera,Heptageniidae,Cinygmula,7
1507,BOBS,Bobs Creek,23/04/2025,Arthropoda,Insecta,Ephemeroptera,Ephemerellidae,Ephemerella,22
1508,BOBS,Bobs Creek,23/04/2025,Arthropoda,Insecta,Diptera,Tipulidae,Hexatoma,2
1509,BOBS,Bobs Creek,23/04/2025,Arthropoda,Insecta,Trichoptera,Hydroptilidae,Hydroptila,1
1510,BOBS,Bobs Creek,23/04/2025,Arthropoda,Insecta,Trichoptera,Lepidostomatidae,Lepidostoma,7
1511,BOBS,Bobs Creek,23/04/2025,Arthropoda,Insecta,Ephemeroptera,Heptageniidae,Leucrocuta,6
1512,BOBS,Bobs Creek,23/04/2025,Arthropoda,Insecta,Trichoptera,Uenoidae,Neophylax,9
1513,BOBS,Bobs Creek,23/04/2025,Arthropoda,Insecta,Coleoptera,Elmidae,Optioservus,1
1514,BOBS,Bobs Creek,23/04/2025,NA,NA,NA,NA,Promoresia,2
1515,BOBS,Bobs Creek,23/04/2025,Arthropoda,Insecta,Diptera,Simuliidae,Prosimulium,13
1516,BOBS,Bobs Creek,23/04/2025,Arthropoda,Insecta,Ephemeroptera,Ephemerellidae,Serratella,1
1517,BOBS,Bobs Creek,23/04/2025,Arthropoda,Insecta,Plecoptera,Nemouridae,Amphinemura,1
1518,BOBS,Bobs Creek,23/04/2025,Arthropoda,Insecta,Diptera,Blephariceridae,Blepharicera,1
1519,BOBS,Bobs Creek,23/04/2025,Arthropoda,Insecta,Trichoptera,Hydropsychidae,Ceratopsyche,7
1520,BOBS,Bobs Creek,23/04/2025,Arthropoda,Insecta,Diptera,Empididae,Clinocera,2
1521,BOBS,Bobs Creek,23/04/2025,Arthropoda,Insecta,Diptera,Tipulidae,Dicranota,3
1522,BOBS,Bobs Creek,23/04/2025,Arthropoda,Insecta,Ephemeroptera,Baetidae,Diphetor,3
1523,BOBS,Bobs Creek,23/04/2025,Arthropoda,Insecta,Trichoptera,Hydropsychidae,Diplectrona,3
1524,BOBS,Bobs Creek,23/04/2025,Arthropoda,Insecta,Ephemeroptera,Ephemerellidae,Drunella,11
1525,BOBS,Bobs Creek,23/04/2025,Arthropoda,Insecta,Ephemeroptera,Heptageniidae,Epeorus,22
1526,BOBS,Bobs Creek,23/04/2025,Arthropoda,Insecta,Ephemeroptera,Isonychiidae,Isonychia,4
1527,BOBS,Bobs Creek,23/04/2025,Arthropoda,Insecta,Plecoptera,Perlodidae,Isoperla,2
1528,BOBS,Bobs Creek,23/04/2025,NA,NA,NA,NA,Leptophlebiidae,26
1529,BOBS,Bobs Creek,23/04/2025,Arthropoda,Insecta,Plecoptera,Leuctridae,Leuctra,4
1530,BOBS,Bobs Creek,23/04/2025,Arthropoda,Insecta,Diptera,Empididae,Neoplasta,1
1531,BOBS,Bobs Creek,23/04/2025,Annelida,Oligochaeta,,,,1
1532,BOBS,Bobs Creek,23/04/2025,Arthropoda,Insecta,Coleoptera,Elmidae,Oulimnius,1
1533,BOBS,Bobs Creek,23/04/2025,Arthropoda,Insecta,Trichoptera,Rhyacophilidae,Rhyacophila,5
1534,BOBS,Bobs Creek,23/04/2025,Mollusca,Bivalvia,Sphaeriida,Sphaeriidae,,2
1535,BOBS,Bobs Creek,23/04/2025,Arthropoda,Insecta,Ephemeroptera,Baetidae,Baetis,12
1536,BOBS,Bobs Creek,23/04/2025,Arthropoda,Insecta,Plecoptera,Perlodidae,Isoperla,7
1537,BOBS,Bobs Creek,23/04/2025,Arthropoda,Insecta,Diptera,Tipulidae,Hexatoma,4
1538,BOBS,Bobs Creek,23/04/2025,Arthropoda,Insecta,Trichoptera,Polycentropodidae,Polycentropus,1
1539,BOBS,Bobs Creek,23/04/2025,Arthropoda,Insecta,Ephemeroptera,Isonychiidae,Isonychia,2
1540,BOBS,Bobs Creek,23/04/2025,Arthropoda,Insecta,Ephemeroptera,Heptageniidae,Maccaffertium,7
1541,BOBS,Bobs Creek,23/04/2025,Arthropoda,Insecta,Ephemeroptera,Heptageniidae,Cinygmula,4
1542,BOBS,Bobs Creek,23/04/2025,Arthropoda,Insecta,Ephemeroptera,Ephemerellidae,Serratella,17
1543,BOBS,Bobs Creek,23/04/2025,Arthropoda,Insecta,Ephemeroptera,Heptageniidae,Epeorus,9
1544,BOBS,Bobs Creek,23/04/2025,Arthropoda,Insecta,Ephemeroptera,Leptophlebiidae,Paraleptophlebia,32
1545,BOBS,Bobs Creek,23/04/2025,Arthropoda,Insecta,Ephemeroptera,Ephemerellidae,Ephemerella,5
1546,BOBS,Bobs Creek,23/04/2025,Arthropoda,Insecta,Plecoptera,Pteronarcyidae,Pteronarcys,1
1547,BOBS,Bobs Creek,23/04/2025,Arthropoda,Insecta,Plecoptera,Chloroperlidae,Sweltsa,5
1548,BOBS,Bobs Creek,23/04/2025,Arthropoda,Insecta,Plecoptera,Nemouridae,Amphinemura,2
1549,BOBS,Bobs Creek,23/04/2025,Arthropoda,Insecta,Plecoptera,Perlidae,Acroneuria,3
1550,BOBS,Bobs Creek,23/04/2025,Arthropoda,Insecta,Coleoptera,Elmidae,Oulimnius,1
1551,BOBS,Bobs Creek,23/04/2025,Arthropoda,Insecta,Ephemeroptera,Ephemerellidae,Drunella,6
1552,BOBS,Bobs Creek,23/04/2025,Arthropoda,Insecta,Diptera,Chironomidae,,29
1553,BOBS,Bobs Creek,23/04/2025,Arthropoda,Insecta,Diptera,Empididae,Hemerodromia,1
1554,BOBS,Bobs Creek,23/04/2025,Arthropoda,Insecta,Diptera,Simuliidae,Simulium,1
1555,BOBS,Bobs Creek,23/04/2025,Arthropoda,Insecta,Diptera,Simuliidae,Prosimulium,14
1556,BOBS,Bobs Creek,23/04/2025,Arthropoda,Insecta,Diptera,Ceratopogonidae,Bezzia,2
1557,BOBS,Bobs Creek,23/04/2025,Arthropoda,Insecta,Coleoptera,Psephenidae,Psephenus,1
1558,BOBS,Bobs Creek,23/04/2025,Arthropoda,Insecta,Trichoptera,Hydropsychidae,Diplectrona,4
1559,BOBS,Bobs Creek,23/04/2025,Arthropoda,Insecta,Plecoptera,Leuctridae,Leuctra,9
1560,BOBS,Bobs Creek,23/04/2025,Arthropoda,Insecta,Diptera,Tipulidae,Tipula,1
1561,BOBS,Bobs Creek,23/04/2025,Annelida,Oligochaeta,,,,1
1562,BOBS,Bobs Creek,23/04/2025,Arthropoda,Insecta,Trichoptera,Uenoidae,Neophylax,7
1563,BOBS,Bobs Creek,23/04/2025,Arthropoda,Insecta,Ephemeroptera,Heptageniidae,Leucrocuta,3
1564,BOBS,Bobs Creek,23/04/2025,Arthropoda,Insecta,Trichoptera,Hydropsychidae,Hydropsyche,4
1565,BOBS,Bobs Creek,23/04/2025,Arthropoda,Insecta,Trichoptera,Hydropsychidae,Cheumatopsyche,4
1566,BOBS,Bobs Creek,23/04/2025,Arthropoda,Insecta,Ephemeroptera,Ephemerellidae,Drunella,12
1567,BOBS,Bobs Creek,23/04/2025,Arthropoda,Insecta,Ephemeroptera,Isonychiidae,Isonychia,6
1568,BOBS,Bobs Creek,23/04/2025,Arthropoda,Insecta,Ephemeroptera,Heptageniidae,Epeorus,2
1569,BOBS,Bobs Creek,23/04/2025,Arthropoda,Insecta,Ephemeroptera,Ephemerellidae,Ephemerella,9
1570,BOBS,Bobs Creek,23/04/2025,Arthropoda,Insecta,Plecoptera,Pteronarcyidae,Pteronarcys,1
1571,BOBS,Bobs Creek,23/04/2025,Arthropoda,Insecta,Plecoptera,Chloroperlidae,Sweltsa,1
1572,BOBS,Bobs Creek,23/04/2025,Arthropoda,Insecta,Ephemeroptera,Baetidae,Baetis,3
1573,BOBS,Bobs Creek,23/04/2025,Arthropoda,Insecta,Plecoptera,Perlidae,Acroneuria,3
1574,BOBS,Bobs Creek,23/04/2025,Arthropoda,Insecta,Ephemeroptera,Leptophlebiidae,Paraleptophlebia,28
1575,BOBS,Bobs Creek,23/04/2025,Arthropoda,Insecta,Plecoptera,Nemouridae,Amphinemura,1
1576,BOBS,Bobs Creek,23/04/2025,Arthropoda,Insecta,Ephemeroptera,Ephemerellidae,Serratella,31
1577,BOBS,Bobs Creek,23/04/2025,Arthropoda,Insecta,Plecoptera,Leuctridae,Leuctra,12
1578,BOBS,Bobs Creek,23/04/2025,Arthropoda,Insecta,Ephemeroptera,Heptageniidae,Cinygmula,1
1579,BOBS,Bobs Creek,23/04/2025,Arthropoda,Insecta,Trichoptera,Hydropsychidae,Diplectrona,2
1580,BOBS,Bobs Creek,23/04/2025,Arthropoda,Insecta,Ephemeroptera,Heptageniidae,Leucrocuta,4
1581,BOBS,Bobs Creek,23/04/2025,Arthropoda,Insecta,Coleoptera,Psephenidae,Ectopria,1
1582,BOBS,Bobs Creek,23/04/2025,Arthropoda,Insecta,Trichoptera,Brachycentridae,Micrasema,1
1583,BOBS,Bobs Creek,23/04/2025,Arthropoda,Insecta,Ephemeroptera,Baetidae,Diphetor,2
1584,BOBS,Bobs Creek,23/04/2025,Arthropoda,Insecta,Coleoptera,Elmidae,Oulimnius,6
1585,BOBS,Bobs Creek,23/04/2025,Arthropoda,Insecta,Coleoptera,Elmidae,Optioservus,1
1586,BOBS,Bobs Creek,23/04/2025,Arthropoda,Insecta,Ephemeroptera,Baetidae,Acentrella,41
1587,BOBS,Bobs Creek,23/04/2025,Arthropoda,Insecta,Ephemeroptera,Heptageniidae,Maccaffertium,4
1588,BOBS,Bobs Creek,23/04/2025,Arthropoda,Insecta,Trichoptera,Philopotamidae,Dolophilodes,3
1589,BOBS,Bobs Creek,23/04/2025,Arthropoda,Insecta,Trichoptera,Hydropsychidae,Hydropsyche,5
1590,BOBS,Bobs Creek,23/04/2025,Arthropoda,Insecta,Trichoptera,Lepidostomatidae,Lepidostoma,1
1591,BOBS,Bobs Creek,23/04/2025,Arthropoda,Insecta,Diptera,Chironomidae,,26
1592,BOBS,Bobs Creek,23/04/2025,Arthropoda,Insecta,Diptera,Simuliidae,Simulium,3
1593,BOBS,Bobs Creek,23/04/2025,Arthropoda,Insecta,Trichoptera,Polycentropodidae,Polycentropus,5
1594,BOBS,Bobs Creek,23/04/2025,Arthropoda,Insecta,Megaloptera,Corydalidae,Nigronia,1
1595,BOBS,Bobs Creek,23/04/2025,Arthropoda,Insecta,Diptera,Blephariceridae,Blepharicera,2
1596,BOBS,Bobs Creek,23/04/2025,Arthropoda,Insecta,Diptera,Athericidae,Atherix,1
1597,BOBS,Bobs Creek,23/04/2025,Arthropoda,Insecta,Diptera,Ceratopogonidae,Bezzia,1
1598,BOBS,Bobs Creek,23/04/2025,Arthropoda,Insecta,Diptera,Tipulidae,Dicranota,2
1599,BOBS,Bobs Creek,23/04/2025,Arthropoda,Insecta,Diptera,Tipulidae,Tipula,1
1600,BOBS,Bobs Creek,23/04/2025,Arthropoda,Insecta,Trichoptera,Hydropsychidae,Cheumatopsyche,3
1601,BOWN,Bowman Creek,24/04/2023,Arthropoda,Insecta,Diptera,Ceratopogonidae,,6
1602,BOWN,Bowman Creek,24/04/2023,Arthropoda,Insecta,Trichoptera,Philopotamidae,Dolophilodes,1
1603,BOWN,Bowman Creek,24/04/2023,Arthropoda,Insecta,Diptera,Tipulidae,Hexatoma,1
1604,BOWN,Bowman Creek,24/04/2023,Arthropoda,Insecta,Ephemeroptera,Ephemerellidae,Drunella,39
1605,BOWN,Bowman Creek,24/04/2023,Arthropoda,Insecta,Ephemeroptera,Heptageniidae,Cinygmula,1
1606,BOWN,Bowman Creek,24/04/2023,Arthropoda,Insecta,Ephemeroptera,Heptageniidae,Epeorus,1
1607,BOWN,Bowman Creek,24/04/2023,Arthropoda,Insecta,Ephemeroptera,Ephemerellidae,Ephemerella,53
1608,BOWN,Bowman Creek,24/04/2023,Arthropoda,Arachnida,Hydracarina,,,1
1609,BOWN,Bowman Creek,24/04/2023,Arthropoda,Insecta,Plecoptera,Leuctridae,Leuctra,5
1610,BOWN,Bowman Creek,24/04/2023,Arthropoda,Insecta,Ephemeroptera,Heptageniidae,Maccaffertium,1
1611,BOWN,Bowman Creek,24/04/2023,Annelida,Oligochaeta,,,,3
1612,BOWN,Bowman Creek,24/04/2023,Arthropoda,Insecta,Coleoptera,Psephenidae,Psephenus,3
1613,BOWN,Bowman Creek,24/04/2023,Arthropoda,Insecta,Trichoptera,Hydropsychidae,Cheumatopsyche,10
1614,BOWN,Bowman Creek,24/04/2023,NA,NA,NA,NA,Nematoda,1
1615,BOWN,Bowman Creek,24/04/2023,Arthropoda,Insecta,Ephemeroptera,Leptophlebiidae,Paraleptophlebia,13
1616,BOWN,Bowman Creek,24/04/2023,Arthropoda,Insecta,Trichoptera,Hydroptilidae,Stactobiella,1
1617,BOWN,Bowman Creek,24/04/2023,Arthropoda,Insecta,Trichoptera,Polycentropodidae,Polycentropus,6
1618,BOWN,Bowman Creek,24/04/2023,Arthropoda,Insecta,Coleoptera,Elmidae,Stenelmis,2
1619,BOWN,Bowman Creek,24/04/2023,Platyhelminthes,Turbellaria,,,,1
1620,BOWN,Bowman Creek,24/04/2023,Arthropoda,Insecta,Plecoptera,Pteronarcyidae,Pteronarcys,1
1621,BOWN,Bowman Creek,24/04/2023,Arthropoda,Insecta,Coleoptera,Elmidae,Optioservus,2
1622,BOWN,Bowman Creek,24/04/2023,Arthropoda,Insecta,Diptera,Chironomidae,,46
1623,BOWN,Bowman Creek,24/04/2023,Arthropoda,Insecta,Ephemeroptera,Baetidae,Acentrella,9
1624,BOWN,Bowman Creek,24/04/2023,Arthropoda,Insecta,Plecoptera,Perlidae,Agnetina,1
1625,BOWN,Bowman Creek,24/04/2023,Arthropoda,Insecta,Plecoptera,Nemouridae,Amphinemura,1
1626,BOWN,Bowman Creek,24/04/2023,Arthropoda,Insecta,Diptera,Tipulidae,Antocha,2
1627,BOWN,Bowman Creek,24/04/2023,NA,NA,NA,NA,Branchiobdellida,3
1628,BOWN,Bowman Creek,24/04/2023,Arthropoda,Insecta,Trichoptera,Leptoceridae,Ceraclea,1
1629,BOWN,Bowman Creek,24/04/2023,Arthropoda,Insecta,Ephemeroptera,Ephemerellidae,Teloganopsis,1
1630,BOWN,Bowman Creek,24/04/2023,Arthropoda,Insecta,Ephemeroptera,Baetidae,Acentrella,5
1631,BOWN,Bowman Creek,24/04/2023,Arthropoda,Insecta,Plecoptera,Perlidae,Acroneuria,2
1632,BOWN,Bowman Creek,24/04/2023,Arthropoda,Insecta,Plecoptera,Perlidae,Agnetina,1
1633,BOWN,Bowman Creek,24/04/2023,Arthropoda,Insecta,Plecoptera,Chloroperlidae,Alloperla,1
1634,BOWN,Bowman Creek,24/04/2023,Arthropoda,Insecta,Trichoptera,Hydropsychidae,Cheumatopsyche,7
1635,BOWN,Bowman Creek,24/04/2023,Arthropoda,Insecta,Diptera,Chironomidae,,6
1636,BOWN,Bowman Creek,24/04/2023,Arthropoda,Insecta,Trichoptera,Hydropsychidae,Diplectrona,1
1637,BOWN,Bowman Creek,24/04/2023,Arthropoda,Insecta,Ephemeroptera,Ephemerellidae,Ephemerella,19
1638,BOWN,Bowman Creek,24/04/2023,Arthropoda,Insecta,Ephemeroptera,Ephemerellidae,Eurylophella,1
1639,BOWN,Bowman Creek,24/04/2023,Arthropoda,Insecta,Diptera,Tipulidae,Hexatoma,4
1640,BOWN,Bowman Creek,24/04/2023,Arthropoda,Insecta,Trichoptera,Hydropsychidae,Hydropsyche,10
1641,BOWN,Bowman Creek,24/04/2023,Arthropoda,Insecta,Ephemeroptera,Isonychiidae,Isonychia,2
1642,BOWN,Bowman Creek,24/04/2023,Arthropoda,Insecta,Trichoptera,Lepidostomatidae,Lepidostoma,2
1643,BOWN,Bowman Creek,24/04/2023,NA,NA,NA,NA,Leptophlebiidae,15
1644,BOWN,Bowman Creek,24/04/2023,Annelida,Oligochaeta,,,,1
1645,BOWN,Bowman Creek,24/04/2023,Arthropoda,Insecta,Ephemeroptera,Heptageniidae,Maccaffertium,4
1646,BOWN,Bowman Creek,24/04/2023,Arthropoda,Insecta,Megaloptera,Corydalidae,Nigronia,2
1647,BOWN,Bowman Creek,24/04/2023,Arthropoda,Insecta,Coleoptera,Elmidae,Oulimnius,1
1648,BOWN,Bowman Creek,24/04/2023,Arthropoda,Insecta,Ephemeroptera,Leptophlebiidae,Paraleptophlebia,1
1649,BOWN,Bowman Creek,24/04/2023,Arthropoda,Insecta,Coleoptera,Psephenidae,Psephenus,1
1650,BOWN,Bowman Creek,24/04/2023,Arthropoda,Insecta,Plecoptera,Pteronarcyidae,Pteronarcys,1
1651,BOWN,Bowman Creek,24/04/2023,Arthropoda,Insecta,Trichoptera,Rhyacophilidae,Rhyacophila,2
1652,BOWN,Bowman Creek,24/04/2023,Arthropoda,Insecta,Diptera,Simuliidae,Simulium,1
1653,BOWN,Bowman Creek,24/04/2023,Arthropoda,Insecta,Plecoptera,Chloroperlidae,Sweltsa,4
1654,BOWN,Bowman Creek,24/04/2023,Arthropoda,Insecta,Plecoptera,Taeniopterygidae,Taeniopteryx,3
1655,BOWN,Bowman Creek,24/04/2023,Arthropoda,Insecta,Ephemeroptera,Baetidae,Acentrella,11
1656,BOWN,Bowman Creek,24/04/2023,Arthropoda,Insecta,Ephemeroptera,Baetidae,Baetis,3
1657,BOWN,Bowman Creek,24/04/2023,Arthropoda,Insecta,Ephemeroptera,Baetidae,Plauditus,5
1658,BOWN,Bowman Creek,24/04/2023,Arthropoda,Insecta,Ephemeroptera,Baetiscidae,Baetisca,1
1659,BOWN,Bowman Creek,24/04/2023,Arthropoda,Insecta,Ephemeroptera,Ephemerellidae,Ephemerella,7
1660,BOWN,Bowman Creek,24/04/2023,Arthropoda,Insecta,Ephemeroptera,Ephemerellidae,Eurylophella,31
1661,BOWN,Bowman Creek,24/04/2023,Arthropoda,Insecta,Ephemeroptera,Ephemerellidae,Serratella,1
1662,BOWN,Bowman Creek,24/04/2023,Arthropoda,Insecta,Ephemeroptera,Heptageniidae,Maccaffertium,21
1663,BOWN,Bowman Creek,24/04/2023,Arthropoda,Insecta,Ephemeroptera,Isonychiidae,Isonychia,6
1664,BOWN,Bowman Creek,24/04/2023,Arthropoda,Insecta,Ephemeroptera,Leptophlebiidae,Paraleptophlebia,3
1665,BOWN,Bowman Creek,24/04/2023,Arthropoda,Insecta,Plecoptera,Taeniopterygidae,Taeniopteryx,4
1666,BOWN,Bowman Creek,24/04/2023,Arthropoda,Insecta,Trichoptera,Hydropsychidae,Ceratopsyche,40
1667,BOWN,Bowman Creek,24/04/2023,Arthropoda,Insecta,Trichoptera,Hydropsychidae,Cheumatopsyche,35
1668,BOWN,Bowman Creek,24/04/2023,Arthropoda,Insecta,Trichoptera,Lepidostomatidae,Lepidostoma,1
1669,BOWN,Bowman Creek,24/04/2023,Arthropoda,Insecta,Trichoptera,Odontoceridae,Psilotreta,2
1670,BOWN,Bowman Creek,24/04/2023,Arthropoda,Insecta,Trichoptera,Polycentropodidae,Polycentropus,1
1671,BOWN,Bowman Creek,24/04/2023,Arthropoda,Insecta,Trichoptera,Rhyacophilidae,Rhyacophila,2
1672,BOWN,Bowman Creek,24/04/2023,Arthropoda,Insecta,Coleoptera,Elmidae,Optioservus,9
1673,BOWN,Bowman Creek,24/04/2023,Arthropoda,Insecta,Coleoptera,Elmidae,Oulimnius,1
1674,BOWN,Bowman Creek,24/04/2023,NA,NA,NA,NA,Promoresia,1
1675,BOWN,Bowman Creek,24/04/2023,Arthropoda,Insecta,Coleoptera,Psephenidae,Psephenus,9
1676,BOWN,Bowman Creek,24/04/2023,Arthropoda,Insecta,Diptera,Chironomidae,,22
1677,BOWN,Bowman Creek,24/04/2023,Arthropoda,Insecta,Diptera,Empididae,Hemerodromia,1
1678,BOWN,Bowman Creek,24/04/2023,Arthropoda,Insecta,Diptera,Tipulidae,Hexatoma,6
1679,BOWN,Bowman Creek,24/04/2023,Arthropoda,Insecta,Diptera,Tipulidae,Limnophila,1
1680,BOWN,Bowman Creek,24/04/2023,Annelida,Oligochaeta,,,,1
1681,BOWN,Bowman Creek,24/04/2023,Arthropoda,Arachnida,Hydracarina,,,2
1682,BOWN,Bowman Creek,24/04/2023,Arthropoda,Insecta,Ephemeroptera,Baetidae,Acentrella,3
1683,BOWN,Bowman Creek,24/04/2023,Arthropoda,Insecta,Ephemeroptera,Baetidae,Plauditus,1
1684,BOWN,Bowman Creek,24/04/2023,Arthropoda,Insecta,Ephemeroptera,Ephemerellidae,Ephemerella,41
1685,BOWN,Bowman Creek,24/04/2023,Arthropoda,Insecta,Ephemeroptera,Ephemerellidae,Eurylophella,2
1686,BOWN,Bowman Creek,24/04/2023,Arthropoda,Insecta,Ephemeroptera,Ephemerellidae,Serratella,17
1687,BOWN,Bowman Creek,24/04/2023,Arthropoda,Insecta,Ephemeroptera,Heptageniidae,Epeorus,11
1688,BOWN,Bowman Creek,24/04/2023,Arthropoda,Insecta,Ephemeroptera,Heptageniidae,Leucrocuta,2
1689,BOWN,Bowman Creek,24/04/2023,Arthropoda,Insecta,Ephemeroptera,Heptageniidae,Maccaffertium,7
1690,BOWN,Bowman Creek,24/04/2023,Arthropoda,Insecta,Ephemeroptera,Isonychiidae,Isonychia,2
1691,BOWN,Bowman Creek,24/04/2023,Arthropoda,Insecta,Ephemeroptera,Leptophlebiidae,Paraleptophlebia,10
1692,BOWN,Bowman Creek,24/04/2023,Arthropoda,Insecta,Plecoptera,Perlidae,Acroneuria,1
1693,BOWN,Bowman Creek,24/04/2023,Arthropoda,Insecta,Plecoptera,Perlidae,Agnetina,1
1694,BOWN,Bowman Creek,24/04/2023,Arthropoda,Insecta,Plecoptera,Perlodidae,Isogenoides,1
1695,BOWN,Bowman Creek,24/04/2023,Arthropoda,Insecta,Plecoptera,Perlodidae,Isoperla,7
1696,BOWN,Bowman Creek,24/04/2023,Arthropoda,Insecta,Plecoptera,Pteronarcyidae,Pteronarcys,1
1697,BOWN,Bowman Creek,24/04/2023,Arthropoda,Insecta,Plecoptera,Taeniopterygidae,Taeniopteryx,3
1698,BOWN,Bowman Creek,24/04/2023,Arthropoda,Insecta,Trichoptera,Brachycentridae,Brachycentrus,2
1699,BOWN,Bowman Creek,24/04/2023,Arthropoda,Insecta,Trichoptera,Brachycentridae,Micrasema,1
1700,BOWN,Bowman Creek,24/04/2023,Arthropoda,Insecta,Trichoptera,Glossosomatidae,Glossosoma,1
1701,BOWN,Bowman Creek,24/04/2023,Arthropoda,Insecta,Trichoptera,Hydropsychidae,Ceratopsyche,17
1702,BOWN,Bowman Creek,24/04/2023,Arthropoda,Insecta,Trichoptera,Hydropsychidae,Cheumatopsyche,31
1703,BOWN,Bowman Creek,24/04/2023,Arthropoda,Insecta,Trichoptera,Lepidostomatidae,Lepidostoma,6
1704,BOWN,Bowman Creek,24/04/2023,Arthropoda,Insecta,Trichoptera,Philopotamidae,Dolophilodes,9
1705,BOWN,Bowman Creek,24/04/2023,Arthropoda,Insecta,Trichoptera,Rhyacophilidae,Rhyacophila,3
1706,BOWN,Bowman Creek,24/04/2023,Arthropoda,Insecta,Odonata,Gomphidae,Ophiogomphus,2
1707,BOWN,Bowman Creek,24/04/2023,Arthropoda,Insecta,Coleoptera,Elmidae,Optioservus,13
1708,BOWN,Bowman Creek,24/04/2023,Arthropoda,Insecta,Coleoptera,Elmidae,Oulimnius,3
1709,BOWN,Bowman Creek,24/04/2023,NA,NA,NA,NA,Promoresia,1
1710,BOWN,Bowman Creek,24/04/2023,Arthropoda,Insecta,Coleoptera,Psephenidae,Psephenus,3
1711,BOWN,Bowman Creek,24/04/2023,Arthropoda,Insecta,Diptera,Chironomidae,,16
1712,BOWN,Bowman Creek,24/04/2023,Arthropoda,Insecta,Diptera,Empididae,Hemerodromia,1
1713,BOWN,Bowman Creek,24/04/2023,Arthropoda,Insecta,Diptera,Tipulidae,Antocha,1
1714,BOWN,Bowman Creek,24/04/2023,Arthropoda,Insecta,Diptera,Tipulidae,Hexatoma,5
1715,BOWN,Bowman Creek,24/04/2023,Platyhelminthes,Turbellaria,,,,3
1716,BOWN,Bowman Creek,24/04/2023,Annelida,Oligochaeta,,,,8
1717,BOWN,Bowman Creek,24/04/2023,Arthropoda,Arachnida,Hydracarina,,,1
1718,BOWN,Bowman Creek,24/04/2023,Arthropoda,Insecta,Ephemeroptera,Ephemerellidae,Ephemerella,47
1719,BOWN,Bowman Creek,24/04/2023,Arthropoda,Insecta,Ephemeroptera,Ephemerellidae,Eurylophella,9
1720,BOWN,Bowman Creek,24/04/2023,Arthropoda,Insecta,Ephemeroptera,Ephemerellidae,Serratella,29
1721,BOWN,Bowman Creek,24/04/2023,Arthropoda,Insecta,Ephemeroptera,Heptageniidae,Epeorus,14
1722,BOWN,Bowman Creek,24/04/2023,Arthropoda,Insecta,Ephemeroptera,Heptageniidae,Maccaffertium,8
1723,BOWN,Bowman Creek,24/04/2023,Arthropoda,Insecta,Ephemeroptera,Isonychiidae,Isonychia,8
1724,BOWN,Bowman Creek,24/04/2023,Arthropoda,Insecta,Ephemeroptera,Leptophlebiidae,Paraleptophlebia,13
1725,BOWN,Bowman Creek,24/04/2023,Arthropoda,Insecta,Plecoptera,Perlidae,Acroneuria,1
1726,BOWN,Bowman Creek,24/04/2023,Arthropoda,Insecta,Plecoptera,Perlidae,Paragnetina,1
1727,BOWN,Bowman Creek,24/04/2023,Arthropoda,Insecta,Plecoptera,Perlodidae,Isoperla,3
1728,BOWN,Bowman Creek,24/04/2023,Arthropoda,Insecta,Trichoptera,Brachycentridae,Brachycentrus,2
1729,BOWN,Bowman Creek,24/04/2023,Arthropoda,Insecta,Trichoptera,Hydropsychidae,Ceratopsyche,8
1730,BOWN,Bowman Creek,24/04/2023,Arthropoda,Insecta,Trichoptera,Hydropsychidae,Cheumatopsyche,22
1731,BOWN,Bowman Creek,24/04/2023,Arthropoda,Insecta,Trichoptera,Odontoceridae,Psilotreta,2
1732,BOWN,Bowman Creek,24/04/2023,Arthropoda,Insecta,Trichoptera,Philopotamidae,Dolophilodes,5
1733,BOWN,Bowman Creek,24/04/2023,Arthropoda,Insecta,Trichoptera,Polycentropodidae,Polycentropus,1
1734,BOWN,Bowman Creek,24/04/2023,Arthropoda,Insecta,Trichoptera,Rhyacophilidae,Rhyacophila,2
1735,BOWN,Bowman Creek,24/04/2023,Arthropoda,Insecta,Trichoptera,Uenoidae,Neophylax,3
1736,BOWN,Bowman Creek,24/04/2023,Arthropoda,Insecta,Coleoptera,Elmidae,Optioservus,5
1737,BOWN,Bowman Creek,24/04/2023,Arthropoda,Insecta,Coleoptera,Elmidae,Oulimnius,3
1738,BOWN,Bowman Creek,24/04/2023,Arthropoda,Insecta,Coleoptera,Psephenidae,Psephenus,4
1739,BOWN,Bowman Creek,24/04/2023,Arthropoda,Insecta,Diptera,Athericidae,Atherix,1
1740,BOWN,Bowman Creek,24/04/2023,Arthropoda,Insecta,Diptera,Ceratopogonidae,,1
1741,BOWN,Bowman Creek,24/04/2023,Arthropoda,Insecta,Diptera,Chironomidae,,23
1742,BOWN,Bowman Creek,24/04/2023,Arthropoda,Insecta,Diptera,Empididae,Hemerodromia,1
1743,BOWN,Bowman Creek,24/04/2023,Arthropoda,Insecta,Diptera,Tipulidae,Antocha,1
1744,BOWN,Bowman Creek,24/04/2023,Arthropoda,Insecta,Diptera,Tipulidae,Cryptolabis,1
1745,BOWN,Bowman Creek,24/04/2023,Arthropoda,Insecta,Diptera,Tipulidae,Hexatoma,1
1746,BOWN,Bowman Creek,24/04/2023,Platyhelminthes,Turbellaria,,,,3
1747,BOWN,Bowman Creek,24/04/2023,Annelida,Oligochaeta,,,,10
1748,BOWN,Bowman Creek,24/04/2023,Arthropoda,Arachnida,Hydracarina,,,1
1749,BOWN,Bowman Creek,24/04/2023,Arthropoda,Arachnida,Hydracarina,,,3
1750,BOWN,Bowman Creek,24/04/2023,Arthropoda,Insecta,Ephemeroptera,Baetidae,Acentrella,1
1751,BOWN,Bowman Creek,24/04/2023,Arthropoda,Insecta,Ephemeroptera,Baetidae,Plauditus,1
1752,BOWN,Bowman Creek,24/04/2023,Arthropoda,Insecta,Ephemeroptera,Ephemerellidae,Ephemerella,54
1753,BOWN,Bowman Creek,24/04/2023,Arthropoda,Insecta,Ephemeroptera,Ephemerellidae,Serratella,18
1754,BOWN,Bowman Creek,24/04/2023,Arthropoda,Insecta,Ephemeroptera,Heptageniidae,Epeorus,8
1755,BOWN,Bowman Creek,24/04/2023,Arthropoda,Insecta,Ephemeroptera,Isonychiidae,Isonychia,5
1756,BOWN,Bowman Creek,24/04/2023,Arthropoda,Insecta,Ephemeroptera,Leptophlebiidae,Paraleptophlebia,12
1757,BOWN,Bowman Creek,24/04/2023,Arthropoda,Insecta,Plecoptera,Chloroperlidae,Sweltsa,1
1758,BOWN,Bowman Creek,24/04/2023,Arthropoda,Insecta,Plecoptera,Leuctridae,Leuctra,1
1759,BOWN,Bowman Creek,24/04/2023,Arthropoda,Insecta,Plecoptera,Perlidae,Acroneuria,3
1760,BOWN,Bowman Creek,24/04/2023,Arthropoda,Insecta,Plecoptera,Perlidae,Agnetina,6
1761,BOWN,Bowman Creek,24/04/2023,Arthropoda,Insecta,Plecoptera,Perlodidae,Isoperla,3
1762,BOWN,Bowman Creek,24/04/2023,Arthropoda,Insecta,Plecoptera,Taeniopterygidae,Taeniopteryx,1
1763,BOWN,Bowman Creek,24/04/2023,Arthropoda,Insecta,Trichoptera,Brachycentridae,Brachycentrus,3
1764,BOWN,Bowman Creek,24/04/2023,Arthropoda,Insecta,Trichoptera,Glossosomatidae,Glossosoma,1
1765,BOWN,Bowman Creek,24/04/2023,Arthropoda,Insecta,Trichoptera,Hydropsychidae,Ceratopsyche,16
1766,BOWN,Bowman Creek,24/04/2023,Arthropoda,Insecta,Trichoptera,Hydropsychidae,Cheumatopsyche,25
1767,BOWN,Bowman Creek,24/04/2023,Arthropoda,Insecta,Trichoptera,Lepidostomatidae,Lepidostoma,3
1768,BOWN,Bowman Creek,24/04/2023,Arthropoda,Insecta,Trichoptera,Odontoceridae,Psilotreta,1
1769,BOWN,Bowman Creek,24/04/2023,Arthropoda,Insecta,Trichoptera,Philopotamidae,Dolophilodes,6
1770,BOWN,Bowman Creek,24/04/2023,NA,NA,NA,NA,Gomphidae,1
1771,BOWN,Bowman Creek,24/04/2023,Arthropoda,Insecta,Coleoptera,Elmidae,Optioservus,17
1772,BOWN,Bowman Creek,24/04/2023,Arthropoda,Insecta,Coleoptera,Psephenidae,Psephenus,1
1773,BOWN,Bowman Creek,24/04/2023,Arthropoda,Insecta,Diptera,Chironomidae,,12
1774,BOWN,Bowman Creek,24/04/2023,Arthropoda,Insecta,Diptera,Tipulidae,Hexatoma,1
1775,BOWN,Bowman Creek,24/04/2023,NA,NA,NA,NA,Nemertea,2
1776,BOWN,Bowman Creek,24/04/2023,Platyhelminthes,Turbellaria,,,,5
1777,BOWN,Bowman Creek,24/04/2023,Annelida,Oligochaeta,,,,9
1778,BOWN,Bowman Creek,24/04/2023,NA,NA,NA,NA,Perlodidae,1
1779,BOWN,Bowman Creek,24/04/2023,Platyhelminthes,Turbellaria,,,,4
1780,BOWN,Bowman Creek,24/04/2023,Arthropoda,Insecta,Ephemeroptera,Ephemerellidae,Ephemerella,25
1781,BOWN,Bowman Creek,24/04/2023,Arthropoda,Insecta,Trichoptera,Brachycentridae,Brachycentrus,1
1782,BOWN,Bowman Creek,24/04/2023,Arthropoda,Insecta,Diptera,Simuliidae,Prosimulium,2
1783,BOWN,Bowman Creek,24/04/2023,Arthropoda,Insecta,Trichoptera,Hydropsychidae,Cheumatopsyche,10
1784,BOWN,Bowman Creek,24/04/2023,Arthropoda,Insecta,Trichoptera,Hydropsychidae,Ceratopsyche,3
1785,BOWN,Bowman Creek,24/04/2023,Annelida,Oligochaeta,,,,3
1786,BOWN,Bowman Creek,24/04/2023,Arthropoda,Insecta,Plecoptera,Pteronarcyidae,Pteronarcys,2
1787,BOWN,Bowman Creek,24/04/2023,NA,NA,NA,NA,Philopotamidae,2
1788,BOWN,Bowman Creek,24/04/2023,Arthropoda,Insecta,Plecoptera,Perlidae,Agnetina,3
1789,BOWN,Bowman Creek,24/04/2023,Arthropoda,Insecta,Plecoptera,Perlidae,Acroneuria,1
1790,BOWN,Bowman Creek,24/04/2023,Arthropoda,Insecta,Plecoptera,Leuctridae,Leuctra,1
1791,BOWN,Bowman Creek,24/04/2023,NA,NA,NA,NA,Chloroperlidae,3
1792,BOWN,Bowman Creek,24/04/2023,Arthropoda,Insecta,Ephemeroptera,Heptageniidae,Stenacron,1
1793,BOWN,Bowman Creek,24/04/2023,Arthropoda,Insecta,Trichoptera,Hydroptilidae,Hydroptila,1
1794,BOWN,Bowman Creek,24/04/2023,Arthropoda,Insecta,Ephemeroptera,Heptageniidae,Cinygmula,2
1795,BOWN,Bowman Creek,24/04/2023,Arthropoda,Insecta,Ephemeroptera,Heptageniidae,Leucrocuta,1
1796,BOWN,Bowman Creek,24/04/2023,Arthropoda,Insecta,Ephemeroptera,Heptageniidae,Epeorus,4
1797,BOWN,Bowman Creek,24/04/2023,Arthropoda,Insecta,Trichoptera,Lepidostomatidae,Lepidostoma,2
1798,BOWN,Bowman Creek,24/04/2023,Arthropoda,Insecta,Ephemeroptera,Isonychiidae,Isonychia,2
1799,BOWN,Bowman Creek,24/04/2023,Arthropoda,Arachnida,Hydracarina,,,1
1800,BOWN,Bowman Creek,24/04/2023,Arthropoda,Insecta,Ephemeroptera,Ephemerellidae,Serratella,24
1801,BOWN,Bowman Creek,24/04/2023,Arthropoda,Insecta,Ephemeroptera,Ephemerellidae,Eurylophella,1
1802,BOWN,Bowman Creek,24/04/2023,Arthropoda,Insecta,Ephemeroptera,Ephemerellidae,Drunella,61
1803,BOWN,Bowman Creek,24/04/2023,Arthropoda,Insecta,Diptera,Chironomidae,,31
1804,BOWN,Bowman Creek,24/04/2023,Arthropoda,Insecta,Trichoptera,Odontoceridae,Psilotreta,1
1805,BOWN,Bowman Creek,24/04/2023,Arthropoda,Insecta,Trichoptera,Uenoidae,Neophylax,3
1806,BOWN,Bowman Creek,24/04/2023,Arthropoda,Insecta,Plecoptera,Chloroperlidae,Sweltsa,1
1807,BOWN,Bowman Creek,24/04/2023,Arthropoda,Insecta,Coleoptera,Elmidae,Optioservus,4
1808,BOWN,Bowman Creek,24/04/2023,Arthropoda,Insecta,Ephemeroptera,Leptophlebiidae,Paraleptophlebia,22
1809,BOWN,Bowman Creek,24/04/2023,Arthropoda,Insecta,Ephemeroptera,Heptageniidae,Epeorus,6
1810,BOWN,Bowman Creek,24/04/2023,Arthropoda,Insecta,Ephemeroptera,Heptageniidae,Leucrocuta,1
1811,BOWN,Bowman Creek,24/04/2023,Arthropoda,Insecta,Coleoptera,Psephenidae,Psephenus,4
1812,BOWN,Bowman Creek,24/04/2023,Arthropoda,Insecta,Diptera,Chironomidae,,17
1813,BOWN,Bowman Creek,24/04/2023,Arthropoda,Insecta,Diptera,Empididae,Clinocera,2
1814,BOWN,Bowman Creek,24/04/2023,Arthropoda,Insecta,Diptera,Empididae,Hemerodromia,1
1815,BOWN,Bowman Creek,24/04/2023,Arthropoda,Insecta,Diptera,Simuliidae,Prosimulium,1
1816,BOWN,Bowman Creek,24/04/2023,Arthropoda,Insecta,Diptera,Tipulidae,Cryptolabis,2
1817,BOWN,Bowman Creek,24/04/2023,Arthropoda,Insecta,Coleoptera,Elmidae,Stenelmis,3
1818,BOWN,Bowman Creek,24/04/2023,Annelida,Oligochaeta,,,,9
1819,BOWN,Bowman Creek,24/04/2023,Platyhelminthes,Turbellaria,,,,3
1820,BOWN,Bowman Creek,24/04/2023,Arthropoda,Insecta,Ephemeroptera,Ephemerellidae,Serratella,13
1821,BOWN,Bowman Creek,24/04/2023,Arthropoda,Insecta,Ephemeroptera,Ephemerellidae,Ephemerella,51
1822,BOWN,Bowman Creek,24/04/2023,Arthropoda,Arachnida,Hydracarina,,,9
1823,BOWN,Bowman Creek,24/04/2023,Arthropoda,Insecta,Ephemeroptera,Baetidae,Baetis,1
1824,BOWN,Bowman Creek,24/04/2023,Arthropoda,Insecta,Trichoptera,Uenoidae,Neophylax,2
1825,BOWN,Bowman Creek,24/04/2023,Arthropoda,Insecta,Ephemeroptera,Ephemerellidae,Drunella,32
1826,BOWN,Bowman Creek,24/04/2023,Arthropoda,Insecta,Diptera,Tipulidae,Hexatoma,1
1827,BOWN,Bowman Creek,24/04/2023,Arthropoda,Insecta,Plecoptera,Perlodidae,Isoperla,5
1828,BOWN,Bowman Creek,24/04/2023,Arthropoda,Insecta,Ephemeroptera,Heptageniidae,Stenacron,1
1829,BOWN,Bowman Creek,24/04/2023,Arthropoda,Insecta,Trichoptera,Polycentropodidae,Polycentropus,2
1830,BOWN,Bowman Creek,24/04/2023,Arthropoda,Insecta,Coleoptera,Elmidae,Oulimnius,1
1831,BOWN,Bowman Creek,24/04/2023,Arthropoda,Insecta,Ephemeroptera,Leptophlebiidae,Paraleptophlebia,17
1832,BOWN,Bowman Creek,24/04/2023,Arthropoda,Insecta,Plecoptera,Chloroperlidae,Haploperla,1
1833,BOWN,Bowman Creek,24/04/2023,Arthropoda,Insecta,Plecoptera,Perlidae,Agnetina,4
1834,BOWN,Bowman Creek,24/04/2023,Arthropoda,Insecta,Ephemeroptera,Isonychiidae,Isonychia,1
1835,BOWN,Bowman Creek,24/04/2023,Arthropoda,Insecta,Plecoptera,Pteronarcyidae,Pteronarcys,1
1836,BOWN,Bowman Creek,24/04/2023,Arthropoda,Insecta,Ephemeroptera,Heptageniidae,Cinygmula,12
1837,BOWN,Bowman Creek,24/04/2023,Arthropoda,Insecta,Coleoptera,Elmidae,Optioservus,1
1838,BOWN,Bowman Creek,24/04/2023,Arthropoda,Insecta,Plecoptera,Chloroperlidae,Sweltsa,1
1839,BOWN,Bowman Creek,24/04/2023,Arthropoda,Insecta,Coleoptera,Elmidae,Dubiraphia,1
1840,BOWN,Bowman Creek,24/04/2023,Arthropoda,Insecta,Trichoptera,Rhyacophilidae,Rhyacophila,1
1841,BOWN,Bowman Creek,24/04/2023,Arthropoda,Insecta,Trichoptera,Philopotamidae,Dolophilodes,1
1842,BOWN,Bowman Creek,24/04/2023,Arthropoda,Insecta,Trichoptera,Leptoceridae,Ceraclea,1
1843,BOWN,Bowman Creek,24/04/2023,Arthropoda,Insecta,Trichoptera,Hydropsychidae,Cheumatopsyche,8
1844,BOWN,Bowman Creek,24/04/2023,NA,NA,NA,NA,Glossosomatidae,1
1845,BOWN,Bowman Creek,24/04/2023,Arthropoda,Insecta,Plecoptera,Nemouridae,Amphinemura,1
1846,BOWN,Bowman Creek,24/04/2023,Arthropoda,Insecta,Diptera,Tipulidae,Antocha,9
1847,BOWN,Bowman Creek,24/04/2023,Arthropoda,Insecta,Trichoptera,Hydropsychidae,Ceratopsyche,12
1848,BOWN,Bowman Creek,24/04/2023,Arthropoda,Insecta,Plecoptera,Perlodidae,Cultus,1
1849,BOWN,Bowman Creek,24/04/2023,Arthropoda,Insecta,Ephemeroptera,Ephemerellidae,Drunella,12
1850,BOWN,Bowman Creek,24/04/2023,Arthropoda,Insecta,Ephemeroptera,Heptageniidae,Epeorus,13
1851,BOWN,Bowman Creek,24/04/2023,Arthropoda,Insecta,Ephemeroptera,Ephemerellidae,Eurylophella,3
1852,BOWN,Bowman Creek,24/04/2023,Arthropoda,Insecta,Ephemeroptera,Isonychiidae,Isonychia,1
1853,BOWN,Bowman Creek,24/04/2023,Arthropoda,Insecta,Plecoptera,Perlodidae,Isoperla,8
1854,BOWN,Bowman Creek,24/04/2023,Arthropoda,Insecta,Ephemeroptera,Heptageniidae,Maccaffertium,3
1855,BOWN,Bowman Creek,24/04/2023,NA,NA,NA,NA,Nematoda,1
1856,BOWN,Bowman Creek,24/04/2023,Arthropoda,Insecta,Diptera,Empididae,Neoplasta,1
1857,BOWN,Bowman Creek,24/04/2023,Annelida,Oligochaeta,,,,8
1858,BOWN,Bowman Creek,24/04/2023,Arthropoda,Insecta,Ephemeroptera,Leptophlebiidae,Paraleptophlebia,9
1859,BOWN,Bowman Creek,24/04/2023,Arthropoda,Insecta,Coleoptera,Psephenidae,Psephenus,1
1860,BOWN,Bowman Creek,24/04/2023,Arthropoda,Insecta,Trichoptera,Rhyacophilidae,Rhyacophila,1
1861,BOWN,Bowman Creek,24/04/2023,Arthropoda,Insecta,Diptera,Tipulidae,Tipula,1
1862,BOWN,Bowman Creek,24/04/2023,Arthropoda,Insecta,Plecoptera,Perlidae,Acroneuria,1
1863,BOWN,Bowman Creek,24/04/2023,Arthropoda,Insecta,Diptera,Ceratopogonidae,,3
1864,BOWN,Bowman Creek,24/04/2023,Arthropoda,Insecta,Diptera,Empididae,Chelifera,1
1865,BOWN,Bowman Creek,24/04/2023,Arthropoda,Insecta,Trichoptera,Hydropsychidae,Cheumatopsyche,30
1866,BOWN,Bowman Creek,24/04/2023,Arthropoda,Insecta,Diptera,Chironomidae,,33
1867,BOWN,Bowman Creek,24/04/2023,Arthropoda,Insecta,Ephemeroptera,Heptageniidae,Cinygmula,2
1868,BOWN,Bowman Creek,24/04/2023,Arthropoda,Insecta,Diptera,Tipulidae,Cryptolabis,1
1869,BOWN,Bowman Creek,24/04/2023,Arthropoda,Insecta,Ephemeroptera,Ephemerellidae,Ephemerella,45
1870,BOWN,Bowman Creek,24/04/2023,Arthropoda,Arachnida,Hydracarina,,,2
1871,BOWN,Bowman Creek,24/04/2023,Arthropoda,Insecta,Trichoptera,Uenoidae,Neophylax,1
1872,BOWN,Bowman Creek,24/04/2023,Arthropoda,Insecta,Coleoptera,Elmidae,Optioservus,8
1873,BOWN,Bowman Creek,24/04/2023,Arthropoda,Insecta,Plecoptera,Nemouridae,Prostoia,1
1874,BOWN,Bowman Creek,24/04/2023,Arthropoda,Insecta,Ephemeroptera,Ephemerellidae,Serratella,11
1875,BOWN,Bowman Creek,24/04/2023,Arthropoda,Insecta,Plecoptera,Taeniopterygidae,Taenionema,2
1876,BOWN,Bowman Creek,24/04/2023,Platyhelminthes,Turbellaria,,,,1
1877,BOWN,Bowman Creek,24/04/2023,Arthropoda,Insecta,Diptera,Chironomidae,,10
1878,BOWN,Bowman Creek,24/04/2023,Arthropoda,Malacostraca,Decapoda,Cambaridae,Cambarus,1
1879,BOWN,Bowman Creek,24/04/2023,Arthropoda,Insecta,Ephemeroptera,Heptageniidae,Epeorus,7
1880,BOWN,Bowman Creek,24/04/2023,Arthropoda,Insecta,Plecoptera,Perlodidae,Isoperla,5
1881,BOWN,Bowman Creek,24/04/2023,Arthropoda,Insecta,Ephemeroptera,Ephemerellidae,Eurylophella,2
1882,BOWN,Bowman Creek,24/04/2023,Arthropoda,Insecta,Ephemeroptera,Heptageniidae,Maccaffertium,3
1883,BOWN,Bowman Creek,24/04/2023,Arthropoda,Insecta,Ephemeroptera,Ephemerellidae,Drunella,10
1884,BOWN,Bowman Creek,24/04/2023,Arthropoda,Insecta,Ephemeroptera,Ephemerellidae,Serratella,6
1885,BOWN,Bowman Creek,24/04/2023,Arthropoda,Insecta,Ephemeroptera,Baetidae,Baetis,1
1886,BOWN,Bowman Creek,24/04/2023,Arthropoda,Insecta,Diptera,Tipulidae,Tipula,1
1887,BOWN,Bowman Creek,24/04/2023,Arthropoda,Insecta,Ephemeroptera,Leptophlebiidae,Paraleptophlebia,24
1888,BOWN,Bowman Creek,24/04/2023,Arthropoda,Insecta,Plecoptera,Perlidae,Agnetina,2
1889,BOWN,Bowman Creek,24/04/2023,Arthropoda,Insecta,Plecoptera,Pteronarcyidae,Pteronarcys,1
1890,BOWN,Bowman Creek,24/04/2023,Arthropoda,Insecta,Diptera,Tipulidae,Hexatoma,3
1891,BOWN,Bowman Creek,24/04/2023,Arthropoda,Insecta,Trichoptera,Hydropsychidae,Hydropsyche,4
1892,BOWN,Bowman Creek,24/04/2023,Arthropoda,Insecta,Odonata,Gomphidae,Stylogomphus,1
1893,BOWN,Bowman Creek,24/04/2023,Arthropoda,Insecta,Trichoptera,Hydropsychidae,Cheumatopsyche,22
1894,BOWN,Bowman Creek,24/04/2023,Arthropoda,Insecta,Trichoptera,Rhyacophilidae,Rhyacophila,1
1895,BOWN,Bowman Creek,24/04/2023,Arthropoda,Insecta,Trichoptera,Uenoidae,Neophylax,12
1896,BOWN,Bowman Creek,24/04/2023,Arthropoda,Insecta,Trichoptera,Polycentropodidae,Polycentropus,1
1897,BOWN,Bowman Creek,24/04/2023,Arthropoda,Insecta,Ephemeroptera,Heptageniidae,Stenacron,1
1898,BOWN,Bowman Creek,24/04/2023,Arthropoda,Insecta,Ephemeroptera,Ephemerellidae,Ephemerella,70
1899,BOWN,Bowman Creek,24/04/2023,Arthropoda,Insecta,Diptera,Tipulidae,Antocha,1
1900,BOWN,Bowman Creek,24/04/2023,Arthropoda,Insecta,Diptera,Simuliidae,Prosimulium,2
1901,BNUT,Butternut Creek,21/04/2025,Arthropoda,Insecta,Plecoptera,Perlodidae,Isoperla,1
1902,BNUT,Butternut Creek,21/04/2025,Arthropoda,Insecta,Diptera,Empididae,Hemerodromia,3
1903,BNUT,Butternut Creek,21/04/2025,Arthropoda,Insecta,Ephemeroptera,Baetidae,Plauditus,1
1904,BNUT,Butternut Creek,21/04/2025,Mollusca,Bivalvia,Veneroida,Pisidiidae,Sphaerium,1
1905,BNUT,Butternut Creek,21/04/2025,Arthropoda,Insecta,Coleoptera,Elmidae,Stenelmis,8
1906,BNUT,Butternut Creek,21/04/2025,Arthropoda,Insecta,Coleoptera,Elmidae,Dubiraphia,6
1907,BNUT,Butternut Creek,21/04/2025,Arthropoda,Insecta,Diptera,Tabanidae,Chrysops,1
1908,BNUT,Butternut Creek,21/04/2025,Arthropoda,Insecta,Ephemeroptera,Baetidae,Acerpenna,1
1909,BNUT,Butternut Creek,21/04/2025,Arthropoda,Insecta,Diptera,Ceratopogonidae,,2
1910,BNUT,Butternut Creek,21/04/2025,Arthropoda,Insecta,Ephemeroptera,Caenidae,Caenis,16
1911,BNUT,Butternut Creek,21/04/2025,Arthropoda,Insecta,Trichoptera,Limnephilidae,Pycnopsyche,1
1912,BNUT,Butternut Creek,21/04/2025,Arthropoda,Insecta,Ephemeroptera,Heptageniidae,Cinygmula,25
1913,BNUT,Butternut Creek,21/04/2025,Arthropoda,Malacostraca,Amphipoda,Gammaridae,Gammarus,1
1914,BNUT,Butternut Creek,21/04/2025,Arthropoda,Insecta,Ephemeroptera,Ephemerellidae,Ephemerella,2
1915,BNUT,Butternut Creek,21/04/2025,Arthropoda,Insecta,Plecoptera,Nemouridae,Amphinemura,1
1916,BNUT,Butternut Creek,21/04/2025,Arthropoda,Insecta,Ephemeroptera,Heptageniidae,Maccaffertium,2
1917,BNUT,Butternut Creek,21/04/2025,Arthropoda,Insecta,Ephemeroptera,Ephemeridae,Ephemera,4
1918,BNUT,Butternut Creek,21/04/2025,Arthropoda,Insecta,Diptera,Chironomidae,,102
1919,BNUT,Butternut Creek,21/04/2025,Arthropoda,Insecta,Diptera,Empididae,Neoplasta,1
1920,BNUT,Butternut Creek,21/04/2025,Annelida,Oligochaeta,,,,29
1921,BNUT,Butternut Creek,21/04/2025,NA,NA,NA,NA,Physidae,1
1922,BNUT,Butternut Creek,21/04/2025,Arthropoda,Insecta,Trichoptera,Hydropsychidae,Cheumatopsyche,2
1923,BNUT,Butternut Creek,21/04/2025,NA,NA,NA,NA,Nematoda,3
1924,BNUT,Butternut Creek,21/04/2025,Arthropoda,Insecta,Diptera,Empididae,Neoplasta,1
1925,BNUT,Butternut Creek,21/04/2025,Arthropoda,Insecta,Plecoptera,Perlidae,Neoperla,1
1926,BNUT,Butternut Creek,21/04/2025,Arthropoda,Insecta,Ephemeroptera,Heptageniidae,Epeorus,2
1927,BNUT,Butternut Creek,21/04/2025,Annelida,Oligochaeta,,,,2
1928,BNUT,Butternut Creek,21/04/2025,Arthropoda,Insecta,Coleoptera,Elmidae,Microcylloepus,2
1929,BNUT,Butternut Creek,21/04/2025,Arthropoda,Insecta,Ephemeroptera,Heptageniidae,Stenacron,1
1930,BNUT,Butternut Creek,21/04/2025,Arthropoda,Insecta,Ephemeroptera,Leptophlebiidae,Paraleptophlebia,3
1931,BNUT,Butternut Creek,21/04/2025,NA,NA,NA,NA,Promoresia,5
1932,BNUT,Butternut Creek,21/04/2025,Arthropoda,Insecta,Coleoptera,Elmidae,Optioservus,1
1933,BNUT,Butternut Creek,21/04/2025,Arthropoda,Insecta,Coleoptera,Elmidae,Oulimnius,2
1934,BNUT,Butternut Creek,21/04/2025,Arthropoda,Insecta,Ephemeroptera,Ephemerellidae,Teloganopsis,4
1935,BNUT,Butternut Creek,21/04/2025,Arthropoda,Insecta,Coleoptera,Psephenidae,Psephenus,3
1936,BNUT,Butternut Creek,21/04/2025,Arthropoda,Insecta,Coleoptera,Elmidae,Stenelmis,26
1937,BNUT,Butternut Creek,21/04/2025,Arthropoda,Insecta,Diptera,Empididae,Trichoclinocera,1
1938,BNUT,Butternut Creek,21/04/2025,Arthropoda,Insecta,Coleoptera,Elmidae,Macronychus,1
1939,BNUT,Butternut Creek,21/04/2025,Arthropoda,Insecta,Coleoptera,Elmidae,Dubiraphia,9
1940,BNUT,Butternut Creek,21/04/2025,Mollusca,Bivalvia,Veneroida,Pisidiidae,Pisidium,8
1941,BNUT,Butternut Creek,21/04/2025,Arthropoda,Insecta,Ephemeroptera,Caenidae,Caenis,1
1942,BNUT,Butternut Creek,21/04/2025,Arthropoda,Insecta,Ephemeroptera,Baetidae,Acerpenna,4
1943,BNUT,Butternut Creek,21/04/2025,Arthropoda,Insecta,Plecoptera,Perlidae,Agnetina,1
1944,BNUT,Butternut Creek,21/04/2025,Arthropoda,Insecta,Trichoptera,Hydropsychidae,Hydropsyche,8
1945,BNUT,Butternut Creek,21/04/2025,Arthropoda,Insecta,Ephemeroptera,Potamanthidae,Anthopotamus,1
1946,BNUT,Butternut Creek,21/04/2025,Arthropoda,Insecta,Ephemeroptera,Heptageniidae,Maccaffertium,20
1947,BNUT,Butternut Creek,21/04/2025,Arthropoda,Insecta,Trichoptera,Hydropsychidae,Cheumatopsyche,10
1948,BNUT,Butternut Creek,21/04/2025,Arthropoda,Insecta,Trichoptera,Philopotamidae,Chimarra,12
1949,BNUT,Butternut Creek,21/04/2025,Arthropoda,Insecta,Plecoptera,Perlodidae,Isoperla,6
1950,BNUT,Butternut Creek,21/04/2025,Arthropoda,Insecta,Ephemeroptera,Heptageniidae,Leucrocuta,14
1951,BNUT,Butternut Creek,21/04/2025,Arthropoda,Insecta,Diptera,Chironomidae,,49
1952,BNUT,Butternut Creek,21/04/2025,Arthropoda,Insecta,Ephemeroptera,Isonychiidae,Isonychia,8
1953,BNUT,Butternut Creek,21/04/2025,Arthropoda,Insecta,Ephemeroptera,Ephemerellidae,Ephemerella,6
1954,BNUT,Butternut Creek,21/04/2025,Arthropoda,Insecta,Ephemeroptera,Baetidae,Diphetor,2
1955,BNUT,Butternut Creek,21/04/2025,Arthropoda,Insecta,Megaloptera,Corydalidae,Corydalus,2
1956,BNUT,Butternut Creek,21/04/2025,Arthropoda,Insecta,Ephemeroptera,Heptageniidae,Cinygmula,16
1957,BNUT,Butternut Creek,21/04/2025,Arthropoda,Insecta,Ephemeroptera,Baetidae,Acerpenna,1
1958,BNUT,Butternut Creek,21/04/2025,Arthropoda,Insecta,Plecoptera,Perlidae,Acroneuria,1
1959,BNUT,Butternut Creek,21/04/2025,Arthropoda,Insecta,Plecoptera,Perlidae,Agnetina,1
1960,BNUT,Butternut Creek,21/04/2025,Arthropoda,Insecta,Ephemeroptera,Potamanthidae,Anthopotamus,1
1961,BNUT,Butternut Creek,21/04/2025,Arthropoda,Insecta,Diptera,Tipulidae,Antocha,8
1962,BNUT,Butternut Creek,21/04/2025,Arthropoda,Insecta,Ephemeroptera,Baetidae,Baetis,4
1963,BNUT,Butternut Creek,21/04/2025,Arthropoda,Malacostraca,Isopoda,Asellidae,Caecidotea,1
1964,BNUT,Butternut Creek,21/04/2025,Arthropoda,Insecta,Ephemeroptera,Caenidae,Caenis,2
1965,BNUT,Butternut Creek,21/04/2025,Arthropoda,Insecta,Diptera,Ceratopogonidae,,1
1966,BNUT,Butternut Creek,21/04/2025,Arthropoda,Insecta,Trichoptera,Hydropsychidae,Cheumatopsyche,11
1967,BNUT,Butternut Creek,21/04/2025,Arthropoda,Insecta,Trichoptera,Philopotamidae,Chimarra,2
1968,BNUT,Butternut Creek,21/04/2025,Arthropoda,Insecta,Diptera,Chironomidae,,27
1969,BNUT,Butternut Creek,21/04/2025,Arthropoda,Insecta,Ephemeroptera,Heptageniidae,Cinygmula,13
1970,BNUT,Butternut Creek,21/04/2025,Arthropoda,Insecta,Ephemeroptera,Baetidae,Diphetor,1
1971,BNUT,Butternut Creek,21/04/2025,Arthropoda,Insecta,Ephemeroptera,Heptageniidae,Epeorus,1
1972,BNUT,Butternut Creek,21/04/2025,Arthropoda,Insecta,Ephemeroptera,Ephemeridae,Ephemera,3
1973,BNUT,Butternut Creek,21/04/2025,Arthropoda,Insecta,Ephemeroptera,Ephemerellidae,Ephemerella,11
1974,BNUT,Butternut Creek,21/04/2025,Arthropoda,Insecta,Diptera,Empididae,Hemerodromia,1
1975,BNUT,Butternut Creek,21/04/2025,Arthropoda,Malacostraca,Amphipoda,Hyalellidae,Hyalella,1
1976,BNUT,Butternut Creek,21/04/2025,Arthropoda,Insecta,Trichoptera,Hydropsychidae,Hydropsyche,22
1977,BNUT,Butternut Creek,21/04/2025,Arthropoda,Insecta,Ephemeroptera,Isonychiidae,Isonychia,2
1978,BNUT,Butternut Creek,21/04/2025,Arthropoda,Insecta,Plecoptera,Perlodidae,Isoperla,3
1979,BNUT,Butternut Creek,21/04/2025,Arthropoda,Insecta,Ephemeroptera,Heptageniidae,Leucrocuta,5
1980,BNUT,Butternut Creek,21/04/2025,NA,NA,NA,NA,Lymnaeidae,1
1981,BNUT,Butternut Creek,21/04/2025,Arthropoda,Insecta,Ephemeroptera,Heptageniidae,Maccaffertium,10
1982,BNUT,Butternut Creek,21/04/2025,NA,NA,NA,NA,Nematoda,5
1983,BNUT,Butternut Creek,21/04/2025,Arthropoda,Insecta,Ephemeroptera,Leptophlebiidae,Paraleptophlebia,1
1984,BNUT,Butternut Creek,21/04/2025,Arthropoda,Insecta,Trichoptera,Uenoidae,Neophylax,5
1985,BNUT,Butternut Creek,21/04/2025,Annelida,Oligochaeta,,,,3
1986,BNUT,Butternut Creek,21/04/2025,Arthropoda,Insecta,Coleoptera,Elmidae,Optioservus,27
1987,BNUT,Butternut Creek,21/04/2025,Arthropoda,Insecta,Coleoptera,Elmidae,Oulimnius,4
1988,BNUT,Butternut Creek,21/04/2025,Arthropoda,Insecta,Coleoptera,Psephenidae,Psephenus,6
1989,BNUT,Butternut Creek,21/04/2025,Arthropoda,Insecta,Ephemeroptera,Heptageniidae,Rhithrogena,3
1990,BNUT,Butternut Creek,21/04/2025,Arthropoda,Insecta,Ephemeroptera,Heptageniidae,Stenacron,2
1991,BNUT,Butternut Creek,21/04/2025,Arthropoda,Insecta,Coleoptera,Elmidae,Stenelmis,27
1992,BNUT,Butternut Creek,21/04/2025,Arthropoda,Insecta,Plecoptera,Chloroperlidae,Sweltsa,1
1993,BNUT,Butternut Creek,21/04/2025,Arthropoda,Arachnida,Hydracarina,,,2
1994,BNUT,Butternut Creek,21/04/2025,Arthropoda,Insecta,Coleoptera,Elmidae,Microcylloepus,1
1995,BNUT,Butternut Creek,21/04/2025,Arthropoda,Insecta,Coleoptera,Elmidae,Stenelmis,48
1996,BNUT,Butternut Creek,21/04/2025,Arthropoda,Insecta,Coleoptera,Elmidae,Oulimnius,1
1997,BNUT,Butternut Creek,21/04/2025,Arthropoda,Insecta,Ephemeroptera,Baetidae,Diphetor,3
1998,BNUT,Butternut Creek,21/04/2025,Arthropoda,Insecta,Ephemeroptera,Heptageniidae,Maccaffertium,2
1999,BNUT,Butternut Creek,21/04/2025,NA,NA,NA,NA,Promoresia,2
2000,BNUT,Butternut Creek,21/04/2025,Arthropoda,Insecta,Diptera,Ceratopogonidae,,1
2001,BNUT,Butternut Creek,21/04/2025,Arthropoda,Insecta,Diptera,Empididae,Hemerodromia,1
2002,BNUT,Butternut Creek,21/04/2025,Arthropoda,Insecta,Diptera,Tipulidae,Antocha,1
2003,BNUT,Butternut Creek,21/04/2025,Arthropoda,Insecta,Coleoptera,Elmidae,Optioservus,4
2004,BNUT,Butternut Creek,21/04/2025,Annelida,Oligochaeta,,,,14
2005,BNUT,Butternut Creek,21/04/2025,Arthropoda,Insecta,Trichoptera,Hydropsychidae,Cheumatopsyche,15
2006,BNUT,Butternut Creek,21/04/2025,Arthropoda,Insecta,Ephemeroptera,Baetidae,Baetis,1
2007,BNUT,Butternut Creek,21/04/2025,NA,NA,NA,NA,Nematoda,2
2008,BNUT,Butternut Creek,21/04/2025,Arthropoda,Insecta,Diptera,Chironomidae,,27
2009,BNUT,Butternut Creek,21/04/2025,Arthropoda,Insecta,Plecoptera,Perlodidae,Isoperla,1
2010,BNUT,Butternut Creek,21/04/2025,Arthropoda,Insecta,Ephemeroptera,Heptageniidae,Cinygmula,27
2011,BNUT,Butternut Creek,21/04/2025,Arthropoda,Insecta,Ephemeroptera,Ephemerellidae,Ephemerella,16
2012,BNUT,Butternut Creek,21/04/2025,Arthropoda,Insecta,Plecoptera,Leuctridae,Leuctra,1
2013,BNUT,Butternut Creek,21/04/2025,Arthropoda,Insecta,Trichoptera,Hydropsychidae,Hydropsyche,16
2014,BNUT,Butternut Creek,21/04/2025,Arthropoda,Insecta,Trichoptera,Philopotamidae,Chimarra,13
2015,BNUT,Butternut Creek,21/04/2025,Arthropoda,Insecta,Megaloptera,Corydalidae,Nigronia,1
2016,BNUT,Butternut Creek,21/04/2025,Arthropoda,Insecta,Coleoptera,Elmidae,Macronychus,1
2017,BNUT,Butternut Creek,21/04/2025,Arthropoda,Insecta,Ephemeroptera,Heptageniidae,Epeorus,4
2018,BNUT,Butternut Creek,21/04/2025,Arthropoda,Insecta,Ephemeroptera,Ephemerellidae,Serratella,2
2019,BNUT,Butternut Creek,21/04/2025,Arthropoda,Insecta,Trichoptera,Psychomyiidae,Psychomyia,4
2020,BNUT,Butternut Creek,21/04/2025,Arthropoda,Insecta,Plecoptera,Chloroperlidae,Haploperla,1
2021,BNUT,Butternut Creek,21/04/2025,Arthropoda,Insecta,Coleoptera,Psephenidae,Psephenus,3
2022,BNUT,Butternut Creek,21/04/2025,Arthropoda,Insecta,Ephemeroptera,Potamanthidae,Anthopotamus,1
2023,BNUT,Butternut Creek,21/04/2025,Annelida,Oligochaeta,,,,7
2024,BNUT,Butternut Creek,21/04/2025,NA,NA,NA,NA,Nematoda,1
2025,BNUT,Butternut Creek,21/04/2025,Arthropoda,Insecta,Ephemeroptera,Heptageniidae,Rhithrogena,3
2026,BNUT,Butternut Creek,21/04/2025,Arthropoda,Insecta,Ephemeroptera,Baetidae,Plauditus,6
2027,BNUT,Butternut Creek,21/04/2025,Arthropoda,Insecta,Ephemeroptera,Ephemerellidae,Serratella,3
2028,BNUT,Butternut Creek,21/04/2025,Arthropoda,Insecta,Coleoptera,Psephenidae,Psephenus,2
2029,BNUT,Butternut Creek,21/04/2025,Arthropoda,Insecta,Ephemeroptera,Leptophlebiidae,Paraleptophlebia,2
2030,BNUT,Butternut Creek,21/04/2025,NA,NA,NA,NA,Promoresia,4
2031,BNUT,Butternut Creek,21/04/2025,Arthropoda,Insecta,Trichoptera,Hydropsychidae,Cheumatopsyche,16
2032,BNUT,Butternut Creek,21/04/2025,Arthropoda,Insecta,Plecoptera,Perlodidae,Isoperla,1
2033,BNUT,Butternut Creek,21/04/2025,Arthropoda,Insecta,Trichoptera,Hydropsychidae,Hydropsyche,12
2034,BNUT,Butternut Creek,21/04/2025,Arthropoda,Arachnida,Hydracarina,,,4
2035,BNUT,Butternut Creek,21/04/2025,Arthropoda,Insecta,Ephemeroptera,Ephemerellidae,Ephemerella,5
2036,BNUT,Butternut Creek,21/04/2025,Arthropoda,Insecta,Ephemeroptera,Heptageniidae,Epeorus,4
2037,BNUT,Butternut Creek,21/04/2025,Arthropoda,Insecta,Ephemeroptera,Baetidae,Diphetor,4
2038,BNUT,Butternut Creek,21/04/2025,Arthropoda,Insecta,Ephemeroptera,Heptageniidae,Cinygmula,22
2039,BNUT,Butternut Creek,21/04/2025,Arthropoda,Insecta,Ephemeroptera,Heptageniidae,Maccaffertium,2
2040,BNUT,Butternut Creek,21/04/2025,Arthropoda,Insecta,Trichoptera,Philopotamidae,Chimarra,4
2041,BNUT,Butternut Creek,21/04/2025,Arthropoda,Insecta,Megaloptera,Corydalidae,Corydalus,1
2042,BNUT,Butternut Creek,21/04/2025,Arthropoda,Insecta,Ephemeroptera,Baetidae,Baetis,8
2043,BNUT,Butternut Creek,21/04/2025,Arthropoda,Insecta,Diptera,Tipulidae,Antocha,2
2044,BNUT,Butternut Creek,21/04/2025,Arthropoda,Insecta,Plecoptera,Nemouridae,Amphinemura,1
2045,BNUT,Butternut Creek,21/04/2025,Arthropoda,Insecta,Ephemeroptera,Baetidae,Acentrella,10
2046,BNUT,Butternut Creek,21/04/2025,Arthropoda,Insecta,Coleoptera,Elmidae,Dubiraphia,2
2047,BNUT,Butternut Creek,21/04/2025,Arthropoda,Insecta,Diptera,Simuliidae,Simulium,18
2048,BNUT,Butternut Creek,21/04/2025,Arthropoda,Insecta,Coleoptera,Elmidae,Stenelmis,35
2049,BNUT,Butternut Creek,21/04/2025,Arthropoda,Insecta,Coleoptera,Elmidae,Optioservus,6
2050,BNUT,Butternut Creek,21/04/2025,Arthropoda,Insecta,Diptera,Chironomidae,,30
2051,Cherry,Cherry Valley Creek,21/04/2025,Arthropoda,Insecta,Ephemeroptera,Ephemeridae,Ephemera,1
2052,Cherry,Cherry Valley Creek,21/04/2025,Arthropoda,Insecta,Ephemeroptera,Ephemerellidae,Ephemerella,2
2053,Cherry,Cherry Valley Creek,21/04/2025,Arthropoda,Insecta,Diptera,Empididae,Hemerodromia,1
2054,Cherry,Cherry Valley Creek,21/04/2025,Arthropoda,Insecta,Trichoptera,Hydropsychidae,Hydropsyche,2
2055,Cherry,Cherry Valley Creek,21/04/2025,Arthropoda,Insecta,Coleoptera,Elmidae,Optioservus,35
2056,Cherry,Cherry Valley Creek,21/04/2025,Annelida,Oligochaeta,,,,1
2057,Cherry,Cherry Valley Creek,21/04/2025,Arthropoda,Insecta,Ephemeroptera,Heptageniidae,Maccaffertium,6
2058,Cherry,Cherry Valley Creek,21/04/2025,NA,NA,NA,NA,Nematoda,1
2059,Cherry,Cherry Valley Creek,21/04/2025,Arthropoda,Insecta,Trichoptera,Leptoceridae,Oecetis,1
2060,Cherry,Cherry Valley Creek,21/04/2025,Arthropoda,Insecta,Coleoptera,Elmidae,Dubiraphia,1
2061,Cherry,Cherry Valley Creek,21/04/2025,NA,NA,NA,NA,Promoresia,2
2062,Cherry,Cherry Valley Creek,21/04/2025,Arthropoda,Insecta,Diptera,Empididae,Trichoclinocera,1
2063,Cherry,Cherry Valley Creek,21/04/2025,Arthropoda,Insecta,Coleoptera,Elmidae,Oulimnius,2
2064,Cherry,Cherry Valley Creek,21/04/2025,Arthropoda,Insecta,Ephemeroptera,Caenidae,Caenis,3
2065,Cherry,Cherry Valley Creek,21/04/2025,Arthropoda,Insecta,Coleoptera,Elmidae,Stenelmis,86
2066,Cherry,Cherry Valley Creek,21/04/2025,Arthropoda,Insecta,Ephemeroptera,Heptageniidae,Cinygmula,5
2067,Cherry,Cherry Valley Creek,21/04/2025,Arthropoda,Arachnida,Hydracarina,,,3
2068,Cherry,Cherry Valley Creek,21/04/2025,Arthropoda,Insecta,Diptera,Tipulidae,Antocha,1
2069,Cherry,Cherry Valley Creek,21/04/2025,Arthropoda,Insecta,Diptera,Ceratopogonidae,,1
2070,Cherry,Cherry Valley Creek,21/04/2025,Arthropoda,Insecta,Trichoptera,Hydropsychidae,Cheumatopsyche,8
2071,Cherry,Cherry Valley Creek,21/04/2025,Arthropoda,Insecta,Trichoptera,Philopotamidae,Chimarra,5
2072,Cherry,Cherry Valley Creek,21/04/2025,Arthropoda,Insecta,Diptera,Chironomidae,,43
2073,Cherry,Cherry Valley Creek,21/04/2025,Arthropoda,Insecta,Coleoptera,Psephenidae,Psephenus,4
2074,Cherry,Cherry Valley Creek,21/04/2025,Arthropoda,Insecta,Ephemeroptera,Baetidae,Acerpenna,1
2075,Cherry,Cherry Valley Creek,21/04/2025,Arthropoda,Insecta,Diptera,Ceratopogonidae,Bezzia,1
2076,Cherry,Cherry Valley Creek,21/04/2025,Arthropoda,Insecta,Odonata,Calopterygidae,Calopteryx,1
2077,Cherry,Cherry Valley Creek,21/04/2025,Arthropoda,Insecta,Ephemeroptera,Baetidae,Centroptilum,2
2078,Cherry,Cherry Valley Creek,21/04/2025,Arthropoda,Insecta,Ephemeroptera,Ephemerellidae,Ephemerella,1
2079,Cherry,Cherry Valley Creek,21/04/2025,Arthropoda,Malacostraca,Amphipoda,Gammaridae,Gammarus,1
2080,Cherry,Cherry Valley Creek,21/04/2025,Arthropoda,Insecta,Trichoptera,Hydropsychidae,Hydropsyche,1
2081,Cherry,Cherry Valley Creek,21/04/2025,NA,NA,NA,NA,Leptophlebiidae,2
2082,Cherry,Cherry Valley Creek,21/04/2025,NA,NA,NA,NA,Lymnaeidae,1
2083,Cherry,Cherry Valley Creek,21/04/2025,Arthropoda,Insecta,Ephemeroptera,Heptageniidae,Maccaffertium,2
2084,Cherry,Cherry Valley Creek,21/04/2025,Arthropoda,Insecta,Ephemeroptera,Leptophlebiidae,Paraleptophlebia,2
2085,Cherry,Cherry Valley Creek,21/04/2025,Arthropoda,Insecta,Trichoptera,Limnephilidae,Pycnopsyche,3
2086,Cherry,Cherry Valley Creek,21/04/2025,Arthropoda,Insecta,Diptera,Simuliidae,Simulium,1
2087,Cherry,Cherry Valley Creek,21/04/2025,Arthropoda,Insecta,Plecoptera,Taeniopterygidae,Taenionema,1
2088,Cherry,Cherry Valley Creek,21/04/2025,Arthropoda,Insecta,Plecoptera,Taeniopterygidae,Taeniopteryx,9
2089,Cherry,Cherry Valley Creek,21/04/2025,Arthropoda,Insecta,Ephemeroptera,Caenidae,Caenis,4
2090,Cherry,Cherry Valley Creek,21/04/2025,Arthropoda,Insecta,Ephemeroptera,Heptageniidae,Maccaffertium,18
2091,Cherry,Cherry Valley Creek,21/04/2025,Arthropoda,Insecta,Ephemeroptera,Heptageniidae,Stenacron,1
2092,Cherry,Cherry Valley Creek,21/04/2025,Arthropoda,Insecta,Ephemeroptera,Isonychiidae,Isonychia,1
2093,Cherry,Cherry Valley Creek,21/04/2025,Arthropoda,Insecta,Plecoptera,Taeniopterygidae,Taeniopteryx,7
2094,Cherry,Cherry Valley Creek,21/04/2025,Arthropoda,Insecta,Trichoptera,Hydropsychidae,Ceratopsyche,1
2095,Cherry,Cherry Valley Creek,21/04/2025,Arthropoda,Insecta,Trichoptera,Hydropsychidae,Cheumatopsyche,24
2096,Cherry,Cherry Valley Creek,21/04/2025,Arthropoda,Insecta,Trichoptera,Hydropsychidae,Hydropsyche,3
2097,Cherry,Cherry Valley Creek,21/04/2025,Arthropoda,Insecta,Trichoptera,Philopotamidae,Chimarra,7
2098,Cherry,Cherry Valley Creek,21/04/2025,Arthropoda,Insecta,Trichoptera,Polycentropodidae,Polycentropus,1
2099,Cherry,Cherry Valley Creek,21/04/2025,Arthropoda,Insecta,Coleoptera,Elmidae,Optioservus,22
2100,Cherry,Cherry Valley Creek,21/04/2025,Arthropoda,Insecta,Coleoptera,Elmidae,Stenelmis,51
2101,Cherry,Cherry Valley Creek,21/04/2025,Arthropoda,Insecta,Diptera,Athericidae,Atherix,3
2102,Cherry,Cherry Valley Creek,21/04/2025,Arthropoda,Insecta,Diptera,Ceratopogonidae,,4
2103,Cherry,Cherry Valley Creek,21/04/2025,Arthropoda,Insecta,Diptera,Chironomidae,,54
2104,Cherry,Cherry Valley Creek,21/04/2025,Arthropoda,Insecta,Diptera,Tipulidae,Dicranota,3
2105,Cherry,Cherry Valley Creek,21/04/2025,NA,NA,NA,NA,Nematoda,1
2106,Cherry,Cherry Valley Creek,21/04/2025,Platyhelminthes,Turbellaria,,,,2
2107,Cherry,Cherry Valley Creek,21/04/2025,Annelida,Oligochaeta,,,,1
2108,Cherry,Cherry Valley Creek,21/04/2025,Arthropoda,Insecta,Ephemeroptera,Baetidae,Acerpenna,2
2109,Cherry,Cherry Valley Creek,21/04/2025,Arthropoda,Insecta,Ephemeroptera,Ephemerellidae,Ephemerella,3
2110,Cherry,Cherry Valley Creek,21/04/2025,Arthropoda,Insecta,Ephemeroptera,Ephemerellidae,Serratella,1
2111,Cherry,Cherry Valley Creek,21/04/2025,Arthropoda,Insecta,Ephemeroptera,Heptageniidae,Maccaffertium,20
2112,Cherry,Cherry Valley Creek,21/04/2025,Arthropoda,Insecta,Ephemeroptera,Isonychiidae,Isonychia,7
2113,Cherry,Cherry Valley Creek,21/04/2025,Arthropoda,Insecta,Ephemeroptera,Leptophlebiidae,Paraleptophlebia,16
2114,Cherry,Cherry Valley Creek,21/04/2025,Arthropoda,Insecta,Plecoptera,Capniidae,Allocapnia,2
2115,Cherry,Cherry Valley Creek,21/04/2025,Arthropoda,Insecta,Plecoptera,Capniidae,Paracapnia,2
2116,Cherry,Cherry Valley Creek,21/04/2025,Arthropoda,Insecta,Plecoptera,Perlodidae,Isoperla,3
2117,Cherry,Cherry Valley Creek,21/04/2025,Arthropoda,Insecta,Plecoptera,Taeniopterygidae,Taeniopteryx,22
2118,Cherry,Cherry Valley Creek,21/04/2025,Arthropoda,Insecta,Trichoptera,Hydropsychidae,Ceratopsyche,10
2119,Cherry,Cherry Valley Creek,21/04/2025,Arthropoda,Insecta,Trichoptera,Hydropsychidae,Cheumatopsyche,67
2120,Cherry,Cherry Valley Creek,21/04/2025,Arthropoda,Insecta,Trichoptera,Hydropsychidae,Hydropsyche,7
2121,Cherry,Cherry Valley Creek,21/04/2025,Arthropoda,Insecta,Trichoptera,Philopotamidae,Chimarra,4
2122,Cherry,Cherry Valley Creek,21/04/2025,Arthropoda,Insecta,Trichoptera,Psychomyiidae,Psychomyia,1
2123,Cherry,Cherry Valley Creek,21/04/2025,Arthropoda,Insecta,Coleoptera,Elmidae,Optioservus,24
2124,Cherry,Cherry Valley Creek,21/04/2025,Arthropoda,Insecta,Coleoptera,Elmidae,Oulimnius,1
2125,Cherry,Cherry Valley Creek,21/04/2025,Arthropoda,Insecta,Coleoptera,Elmidae,Stenelmis,3
2126,Cherry,Cherry Valley Creek,21/04/2025,Arthropoda,Insecta,Coleoptera,Psephenidae,Psephenus,1
2127,Cherry,Cherry Valley Creek,21/04/2025,Arthropoda,Insecta,Diptera,Athericidae,Atherix,1
2128,Cherry,Cherry Valley Creek,21/04/2025,Arthropoda,Insecta,Diptera,Chironomidae,,37
2129,Cherry,Cherry Valley Creek,21/04/2025,Arthropoda,Insecta,Diptera,Tipulidae,Dicranota,1
2130,Cherry,Cherry Valley Creek,21/04/2025,Annelida,Oligochaeta,,,,1
2131,Cherry,Cherry Valley Creek,21/04/2025,Arthropoda,Insecta,Coleoptera,Elmidae,Optioservus,21
2132,Cherry,Cherry Valley Creek,21/04/2025,Arthropoda,Insecta,Coleoptera,Elmidae,Stenelmis,19
2133,Cherry,Cherry Valley Creek,21/04/2025,Arthropoda,Insecta,Coleoptera,Psephenidae,Psephenus,4
2134,Cherry,Cherry Valley Creek,21/04/2025,Arthropoda,Insecta,Diptera,Athericidae,Atherix,2
2135,Cherry,Cherry Valley Creek,21/04/2025,Arthropoda,Insecta,Diptera,Chironomidae,,74
2136,Cherry,Cherry Valley Creek,21/04/2025,Arthropoda,Insecta,Diptera,Tipulidae,Antocha,4
2137,Cherry,Cherry Valley Creek,21/04/2025,Arthropoda,Insecta,Diptera,Tipulidae,Dicranota,1
2138,Cherry,Cherry Valley Creek,21/04/2025,NA,NA,NA,NA,Nematoda,2
2139,Cherry,Cherry Valley Creek,21/04/2025,Annelida,Oligochaeta,,,,7
2140,Cherry,Cherry Valley Creek,21/04/2025,Arthropoda,Arachnida,Hydracarina,,,1
2141,Cherry,Cherry Valley Creek,21/04/2025,Arthropoda,Insecta,Ephemeroptera,Caenidae,Caenis,3
2142,Cherry,Cherry Valley Creek,21/04/2025,Arthropoda,Insecta,Ephemeroptera,Ephemerellidae,Ephemerella,12
2143,Cherry,Cherry Valley Creek,21/04/2025,Arthropoda,Insecta,Ephemeroptera,Ephemerellidae,Serratella,1
2144,Cherry,Cherry Valley Creek,21/04/2025,Arthropoda,Insecta,Ephemeroptera,Heptageniidae,Epeorus,1
2145,Cherry,Cherry Valley Creek,21/04/2025,Arthropoda,Insecta,Ephemeroptera,Heptageniidae,Leucrocuta,2
2146,Cherry,Cherry Valley Creek,21/04/2025,Arthropoda,Insecta,Ephemeroptera,Heptageniidae,Maccaffertium,17
2147,Cherry,Cherry Valley Creek,21/04/2025,Arthropoda,Insecta,Ephemeroptera,Heptageniidae,Stenacron,2
2148,Cherry,Cherry Valley Creek,21/04/2025,Arthropoda,Insecta,Ephemeroptera,Isonychiidae,Isonychia,2
2149,Cherry,Cherry Valley Creek,21/04/2025,Arthropoda,Insecta,Ephemeroptera,Leptophlebiidae,Paraleptophlebia,1
2150,Cherry,Cherry Valley Creek,21/04/2025,Arthropoda,Insecta,Plecoptera,Leuctridae,Leuctra,1
2151,Cherry,Cherry Valley Creek,21/04/2025,Arthropoda,Insecta,Plecoptera,Perlidae,Neoperla,1
2152,Cherry,Cherry Valley Creek,21/04/2025,Arthropoda,Insecta,Plecoptera,Perlodidae,Isoperla,1
2153,Cherry,Cherry Valley Creek,21/04/2025,Arthropoda,Insecta,Plecoptera,Taeniopterygidae,Taeniopteryx,1
2154,Cherry,Cherry Valley Creek,21/04/2025,Arthropoda,Insecta,Trichoptera,Glossosomatidae,Glossosoma,3
2155,Cherry,Cherry Valley Creek,21/04/2025,Arthropoda,Insecta,Trichoptera,Hydropsychidae,Ceratopsyche,10
2156,Cherry,Cherry Valley Creek,21/04/2025,Arthropoda,Insecta,Trichoptera,Hydropsychidae,Cheumatopsyche,9
2157,Cherry,Cherry Valley Creek,21/04/2025,Arthropoda,Insecta,Trichoptera,Hydropsychidae,Hydropsyche,1
2158,Cherry,Cherry Valley Creek,21/04/2025,NA,NA,NA,NA,Limnephilidae,1
2159,Cherry,Cherry Valley Creek,21/04/2025,Arthropoda,Insecta,Trichoptera,Philopotamidae,Chimarra,2
2160,Cherry,Cherry Valley Creek,21/04/2025,Arthropoda,Insecta,Trichoptera,Polycentropodidae,Polycentropus,1
2161,Cherry,Cherry Valley Creek,21/04/2025,Arthropoda,Insecta,Trichoptera,Psychomyiidae,Psychomyia,2
2162,Cherry,Cherry Valley Creek,21/04/2025,Arthropoda,Insecta,Coleoptera,Elmidae,Dubiraphia,1
2163,Cherry,Cherry Valley Creek,21/04/2025,Arthropoda,Arachnida,Hydracarina,,,5
2164,Cherry,Cherry Valley Creek,21/04/2025,Arthropoda,Insecta,Ephemeroptera,Caenidae,Caenis,2
2165,Cherry,Cherry Valley Creek,21/04/2025,Arthropoda,Insecta,Ephemeroptera,Ephemerellidae,Ephemerella,4
2166,Cherry,Cherry Valley Creek,21/04/2025,Arthropoda,Insecta,Ephemeroptera,Ephemerellidae,Serratella,1
2167,Cherry,Cherry Valley Creek,21/04/2025,Arthropoda,Insecta,Ephemeroptera,Heptageniidae,Leucrocuta,1
2168,Cherry,Cherry Valley Creek,21/04/2025,Arthropoda,Insecta,Ephemeroptera,Heptageniidae,Maccaffertium,9
2169,Cherry,Cherry Valley Creek,21/04/2025,Arthropoda,Insecta,Ephemeroptera,Heptageniidae,Stenacron,1
2170,Cherry,Cherry Valley Creek,21/04/2025,Arthropoda,Insecta,Ephemeroptera,Leptophlebiidae,Paraleptophlebia,3
2171,Cherry,Cherry Valley Creek,21/04/2025,Arthropoda,Insecta,Plecoptera,Taeniopterygidae,Taeniopteryx,4
2172,Cherry,Cherry Valley Creek,21/04/2025,Arthropoda,Insecta,Trichoptera,Hydropsychidae,Ceratopsyche,3
2173,Cherry,Cherry Valley Creek,21/04/2025,Arthropoda,Insecta,Trichoptera,Hydropsychidae,Cheumatopsyche,9
2174,Cherry,Cherry Valley Creek,21/04/2025,Arthropoda,Insecta,Trichoptera,Hydropsychidae,Hydropsyche,4
2175,Cherry,Cherry Valley Creek,21/04/2025,Arthropoda,Insecta,Trichoptera,Philopotamidae,Chimarra,2
2176,Cherry,Cherry Valley Creek,21/04/2025,NA,NA,NA,NA,Elmidae,6
2177,Cherry,Cherry Valley Creek,21/04/2025,Arthropoda,Insecta,Coleoptera,Elmidae,Optioservus,31
2178,Cherry,Cherry Valley Creek,21/04/2025,Arthropoda,Insecta,Coleoptera,Elmidae,Oulimnius,1
2179,Cherry,Cherry Valley Creek,21/04/2025,Arthropoda,Insecta,Coleoptera,Elmidae,Stenelmis,20
2180,Cherry,Cherry Valley Creek,21/04/2025,Arthropoda,Insecta,Coleoptera,Psephenidae,Psephenus,1
2181,Cherry,Cherry Valley Creek,21/04/2025,Arthropoda,Insecta,Diptera,Athericidae,Atherix,2
2182,Cherry,Cherry Valley Creek,21/04/2025,Arthropoda,Insecta,Diptera,Ceratopogonidae,Bezzia,1
2183,Cherry,Cherry Valley Creek,21/04/2025,Arthropoda,Insecta,Diptera,Chironomidae,,105
2184,Cherry,Cherry Valley Creek,21/04/2025,Arthropoda,Insecta,Diptera,Tipulidae,Antocha,2
2185,Cherry,Cherry Valley Creek,21/04/2025,Arthropoda,Insecta,Diptera,Tipulidae,Dicranota,3
2186,Cherry,Cherry Valley Creek,21/04/2025,Platyhelminthes,Turbellaria,,,,5
2187,Cherry,Cherry Valley Creek,21/04/2025,Annelida,Oligochaeta,,,,3
2188,CHIQ 11.3,Chiques Creek,29/04/2025,Arthropoda,Insecta,Trichoptera,Hydropsychidae,Cheumatopsyche,2
2189,CHIQ 11.3,Chiques Creek,29/04/2025,Arthropoda,Insecta,Diptera,Empididae,Neoplasta,1
2190,CHIQ 11.3,Chiques Creek,29/04/2025,Arthropoda,Insecta,Trichoptera,Hydroptilidae,Hydroptila,1
2191,CHIQ 11.3,Chiques Creek,29/04/2025,Arthropoda,Insecta,Coleoptera,Elmidae,Optioservus,9
2192,CHIQ 11.3,Chiques Creek,29/04/2025,Arthropoda,Insecta,Coleoptera,Psephenidae,Psephenus,7
2193,CHIQ 11.3,Chiques Creek,29/04/2025,Arthropoda,Insecta,Trichoptera,Psychomyiidae,Psychomyia,1
2194,CHIQ 11.3,Chiques Creek,29/04/2025,Arthropoda,Insecta,Diptera,Simuliidae,Simulium,3
2195,CHIQ 11.3,Chiques Creek,29/04/2025,Arthropoda,Insecta,Coleoptera,Elmidae,Stenelmis,51
2196,CHIQ 11.3,Chiques Creek,29/04/2025,Arthropoda,Insecta,Diptera,Tipulidae,Antocha,1
2197,CHIQ 11.3,Chiques Creek,29/04/2025,Arthropoda,Arachnida,Hydracarina,,,1
2198,CHIQ 11.3,Chiques Creek,29/04/2025,NA,NA,NA,NA,Nematoda,1
2199,CHIQ 11.3,Chiques Creek,29/04/2025,Arthropoda,Insecta,Trichoptera,Philopotamidae,Chimarra,2
2200,CHIQ 11.3,Chiques Creek,29/04/2025,Arthropoda,Insecta,Ephemeroptera,Baetidae,Acerpenna,1
2201,CHIQ 11.3,Chiques Creek,29/04/2025,Arthropoda,Insecta,Diptera,Chironomidae,,112
2202,CHIQ 11.3,Chiques Creek,29/04/2025,Arthropoda,Insecta,Ephemeroptera,Ephemerellidae,Teloganopsis,5
2203,CHIQ 11.3,Chiques Creek,29/04/2025,Arthropoda,Insecta,Trichoptera,Hydropsychidae,Hydropsyche,5
2204,CHIQ 11.3,Chiques Creek,29/04/2025,Arthropoda,Insecta,Ephemeroptera,Heptageniidae,Leucrocuta,1
2205,CHIQ 11.3,Chiques Creek,29/04/2025,Arthropoda,Insecta,Ephemeroptera,Heptageniidae,Maccaffertium,4
2206,CHIQ 11.3,Chiques Creek,29/04/2025,Annelida,Oligochaeta,,,,10
2207,CHIQ 11.3,Chiques Creek,29/04/2025,Arthropoda,Insecta,Diptera,Empididae,Hemerodromia,1
2208,CHIQ 11.3,Chiques Creek,29/04/2025,Mollusca,Bivalvia,Veneroida,Corbiculidae,Corbicula,1
2209,CHIQ 11.3,Chiques Creek,29/04/2025,Arthropoda,Insecta,Diptera,Chironomidae,,71
2210,CHIQ 11.3,Chiques Creek,29/04/2025,Arthropoda,Insecta,Trichoptera,Philopotamidae,Chimarra,1
2211,CHIQ 11.3,Chiques Creek,29/04/2025,Arthropoda,Insecta,Trichoptera,Hydropsychidae,Cheumatopsyche,2
2212,CHIQ 11.3,Chiques Creek,29/04/2025,Arthropoda,Insecta,Ephemeroptera,Baetidae,Baetis,21
2213,CHIQ 11.3,Chiques Creek,29/04/2025,Arthropoda,Malacostraca,Amphipoda,Crangonyctidae,Crangonyx,3
2214,CHIQ 11.3,Chiques Creek,29/04/2025,Arthropoda,Insecta,Ephemeroptera,Baetidae,Acerpenna,1
2215,CHIQ 11.3,Chiques Creek,29/04/2025,Arthropoda,Insecta,Coleoptera,Elmidae,Stenelmis,48
2216,CHIQ 11.3,Chiques Creek,29/04/2025,Arthropoda,Insecta,Ephemeroptera,Caenidae,Caenis,3
2217,CHIQ 11.3,Chiques Creek,29/04/2025,Arthropoda,Insecta,Diptera,Empididae,Hemerodromia,1
2218,CHIQ 11.3,Chiques Creek,29/04/2025,Arthropoda,Insecta,Trichoptera,Hydropsychidae,Hydropsyche,1
2219,CHIQ 11.3,Chiques Creek,29/04/2025,Arthropoda,Insecta,Ephemeroptera,Heptageniidae,Leucrocuta,4
2220,CHIQ 11.3,Chiques Creek,29/04/2025,Arthropoda,Insecta,Coleoptera,Elmidae,Optioservus,33
2221,CHIQ 11.3,Chiques Creek,29/04/2025,Arthropoda,Insecta,Coleoptera,Psephenidae,Psephenus,6
2222,CHIQ 11.3,Chiques Creek,29/04/2025,Arthropoda,Insecta,Ephemeroptera,Heptageniidae,Stenacron,1
2223,CHIQ 11.3,Chiques Creek,29/04/2025,Arthropoda,Insecta,Ephemeroptera,Ephemerellidae,Teloganopsis,3
2224,CHIQ 11.3,Chiques Creek,29/04/2025,Arthropoda,Insecta,Ephemeroptera,Heptageniidae,Maccaffertium,6
2225,CHIQ 11.3,Chiques Creek,29/04/2025,Arthropoda,Insecta,Diptera,Simuliidae,Simulium,2
2226,CHIQ 11.3,Chiques Creek,29/04/2025,Arthropoda,Insecta,Trichoptera,Hydroptilidae,Leucotrichia,2
2227,CHIQ 11.3,Chiques Creek,29/04/2025,Arthropoda,Insecta,Ephemeroptera,Baetidae,Acerpenna,14
2228,CHIQ 11.3,Chiques Creek,29/04/2025,Arthropoda,Insecta,Plecoptera,Capniidae,Allocapnia,1
2229,CHIQ 11.3,Chiques Creek,29/04/2025,Arthropoda,Insecta,Ephemeroptera,Baetidae,Baetis,1
2230,CHIQ 11.3,Chiques Creek,29/04/2025,Arthropoda,Malacostraca,Isopoda,Asellidae,Caecidotea,5
2231,CHIQ 11.3,Chiques Creek,29/04/2025,Arthropoda,Insecta,Ephemeroptera,Caenidae,Caenis,22
2232,CHIQ 11.3,Chiques Creek,29/04/2025,Arthropoda,Insecta,Trichoptera,Hydropsychidae,Cheumatopsyche,1
2233,CHIQ 11.3,Chiques Creek,29/04/2025,Arthropoda,Insecta,Trichoptera,Philopotamidae,Chimarra,3
2234,CHIQ 11.3,Chiques Creek,29/04/2025,Arthropoda,Insecta,Diptera,Chironomidae,,84
2235,CHIQ 11.3,Chiques Creek,29/04/2025,Arthropoda,Malacostraca,Amphipoda,Crangonyctidae,Crangonyx,3
2236,CHIQ 11.3,Chiques Creek,29/04/2025,Arthropoda,Malacostraca,Amphipoda,Gammaridae,Gammarus,7
2237,CHIQ 11.3,Chiques Creek,29/04/2025,Arthropoda,Insecta,Diptera,Empididae,Hemerodromia,1
2238,CHIQ 11.3,Chiques Creek,29/04/2025,Arthropoda,Malacostraca,Amphipoda,Hyalellidae,Hyalella,1
2239,CHIQ 11.3,Chiques Creek,29/04/2025,Arthropoda,Insecta,Trichoptera,Hydropsychidae,Hydropsyche,3
2240,CHIQ 11.3,Chiques Creek,29/04/2025,Arthropoda,Insecta,Ephemeroptera,Heptageniidae,Leucrocuta,1
2241,CHIQ 11.3,Chiques Creek,29/04/2025,Arthropoda,Insecta,Ephemeroptera,Heptageniidae,Maccaffertium,9
2242,CHIQ 11.3,Chiques Creek,29/04/2025,Annelida,Oligochaeta,,,,9
2243,CHIQ 11.3,Chiques Creek,29/04/2025,Arthropoda,Insecta,Coleoptera,Elmidae,Optioservus,3
2244,CHIQ 11.3,Chiques Creek,29/04/2025,Arthropoda,Insecta,Plecoptera,Perlidae,Perlesta,4
2245,CHIQ 11.3,Chiques Creek,29/04/2025,Arthropoda,Insecta,Coleoptera,Psephenidae,Psephenus,12
2246,CHIQ 11.3,Chiques Creek,29/04/2025,Arthropoda,Insecta,Diptera,Simuliidae,Simulium,1
2247,CHIQ 11.3,Chiques Creek,29/04/2025,Arthropoda,Insecta,Coleoptera,Elmidae,Stenelmis,35
2248,CHIQ 11.3,Chiques Creek,29/04/2025,Arthropoda,Insecta,Ephemeroptera,Heptageniidae,Stenonema,2
2249,CHIQ 11.3,Chiques Creek,29/04/2025,Arthropoda,Insecta,Ephemeroptera,Ephemerellidae,Teloganopsis,1
2250,CHIQ 11.3,Chiques Creek,29/04/2025,Arthropoda,Arachnida,Hydracarina,,,2
2251,CHIQ 11.3,Chiques Creek,29/04/2025,Arthropoda,Insecta,Trichoptera,Hydropsychidae,Cheumatopsyche,2
2252,CHIQ 11.3,Chiques Creek,29/04/2025,Arthropoda,Insecta,Ephemeroptera,Baetidae,Baetis,2
2253,CHIQ 11.3,Chiques Creek,29/04/2025,NA,NA,NA,NA,Nematoda,1
2254,CHIQ 11.3,Chiques Creek,29/04/2025,Arthropoda,Insecta,Diptera,Chironomidae,,82
2255,CHIQ 11.3,Chiques Creek,29/04/2025,Arthropoda,Insecta,Ephemeroptera,Heptageniidae,Leucrocuta,3
2256,CHIQ 11.3,Chiques Creek,29/04/2025,Arthropoda,Insecta,Trichoptera,Hydropsychidae,Hydropsyche,5
2257,CHIQ 11.3,Chiques Creek,29/04/2025,Arthropoda,Arachnida,Hydracarina,,,1
2258,CHIQ 11.3,Chiques Creek,29/04/2025,Arthropoda,Insecta,Plecoptera,Perlidae,Perlesta,2
2259,CHIQ 11.3,Chiques Creek,29/04/2025,Arthropoda,Malacostraca,Amphipoda,Crangonyctidae,Crangonyx,5
2260,CHIQ 11.3,Chiques Creek,29/04/2025,Arthropoda,Insecta,Diptera,Empididae,Neoplasta,1
2261,CHIQ 11.3,Chiques Creek,29/04/2025,Arthropoda,Insecta,Diptera,Empididae,Hemerodromia,2
2262,CHIQ 11.3,Chiques Creek,29/04/2025,Arthropoda,Insecta,Diptera,Tipulidae,Antocha,1
2263,CHIQ 11.3,Chiques Creek,29/04/2025,Arthropoda,Insecta,Ephemeroptera,Heptageniidae,Maccaffertium,11
2264,CHIQ 11.3,Chiques Creek,29/04/2025,Arthropoda,Malacostraca,Isopoda,Asellidae,Caecidotea,1
2265,CHIQ 11.3,Chiques Creek,29/04/2025,Arthropoda,Insecta,Trichoptera,Philopotamidae,Chimarra,1
2266,CHIQ 11.3,Chiques Creek,29/04/2025,Arthropoda,Insecta,Coleoptera,Elmidae,Optioservus,1
2267,CHIQ 11.3,Chiques Creek,29/04/2025,Arthropoda,Insecta,Diptera,Simuliidae,Simulium,6
2268,CHIQ 11.3,Chiques Creek,29/04/2025,Annelida,Oligochaeta,,,,30
2269,CHIQ 11.3,Chiques Creek,29/04/2025,Arthropoda,Insecta,Ephemeroptera,Baetidae,Acerpenna,3
2270,CHIQ 11.3,Chiques Creek,29/04/2025,Arthropoda,Insecta,Ephemeroptera,Ephemerellidae,Serratella,1
2271,CHIQ 11.3,Chiques Creek,29/04/2025,Arthropoda,Insecta,Coleoptera,Elmidae,Stenelmis,59
2272,CHIQ 11.3,Chiques Creek,29/04/2025,Arthropoda,Insecta,Coleoptera,Psephenidae,Psephenus,5
2273,CONO 35.1,Conodoguinet Creek,30/04/2025,Mollusca,Bivalvia,Veneroida,Corbiculidae,Corbicula,6
2274,CONO 35.1,Conodoguinet Creek,30/04/2025,Arthropoda,Insecta,Trichoptera,Glossosomatidae,Protoptila,1
2275,CONO 35.1,Conodoguinet Creek,30/04/2025,Arthropoda,Insecta,Ephemeroptera,Baetidae,Plauditus,1
2276,CONO 35.1,Conodoguinet Creek,30/04/2025,Mollusca,Gastropoda,Basommatophora,Physidae,Physella,2
2277,CONO 35.1,Conodoguinet Creek,30/04/2025,Arthropoda,Insecta,Coleoptera,Elmidae,Optioservus,40
2278,CONO 35.1,Conodoguinet Creek,30/04/2025,Annelida,Oligochaeta,,,,9
2279,CONO 35.1,Conodoguinet Creek,30/04/2025,NA,NA,NA,NA,Nematoda,2
2280,CONO 35.1,Conodoguinet Creek,30/04/2025,Arthropoda,Insecta,Coleoptera,Elmidae,Stenelmis,51
2281,CONO 35.1,Conodoguinet Creek,30/04/2025,Arthropoda,Malacostraca,Amphipoda,Gammaridae,Gammarus,43
2282,CONO 35.1,Conodoguinet Creek,30/04/2025,Arthropoda,Insecta,Trichoptera,Helicopsychidae,Helicopsyche,15
2283,CONO 35.1,Conodoguinet Creek,30/04/2025,Arthropoda,Insecta,Diptera,Chironomidae,,39
2284,CONO 35.1,Conodoguinet Creek,30/04/2025,Arthropoda,Insecta,Diptera,Ceratopogonidae,,2
2285,CONO 35.1,Conodoguinet Creek,30/04/2025,Arthropoda,Insecta,Ephemeroptera,Caenidae,Caenis,3
2286,CONO 35.1,Conodoguinet Creek,30/04/2025,Arthropoda,Malacostraca,Isopoda,Asellidae,Caecidotea,2
2287,CONO 35.1,Conodoguinet Creek,30/04/2025,Arthropoda,Insecta,Trichoptera,Brachycentridae,Brachycentrus,2
2288,CONO 35.1,Conodoguinet Creek,30/04/2025,Arthropoda,Insecta,Ephemeroptera,Baetidae,Baetis,8
2289,CONO 35.1,Conodoguinet Creek,30/04/2025,Arthropoda,Insecta,Ephemeroptera,Heptageniidae,Maccaffertium,1
2290,CONO 35.1,Conodoguinet Creek,30/04/2025,Arthropoda,Insecta,Coleoptera,Elmidae,Dubiraphia,2
2291,CONO 35.1,Conodoguinet Creek,30/04/2025,Arthropoda,Insecta,Trichoptera,Hydropsychidae,Hydropsyche,1
2292,CONO 35.1,Conodoguinet Creek,30/04/2025,Arthropoda,Insecta,Coleoptera,Elmidae,Dubiraphia,4
2293,CONO 35.1,Conodoguinet Creek,30/04/2025,Arthropoda,Insecta,Ephemeroptera,Heptageniidae,Maccaffertium,3
2294,CONO 35.1,Conodoguinet Creek,30/04/2025,Arthropoda,Insecta,Ephemeroptera,Baetidae,Acerpenna,15
2295,CONO 35.1,Conodoguinet Creek,30/04/2025,Annelida,Oligochaeta,,,,11
2296,CONO 35.1,Conodoguinet Creek,30/04/2025,Arthropoda,Insecta,Plecoptera,Perlidae,Perlesta,2
2297,CONO 35.1,Conodoguinet Creek,30/04/2025,Arthropoda,Insecta,Lepidoptera,Crambidae,Petrophila,1
2298,CONO 35.1,Conodoguinet Creek,30/04/2025,Arthropoda,Insecta,Diptera,Tipulidae,Tipula,1
2299,CONO 35.1,Conodoguinet Creek,30/04/2025,NA,NA,NA,NA,Dolichopodidae,1
2300,CONO 35.1,Conodoguinet Creek,30/04/2025,Arthropoda,Insecta,Diptera,Chironomidae,,118
2301,CONO 35.1,Conodoguinet Creek,30/04/2025,Arthropoda,Insecta,Diptera,Ceratopogonidae,,1
2302,CONO 35.1,Conodoguinet Creek,30/04/2025,Arthropoda,Insecta,Ephemeroptera,Caenidae,Caenis,40
2303,CONO 35.1,Conodoguinet Creek,30/04/2025,Arthropoda,Malacostraca,Isopoda,Asellidae,Caecidotea,2
2304,CONO 35.1,Conodoguinet Creek,30/04/2025,NA,NA,NA,NA,Nemertea,1
2305,CONO 35.1,Conodoguinet Creek,30/04/2025,Arthropoda,Insecta,Coleoptera,Hydrophilidae,Berosus,1
2306,CONO 35.1,Conodoguinet Creek,30/04/2025,Arthropoda,Malacostraca,Amphipoda,Gammaridae,Gammarus,8
2307,CONO 35.1,Conodoguinet Creek,30/04/2025,Arthropoda,Insecta,Ephemeroptera,Ephemerellidae,Ephemerella,1
2308,CONO 35.1,Conodoguinet Creek,30/04/2025,Arthropoda,Insecta,Diptera,Simuliidae,Simulium,3
2309,DEER 25.0,Deer Creek,30/04/2025,Arthropoda,Insecta,Ephemeroptera,Isonychiidae,Isonychia,3
2310,DEER 25.0,Deer Creek,30/04/2025,Arthropoda,Insecta,Ephemeroptera,Ephemerellidae,Ephemerella,7
2311,DEER 25.0,Deer Creek,30/04/2025,Arthropoda,Insecta,Trichoptera,Hydroptilidae,Hydroptila,1
2312,DEER 25.0,Deer Creek,30/04/2025,Arthropoda,Insecta,Trichoptera,Hydropsychidae,Hydropsyche,22
2313,DEER 25.0,Deer Creek,30/04/2025,Arthropoda,Insecta,Trichoptera,Helicopsychidae,Helicopsyche,3
2314,DEER 25.0,Deer Creek,30/04/2025,Arthropoda,Insecta,Ephemeroptera,Ephemerellidae,Teloganopsis,41
2315,DEER 25.0,Deer Creek,30/04/2025,Arthropoda,Insecta,Ephemeroptera,Ephemerellidae,Eurylophella,1
2316,DEER 25.0,Deer Creek,30/04/2025,Arthropoda,Insecta,Diptera,Simuliidae,Simulium,4
2317,DEER 25.0,Deer Creek,30/04/2025,NA,NA,NA,NA,Promoresia,2
2318,DEER 25.0,Deer Creek,30/04/2025,Mollusca,Bivalvia,Veneroida,Corbiculidae,Corbicula,2
2319,DEER 25.0,Deer Creek,30/04/2025,Arthropoda,Insecta,Diptera,Chironomidae,,32
2320,DEER 25.0,Deer Creek,30/04/2025,Arthropoda,Insecta,Trichoptera,Philopotamidae,Chimarra,5
2321,DEER 25.0,Deer Creek,30/04/2025,Arthropoda,Insecta,Trichoptera,Hydropsychidae,Cheumatopsyche,5
2322,DEER 25.0,Deer Creek,30/04/2025,Arthropoda,Insecta,Trichoptera,Brachycentridae,Brachycentrus,4
2323,DEER 25.0,Deer Creek,30/04/2025,Arthropoda,Insecta,Ephemeroptera,Baetidae,Baetis,3
2324,DEER 25.0,Deer Creek,30/04/2025,Arthropoda,Insecta,Coleoptera,Elmidae,Optioservus,28
2325,DEER 25.0,Deer Creek,30/04/2025,Arthropoda,Insecta,Diptera,Tipulidae,Antocha,5
2326,DEER 25.0,Deer Creek,30/04/2025,Arthropoda,Insecta,Megaloptera,Corydalidae,Corydalus,1
2327,DEER 25.0,Deer Creek,30/04/2025,Arthropoda,Insecta,Plecoptera,Leuctridae,Leuctra,1
2328,DEER 25.0,Deer Creek,30/04/2025,Arthropoda,Insecta,Odonata,Coenagrionidae,Argia,1
2329,DEER 25.0,Deer Creek,30/04/2025,Arthropoda,Insecta,Coleoptera,Elmidae,Stenelmis,2
2330,DEER 25.0,Deer Creek,30/04/2025,Arthropoda,Insecta,Trichoptera,Lepidostomatidae,Lepidostoma,3
2331,DEER 25.0,Deer Creek,30/04/2025,Arthropoda,Malacostraca,Amphipoda,Crangonyctidae,Crangonyx,1
2332,DEER 25.0,Deer Creek,30/04/2025,Arthropoda,Insecta,Coleoptera,Psephenidae,Psephenus,1
2333,DEER 25.0,Deer Creek,30/04/2025,Arthropoda,Insecta,Ephemeroptera,Baetidae,Plauditus,2
2334,DEER 25.0,Deer Creek,30/04/2025,Arthropoda,Insecta,Plecoptera,Perlidae,Perlesta,14
2335,DEER 25.0,Deer Creek,30/04/2025,Arthropoda,Insecta,Coleoptera,Elmidae,Oulimnius,5
2336,DEER 25.0,Deer Creek,30/04/2025,Arthropoda,Arachnida,Hydracarina,,,5
2337,DEER 25.0,Deer Creek,30/04/2025,Arthropoda,Insecta,Trichoptera,Leptoceridae,Oecetis,1
2338,DEER 25.0,Deer Creek,30/04/2025,Arthropoda,Insecta,Ephemeroptera,Heptageniidae,Maccaffertium,12
2339,DEER 25.0,Deer Creek,30/04/2025,Arthropoda,Insecta,Trichoptera,Hydroptilidae,Leucotrichia,3
2340,DEER 25.0,Deer Creek,30/04/2025,Arthropoda,Insecta,Ephemeroptera,Baetidae,Iswaeon,2
2341,Driftwood,Driftwood Branch Sinnemahoning Creek,14/04/2025,Arthropoda,Insecta,Trichoptera,Rhyacophilidae,Rhyacophila,1
2342,Driftwood,Driftwood Branch Sinnemahoning Creek,14/04/2025,Arthropoda,Insecta,Trichoptera,Philopotamidae,Chimarra,1
2343,Driftwood,Driftwood Branch Sinnemahoning Creek,14/04/2025,Arthropoda,Insecta,Diptera,Chironomidae,,58
2344,Driftwood,Driftwood Branch Sinnemahoning Creek,14/04/2025,Arthropoda,Insecta,Ephemeroptera,Heptageniidae,Cinygmula,6
2345,Driftwood,Driftwood Branch Sinnemahoning Creek,14/04/2025,Arthropoda,Insecta,Diptera,Ceratopogonidae,Dasyhelea,1
2346,Driftwood,Driftwood Branch Sinnemahoning Creek,14/04/2025,Arthropoda,Insecta,Ephemeroptera,Baetidae,Diphetor,2
2347,Driftwood,Driftwood Branch Sinnemahoning Creek,14/04/2025,Arthropoda,Insecta,Ephemeroptera,Ephemerellidae,Drunella,20
2348,Driftwood,Driftwood Branch Sinnemahoning Creek,14/04/2025,Arthropoda,Insecta,Ephemeroptera,Heptageniidae,Epeorus,10
2349,Driftwood,Driftwood Branch Sinnemahoning Creek,14/04/2025,Arthropoda,Insecta,Ephemeroptera,Ephemerellidae,Ephemerella,39
2350,Driftwood,Driftwood Branch Sinnemahoning Creek,14/04/2025,Arthropoda,Insecta,Diptera,Empididae,Trichoclinocera,1
2351,Driftwood,Driftwood Branch Sinnemahoning Creek,14/04/2025,Arthropoda,Insecta,Diptera,Tipulidae,Tipula,1
2352,Driftwood,Driftwood Branch Sinnemahoning Creek,14/04/2025,Arthropoda,Insecta,Ephemeroptera,Ephemerellidae,Teloganopsis,3
2353,Driftwood,Driftwood Branch Sinnemahoning Creek,14/04/2025,Arthropoda,Insecta,Diptera,Tipulidae,Antocha,2
2354,Driftwood,Driftwood Branch Sinnemahoning Creek,14/04/2025,Arthropoda,Insecta,Diptera,Simuliidae,Simulium,1
2355,Driftwood,Driftwood Branch Sinnemahoning Creek,14/04/2025,Arthropoda,Insecta,Plecoptera,Chloroperlidae,Alloperla,1
2356,Driftwood,Driftwood Branch Sinnemahoning Creek,14/04/2025,NA,NA,NA,NA,Gomphidae,1
2357,Driftwood,Driftwood Branch Sinnemahoning Creek,14/04/2025,Arthropoda,Insecta,Coleoptera,Psephenidae,Psephenus,1
2358,Driftwood,Driftwood Branch Sinnemahoning Creek,14/04/2025,Arthropoda,Insecta,Diptera,Simuliidae,Prosimulium,7
2359,Driftwood,Driftwood Branch Sinnemahoning Creek,14/04/2025,NA,NA,NA,NA,Polycentropodidae,1
2360,Driftwood,Driftwood Branch Sinnemahoning Creek,14/04/2025,Arthropoda,Insecta,Coleoptera,Elmidae,Optioservus,1
2361,Driftwood,Driftwood Branch Sinnemahoning Creek,14/04/2025,Annelida,Oligochaeta,,,,3
2362,Driftwood,Driftwood Branch Sinnemahoning Creek,14/04/2025,Arthropoda,Insecta,Diptera,Empididae,Neoplasta,2
2363,Driftwood,Driftwood Branch Sinnemahoning Creek,14/04/2025,Arthropoda,Insecta,Trichoptera,Uenoidae,Neophylax,1
2364,Driftwood,Driftwood Branch Sinnemahoning Creek,14/04/2025,Arthropoda,Insecta,Ephemeroptera,Leptophlebiidae,Paraleptophlebia,11
2365,Driftwood,Driftwood Branch Sinnemahoning Creek,14/04/2025,Arthropoda,Insecta,Ephemeroptera,Heptageniidae,Maccaffertium,12
2366,Driftwood,Driftwood Branch Sinnemahoning Creek,14/04/2025,Arthropoda,Insecta,Plecoptera,Leuctridae,Leuctra,1
2367,Driftwood,Driftwood Branch Sinnemahoning Creek,14/04/2025,Arthropoda,Insecta,Ephemeroptera,Heptageniidae,Leucrocuta,4
2368,Driftwood,Driftwood Branch Sinnemahoning Creek,14/04/2025,Arthropoda,Insecta,Plecoptera,Perlodidae,Isoperla,2
2369,Driftwood,Driftwood Branch Sinnemahoning Creek,14/04/2025,Arthropoda,Insecta,Coleoptera,Elmidae,Stenelmis,2
2370,Driftwood,Driftwood Branch Sinnemahoning Creek,14/04/2025,Arthropoda,Insecta,Diptera,Empididae,Hemerodromia,1
2371,Driftwood,Driftwood Branch Sinnemahoning Creek,14/04/2025,Arthropoda,Insecta,Trichoptera,Glossosomatidae,Agapetus,1
2372,Driftwood,Driftwood Branch Sinnemahoning Creek,14/04/2025,Arthropoda,Insecta,Plecoptera,Perlidae,Acroneuria,3
2373,Driftwood,Driftwood Branch Sinnemahoning Creek,14/04/2025,Arthropoda,Insecta,Trichoptera,Hydropsychidae,Cheumatopsyche,3
2374,Driftwood,Driftwood Branch Sinnemahoning Creek,14/04/2025,Arthropoda,Insecta,Plecoptera,Chloroperlidae,Haploperla,2
2375,Driftwood,Driftwood Branch Sinnemahoning Creek,14/04/2025,Arthropoda,Insecta,Trichoptera,Hydropsychidae,Hydropsyche,3
2376,Driftwood,Driftwood Branch Sinnemahoning Creek,14/04/2025,Arthropoda,Insecta,Ephemeroptera,Isonychiidae,Isonychia,2
2377,Driftwood,Driftwood Branch Sinnemahoning Creek,14/04/2025,Arthropoda,Insecta,Plecoptera,Perlidae,Acroneuria,1
2378,Driftwood,Driftwood Branch Sinnemahoning Creek,14/04/2025,Arthropoda,Insecta,Plecoptera,Chloroperlidae,Alloperla,1
2379,Driftwood,Driftwood Branch Sinnemahoning Creek,14/04/2025,Arthropoda,Insecta,Diptera,Tipulidae,Antocha,3
2380,Driftwood,Driftwood Branch Sinnemahoning Creek,14/04/2025,Arthropoda,Insecta,Ephemeroptera,Baetidae,Baetis,1
2381,Driftwood,Driftwood Branch Sinnemahoning Creek,14/04/2025,Arthropoda,Insecta,Diptera,Ceratopogonidae,,1
2382,Driftwood,Driftwood Branch Sinnemahoning Creek,14/04/2025,Arthropoda,Insecta,Trichoptera,Hydropsychidae,Cheumatopsyche,18
2383,Driftwood,Driftwood Branch Sinnemahoning Creek,14/04/2025,Arthropoda,Insecta,Diptera,Chironomidae,,4
2384,Driftwood,Driftwood Branch Sinnemahoning Creek,14/04/2025,Arthropoda,Insecta,Ephemeroptera,Heptageniidae,Cinygmula,17
2385,Driftwood,Driftwood Branch Sinnemahoning Creek,14/04/2025,Arthropoda,Insecta,Ephemeroptera,Ephemerellidae,Drunella,15
2386,Driftwood,Driftwood Branch Sinnemahoning Creek,14/04/2025,Arthropoda,Insecta,Coleoptera,Elmidae,Dubiraphia,1
2387,Driftwood,Driftwood Branch Sinnemahoning Creek,14/04/2025,Arthropoda,Insecta,Ephemeroptera,Heptageniidae,Epeorus,11
2388,Driftwood,Driftwood Branch Sinnemahoning Creek,14/04/2025,Arthropoda,Insecta,Ephemeroptera,Ephemerellidae,Ephemerella,25
2389,Driftwood,Driftwood Branch Sinnemahoning Creek,14/04/2025,Arthropoda,Insecta,Ephemeroptera,Ephemerellidae,Eurylophella,2
2390,Driftwood,Driftwood Branch Sinnemahoning Creek,14/04/2025,NA,NA,NA,NA,Gomphidae,1
2391,Driftwood,Driftwood Branch Sinnemahoning Creek,14/04/2025,Arthropoda,Insecta,Diptera,Empididae,Hemerodromia,2
2392,Driftwood,Driftwood Branch Sinnemahoning Creek,14/04/2025,Arthropoda,Insecta,Trichoptera,Hydropsychidae,Hydropsyche,8
2393,Driftwood,Driftwood Branch Sinnemahoning Creek,14/04/2025,Arthropoda,Insecta,Ephemeroptera,Isonychiidae,Isonychia,3
2394,Driftwood,Driftwood Branch Sinnemahoning Creek,14/04/2025,Arthropoda,Insecta,Plecoptera,Perlodidae,Isoperla,4
2395,Driftwood,Driftwood Branch Sinnemahoning Creek,14/04/2025,NA,NA,NA,NA,Leptophlebiidae,6
2396,Driftwood,Driftwood Branch Sinnemahoning Creek,14/04/2025,Arthropoda,Insecta,Ephemeroptera,Heptageniidae,Leucrocuta,4
2397,Driftwood,Driftwood Branch Sinnemahoning Creek,14/04/2025,Arthropoda,Insecta,Ephemeroptera,Heptageniidae,Maccaffertium,15
2398,Driftwood,Driftwood Branch Sinnemahoning Creek,14/04/2025,Arthropoda,Insecta,Ephemeroptera,Leptophlebiidae,Paraleptophlebia,9
2399,Driftwood,Driftwood Branch Sinnemahoning Creek,14/04/2025,Arthropoda,Insecta,Trichoptera,Uenoidae,Neophylax,18
2400,Driftwood,Driftwood Branch Sinnemahoning Creek,14/04/2025,Arthropoda,Insecta,Diptera,Empididae,Neoplasta,1
2401,Driftwood,Driftwood Branch Sinnemahoning Creek,14/04/2025,Annelida,Oligochaeta,,,,9
2402,Driftwood,Driftwood Branch Sinnemahoning Creek,14/04/2025,Arthropoda,Insecta,Coleoptera,Elmidae,Optioservus,11
2403,Driftwood,Driftwood Branch Sinnemahoning Creek,14/04/2025,Arthropoda,Insecta,Coleoptera,Elmidae,Oulimnius,1
2404,Driftwood,Driftwood Branch Sinnemahoning Creek,14/04/2025,Arthropoda,Insecta,Trichoptera,Polycentropodidae,Polycentropus,2
2405,Driftwood,Driftwood Branch Sinnemahoning Creek,14/04/2025,Arthropoda,Insecta,Trichoptera,Rhyacophilidae,Rhyacophila,3
2406,Driftwood,Driftwood Branch Sinnemahoning Creek,14/04/2025,Mollusca,Bivalvia,Sphaeriida,Sphaeriidae,,2
2407,Driftwood,Driftwood Branch Sinnemahoning Creek,14/04/2025,Arthropoda,Insecta,Ephemeroptera,Heptageniidae,Stenacron,1
2408,Driftwood,Driftwood Branch Sinnemahoning Creek,14/04/2025,Arthropoda,Insecta,Coleoptera,Elmidae,Stenelmis,5
2409,Driftwood,Driftwood Branch Sinnemahoning Creek,14/04/2025,Arthropoda,Insecta,Ephemeroptera,Ephemerellidae,Teloganopsis,2
2410,Driftwood,Driftwood Branch Sinnemahoning Creek,14/04/2025,Arthropoda,Insecta,Diptera,Empididae,Trichoclinocera,3
2411,Driftwood,Driftwood Branch Sinnemahoning Creek,14/04/2025,Arthropoda,Arachnida,Hydracarina,,,2
2412,Driftwood,Driftwood Branch Sinnemahoning Creek,14/04/2025,Arthropoda,Insecta,Ephemeroptera,Baetidae,Acentrella,2
2413,Driftwood,Driftwood Branch Sinnemahoning Creek,14/04/2025,Arthropoda,Insecta,Plecoptera,Perlidae,Acroneuria,1
2414,Driftwood,Driftwood Branch Sinnemahoning Creek,14/04/2025,Arthropoda,Insecta,Diptera,Tipulidae,Antocha,2
2415,Driftwood,Driftwood Branch Sinnemahoning Creek,14/04/2025,Arthropoda,Insecta,Diptera,Athericidae,Atherix,5
2416,Driftwood,Driftwood Branch Sinnemahoning Creek,14/04/2025,Arthropoda,Insecta,Ephemeroptera,Baetidae,Baetis,2
2417,Driftwood,Driftwood Branch Sinnemahoning Creek,14/04/2025,Arthropoda,Insecta,Ephemeroptera,Caenidae,Caenis,1
2418,Driftwood,Driftwood Branch Sinnemahoning Creek,14/04/2025,Arthropoda,Insecta,Trichoptera,Hydropsychidae,Cheumatopsyche,24
2419,Driftwood,Driftwood Branch Sinnemahoning Creek,14/04/2025,Arthropoda,Insecta,Diptera,Chironomidae,,20
2420,Driftwood,Driftwood Branch Sinnemahoning Creek,14/04/2025,Arthropoda,Insecta,Megaloptera,Corydalidae,Corydalus,1
2421,Driftwood,Driftwood Branch Sinnemahoning Creek,14/04/2025,Arthropoda,Insecta,Ephemeroptera,Heptageniidae,Epeorus,1
2422,Driftwood,Driftwood Branch Sinnemahoning Creek,14/04/2025,Arthropoda,Insecta,Ephemeroptera,Ephemeridae,Ephemera,1
2423,Driftwood,Driftwood Branch Sinnemahoning Creek,14/04/2025,Arthropoda,Insecta,Trichoptera,Helicopsychidae,Helicopsyche,17
2424,Driftwood,Driftwood Branch Sinnemahoning Creek,14/04/2025,Arthropoda,Insecta,Diptera,Empididae,Hemerodromia,1
2425,Driftwood,Driftwood Branch Sinnemahoning Creek,14/04/2025,NA,NA,NA,NA,Heptageniidae,1
2426,Driftwood,Driftwood Branch Sinnemahoning Creek,14/04/2025,Arthropoda,Insecta,Diptera,Tipulidae,Hexatoma,1
2427,Driftwood,Driftwood Branch Sinnemahoning Creek,14/04/2025,Arthropoda,Insecta,Trichoptera,Hydropsychidae,Hydropsyche,6
2428,Driftwood,Driftwood Branch Sinnemahoning Creek,14/04/2025,Arthropoda,Insecta,Plecoptera,Perlodidae,Isogenoides,1
2429,Driftwood,Driftwood Branch Sinnemahoning Creek,14/04/2025,Arthropoda,Insecta,Ephemeroptera,Isonychiidae,Isonychia,23
2430,Driftwood,Driftwood Branch Sinnemahoning Creek,14/04/2025,Arthropoda,Insecta,Odonata,Gomphidae,Lanthus,37
2431,Driftwood,Driftwood Branch Sinnemahoning Creek,14/04/2025,Arthropoda,Insecta,Ephemeroptera,Heptageniidae,Leucrocuta,14
2432,Driftwood,Driftwood Branch Sinnemahoning Creek,14/04/2025,Annelida,Oligochaeta,,,,3
2433,Driftwood,Driftwood Branch Sinnemahoning Creek,14/04/2025,Arthropoda,Insecta,Ephemeroptera,Heptageniidae,Maccaffertium,30
2434,Driftwood,Driftwood Branch Sinnemahoning Creek,14/04/2025,Arthropoda,Insecta,Megaloptera,Corydalidae,Nigronia,1
2435,Driftwood,Driftwood Branch Sinnemahoning Creek,14/04/2025,Arthropoda,Insecta,Coleoptera,Elmidae,Optioservus,8
2436,Driftwood,Driftwood Branch Sinnemahoning Creek,14/04/2025,Arthropoda,Insecta,Plecoptera,Perlidae,Paragnetina,20
2437,Driftwood,Driftwood Branch Sinnemahoning Creek,14/04/2025,Arthropoda,Insecta,Coleoptera,Psephenidae,Psephenus,21
2438,Driftwood,Driftwood Branch Sinnemahoning Creek,14/04/2025,Arthropoda,Insecta,Trichoptera,Odontoceridae,Psilotreta,1
2439,Driftwood,Driftwood Branch Sinnemahoning Creek,14/04/2025,Arthropoda,Insecta,Trichoptera,Rhyacophilidae,Rhyacophila,2
2440,Driftwood,Driftwood Branch Sinnemahoning Creek,14/04/2025,Arthropoda,Insecta,Ephemeroptera,Ephemerellidae,Serratella,1
2441,Driftwood,Driftwood Branch Sinnemahoning Creek,14/04/2025,Arthropoda,Insecta,Coleoptera,Elmidae,Stenelmis,4
2442,Driftwood,Driftwood Branch Sinnemahoning Creek,14/04/2025,NA,NA,NA,NA,Ephemerellidae,2
2443,Driftwood,Driftwood Branch Sinnemahoning Creek,14/04/2025,Arthropoda,Insecta,Ephemeroptera,Ephemerellidae,Ephemerella,6
2444,Driftwood,Driftwood Branch Sinnemahoning Creek,14/04/2025,Arthropoda,Insecta,Ephemeroptera,Ephemerellidae,Eurylophella,4
2445,Driftwood,Driftwood Branch Sinnemahoning Creek,14/04/2025,Arthropoda,Insecta,Ephemeroptera,Ephemerellidae,Serratella,4
2446,Driftwood,Driftwood Branch Sinnemahoning Creek,14/04/2025,Arthropoda,Insecta,Ephemeroptera,Heptageniidae,Epeorus,8
2447,Driftwood,Driftwood Branch Sinnemahoning Creek,14/04/2025,Arthropoda,Insecta,Ephemeroptera,Heptageniidae,Leucrocuta,6
2448,Driftwood,Driftwood Branch Sinnemahoning Creek,14/04/2025,Arthropoda,Insecta,Ephemeroptera,Heptageniidae,Maccaffertium,31
2449,Driftwood,Driftwood Branch Sinnemahoning Creek,14/04/2025,Arthropoda,Insecta,Ephemeroptera,Heptageniidae,Rhithrogena,1
2450,Driftwood,Driftwood Branch Sinnemahoning Creek,14/04/2025,Arthropoda,Insecta,Ephemeroptera,Isonychiidae,Isonychia,12
2451,Driftwood,Driftwood Branch Sinnemahoning Creek,14/04/2025,Arthropoda,Insecta,Ephemeroptera,Leptophlebiidae,Paraleptophlebia,18
2452,Driftwood,Driftwood Branch Sinnemahoning Creek,14/04/2025,Arthropoda,Insecta,Plecoptera,Perlidae,Acroneuria,1
2453,Driftwood,Driftwood Branch Sinnemahoning Creek,14/04/2025,Arthropoda,Insecta,Plecoptera,Perlidae,Paragnetina,3
2454,Driftwood,Driftwood Branch Sinnemahoning Creek,14/04/2025,Arthropoda,Insecta,Plecoptera,Perlodidae,Isoperla,2
2455,Driftwood,Driftwood Branch Sinnemahoning Creek,14/04/2025,NA,NA,NA,NA,Taeniopterygidae,3
2456,Driftwood,Driftwood Branch Sinnemahoning Creek,14/04/2025,Arthropoda,Insecta,Plecoptera,Taeniopterygidae,Taeniopteryx,7
2457,Driftwood,Driftwood Branch Sinnemahoning Creek,14/04/2025,Arthropoda,Insecta,Trichoptera,Apataniidae,Apatania,6
2458,Driftwood,Driftwood Branch Sinnemahoning Creek,14/04/2025,Arthropoda,Insecta,Trichoptera,Hydropsychidae,Ceratopsyche,13
2459,Driftwood,Driftwood Branch Sinnemahoning Creek,14/04/2025,Arthropoda,Insecta,Trichoptera,Hydropsychidae,Cheumatopsyche,13
2460,Driftwood,Driftwood Branch Sinnemahoning Creek,14/04/2025,Arthropoda,Insecta,Trichoptera,Lepidostomatidae,Lepidostoma,4
2461,Driftwood,Driftwood Branch Sinnemahoning Creek,14/04/2025,NA,NA,NA,NA,Limnephilidae,2
2462,Driftwood,Driftwood Branch Sinnemahoning Creek,14/04/2025,Arthropoda,Insecta,Trichoptera,Philopotamidae,Chimarra,17
2463,Driftwood,Driftwood Branch Sinnemahoning Creek,14/04/2025,Arthropoda,Insecta,Trichoptera,Uenoidae,Neophylax,4
2464,Driftwood,Driftwood Branch Sinnemahoning Creek,14/04/2025,Arthropoda,Insecta,Odonata,Coenagrionidae,Argia,1
2465,Driftwood,Driftwood Branch Sinnemahoning Creek,14/04/2025,Arthropoda,Insecta,Megaloptera,Corydalidae,Nigronia,1
2466,Driftwood,Driftwood Branch Sinnemahoning Creek,14/04/2025,Arthropoda,Insecta,Coleoptera,Elmidae,Optioservus,3
2467,Driftwood,Driftwood Branch Sinnemahoning Creek,14/04/2025,Arthropoda,Insecta,Coleoptera,Psephenidae,Psephenus,8
2468,Driftwood,Driftwood Branch Sinnemahoning Creek,14/04/2025,Arthropoda,Insecta,Diptera,Athericidae,Atherix,2
2469,Driftwood,Driftwood Branch Sinnemahoning Creek,14/04/2025,Arthropoda,Insecta,Diptera,Chironomidae,,34
2470,Driftwood,Driftwood Branch Sinnemahoning Creek,14/04/2025,Arthropoda,Insecta,Diptera,Empididae,Hemerodromia,3
2471,Driftwood,Driftwood Branch Sinnemahoning Creek,14/04/2025,Arthropoda,Insecta,Diptera,Tipulidae,Antocha,1
2472,Driftwood,Driftwood Branch Sinnemahoning Creek,14/04/2025,Annelida,Oligochaeta,,,,4
2473,Driftwood,Driftwood Branch Sinnemahoning Creek,14/04/2025,Arthropoda,Arachnida,Hydracarina,,,3
2474,Driftwood,Driftwood Branch Sinnemahoning Creek,14/04/2025,Arthropoda,Insecta,Coleoptera,Psephenidae,Psephenus,5
2475,Driftwood,Driftwood Branch Sinnemahoning Creek,14/04/2025,Arthropoda,Insecta,Diptera,Athericidae,Atherix,3
2476,Driftwood,Driftwood Branch Sinnemahoning Creek,14/04/2025,Arthropoda,Insecta,Diptera,Chironomidae,,31
2477,Driftwood,Driftwood Branch Sinnemahoning Creek,14/04/2025,Arthropoda,Insecta,Diptera,Empididae,Hemerodromia,2
2478,Driftwood,Driftwood Branch Sinnemahoning Creek,14/04/2025,Arthropoda,Insecta,Diptera,Tipulidae,Antocha,2
2479,Driftwood,Driftwood Branch Sinnemahoning Creek,14/04/2025,NA,NA,NA,NA,Nematoda,2
2480,Driftwood,Driftwood Branch Sinnemahoning Creek,14/04/2025,Platyhelminthes,Turbellaria,,,,2
2481,Driftwood,Driftwood Branch Sinnemahoning Creek,14/04/2025,Mollusca,Bivalvia,Sphaeriida,Sphaeriidae,,1
2482,Driftwood,Driftwood Branch Sinnemahoning Creek,14/04/2025,Annelida,Oligochaeta,,,,13
2483,Driftwood,Driftwood Branch Sinnemahoning Creek,14/04/2025,Arthropoda,Arachnida,Hydracarina,,,4
2484,Driftwood,Driftwood Branch Sinnemahoning Creek,14/04/2025,Arthropoda,Insecta,Ephemeroptera,Ephemerellidae,Ephemerella,4
2485,Driftwood,Driftwood Branch Sinnemahoning Creek,14/04/2025,Arthropoda,Insecta,Ephemeroptera,Ephemerellidae,Serratella,2
2486,Driftwood,Driftwood Branch Sinnemahoning Creek,14/04/2025,Arthropoda,Insecta,Ephemeroptera,Heptageniidae,Epeorus,23
2487,Driftwood,Driftwood Branch Sinnemahoning Creek,14/04/2025,Arthropoda,Insecta,Ephemeroptera,Heptageniidae,Leucrocuta,14
2488,Driftwood,Driftwood Branch Sinnemahoning Creek,14/04/2025,Arthropoda,Insecta,Ephemeroptera,Heptageniidae,Maccaffertium,31
2489,Driftwood,Driftwood Branch Sinnemahoning Creek,14/04/2025,Arthropoda,Insecta,Ephemeroptera,Isonychiidae,Isonychia,14
2490,Driftwood,Driftwood Branch Sinnemahoning Creek,14/04/2025,Arthropoda,Insecta,Ephemeroptera,Leptophlebiidae,Paraleptophlebia,7
2491,Driftwood,Driftwood Branch Sinnemahoning Creek,14/04/2025,Arthropoda,Insecta,Plecoptera,Chloroperlidae,Alloperla,2
2492,Driftwood,Driftwood Branch Sinnemahoning Creek,14/04/2025,Arthropoda,Insecta,Plecoptera,Chloroperlidae,Sweltsa,1
2493,Driftwood,Driftwood Branch Sinnemahoning Creek,14/04/2025,Arthropoda,Insecta,Plecoptera,Leuctridae,Leuctra,1
2494,Driftwood,Driftwood Branch Sinnemahoning Creek,14/04/2025,Arthropoda,Insecta,Plecoptera,Perlidae,Acroneuria,2
2495,Driftwood,Driftwood Branch Sinnemahoning Creek,14/04/2025,Arthropoda,Insecta,Plecoptera,Perlidae,Paragnetina,3
2496,Driftwood,Driftwood Branch Sinnemahoning Creek,14/04/2025,Arthropoda,Insecta,Plecoptera,Perlodidae,Isogenoides,1
2497,Driftwood,Driftwood Branch Sinnemahoning Creek,14/04/2025,Arthropoda,Insecta,Plecoptera,Perlodidae,Isoperla,2
2498,Driftwood,Driftwood Branch Sinnemahoning Creek,14/04/2025,NA,NA,NA,NA,Taeniopterygidae,2
2499,Driftwood,Driftwood Branch Sinnemahoning Creek,14/04/2025,Arthropoda,Insecta,Plecoptera,Taeniopterygidae,Taeniopteryx,6
2500,Driftwood,Driftwood Branch Sinnemahoning Creek,14/04/2025,Arthropoda,Insecta,Trichoptera,Hydropsychidae,Ceratopsyche,14
2501,Driftwood,Driftwood Branch Sinnemahoning Creek,14/04/2025,Arthropoda,Insecta,Trichoptera,Hydropsychidae,Cheumatopsyche,12
2502,Driftwood,Driftwood Branch Sinnemahoning Creek,14/04/2025,Arthropoda,Insecta,Trichoptera,Odontoceridae,Psilotreta,1
2503,Driftwood,Driftwood Branch Sinnemahoning Creek,14/04/2025,Arthropoda,Insecta,Trichoptera,Philopotamidae,Chimarra,5
2504,Driftwood,Driftwood Branch Sinnemahoning Creek,14/04/2025,Arthropoda,Insecta,Trichoptera,Philopotamidae,Dolophilodes,1
2505,Driftwood,Driftwood Branch Sinnemahoning Creek,14/04/2025,Arthropoda,Insecta,Trichoptera,Polycentropodidae,Polycentropus,1
2506,Driftwood,Driftwood Branch Sinnemahoning Creek,14/04/2025,Arthropoda,Insecta,Trichoptera,Uenoidae,Neophylax,7
2507,Driftwood,Driftwood Branch Sinnemahoning Creek,14/04/2025,NA,NA,NA,NA,Gomphidae,1
2508,Driftwood,Driftwood Branch Sinnemahoning Creek,14/04/2025,Arthropoda,Insecta,Coleoptera,Elmidae,Optioservus,2
2509,Driftwood,Driftwood Branch Sinnemahoning Creek,14/04/2025,Arthropoda,Arachnida,Hydracarina,,,2
2510,Driftwood,Driftwood Branch Sinnemahoning Creek,14/04/2025,Arthropoda,Insecta,Ephemeroptera,Caenidae,Caenis,2
2511,Driftwood,Driftwood Branch Sinnemahoning Creek,14/04/2025,Arthropoda,Insecta,Ephemeroptera,Ephemerellidae,Ephemerella,4
2512,Driftwood,Driftwood Branch Sinnemahoning Creek,14/04/2025,Arthropoda,Insecta,Ephemeroptera,Ephemerellidae,Eurylophella,4
2513,Driftwood,Driftwood Branch Sinnemahoning Creek,14/04/2025,Arthropoda,Insecta,Ephemeroptera,Ephemerellidae,Serratella,5
2514,Driftwood,Driftwood Branch Sinnemahoning Creek,14/04/2025,Arthropoda,Insecta,Ephemeroptera,Heptageniidae,Epeorus,9
2515,Driftwood,Driftwood Branch Sinnemahoning Creek,14/04/2025,Arthropoda,Insecta,Ephemeroptera,Heptageniidae,Leucrocuta,5
2516,Driftwood,Driftwood Branch Sinnemahoning Creek,14/04/2025,Arthropoda,Insecta,Ephemeroptera,Heptageniidae,Maccaffertium,30
2517,Driftwood,Driftwood Branch Sinnemahoning Creek,14/04/2025,Arthropoda,Insecta,Ephemeroptera,Heptageniidae,Stenacron,1
2518,Driftwood,Driftwood Branch Sinnemahoning Creek,14/04/2025,Arthropoda,Insecta,Ephemeroptera,Isonychiidae,Isonychia,8
2519,Driftwood,Driftwood Branch Sinnemahoning Creek,14/04/2025,Arthropoda,Insecta,Ephemeroptera,Leptophlebiidae,Paraleptophlebia,19
2520,Driftwood,Driftwood Branch Sinnemahoning Creek,14/04/2025,Arthropoda,Insecta,Plecoptera,Perlidae,Paragnetina,3
2521,Driftwood,Driftwood Branch Sinnemahoning Creek,14/04/2025,Arthropoda,Insecta,Plecoptera,Perlodidae,Isoperla,1
2522,Driftwood,Driftwood Branch Sinnemahoning Creek,14/04/2025,Arthropoda,Insecta,Trichoptera,Apataniidae,Apatania,6
2523,Driftwood,Driftwood Branch Sinnemahoning Creek,14/04/2025,Arthropoda,Insecta,Trichoptera,Hydropsychidae,Ceratopsyche,4
2524,Driftwood,Driftwood Branch Sinnemahoning Creek,14/04/2025,Arthropoda,Insecta,Trichoptera,Hydropsychidae,Cheumatopsyche,24
2525,Driftwood,Driftwood Branch Sinnemahoning Creek,14/04/2025,Arthropoda,Insecta,Trichoptera,Lepidostomatidae,Lepidostoma,1
2526,Driftwood,Driftwood Branch Sinnemahoning Creek,14/04/2025,Arthropoda,Insecta,Trichoptera,Odontoceridae,Psilotreta,6
2527,Driftwood,Driftwood Branch Sinnemahoning Creek,14/04/2025,Arthropoda,Insecta,Trichoptera,Philopotamidae,Chimarra,5
2528,Driftwood,Driftwood Branch Sinnemahoning Creek,14/04/2025,Arthropoda,Insecta,Trichoptera,Philopotamidae,Dolophilodes,1
2529,Driftwood,Driftwood Branch Sinnemahoning Creek,14/04/2025,Arthropoda,Insecta,Coleoptera,Elmidae,Optioservus,9
2530,Driftwood,Driftwood Branch Sinnemahoning Creek,14/04/2025,Arthropoda,Insecta,Coleoptera,Elmidae,Oulimnius,2
2531,Driftwood,Driftwood Branch Sinnemahoning Creek,14/04/2025,Arthropoda,Insecta,Coleoptera,Elmidae,Stenelmis,6
2532,Driftwood,Driftwood Branch Sinnemahoning Creek,14/04/2025,Arthropoda,Insecta,Coleoptera,Psephenidae,Psephenus,8
2533,Driftwood,Driftwood Branch Sinnemahoning Creek,14/04/2025,Arthropoda,Insecta,Diptera,Athericidae,Atherix,1
2534,Driftwood,Driftwood Branch Sinnemahoning Creek,14/04/2025,Arthropoda,Insecta,Diptera,Ceratopogonidae,Bezzia,1
2535,Driftwood,Driftwood Branch Sinnemahoning Creek,14/04/2025,Arthropoda,Insecta,Diptera,Chironomidae,,15
2536,Driftwood,Driftwood Branch Sinnemahoning Creek,14/04/2025,Arthropoda,Insecta,Diptera,Tipulidae,Antocha,1
2537,Driftwood,Driftwood Branch Sinnemahoning Creek,14/04/2025,Arthropoda,Insecta,Diptera,Tipulidae,Tipula,1
2538,Driftwood,Driftwood Branch Sinnemahoning Creek,14/04/2025,Platyhelminthes,Turbellaria,,,,8
2539,Driftwood,Driftwood Branch Sinnemahoning Creek,14/04/2025,Mollusca,Bivalvia,Sphaeriida,Sphaeriidae,,1
2540,Driftwood,Driftwood Branch Sinnemahoning Creek,14/04/2025,Annelida,Oligochaeta,,,,31
2541,Driftwood,Driftwood Branch Sinnemahoning Creek,14/04/2025,Arthropoda,Insecta,Diptera,Chironomidae,,27
2542,Driftwood,Driftwood Branch Sinnemahoning Creek,14/04/2025,Arthropoda,Insecta,Ephemeroptera,Baetidae,Acentrella,6
2543,Driftwood,Driftwood Branch Sinnemahoning Creek,14/04/2025,Arthropoda,Insecta,Diptera,Empididae,Hemerodromia,3
2544,Driftwood,Driftwood Branch Sinnemahoning Creek,14/04/2025,Arthropoda,Insecta,Ephemeroptera,Ephemerellidae,Serratella,2
2545,Driftwood,Driftwood Branch Sinnemahoning Creek,14/04/2025,Arthropoda,Insecta,Ephemeroptera,Ephemerellidae,Ephemerella,22
2546,Driftwood,Driftwood Branch Sinnemahoning Creek,14/04/2025,Arthropoda,Insecta,Ephemeroptera,Ephemerellidae,Drunella,44
2547,Driftwood,Driftwood Branch Sinnemahoning Creek,14/04/2025,Arthropoda,Insecta,Ephemeroptera,Heptageniidae,Leucrocuta,2
2548,Driftwood,Driftwood Branch Sinnemahoning Creek,14/04/2025,Arthropoda,Insecta,Diptera,Tipulidae,Antocha,1
2549,Driftwood,Driftwood Branch Sinnemahoning Creek,14/04/2025,Arthropoda,Insecta,Diptera,Simuliidae,Simulium,1
2550,Driftwood,Driftwood Branch Sinnemahoning Creek,14/04/2025,Arthropoda,Insecta,Diptera,Simuliidae,Prosimulium,27
2551,Driftwood,Driftwood Branch Sinnemahoning Creek,14/04/2025,Arthropoda,Insecta,Coleoptera,Elmidae,Oulimnius,1
2552,Driftwood,Driftwood Branch Sinnemahoning Creek,14/04/2025,Arthropoda,Insecta,Coleoptera,Elmidae,Stenelmis,1
2553,Driftwood,Driftwood Branch Sinnemahoning Creek,14/04/2025,Arthropoda,Insecta,Ephemeroptera,Isonychiidae,Isonychia,1
2554,Driftwood,Driftwood Branch Sinnemahoning Creek,14/04/2025,Arthropoda,Arachnida,Hydracarina,,,9
2555,Driftwood,Driftwood Branch Sinnemahoning Creek,14/04/2025,Arthropoda,Insecta,Diptera,Ceratopogonidae,Bezzia,1
2556,Driftwood,Driftwood Branch Sinnemahoning Creek,14/04/2025,Arthropoda,Insecta,Trichoptera,Polycentropodidae,Polycentropus,1
2557,Driftwood,Driftwood Branch Sinnemahoning Creek,14/04/2025,Arthropoda,Insecta,Coleoptera,Elmidae,Optioservus,1
2558,Driftwood,Driftwood Branch Sinnemahoning Creek,14/04/2025,Arthropoda,Insecta,Ephemeroptera,Heptageniidae,Epeorus,4
2559,Driftwood,Driftwood Branch Sinnemahoning Creek,14/04/2025,Arthropoda,Insecta,Ephemeroptera,Heptageniidae,Maccaffertium,2
2560,Driftwood,Driftwood Branch Sinnemahoning Creek,14/04/2025,Annelida,Oligochaeta,,,,22
2561,Driftwood,Driftwood Branch Sinnemahoning Creek,14/04/2025,Platyhelminthes,Turbellaria,,,,1
2562,Driftwood,Driftwood Branch Sinnemahoning Creek,14/04/2025,NA,NA,NA,NA,Nematoda,1
2563,Driftwood,Driftwood Branch Sinnemahoning Creek,14/04/2025,Arthropoda,Insecta,Ephemeroptera,Leptophlebiidae,Paraleptophlebia,11
2564,Driftwood,Driftwood Branch Sinnemahoning Creek,14/04/2025,Arthropoda,Insecta,Trichoptera,Philopotamidae,Chimarra,1
2565,Driftwood,Driftwood Branch Sinnemahoning Creek,14/04/2025,Arthropoda,Insecta,Trichoptera,Lepidostomatidae,Lepidostoma,1
2566,Driftwood,Driftwood Branch Sinnemahoning Creek,14/04/2025,Arthropoda,Insecta,Trichoptera,Hydroptilidae,Stactobiella,1
2567,Driftwood,Driftwood Branch Sinnemahoning Creek,14/04/2025,Arthropoda,Insecta,Trichoptera,Hydropsychidae,Cheumatopsyche,12
2568,Driftwood,Driftwood Branch Sinnemahoning Creek,14/04/2025,Arthropoda,Insecta,Plecoptera,Perlidae,Acroneuria,1
2569,Driftwood,Driftwood Branch Sinnemahoning Creek,14/04/2025,Arthropoda,Insecta,Plecoptera,Nemouridae,Amphinemura,2
2570,Driftwood,Driftwood Branch Sinnemahoning Creek,14/04/2025,Arthropoda,Insecta,Coleoptera,Psephenidae,Psephenus,3
2571,EBFC,East Branch Fishing Creek,24/04/2023,Arthropoda,Insecta,Ephemeroptera,Baetidae,Baetis,22
2572,EBFC,East Branch Fishing Creek,24/04/2023,Arthropoda,Insecta,Plecoptera,Leuctridae,Leuctra,5
2573,EBFC,East Branch Fishing Creek,24/04/2023,Arthropoda,Insecta,Trichoptera,Hydropsychidae,Hydropsyche,3
2574,EBFC,East Branch Fishing Creek,24/04/2023,Arthropoda,Insecta,Diptera,Tipulidae,Antocha,7
2575,EBFC,East Branch Fishing Creek,24/04/2023,Arthropoda,Insecta,Diptera,Ceratopogonidae,,4
2576,EBFC,East Branch Fishing Creek,24/04/2023,NA,NA,NA,NA,Chloroperlidae,1
2577,EBFC,East Branch Fishing Creek,24/04/2023,Arthropoda,Insecta,Ephemeroptera,Heptageniidae,Cinygmula,4
2578,EBFC,East Branch Fishing Creek,24/04/2023,Arthropoda,Insecta,Diptera,Tipulidae,Dicranota,1
2579,EBFC,East Branch Fishing Creek,24/04/2023,Arthropoda,Insecta,Trichoptera,Philopotamidae,Dolophilodes,2
2580,EBFC,East Branch Fishing Creek,24/04/2023,Arthropoda,Insecta,Ephemeroptera,Ephemerellidae,Drunella,2
2581,EBFC,East Branch Fishing Creek,24/04/2023,Arthropoda,Insecta,Ephemeroptera,Heptageniidae,Epeorus,12
2582,EBFC,East Branch Fishing Creek,24/04/2023,Arthropoda,Insecta,Diptera,Tipulidae,Hexatoma,3
2583,EBFC,East Branch Fishing Creek,24/04/2023,Arthropoda,Insecta,Coleoptera,Elmidae,Oulimnius,4
2584,EBFC,East Branch Fishing Creek,24/04/2023,NA,NA,NA,NA,Leptophlebiidae,1
2585,EBFC,East Branch Fishing Creek,24/04/2023,Arthropoda,Insecta,Ephemeroptera,Heptageniidae,Maccaffertium,1
2586,EBFC,East Branch Fishing Creek,24/04/2023,Arthropoda,Insecta,Trichoptera,Brachycentridae,Micrasema,1
2587,EBFC,East Branch Fishing Creek,24/04/2023,NA,NA,NA,NA,Nematoda,3
2588,EBFC,East Branch Fishing Creek,24/04/2023,Arthropoda,Insecta,Diptera,Empididae,Neoplasta,1
2589,EBFC,East Branch Fishing Creek,24/04/2023,Arthropoda,Insecta,Ephemeroptera,Ephemerellidae,Ephemerella,2
2590,EBFC,East Branch Fishing Creek,24/04/2023,Arthropoda,Insecta,Diptera,Empididae,Trichoclinocera,1
2591,EBFC,East Branch Fishing Creek,24/04/2023,Arthropoda,Insecta,Plecoptera,Chloroperlidae,Sweltsa,1
2592,EBFC,East Branch Fishing Creek,24/04/2023,Arthropoda,Insecta,Trichoptera,Rhyacophilidae,Rhyacophila,4
2593,EBFC,East Branch Fishing Creek,24/04/2023,Arthropoda,Insecta,Diptera,Simuliidae,Prosimulium,8
2594,EBFC,East Branch Fishing Creek,24/04/2023,Arthropoda,Insecta,Trichoptera,Polycentropodidae,Polycentropus,1
2595,EBFC,East Branch Fishing Creek,24/04/2023,Arthropoda,Insecta,Diptera,Chironomidae,,105
2596,EBFC,East Branch Fishing Creek,24/04/2023,Arthropoda,Insecta,Plecoptera,Perlodidae,Isoperla,7
2597,EBFC,East Branch Fishing Creek,24/04/2023,Arthropoda,Insecta,Ephemeroptera,Baetidae,Baetis,24
2598,EBFC,East Branch Fishing Creek,24/04/2023,Arthropoda,Insecta,Ephemeroptera,Ephemerellidae,Ephemerella,11
2599,EBFC,East Branch Fishing Creek,24/04/2023,Arthropoda,Insecta,Ephemeroptera,Heptageniidae,Epeorus,13
2600,EBFC,East Branch Fishing Creek,24/04/2023,Arthropoda,Insecta,Ephemeroptera,Heptageniidae,Maccaffertium,14
2601,EBFC,East Branch Fishing Creek,24/04/2023,Arthropoda,Insecta,Ephemeroptera,Heptageniidae,Stenacron,1
2602,EBFC,East Branch Fishing Creek,24/04/2023,Arthropoda,Insecta,Plecoptera,Chloroperlidae,Sweltsa,14
2603,EBFC,East Branch Fishing Creek,24/04/2023,Arthropoda,Insecta,Plecoptera,Leuctridae,Leuctra,2
2604,EBFC,East Branch Fishing Creek,24/04/2023,Arthropoda,Insecta,Plecoptera,Perlodidae,Isoperla,6
2605,EBFC,East Branch Fishing Creek,24/04/2023,Arthropoda,Insecta,Trichoptera,Apataniidae,Apatania,1
2606,EBFC,East Branch Fishing Creek,24/04/2023,Arthropoda,Insecta,Trichoptera,Glossosomatidae,Glossosoma,1
2607,EBFC,East Branch Fishing Creek,24/04/2023,Arthropoda,Insecta,Trichoptera,Hydropsychidae,Ceratopsyche,11
2608,EBFC,East Branch Fishing Creek,24/04/2023,Arthropoda,Insecta,Trichoptera,Hydropsychidae,Diplectrona,1
2609,EBFC,East Branch Fishing Creek,24/04/2023,Arthropoda,Insecta,Trichoptera,Lepidostomatidae,Lepidostoma,36
2610,EBFC,East Branch Fishing Creek,24/04/2023,Arthropoda,Insecta,Trichoptera,Odontoceridae,Psilotreta,1
2611,EBFC,East Branch Fishing Creek,24/04/2023,Arthropoda,Insecta,Trichoptera,Philopotamidae,Dolophilodes,4
2612,EBFC,East Branch Fishing Creek,24/04/2023,Arthropoda,Insecta,Trichoptera,Polycentropodidae,Polycentropus,1
2613,EBFC,East Branch Fishing Creek,24/04/2023,Arthropoda,Insecta,Trichoptera,Rhyacophilidae,Rhyacophila,6
2614,EBFC,East Branch Fishing Creek,24/04/2023,Arthropoda,Insecta,Megaloptera,Corydalidae,Nigronia,1
2615,EBFC,East Branch Fishing Creek,24/04/2023,Arthropoda,Insecta,Coleoptera,Elmidae,Oulimnius,1
2616,EBFC,East Branch Fishing Creek,24/04/2023,Arthropoda,Insecta,Diptera,Chironomidae,,42
2617,EBFC,East Branch Fishing Creek,24/04/2023,Arthropoda,Insecta,Diptera,Tipulidae,Dicranota,2
2618,EBFC,East Branch Fishing Creek,24/04/2023,Arthropoda,Insecta,Diptera,Tipulidae,Hexatoma,9
2619,EBFC,East Branch Fishing Creek,24/04/2023,Annelida,Oligochaeta,,,,1
2620,EBFC,East Branch Fishing Creek,24/04/2023,Arthropoda,Insecta,Ephemeroptera,Baetidae,Baetis,12
2621,EBFC,East Branch Fishing Creek,24/04/2023,Arthropoda,Insecta,Ephemeroptera,Ephemerellidae,Ephemerella,4
2622,EBFC,East Branch Fishing Creek,24/04/2023,Arthropoda,Insecta,Ephemeroptera,Heptageniidae,Epeorus,23
2623,EBFC,East Branch Fishing Creek,24/04/2023,Arthropoda,Insecta,Ephemeroptera,Heptageniidae,Maccaffertium,7
2624,EBFC,East Branch Fishing Creek,24/04/2023,Arthropoda,Insecta,Plecoptera,Chloroperlidae,Sweltsa,12
2625,EBFC,East Branch Fishing Creek,24/04/2023,Arthropoda,Insecta,Plecoptera,Leuctridae,Leuctra,5
2626,EBFC,East Branch Fishing Creek,24/04/2023,Arthropoda,Insecta,Plecoptera,Peltoperlidae,Tallaperla,1
2627,EBFC,East Branch Fishing Creek,24/04/2023,Arthropoda,Insecta,Plecoptera,Perlidae,Agnetina,3
2628,EBFC,East Branch Fishing Creek,24/04/2023,Arthropoda,Insecta,Plecoptera,Perlodidae,Isoperla,9
2629,EBFC,East Branch Fishing Creek,24/04/2023,NA,NA,NA,NA,Taeniopterygidae,13
2630,EBFC,East Branch Fishing Creek,24/04/2023,Arthropoda,Insecta,Trichoptera,Glossosomatidae,Glossosoma,2
2631,EBFC,East Branch Fishing Creek,24/04/2023,Arthropoda,Insecta,Trichoptera,Hydropsychidae,Ceratopsyche,4
2632,EBFC,East Branch Fishing Creek,24/04/2023,Arthropoda,Insecta,Trichoptera,Hydropsychidae,Cheumatopsyche,1
2633,EBFC,East Branch Fishing Creek,24/04/2023,Arthropoda,Insecta,Trichoptera,Lepidostomatidae,Lepidostoma,17
2634,EBFC,East Branch Fishing Creek,24/04/2023,Arthropoda,Insecta,Trichoptera,Philopotamidae,Dolophilodes,16
2635,EBFC,East Branch Fishing Creek,24/04/2023,Arthropoda,Insecta,Trichoptera,Rhyacophilidae,Rhyacophila,12
2636,EBFC,East Branch Fishing Creek,24/04/2023,Arthropoda,Insecta,Coleoptera,Elmidae,Optioservus,3
2637,EBFC,East Branch Fishing Creek,24/04/2023,Arthropoda,Insecta,Diptera,Chironomidae,,51
2638,EBFC,East Branch Fishing Creek,24/04/2023,Arthropoda,Insecta,Diptera,Empididae,Chelifera,1
2639,EBFC,East Branch Fishing Creek,24/04/2023,Arthropoda,Insecta,Diptera,Tipulidae,Dicranota,3
2640,EBFC,East Branch Fishing Creek,24/04/2023,Arthropoda,Insecta,Diptera,Tipulidae,Hexatoma,2
2641,EBFC,East Branch Fishing Creek,24/04/2023,Annelida,Oligochaeta,,,,10
2642,EBFC,East Branch Fishing Creek,24/04/2023,Arthropoda,Arachnida,Hydracarina,,,1
2643,EBFC,East Branch Fishing Creek,24/04/2023,Arthropoda,Insecta,Plecoptera,Nemouridae,Amphinemura,2
2644,EBFC,East Branch Fishing Creek,24/04/2023,Arthropoda,Insecta,Plecoptera,Peltoperlidae,Tallaperla,1
2645,EBFC,East Branch Fishing Creek,24/04/2023,Arthropoda,Insecta,Plecoptera,Perlodidae,Isogenoides,1
2646,EBFC,East Branch Fishing Creek,24/04/2023,Arthropoda,Insecta,Plecoptera,Perlodidae,Isoperla,9
2647,EBFC,East Branch Fishing Creek,24/04/2023,Arthropoda,Insecta,Plecoptera,Taeniopterygidae,Taeniopteryx,1
2648,EBFC,East Branch Fishing Creek,24/04/2023,Arthropoda,Insecta,Trichoptera,Apataniidae,Apatania,2
2649,EBFC,East Branch Fishing Creek,24/04/2023,Arthropoda,Insecta,Trichoptera,Brachycentridae,Micrasema,3
2650,EBFC,East Branch Fishing Creek,24/04/2023,Arthropoda,Insecta,Trichoptera,Hydropsychidae,Ceratopsyche,16
2651,EBFC,East Branch Fishing Creek,24/04/2023,Arthropoda,Insecta,Ephemeroptera,Baetidae,Baetis,6
2652,EBFC,East Branch Fishing Creek,24/04/2023,Arthropoda,Insecta,Trichoptera,Lepidostomatidae,Lepidostoma,15
2653,EBFC,East Branch Fishing Creek,24/04/2023,NA,NA,NA,NA,Limnephilidae,3
2654,EBFC,East Branch Fishing Creek,24/04/2023,Arthropoda,Insecta,Trichoptera,Philopotamidae,Dolophilodes,4
2655,EBFC,East Branch Fishing Creek,24/04/2023,Arthropoda,Insecta,Trichoptera,Polycentropodidae,Polycentropus,1
2656,EBFC,East Branch Fishing Creek,24/04/2023,Arthropoda,Insecta,Trichoptera,Rhyacophilidae,Rhyacophila,7
2657,EBFC,East Branch Fishing Creek,24/04/2023,Arthropoda,Insecta,Trichoptera,Uenoidae,Neophylax,2
2658,EBFC,East Branch Fishing Creek,24/04/2023,NA,NA,NA,NA,Gomphidae,1
2659,EBFC,East Branch Fishing Creek,24/04/2023,Arthropoda,Insecta,Coleoptera,Elmidae,Optioservus,2
2660,EBFC,East Branch Fishing Creek,24/04/2023,Arthropoda,Insecta,Coleoptera,Elmidae,Oulimnius,4
2661,EBFC,East Branch Fishing Creek,24/04/2023,NA,NA,NA,NA,Promoresia,2
2662,EBFC,East Branch Fishing Creek,24/04/2023,Arthropoda,Insecta,Diptera,Ceratopogonidae,,1
2663,EBFC,East Branch Fishing Creek,24/04/2023,Arthropoda,Insecta,Diptera,Chironomidae,,39
2664,EBFC,East Branch Fishing Creek,24/04/2023,Arthropoda,Insecta,Diptera,Empididae,Neoplasta,2
2665,EBFC,East Branch Fishing Creek,24/04/2023,Arthropoda,Insecta,Diptera,Tipulidae,Antocha,2
2666,EBFC,East Branch Fishing Creek,24/04/2023,Arthropoda,Insecta,Diptera,Tipulidae,Dicranota,3
2667,EBFC,East Branch Fishing Creek,24/04/2023,Annelida,Oligochaeta,,,,7
2668,EBFC,East Branch Fishing Creek,24/04/2023,Arthropoda,Arachnida,Hydracarina,,,4
2669,EBFC,East Branch Fishing Creek,24/04/2023,Arthropoda,Insecta,Ephemeroptera,Ephemerellidae,Ephemerella,21
2670,EBFC,East Branch Fishing Creek,24/04/2023,Arthropoda,Insecta,Ephemeroptera,Heptageniidae,Epeorus,43
2671,EBFC,East Branch Fishing Creek,24/04/2023,Arthropoda,Insecta,Ephemeroptera,Heptageniidae,Maccaffertium,11
2672,EBFC,East Branch Fishing Creek,24/04/2023,Arthropoda,Insecta,Plecoptera,Capniidae,Paracapnia,1
2673,EBFC,East Branch Fishing Creek,24/04/2023,Arthropoda,Insecta,Plecoptera,Chloroperlidae,Sweltsa,12
2674,EBFC,East Branch Fishing Creek,24/04/2023,Arthropoda,Insecta,Plecoptera,Leuctridae,Leuctra,4
2675,EBFC,East Branch Fishing Creek,24/04/2023,Arthropoda,Insecta,Ephemeroptera,Baetidae,Baetis,15
2676,EBFC,East Branch Fishing Creek,24/04/2023,Arthropoda,Insecta,Ephemeroptera,Ephemerellidae,Ephemerella,25
2677,EBFC,East Branch Fishing Creek,24/04/2023,Arthropoda,Insecta,Ephemeroptera,Heptageniidae,Epeorus,3
2678,EBFC,East Branch Fishing Creek,24/04/2023,Arthropoda,Insecta,Ephemeroptera,Heptageniidae,Heptagenia,1
2679,EBFC,East Branch Fishing Creek,24/04/2023,Arthropoda,Insecta,Ephemeroptera,Heptageniidae,Maccaffertium,5
2680,EBFC,East Branch Fishing Creek,24/04/2023,Arthropoda,Insecta,Plecoptera,Chloroperlidae,Sweltsa,19
2681,EBFC,East Branch Fishing Creek,24/04/2023,Arthropoda,Insecta,Plecoptera,Leuctridae,Leuctra,6
2682,EBFC,East Branch Fishing Creek,24/04/2023,Arthropoda,Insecta,Plecoptera,Nemouridae,Amphinemura,1
2683,EBFC,East Branch Fishing Creek,24/04/2023,Arthropoda,Insecta,Plecoptera,Perlidae,Agnetina,1
2684,EBFC,East Branch Fishing Creek,24/04/2023,Arthropoda,Insecta,Plecoptera,Perlidae,Paragnetina,1
2685,EBFC,East Branch Fishing Creek,24/04/2023,NA,NA,NA,NA,Perlodidae,2
2686,EBFC,East Branch Fishing Creek,24/04/2023,Arthropoda,Insecta,Plecoptera,Perlodidae,Isoperla,4
2687,EBFC,East Branch Fishing Creek,24/04/2023,Arthropoda,Insecta,Plecoptera,Taeniopterygidae,Taeniopteryx,1
2688,EBFC,East Branch Fishing Creek,24/04/2023,Arthropoda,Insecta,Trichoptera,Apataniidae,Apatania,1
2689,EBFC,East Branch Fishing Creek,24/04/2023,Arthropoda,Insecta,Trichoptera,Brachycentridae,Adicrophleps,1
2690,EBFC,East Branch Fishing Creek,24/04/2023,Arthropoda,Insecta,Trichoptera,Glossosomatidae,Glossosoma,1
2691,EBFC,East Branch Fishing Creek,24/04/2023,Arthropoda,Insecta,Trichoptera,Hydropsychidae,Ceratopsyche,12
2692,EBFC,East Branch Fishing Creek,24/04/2023,Arthropoda,Insecta,Trichoptera,Hydropsychidae,Cheumatopsyche,1
2693,EBFC,East Branch Fishing Creek,24/04/2023,Arthropoda,Insecta,Trichoptera,Lepidostomatidae,Lepidostoma,5
2694,EBFC,East Branch Fishing Creek,24/04/2023,Arthropoda,Insecta,Trichoptera,Philopotamidae,Dolophilodes,34
2695,EBFC,East Branch Fishing Creek,24/04/2023,Arthropoda,Insecta,Trichoptera,Polycentropodidae,Polycentropus,1
2696,EBFC,East Branch Fishing Creek,24/04/2023,Arthropoda,Insecta,Trichoptera,Rhyacophilidae,Rhyacophila,15
2697,EBFC,East Branch Fishing Creek,24/04/2023,Arthropoda,Insecta,Trichoptera,Uenoidae,Neophylax,1
2698,EBFC,East Branch Fishing Creek,24/04/2023,Arthropoda,Insecta,Coleoptera,Elmidae,Oulimnius,3
2699,EBFC,East Branch Fishing Creek,24/04/2023,NA,NA,NA,NA,Promoresia,1
2700,EBFC,East Branch Fishing Creek,24/04/2023,Arthropoda,Insecta,Diptera,Chironomidae,,39
2701,EBFC,East Branch Fishing Creek,24/04/2023,Arthropoda,Insecta,Diptera,Tipulidae,Dicranota,1
2702,EBFC,East Branch Fishing Creek,24/04/2023,Arthropoda,Insecta,Diptera,Tipulidae,Hexatoma,2
2703,EBFC,East Branch Fishing Creek,24/04/2023,Arthropoda,Insecta,Diptera,Tipulidae,Tipula,1
2704,EBFC,East Branch Fishing Creek,24/04/2023,NA,NA,NA,NA,Nematoda,1
2705,EBFC,East Branch Fishing Creek,24/04/2023,Annelida,Oligochaeta,,,,17
2706,EBFC,East Branch Fishing Creek,24/04/2023,Arthropoda,Insecta,Plecoptera,Chloroperlidae,Sweltsa,5
2707,EBFC,East Branch Fishing Creek,24/04/2023,Arthropoda,Insecta,Diptera,Tipulidae,Dicranota,2
2708,EBFC,East Branch Fishing Creek,24/04/2023,Arthropoda,Insecta,Plecoptera,Nemouridae,Amphinemura,20
2709,EBFC,East Branch Fishing Creek,24/04/2023,Arthropoda,Insecta,Diptera,Simuliidae,Prosimulium,19
2710,EBFC,East Branch Fishing Creek,24/04/2023,Arthropoda,Insecta,Diptera,Ceratopogonidae,Bezzia,1
2711,EBFC,East Branch Fishing Creek,24/04/2023,NA,NA,NA,NA,Promoresia,4
2712,EBFC,East Branch Fishing Creek,24/04/2023,Arthropoda,Insecta,Coleoptera,Elmidae,Oulimnius,1
2713,EBFC,East Branch Fishing Creek,24/04/2023,Arthropoda,Insecta,Trichoptera,Uenoidae,Neophylax,1
2714,EBFC,East Branch Fishing Creek,24/04/2023,Arthropoda,Insecta,Diptera,Chironomidae,,72
2715,EBFC,East Branch Fishing Creek,24/04/2023,Arthropoda,Insecta,Ephemeroptera,Baetidae,Baetis,17
2716,EBFC,East Branch Fishing Creek,24/04/2023,Arthropoda,Insecta,Ephemeroptera,Ephemerellidae,Drunella,1
2717,EBFC,East Branch Fishing Creek,24/04/2023,Arthropoda,Insecta,Ephemeroptera,Ephemerellidae,Ephemerella,4
2718,EBFC,East Branch Fishing Creek,24/04/2023,Arthropoda,Insecta,Ephemeroptera,Heptageniidae,Epeorus,21
2719,EBFC,East Branch Fishing Creek,24/04/2023,Arthropoda,Insecta,Ephemeroptera,Heptageniidae,Maccaffertium,2
2720,EBFC,East Branch Fishing Creek,24/04/2023,Arthropoda,Insecta,Plecoptera,Leuctridae,Leuctra,10
2721,EBFC,East Branch Fishing Creek,24/04/2023,Arthropoda,Insecta,Trichoptera,Lepidostomatidae,Lepidostoma,7
2722,EBFC,East Branch Fishing Creek,24/04/2023,Arthropoda,Insecta,Diptera,Empididae,Chelifera,1
2723,EBFC,East Branch Fishing Creek,24/04/2023,Arthropoda,Insecta,Diptera,Tipulidae,Antocha,1
2724,EBFC,East Branch Fishing Creek,24/04/2023,Arthropoda,Arachnida,Hydracarina,,,1
2725,EBFC,East Branch Fishing Creek,24/04/2023,Arthropoda,Insecta,Trichoptera,Philopotamidae,Dolophilodes,1
2726,EBFC,East Branch Fishing Creek,24/04/2023,Arthropoda,Insecta,Trichoptera,Hydropsychidae,Ceratopsyche,1
2727,EBFC,East Branch Fishing Creek,24/04/2023,Arthropoda,Insecta,Trichoptera,Brachycentridae,Micrasema,3
2728,EBFC,East Branch Fishing Creek,24/04/2023,Arthropoda,Insecta,Plecoptera,Perlodidae,Isoperla,3
2729,EBFC,East Branch Fishing Creek,24/04/2023,Annelida,Oligochaeta,,,,10
2730,EBFC,East Branch Fishing Creek,24/04/2023,Arthropoda,Insecta,Plecoptera,Perlidae,Paragnetina,1
2731,EBFC,East Branch Fishing Creek,24/04/2023,Arthropoda,Insecta,Plecoptera,Perlidae,Acroneuria,1
2732,EBFC,East Branch Fishing Creek,24/04/2023,Arthropoda,Insecta,Plecoptera,Nemouridae,Ostrocerca,1
2733,EBFC,East Branch Fishing Creek,24/04/2023,Arthropoda,Insecta,Trichoptera,Polycentropodidae,Polycentropus,1
2734,EBFC,East Branch Fishing Creek,24/04/2023,Arthropoda,Insecta,Diptera,Tipulidae,Dicranota,1
2735,EBFC,East Branch Fishing Creek,24/04/2023,Arthropoda,Insecta,Ephemeroptera,Ephemerellidae,Ephemerella,3
2736,EBFC,East Branch Fishing Creek,24/04/2023,Arthropoda,Insecta,Plecoptera,Nemouridae,Amphinemura,13
2737,EBFC,East Branch Fishing Creek,24/04/2023,Arthropoda,Insecta,Ephemeroptera,Heptageniidae,Cinygmula,2
2738,EBFC,East Branch Fishing Creek,24/04/2023,Arthropoda,Insecta,Ephemeroptera,Heptageniidae,Maccaffertium,1
2739,EBFC,East Branch Fishing Creek,24/04/2023,NA,NA,NA,NA,Chloroperlidae,4
2740,EBFC,East Branch Fishing Creek,24/04/2023,Arthropoda,Insecta,Plecoptera,Chloroperlidae,Alloperla,1
2741,EBFC,East Branch Fishing Creek,24/04/2023,Arthropoda,Insecta,Ephemeroptera,Baetidae,Baetis,31
2742,EBFC,East Branch Fishing Creek,24/04/2023,Arthropoda,Insecta,Plecoptera,Perlidae,Acroneuria,3
2743,EBFC,East Branch Fishing Creek,24/04/2023,Arthropoda,Insecta,Diptera,Empididae,Neoplasta,1
2744,EBFC,East Branch Fishing Creek,24/04/2023,Arthropoda,Insecta,Plecoptera,Leuctridae,Leuctra,12
2745,EBFC,East Branch Fishing Creek,24/04/2023,Annelida,Oligochaeta,,,,5
2746,EBFC,East Branch Fishing Creek,24/04/2023,NA,NA,NA,NA,Cambaridae,1
2747,EBFC,East Branch Fishing Creek,24/04/2023,Arthropoda,Insecta,Diptera,Simuliidae,Prosimulium,8
2748,EBFC,East Branch Fishing Creek,24/04/2023,Arthropoda,Insecta,Diptera,Tipulidae,Antocha,10
2749,EBFC,East Branch Fishing Creek,24/04/2023,Arthropoda,Insecta,Diptera,Ceratopogonidae,,1
2750,EBFC,East Branch Fishing Creek,24/04/2023,Arthropoda,Insecta,Ephemeroptera,Heptageniidae,Epeorus,32
2751,EBFC,East Branch Fishing Creek,24/04/2023,Arthropoda,Insecta,Plecoptera,Perlidae,Agnetina,1
2752,EBFC,East Branch Fishing Creek,24/04/2023,Arthropoda,Insecta,Diptera,Chironomidae,,46
2753,EBFC,East Branch Fishing Creek,24/04/2023,NA,NA,NA,NA,Promoresia,1
2754,EBFC,East Branch Fishing Creek,24/04/2023,Arthropoda,Insecta,Coleoptera,Elmidae,Oulimnius,10
2755,EBFC,East Branch Fishing Creek,24/04/2023,Arthropoda,Insecta,Trichoptera,Uenoidae,Neophylax,3
2756,EBFC,East Branch Fishing Creek,24/04/2023,Arthropoda,Insecta,Trichoptera,Rhyacophilidae,Rhyacophila,3
2757,EBFC,East Branch Fishing Creek,24/04/2023,Arthropoda,Insecta,Trichoptera,Polycentropodidae,Polycentropus,2
2758,EBFC,East Branch Fishing Creek,24/04/2023,Arthropoda,Insecta,Trichoptera,Lepidostomatidae,Lepidostoma,3
2759,EBFC,East Branch Fishing Creek,24/04/2023,Arthropoda,Insecta,Trichoptera,Hydropsychidae,Ceratopsyche,1
2760,EBFC,East Branch Fishing Creek,24/04/2023,Arthropoda,Insecta,Trichoptera,Brachycentridae,Micrasema,2
2761,EBFC,East Branch Fishing Creek,24/04/2023,Arthropoda,Insecta,Plecoptera,Perlodidae,Isoperla,6
2762,EBFC,East Branch Fishing Creek,24/04/2023,Arthropoda,Insecta,Plecoptera,Chloroperlidae,Sweltsa,2
2763,EBFC,East Branch Fishing Creek,24/04/2023,Arthropoda,Insecta,Plecoptera,Chloroperlidae,Alloperla,3
2764,EBFC,East Branch Fishing Creek,24/04/2023,Arthropoda,Insecta,Plecoptera,Nemouridae,Amphinemura,6
2765,EBFC,East Branch Fishing Creek,24/04/2023,Arthropoda,Insecta,Diptera,Tipulidae,Antocha,2
2766,EBFC,East Branch Fishing Creek,24/04/2023,Arthropoda,Insecta,Trichoptera,Hydropsychidae,Ceratopsyche,5
2767,EBFC,East Branch Fishing Creek,24/04/2023,Arthropoda,Insecta,Ephemeroptera,Ephemerellidae,Drunella,1
2768,EBFC,East Branch Fishing Creek,24/04/2023,Arthropoda,Insecta,Ephemeroptera,Heptageniidae,Epeorus,85
2769,EBFC,East Branch Fishing Creek,24/04/2023,Arthropoda,Insecta,Plecoptera,Leuctridae,Leuctra,7
2770,EBFC,East Branch Fishing Creek,24/04/2023,Arthropoda,Insecta,Diptera,Empididae,Neoplasta,1
2771,EBFC,East Branch Fishing Creek,24/04/2023,Annelida,Oligochaeta,,,,1
2772,EBFC,East Branch Fishing Creek,24/04/2023,Arthropoda,Insecta,Coleoptera,Elmidae,Oulimnius,2
2773,EBFC,East Branch Fishing Creek,24/04/2023,Arthropoda,Insecta,Trichoptera,Polycentropodidae,Polycentropus,3
2774,EBFC,East Branch Fishing Creek,24/04/2023,Arthropoda,Insecta,Trichoptera,Rhyacophilidae,Rhyacophila,3
2775,EBFC,East Branch Fishing Creek,24/04/2023,Arthropoda,Insecta,Ephemeroptera,Heptageniidae,Stenacron,1
2776,EBFC,East Branch Fishing Creek,24/04/2023,Arthropoda,Insecta,Plecoptera,Chloroperlidae,Sweltsa,9
2777,EBFC,East Branch Fishing Creek,24/04/2023,Arthropoda,Insecta,Ephemeroptera,Ameletidae,Ameletus,1
2778,EBFC,East Branch Fishing Creek,24/04/2023,Arthropoda,Insecta,Ephemeroptera,Baetidae,Baetis,12
2779,EBFC,East Branch Fishing Creek,24/04/2023,Arthropoda,Insecta,Diptera,Ceratopogonidae,,1
2780,EBFC,East Branch Fishing Creek,24/04/2023,Arthropoda,Insecta,Diptera,Chironomidae,,34
2781,EBFC,East Branch Fishing Creek,24/04/2023,NA,NA,NA,NA,Chloroperlidae,8
2782,EBFC,East Branch Fishing Creek,24/04/2023,Arthropoda,Insecta,Ephemeroptera,Heptageniidae,Cinygmula,2
2783,EBFC,East Branch Fishing Creek,24/04/2023,Arthropoda,Insecta,Ephemeroptera,Ephemerellidae,Ephemerella,5
2784,EBFC,East Branch Fishing Creek,24/04/2023,Arthropoda,Insecta,Diptera,Tipulidae,Hexatoma,1
2785,EBFC,East Branch Fishing Creek,24/04/2023,Arthropoda,Insecta,Trichoptera,Lepidostomatidae,Lepidostoma,3
2786,EBFC,East Branch Fishing Creek,24/04/2023,NA,NA,NA,NA,Perlodidae,3
2787,EBFC,East Branch Fishing Creek,24/04/2023,NA,NA,NA,NA,Promoresia,1
2788,EBFC,East Branch Fishing Creek,24/04/2023,Arthropoda,Insecta,Diptera,Simuliidae,Prosimulium,2
2789,EBFC,East Branch Fishing Creek,24/04/2023,Arthropoda,Insecta,Plecoptera,Taeniopterygidae,Taenionema,1
2790,EBFC,East Branch Fishing Creek,24/04/2023,Arthropoda,Insecta,Plecoptera,Nemouridae,Amphinemura,7
2791,EBFC,East Branch Fishing Creek,24/04/2023,Arthropoda,Insecta,Plecoptera,Perlidae,Acroneuria,1
2792,EBFC,East Branch Fishing Creek,24/04/2023,Arthropoda,Insecta,Plecoptera,Chloroperlidae,Sweltsa,15
2793,EBFC,East Branch Fishing Creek,24/04/2023,Arthropoda,Insecta,Plecoptera,Chloroperlidae,Alloperla,1
2794,EBFC,East Branch Fishing Creek,24/04/2023,Arthropoda,Insecta,Ephemeroptera,Ephemerellidae,Ephemerella,8
2795,EBFC,East Branch Fishing Creek,24/04/2023,Arthropoda,Insecta,Ephemeroptera,Heptageniidae,Epeorus,40
2796,EBFC,East Branch Fishing Creek,24/04/2023,Arthropoda,Insecta,Ephemeroptera,Baetidae,Baetis,26
2797,EBFC,East Branch Fishing Creek,24/04/2023,Arthropoda,Insecta,Ephemeroptera,Heptageniidae,Cinygmula,2
2798,EBFC,East Branch Fishing Creek,24/04/2023,Arthropoda,Insecta,Ephemeroptera,Baetidae,Acentrella,1
2799,EBFC,East Branch Fishing Creek,24/04/2023,Arthropoda,Insecta,Ephemeroptera,Heptageniidae,Maccaffertium,6
2800,EBFC,East Branch Fishing Creek,24/04/2023,Arthropoda,Insecta,Trichoptera,Lepidostomatidae,Lepidostoma,1
2801,EBFC,East Branch Fishing Creek,24/04/2023,Arthropoda,Insecta,Plecoptera,Perlodidae,Isoperla,1
2802,EBFC,East Branch Fishing Creek,24/04/2023,Arthropoda,Insecta,Trichoptera,Hydropsychidae,Cheumatopsyche,2
2803,EBFC,East Branch Fishing Creek,24/04/2023,NA,NA,NA,NA,Heptageniidae,1
2804,EBFC,East Branch Fishing Creek,24/04/2023,Arthropoda,Insecta,Trichoptera,Polycentropodidae,Polycentropus,1
2805,EBFC,East Branch Fishing Creek,24/04/2023,Arthropoda,Insecta,Ephemeroptera,Ameletidae,Ameletus,2
2806,EBFC,East Branch Fishing Creek,24/04/2023,Arthropoda,Insecta,Trichoptera,Hydropsychidae,Diplectrona,1
2807,EBFC,East Branch Fishing Creek,24/04/2023,Arthropoda,Insecta,Trichoptera,Uenoidae,Neophylax,1
2808,EBFC,East Branch Fishing Creek,24/04/2023,Arthropoda,Insecta,Trichoptera,Philopotamidae,Dolophilodes,4
2809,EBFC,East Branch Fishing Creek,24/04/2023,Arthropoda,Insecta,Trichoptera,Rhyacophilidae,Rhyacophila,10
2810,EBFC,East Branch Fishing Creek,24/04/2023,Arthropoda,Insecta,Trichoptera,Hydropsychidae,Hydropsyche,6
2811,EBFC,East Branch Fishing Creek,24/04/2023,Arthropoda,Insecta,Plecoptera,Leuctridae,Leuctra,16
2812,EBFC,East Branch Fishing Creek,24/04/2023,Arthropoda,Insecta,Diptera,Chironomidae,,24
2813,EBFC,East Branch Fishing Creek,24/04/2023,Arthropoda,Insecta,Diptera,Simuliidae,Prosimulium,14
2814,EBFC,East Branch Fishing Creek,24/04/2023,Arthropoda,Insecta,Diptera,Tipulidae,Hexatoma,2
2815,EBFC,East Branch Fishing Creek,24/04/2023,Arthropoda,Insecta,Odonata,Aeshnidae,Boyeria,2
2816,EBFC,East Branch Fishing Creek,24/04/2023,Arthropoda,Insecta,Coleoptera,Elmidae,Oulimnius,2
2817,EBFC,East Branch Fishing Creek,24/04/2023,Arthropoda,Insecta,Coleoptera,Elmidae,Optioservus,2
2818,EBOT 5.4,East Branch Octoraro Creek,29/04/2025,Mollusca,Bivalvia,Sphaeriida,Sphaeriidae,Sphaeriidae,1
2819,EBOT 5.4,East Branch Octoraro Creek,29/04/2025,Annelida,Oligochaeta,,,,6
2820,EBOT 5.4,East Branch Octoraro Creek,29/04/2025,Arthropoda,Insecta,Diptera,Chironomidae,,164
2821,EBOT 5.4,East Branch Octoraro Creek,29/04/2025,Arthropoda,Insecta,Ephemeroptera,Heptageniidae,Maccaffertium,2
2822,EBOT 5.4,East Branch Octoraro Creek,29/04/2025,Arthropoda,Insecta,Ephemeroptera,Caenidae,Caenis,1
2823,EBOT 5.4,East Branch Octoraro Creek,29/04/2025,Arthropoda,Insecta,Coleoptera,Elmidae,Stenelmis,8
2824,EBOT 5.4,East Branch Octoraro Creek,29/04/2025,Arthropoda,Insecta,Trichoptera,Hydroptilidae,Hydroptila,3
2825,EBOT 5.4,East Branch Octoraro Creek,29/04/2025,Arthropoda,Insecta,Ephemeroptera,Ephemerellidae,Teloganopsis,1
2826,EBOT 5.4,East Branch Octoraro Creek,29/04/2025,Arthropoda,Insecta,Trichoptera,Hydropsychidae,Hydropsyche,2
2827,EBOT 5.4,East Branch Octoraro Creek,29/04/2025,Arthropoda,Insecta,Ephemeroptera,Potamanthidae,Anthopotamus,1
2828,EBOT 5.4,East Branch Octoraro Creek,29/04/2025,Arthropoda,Malacostraca,Amphipoda,Gammaridae,Gammarus,3
2829,EBOT 5.4,East Branch Octoraro Creek,29/04/2025,Arthropoda,Insecta,Ephemeroptera,Heptageniidae,Leucrocuta,1
2830,EBOT 5.4,East Branch Octoraro Creek,29/04/2025,Mollusca,Gastropoda,Basommatophora,Physidae,Physella,7
2831,EBOT 5.4,East Branch Octoraro Creek,29/04/2025,Arthropoda,Insecta,Trichoptera,Leptoceridae,Oecetis,3
2832,EBOT 5.4,East Branch Octoraro Creek,29/04/2025,Arthropoda,Insecta,Ephemeroptera,Baetidae,Iswaeon,7
2833,EBOT 5.4,East Branch Octoraro Creek,29/04/2025,Arthropoda,Arachnida,Hydracarina,,,1
2834,EBOT 5.4,East Branch Octoraro Creek,29/04/2025,Arthropoda,Insecta,Ephemeroptera,Ephemerellidae,Teloganopsis,3
2835,EBOT 5.4,East Branch Octoraro Creek,29/04/2025,Arthropoda,Insecta,Coleoptera,Elmidae,Stenelmis,33
2836,EBOT 5.4,East Branch Octoraro Creek,29/04/2025,Arthropoda,Insecta,Diptera,Simuliidae,Simulium,1
2837,EBOT 5.4,East Branch Octoraro Creek,29/04/2025,Arthropoda,Insecta,Coleoptera,Psephenidae,Psephenus,3
2838,EBOT 5.4,East Branch Octoraro Creek,29/04/2025,Nemertea,Enopla,Hoplonemertea,Tetrastemmatidae,Prostoma,2
2839,EBOT 5.4,East Branch Octoraro Creek,29/04/2025,Arthropoda,Insecta,Ephemeroptera,Baetidae,Plauditus,3
2840,EBOT 5.4,East Branch Octoraro Creek,29/04/2025,Arthropoda,Insecta,Plecoptera,Perlidae,Perlesta,1
2841,EBOT 5.4,East Branch Octoraro Creek,29/04/2025,Arthropoda,Insecta,Coleoptera,Elmidae,Oulimnius,1
2842,EBOT 5.4,East Branch Octoraro Creek,29/04/2025,Annelida,Oligochaeta,,,,26
2843,EBOT 5.4,East Branch Octoraro Creek,29/04/2025,Arthropoda,Insecta,Odonata,Coenagrionidae,Argia,1
2844,EBOT 5.4,East Branch Octoraro Creek,29/04/2025,NA,NA,NA,NA,Nematoda,1
2845,EBOT 5.4,East Branch Octoraro Creek,29/04/2025,Arthropoda,Insecta,Ephemeroptera,Heptageniidae,Maccaffertium,8
2846,EBOT 5.4,East Branch Octoraro Creek,29/04/2025,Arthropoda,Insecta,Ephemeroptera,Heptageniidae,Leucrocuta,5
2847,EBOT 5.4,East Branch Octoraro Creek,29/04/2025,Arthropoda,Insecta,Trichoptera,Lepidostomatidae,Lepidostoma,2
2848,EBOT 5.4,East Branch Octoraro Creek,29/04/2025,Arthropoda,Insecta,Trichoptera,Helicopsychidae,Helicopsyche,2
2849,EBOT 5.4,East Branch Octoraro Creek,29/04/2025,Mollusca,Bivalvia,Veneroida,Corbiculidae,Corbicula,2
2850,EBOT 5.4,East Branch Octoraro Creek,29/04/2025,Arthropoda,Insecta,Diptera,Chironomidae,,72
2851,EBOT 5.4,East Branch Octoraro Creek,29/04/2025,Arthropoda,Insecta,Trichoptera,Philopotamidae,Chimarra,1
2852,EBOT 5.4,East Branch Octoraro Creek,29/04/2025,Arthropoda,Insecta,Ephemeroptera,Caenidae,Caenis,6
2853,EBOT 5.4,East Branch Octoraro Creek,29/04/2025,Arthropoda,Insecta,Ephemeroptera,Baetidae,Baetis,29
2854,EBOT 5.4,East Branch Octoraro Creek,29/04/2025,Arthropoda,Insecta,Coleoptera,Elmidae,Optioservus,1
2855,EBOT 5.4,East Branch Octoraro Creek,29/04/2025,Arthropoda,Malacostraca,Amphipoda,Gammaridae,Gammarus,4
2856,EBOT 5.4,East Branch Octoraro Creek,29/04/2025,Arthropoda,Insecta,Ephemeroptera,Potamanthidae,Anthopotamus,3
2857,EBOT 5.4,East Branch Octoraro Creek,29/04/2025,Arthropoda,Malacostraca,Isopoda,Asellidae,Caecidotea,1
2858,EBOT 5.4,East Branch Octoraro Creek,29/04/2025,Arthropoda,Insecta,Ephemeroptera,Caenidae,Caenis,20
2859,EBOT 5.4,East Branch Octoraro Creek,29/04/2025,Arthropoda,Insecta,Diptera,Ceratopogonidae,,1
2860,EBOT 5.4,East Branch Octoraro Creek,29/04/2025,Arthropoda,Insecta,Diptera,Chironomidae,,74
2861,EBOT 5.4,East Branch Octoraro Creek,29/04/2025,Mollusca,Bivalvia,Veneroida,Corbiculidae,Corbicula,2
2862,EBOT 5.4,East Branch Octoraro Creek,29/04/2025,Arthropoda,Malacostraca,Amphipoda,Crangonyctidae,Crangonyx,1
2863,EBOT 5.4,East Branch Octoraro Creek,29/04/2025,Arthropoda,Insecta,Coleoptera,Elmidae,Dubiraphia,1
2864,EBOT 5.4,East Branch Octoraro Creek,29/04/2025,Annelida,Clitellata,Hirudinida,Erpobdellidae,Erpobdella,1
2865,EBOT 5.4,East Branch Octoraro Creek,29/04/2025,Arthropoda,Malacostraca,Amphipoda,Gammaridae,Gammarus,3
2866,EBOT 5.4,East Branch Octoraro Creek,29/04/2025,Arthropoda,Insecta,Trichoptera,Helicopsychidae,Helicopsyche,11
2867,EBOT 5.4,East Branch Octoraro Creek,29/04/2025,Arthropoda,Insecta,Diptera,Empididae,Hemerodromia,1
2868,EBOT 5.4,East Branch Octoraro Creek,29/04/2025,Arthropoda,Insecta,Trichoptera,Hydropsychidae,Hydropsyche,5
2869,EBOT 5.4,East Branch Octoraro Creek,29/04/2025,Arthropoda,Insecta,Trichoptera,Hydroptilidae,Hydroptila,1
2870,EBOT 5.4,East Branch Octoraro Creek,29/04/2025,Arthropoda,Insecta,Ephemeroptera,Heptageniidae,Leucrocuta,1
2871,EBOT 5.4,East Branch Octoraro Creek,29/04/2025,Arthropoda,Insecta,Ephemeroptera,Heptageniidae,Maccaffertium,4
2872,EBOT 5.4,East Branch Octoraro Creek,29/04/2025,Arthropoda,Insecta,Trichoptera,Leptoceridae,Mystacides,5
2873,EBOT 5.4,East Branch Octoraro Creek,29/04/2025,NA,NA,NA,NA,Nematoda,1
2874,EBOT 5.4,East Branch Octoraro Creek,29/04/2025,Annelida,Oligochaeta,,,,8
2875,EBOT 5.4,East Branch Octoraro Creek,29/04/2025,Arthropoda,Insecta,Coleoptera,Psephenidae,Psephenus,4
2876,EBOT 5.4,East Branch Octoraro Creek,29/04/2025,Arthropoda,Insecta,Diptera,Simuliidae,Simulium,2
2877,EBOT 5.4,East Branch Octoraro Creek,29/04/2025,Mollusca,Bivalvia,Sphaeriida,Sphaeriidae,,3
2878,EBOT 5.4,East Branch Octoraro Creek,29/04/2025,Arthropoda,Insecta,Coleoptera,Elmidae,Stenelmis,66
2879,EBOT 5.4,East Branch Octoraro Creek,29/04/2025,Arthropoda,Insecta,Ephemeroptera,Ephemerellidae,Teloganopsis,8
2880,EBOT 5.4,East Branch Octoraro Creek,29/04/2025,Arthropoda,Arachnida,Hydracarina,,,1
2881,EBWC 0.1,East Branch Wyalusing Creek,12/04/2016,Arthropoda,Insecta,Ephemeroptera,Baetidae,Acentrella,5
2882,EBWC 0.1,East Branch Wyalusing Creek,12/04/2016,Arthropoda,Insecta,Ephemeroptera,Baetidae,Baetis,3
2883,EBWC 0.1,East Branch Wyalusing Creek,12/04/2016,Arthropoda,Insecta,Ephemeroptera,Baetidae,Plauditus,4
2884,EBWC 0.1,East Branch Wyalusing Creek,12/04/2016,Arthropoda,Insecta,Ephemeroptera,Ephemerellidae,Ephemerella,7
2885,EBWC 0.1,East Branch Wyalusing Creek,12/04/2016,Arthropoda,Insecta,Ephemeroptera,Ephemerellidae,Eurylophella,2
2886,EBWC 0.1,East Branch Wyalusing Creek,12/04/2016,Arthropoda,Insecta,Ephemeroptera,Ephemerellidae,Serratella,4
2887,EBWC 0.1,East Branch Wyalusing Creek,12/04/2016,Arthropoda,Insecta,Ephemeroptera,Heptageniidae,Leucrocuta,3
2888,EBWC 0.1,East Branch Wyalusing Creek,12/04/2016,Arthropoda,Insecta,Ephemeroptera,Heptageniidae,Maccaffertium,15
2889,EBWC 0.1,East Branch Wyalusing Creek,12/04/2016,Arthropoda,Insecta,Ephemeroptera,Heptageniidae,Stenacron,1
2890,EBWC 0.1,East Branch Wyalusing Creek,12/04/2016,Arthropoda,Insecta,Ephemeroptera,Isonychiidae,Isonychia,43
2891,EBWC 0.1,East Branch Wyalusing Creek,12/04/2016,Arthropoda,Insecta,Ephemeroptera,Leptophlebiidae,Paraleptophlebia,1
2892,EBWC 0.1,East Branch Wyalusing Creek,12/04/2016,Arthropoda,Insecta,Plecoptera,Perlidae,Acroneuria,1
2893,EBWC 0.1,East Branch Wyalusing Creek,12/04/2016,Arthropoda,Insecta,Plecoptera,Perlidae,Paragnetina,1
2894,EBWC 0.1,East Branch Wyalusing Creek,12/04/2016,Arthropoda,Insecta,Plecoptera,Taeniopterygidae,Taeniopteryx,1
2895,EBWC 0.1,East Branch Wyalusing Creek,12/04/2016,Arthropoda,Insecta,Trichoptera,Hydropsychidae,Ceratopsyche,25
2896,EBWC 0.1,East Branch Wyalusing Creek,12/04/2016,Arthropoda,Insecta,Trichoptera,Hydropsychidae,Cheumatopsyche,25
2897,EBWC 0.1,East Branch Wyalusing Creek,12/04/2016,Arthropoda,Insecta,Trichoptera,Philopotamidae,Chimarra,5
2898,EBWC 0.1,East Branch Wyalusing Creek,12/04/2016,Arthropoda,Insecta,Trichoptera,Polycentropodidae,Polycentropus,1
2899,EBWC 0.1,East Branch Wyalusing Creek,12/04/2016,Arthropoda,Insecta,Odonata,Coenagrionidae,Argia,1
2900,EBWC 0.1,East Branch Wyalusing Creek,12/04/2016,NA,NA,NA,NA,Gomphidae,1
2901,EBWC 0.1,East Branch Wyalusing Creek,12/04/2016,Arthropoda,Insecta,Coleoptera,Elmidae,Optioservus,6
2902,EBWC 0.1,East Branch Wyalusing Creek,12/04/2016,Arthropoda,Insecta,Coleoptera,Elmidae,Oulimnius,2
2903,EBWC 0.1,East Branch Wyalusing Creek,12/04/2016,Arthropoda,Insecta,Coleoptera,Elmidae,Stenelmis,3
2904,EBWC 0.1,East Branch Wyalusing Creek,12/04/2016,Arthropoda,Insecta,Coleoptera,Psephenidae,Psephenus,16
2905,EBWC 0.1,East Branch Wyalusing Creek,12/04/2016,Arthropoda,Insecta,Diptera,Athericidae,Atherix,2
2906,EBWC 0.1,East Branch Wyalusing Creek,12/04/2016,Arthropoda,Insecta,Diptera,Chironomidae,,27
2907,EBWC 0.1,East Branch Wyalusing Creek,12/04/2016,Arthropoda,Insecta,Diptera,Tipulidae,Antocha,5
2908,EBWC 0.1,East Branch Wyalusing Creek,12/04/2016,Platyhelminthes,Turbellaria,,,,3
2909,EBWC 0.1,East Branch Wyalusing Creek,12/04/2016,Annelida,Oligochaeta,,,,2
2910,EBWC 0.1,East Branch Wyalusing Creek,12/04/2016,Arthropoda,Arachnida,Hydracarina,,,5
2911,EBWC 0.1,East Branch Wyalusing Creek,12/04/2016,Arthropoda,Insecta,Ephemeroptera,Ephemerellidae,Ephemerella,11
2912,EBWC 0.1,East Branch Wyalusing Creek,12/04/2016,Arthropoda,Insecta,Ephemeroptera,Ephemerellidae,Serratella,9
2913,EBWC 0.1,East Branch Wyalusing Creek,12/04/2016,Arthropoda,Insecta,Ephemeroptera,Heptageniidae,Leucrocuta,1
2914,EBWC 0.1,East Branch Wyalusing Creek,12/04/2016,Arthropoda,Insecta,Ephemeroptera,Heptageniidae,Maccaffertium,9
2915,EBWC 0.1,East Branch Wyalusing Creek,12/04/2016,Arthropoda,Insecta,Ephemeroptera,Isonychiidae,Isonychia,40
2916,EBWC 0.1,East Branch Wyalusing Creek,12/04/2016,Arthropoda,Insecta,Plecoptera,Capniidae,Paracapnia,1
2917,EBWC 0.1,East Branch Wyalusing Creek,12/04/2016,Arthropoda,Insecta,Plecoptera,Perlidae,Acroneuria,4
2918,EBWC 0.1,East Branch Wyalusing Creek,12/04/2016,Arthropoda,Insecta,Plecoptera,Perlidae,Paragnetina,2
2919,EBWC 0.1,East Branch Wyalusing Creek,12/04/2016,NA,NA,NA,NA,Taeniopterygidae,2
2920,EBWC 0.1,East Branch Wyalusing Creek,12/04/2016,Arthropoda,Insecta,Plecoptera,Taeniopterygidae,Taeniopteryx,15
2921,EBWC 0.1,East Branch Wyalusing Creek,12/04/2016,Arthropoda,Insecta,Trichoptera,Glossosomatidae,Glossosoma,1
2922,EBWC 0.1,East Branch Wyalusing Creek,12/04/2016,Arthropoda,Insecta,Trichoptera,Hydropsychidae,Ceratopsyche,44
2923,EBWC 0.1,East Branch Wyalusing Creek,12/04/2016,Arthropoda,Insecta,Trichoptera,Hydropsychidae,Cheumatopsyche,15
2924,EBWC 0.1,East Branch Wyalusing Creek,12/04/2016,Arthropoda,Insecta,Trichoptera,Hydroptilidae,Leucotrichia,3
2925,EBWC 0.1,East Branch Wyalusing Creek,12/04/2016,Arthropoda,Insecta,Trichoptera,Limnephilidae,Pycnopsyche,1
2926,EBWC 0.1,East Branch Wyalusing Creek,12/04/2016,Arthropoda,Insecta,Trichoptera,Philopotamidae,Chimarra,2
2927,EBWC 0.1,East Branch Wyalusing Creek,12/04/2016,Arthropoda,Insecta,Trichoptera,Polycentropodidae,Neureclipsis,1
2928,EBWC 0.1,East Branch Wyalusing Creek,12/04/2016,Arthropoda,Insecta,Trichoptera,Psychomyiidae,Psychomyia,1
2929,EBWC 0.1,East Branch Wyalusing Creek,12/04/2016,Arthropoda,Insecta,Odonata,Coenagrionidae,Argia,1
2930,EBWC 0.1,East Branch Wyalusing Creek,12/04/2016,Arthropoda,Insecta,Megaloptera,Corydalidae,Corydalus,1
2931,EBWC 0.1,East Branch Wyalusing Creek,12/04/2016,Arthropoda,Insecta,Coleoptera,Elmidae,Optioservus,11
2932,EBWC 0.1,East Branch Wyalusing Creek,12/04/2016,Arthropoda,Insecta,Coleoptera,Elmidae,Stenelmis,3
2933,EBWC 0.1,East Branch Wyalusing Creek,12/04/2016,Arthropoda,Insecta,Coleoptera,Psephenidae,Psephenus,4
2934,EBWC 0.1,East Branch Wyalusing Creek,12/04/2016,Arthropoda,Insecta,Diptera,Chironomidae,,19
2935,EBWC 0.1,East Branch Wyalusing Creek,12/04/2016,Arthropoda,Insecta,Diptera,Empididae,Hemerodromia,1
2936,EBWC 0.1,East Branch Wyalusing Creek,12/04/2016,Arthropoda,Insecta,Diptera,Tipulidae,Antocha,4
2937,EBWC 0.1,East Branch Wyalusing Creek,12/04/2016,NA,NA,NA,NA,Nemertea,4
2938,EBWC 0.1,East Branch Wyalusing Creek,12/04/2016,NA,NA,NA,NA,Nematoda,1
2939,EBWC 0.1,East Branch Wyalusing Creek,12/04/2016,Annelida,Oligochaeta,,,,1
2940,EBWC 0.1,East Branch Wyalusing Creek,12/04/2016,Arthropoda,Arachnida,Hydracarina,,,9
2941,EBWC 0.1,East Branch Wyalusing Creek,12/04/2016,Arthropoda,Insecta,Ephemeroptera,Ephemerellidae,Ephemerella,25
2942,EBWC 0.1,East Branch Wyalusing Creek,12/04/2016,Arthropoda,Insecta,Ephemeroptera,Ephemerellidae,Eurylophella,2
2943,EBWC 0.1,East Branch Wyalusing Creek,12/04/2016,Arthropoda,Insecta,Ephemeroptera,Ephemerellidae,Serratella,35
2944,EBWC 0.1,East Branch Wyalusing Creek,12/04/2016,Arthropoda,Insecta,Ephemeroptera,Heptageniidae,Leucrocuta,14
2945,EBWC 0.1,East Branch Wyalusing Creek,12/04/2016,Arthropoda,Insecta,Ephemeroptera,Heptageniidae,Maccaffertium,27
2946,EBWC 0.1,East Branch Wyalusing Creek,12/04/2016,Arthropoda,Insecta,Ephemeroptera,Isonychiidae,Isonychia,21
2947,EBWC 0.1,East Branch Wyalusing Creek,12/04/2016,Arthropoda,Insecta,Ephemeroptera,Leptophlebiidae,Paraleptophlebia,1
2948,EBWC 0.1,East Branch Wyalusing Creek,12/04/2016,Arthropoda,Insecta,Plecoptera,Capniidae,Allocapnia,1
2949,EBWC 0.1,East Branch Wyalusing Creek,12/04/2016,Arthropoda,Insecta,Plecoptera,Perlidae,Acroneuria,2
2950,EBWC 0.1,East Branch Wyalusing Creek,12/04/2016,Arthropoda,Insecta,Plecoptera,Perlidae,Paragnetina,2
2951,EBWC 0.1,East Branch Wyalusing Creek,12/04/2016,Arthropoda,Insecta,Plecoptera,Taeniopterygidae,Taeniopteryx,7
2952,EBWC 0.1,East Branch Wyalusing Creek,12/04/2016,Arthropoda,Insecta,Trichoptera,Glossosomatidae,Glossosoma,1
2953,EBWC 0.1,East Branch Wyalusing Creek,12/04/2016,Arthropoda,Insecta,Trichoptera,Hydropsychidae,Ceratopsyche,18
2954,EBWC 0.1,East Branch Wyalusing Creek,12/04/2016,Arthropoda,Insecta,Trichoptera,Hydropsychidae,Cheumatopsyche,22
2955,EBWC 0.1,East Branch Wyalusing Creek,12/04/2016,Arthropoda,Insecta,Ephemeroptera,Baetidae,Acentrella,2
2956,EBWC 0.1,East Branch Wyalusing Creek,12/04/2016,NA,NA,NA,NA,Limnephilidae,1
2957,EBWC 0.1,East Branch Wyalusing Creek,12/04/2016,Arthropoda,Insecta,Trichoptera,Philopotamidae,Chimarra,5
2958,EBWC 0.1,East Branch Wyalusing Creek,12/04/2016,Arthropoda,Insecta,Odonata,Coenagrionidae,Argia,1
2959,EBWC 0.1,East Branch Wyalusing Creek,12/04/2016,Arthropoda,Insecta,Megaloptera,Corydalidae,Corydalus,1
2960,EBWC 0.1,East Branch Wyalusing Creek,12/04/2016,Arthropoda,Insecta,Coleoptera,Elmidae,Optioservus,10
2961,EBWC 0.1,East Branch Wyalusing Creek,12/04/2016,Arthropoda,Insecta,Coleoptera,Elmidae,Stenelmis,3
2962,EBWC 0.1,East Branch Wyalusing Creek,12/04/2016,Arthropoda,Insecta,Coleoptera,Psephenidae,Ectopria,1
2963,EBWC 0.1,East Branch Wyalusing Creek,12/04/2016,Arthropoda,Insecta,Coleoptera,Psephenidae,Psephenus,10
2964,EBWC 0.1,East Branch Wyalusing Creek,12/04/2016,Arthropoda,Insecta,Diptera,Athericidae,Atherix,1
2965,EBWC 0.1,East Branch Wyalusing Creek,12/04/2016,Arthropoda,Insecta,Diptera,Chironomidae,,6
2966,EBWC 0.1,East Branch Wyalusing Creek,12/04/2016,Arthropoda,Insecta,Diptera,Tipulidae,Antocha,3
2967,EBWC 0.1,East Branch Wyalusing Creek,12/04/2016,Platyhelminthes,Turbellaria,,,,6
2968,EBWC 0.1,East Branch Wyalusing Creek,12/04/2016,Mollusca,Bivalvia,Sphaeriida,Sphaeriidae,,1
2969,EBWC 0.1,East Branch Wyalusing Creek,12/04/2016,Annelida,Oligochaeta,,,,4
2970,EBWC 0.1,East Branch Wyalusing Creek,12/04/2016,Arthropoda,Arachnida,Hydracarina,,,3
2971,EBWC 0.1,East Branch Wyalusing Creek,12/04/2016,NA,NA,NA,NA,Hydracarina,25
2972,EBWC 0.1,East Branch Wyalusing Creek,12/04/2016,Arthropoda,Insecta,Ephemeroptera,Ephemerellidae,Ephemerella,6
2973,EBWC 0.1,East Branch Wyalusing Creek,12/04/2016,Arthropoda,Insecta,Ephemeroptera,Ephemerellidae,Serratella,19
2974,EBWC 0.1,East Branch Wyalusing Creek,12/04/2016,Arthropoda,Insecta,Ephemeroptera,Heptageniidae,Leucrocuta,7
2975,EBWC 0.1,East Branch Wyalusing Creek,12/04/2016,Arthropoda,Insecta,Ephemeroptera,Heptageniidae,Maccaffertium,10
2976,EBWC 0.1,East Branch Wyalusing Creek,12/04/2016,Arthropoda,Insecta,Ephemeroptera,Isonychiidae,Isonychia,48
2977,EBWC 0.1,East Branch Wyalusing Creek,12/04/2016,Arthropoda,Insecta,Plecoptera,Perlidae,Acroneuria,2
2978,EBWC 0.1,East Branch Wyalusing Creek,12/04/2016,Arthropoda,Insecta,Plecoptera,Perlidae,Paragnetina,1
2979,EBWC 0.1,East Branch Wyalusing Creek,12/04/2016,Arthropoda,Insecta,Plecoptera,Taeniopterygidae,Taeniopteryx,2
2980,EBWC 0.1,East Branch Wyalusing Creek,12/04/2016,Arthropoda,Insecta,Trichoptera,Hydropsychidae,Ceratopsyche,17
2981,EBWC 0.1,East Branch Wyalusing Creek,12/04/2016,Arthropoda,Insecta,Trichoptera,Hydropsychidae,Cheumatopsyche,29
2982,EBWC 0.1,East Branch Wyalusing Creek,12/04/2016,Arthropoda,Insecta,Trichoptera,Hydroptilidae,Hydroptila,3
2983,EBWC 0.1,East Branch Wyalusing Creek,12/04/2016,Arthropoda,Insecta,Trichoptera,Philopotamidae,Chimarra,2
2984,EBWC 0.1,East Branch Wyalusing Creek,12/04/2016,Arthropoda,Insecta,Odonata,Coenagrionidae,Argia,2
2985,EBWC 0.1,East Branch Wyalusing Creek,12/04/2016,Arthropoda,Insecta,Coleoptera,Elmidae,Optioservus,15
2986,EBWC 0.1,East Branch Wyalusing Creek,12/04/2016,Arthropoda,Insecta,Coleoptera,Elmidae,Stenelmis,1
2987,EBWC 0.1,East Branch Wyalusing Creek,12/04/2016,Arthropoda,Insecta,Coleoptera,Psephenidae,Psephenus,14
2988,EBWC 0.1,East Branch Wyalusing Creek,12/04/2016,Arthropoda,Insecta,Diptera,Athericidae,Atherix,1
2989,EBWC 0.1,East Branch Wyalusing Creek,12/04/2016,Arthropoda,Insecta,Diptera,Chironomidae,,17
2990,EBWC 0.1,East Branch Wyalusing Creek,12/04/2016,Arthropoda,Insecta,Diptera,Empididae,Hemerodromia,4
2991,EBWC 0.1,East Branch Wyalusing Creek,12/04/2016,Arthropoda,Insecta,Diptera,Empididae,Roederiodes,1
2992,EBWC 0.1,East Branch Wyalusing Creek,12/04/2016,Arthropoda,Insecta,Diptera,Tipulidae,Antocha,1
2993,EBWC 0.1,East Branch Wyalusing Creek,12/04/2016,NA,NA,NA,NA,Nemertea,1
2994,EBWC 0.1,East Branch Wyalusing Creek,12/04/2016,NA,NA,NA,NA,Nematoda,2
2995,EBWC 0.1,East Branch Wyalusing Creek,12/04/2016,Platyhelminthes,Turbellaria,,,,1
2996,EBWC 0.1,East Branch Wyalusing Creek,12/04/2016,Arthropoda,Malacostraca,Amphipoda,Crangonyctidae,Crangonyx,1
2997,EBWC 0.1,East Branch Wyalusing Creek,12/04/2016,Arthropoda,Insecta,Ephemeroptera,Heptageniidae,Maccaffertium,12
2998,EBWC 0.1,East Branch Wyalusing Creek,12/04/2016,Arthropoda,Insecta,Ephemeroptera,Heptageniidae,Stenacron,18
2999,EBWC 0.1,East Branch Wyalusing Creek,12/04/2016,Arthropoda,Insecta,Ephemeroptera,Ephemerellidae,Drunella,3
3000,EBWC 0.1,East Branch Wyalusing Creek,12/04/2016,Arthropoda,Insecta,Ephemeroptera,Heptageniidae,Leucrocuta,20
3001,EBWC 0.1,East Branch Wyalusing Creek,12/04/2016,Arthropoda,Insecta,Ephemeroptera,Ephemeridae,Ephemera,2
3002,EBWC 0.1,East Branch Wyalusing Creek,12/04/2016,Arthropoda,Insecta,Ephemeroptera,Ephemerellidae,Serratella,4
3003,EBWC 0.1,East Branch Wyalusing Creek,12/04/2016,Arthropoda,Insecta,Diptera,Tipulidae,Antocha,1
3004,EBWC 0.1,East Branch Wyalusing Creek,12/04/2016,Arthropoda,Insecta,Ephemeroptera,Ephemerellidae,Ephemerella,7
3005,EBWC 0.1,East Branch Wyalusing Creek,12/04/2016,Arthropoda,Insecta,Ephemeroptera,Caenidae,Caenis,2
3006,EBWC 0.1,East Branch Wyalusing Creek,12/04/2016,Arthropoda,Insecta,Ephemeroptera,Leptophlebiidae,Paraleptophlebia,1
3007,EBWC 0.1,East Branch Wyalusing Creek,12/04/2016,Arthropoda,Malacostraca,Amphipoda,Crangonyctidae,Crangonyx,3
3008,EBWC 0.1,East Branch Wyalusing Creek,12/04/2016,Arthropoda,Insecta,Ephemeroptera,Ephemerellidae,Eurylophella,5
3009,EBWC 0.1,East Branch Wyalusing Creek,12/04/2016,Arthropoda,Insecta,Plecoptera,Nemouridae,Amphinemura,1
3010,EBWC 0.1,East Branch Wyalusing Creek,12/04/2016,Arthropoda,Arachnida,Hydracarina,,,9
3011,EBWC 0.1,East Branch Wyalusing Creek,12/04/2016,Arthropoda,Insecta,Ephemeroptera,Isonychiidae,Isonychia,12
3012,EBWC 0.1,East Branch Wyalusing Creek,12/04/2016,Arthropoda,Insecta,Diptera,Chironomidae,,90
3013,EBWC 0.1,East Branch Wyalusing Creek,12/04/2016,Arthropoda,Insecta,Plecoptera,Nemouridae,Prostoia,1
3014,EBWC 0.1,East Branch Wyalusing Creek,12/04/2016,Arthropoda,Insecta,Coleoptera,Elmidae,Optioservus,3
3015,EBWC 0.1,East Branch Wyalusing Creek,12/04/2016,Platyhelminthes,Turbellaria,,,,2
3016,EBWC 0.1,East Branch Wyalusing Creek,12/04/2016,Arthropoda,Insecta,Coleoptera,Psephenidae,Psephenus,8
3017,EBWC 0.1,East Branch Wyalusing Creek,12/04/2016,Annelida,Oligochaeta,,,,4
3018,EBWC 0.1,East Branch Wyalusing Creek,12/04/2016,Arthropoda,Insecta,Trichoptera,Polycentropodidae,Polycentropus,1
3019,EBWC 0.1,East Branch Wyalusing Creek,12/04/2016,Arthropoda,Insecta,Trichoptera,Philopotamidae,Chimarra,1
3020,EBWC 0.1,East Branch Wyalusing Creek,12/04/2016,Arthropoda,Insecta,Trichoptera,Hydropsychidae,Cheumatopsyche,5
3021,EBWC 0.1,East Branch Wyalusing Creek,12/04/2016,Arthropoda,Insecta,Trichoptera,Hydropsychidae,Ceratopsyche,1
3022,EBWC 0.1,East Branch Wyalusing Creek,12/04/2016,Arthropoda,Insecta,Diptera,Empididae,Clinocera,3
3023,East Fork,East Fork First Fork Sinnemahoning Creek,26/04/2023,Arthropoda,Insecta,Trichoptera,Hydropsychidae,Cheumatopsyche,4
3024,East Fork,East Fork First Fork Sinnemahoning Creek,26/04/2023,Arthropoda,Insecta,Plecoptera,Perlodidae,Isoperla,2
3025,East Fork,East Fork First Fork Sinnemahoning Creek,26/04/2023,NA,NA,NA,NA,Leptophlebiidae,5
3026,East Fork,East Fork First Fork Sinnemahoning Creek,26/04/2023,Arthropoda,Insecta,Plecoptera,Leuctridae,Leuctra,8
3027,East Fork,East Fork First Fork Sinnemahoning Creek,26/04/2023,Arthropoda,Insecta,Ephemeroptera,Heptageniidae,Maccaffertium,4
3028,East Fork,East Fork First Fork Sinnemahoning Creek,26/04/2023,Arthropoda,Insecta,Coleoptera,Psephenidae,Psephenus,5
3029,East Fork,East Fork First Fork Sinnemahoning Creek,26/04/2023,Arthropoda,Insecta,Megaloptera,Corydalidae,Nigronia,3
3030,East Fork,East Fork First Fork Sinnemahoning Creek,26/04/2023,Arthropoda,Insecta,Diptera,Tipulidae,Hexatoma,3
3031,East Fork,East Fork First Fork Sinnemahoning Creek,26/04/2023,Arthropoda,Insecta,Coleoptera,Elmidae,Optioservus,12
3032,East Fork,East Fork First Fork Sinnemahoning Creek,26/04/2023,Platyhelminthes,Turbellaria,,,,1
3033,East Fork,East Fork First Fork Sinnemahoning Creek,26/04/2023,Arthropoda,Insecta,Ephemeroptera,Ephemerellidae,Teloganopsis,5
3034,East Fork,East Fork First Fork Sinnemahoning Creek,26/04/2023,Arthropoda,Insecta,Trichoptera,Odontoceridae,Psilotreta,6
3035,East Fork,East Fork First Fork Sinnemahoning Creek,26/04/2023,Annelida,Oligochaeta,,,,1
3036,East Fork,East Fork First Fork Sinnemahoning Creek,26/04/2023,Arthropoda,Insecta,Coleoptera,Elmidae,Oulimnius,6
3037,East Fork,East Fork First Fork Sinnemahoning Creek,26/04/2023,Arthropoda,Insecta,Trichoptera,Uenoidae,Neophylax,6
3038,East Fork,East Fork First Fork Sinnemahoning Creek,26/04/2023,Arthropoda,Insecta,Trichoptera,Hydropsychidae,Hydropsyche,5
3039,East Fork,East Fork First Fork Sinnemahoning Creek,26/04/2023,Arthropoda,Insecta,Ephemeroptera,Baetidae,Baetis,3
3040,East Fork,East Fork First Fork Sinnemahoning Creek,26/04/2023,Arthropoda,Insecta,Plecoptera,Perlidae,Paragnetina,1
3041,East Fork,East Fork First Fork Sinnemahoning Creek,26/04/2023,Arthropoda,Insecta,Ephemeroptera,Heptageniidae,Epeorus,6
3042,East Fork,East Fork First Fork Sinnemahoning Creek,26/04/2023,Arthropoda,Insecta,Ephemeroptera,Ephemerellidae,Ephemerella,38
3043,East Fork,East Fork First Fork Sinnemahoning Creek,26/04/2023,Arthropoda,Insecta,Ephemeroptera,Baetidae,Acentrella,12
3044,East Fork,East Fork First Fork Sinnemahoning Creek,26/04/2023,Arthropoda,Insecta,Trichoptera,Glossosomatidae,Agapetus,2
3045,East Fork,East Fork First Fork Sinnemahoning Creek,26/04/2023,Arthropoda,Insecta,Diptera,Ceratopogonidae,,2
3046,East Fork,East Fork First Fork Sinnemahoning Creek,26/04/2023,Arthropoda,Insecta,Diptera,Chironomidae,,23
3047,East Fork,East Fork First Fork Sinnemahoning Creek,26/04/2023,Arthropoda,Insecta,Ephemeroptera,Heptageniidae,Cinygmula,9
3048,East Fork,East Fork First Fork Sinnemahoning Creek,26/04/2023,Arthropoda,Insecta,Ephemeroptera,Ephemerellidae,Drunella,20
3049,East Fork,East Fork First Fork Sinnemahoning Creek,26/04/2023,Arthropoda,Insecta,Diptera,Tipulidae,Gonomyia,1
3050,East Fork,East Fork First Fork Sinnemahoning Creek,26/04/2023,Arthropoda,Insecta,Plecoptera,Chloroperlidae,Haploperla,2
3051,East Fork,East Fork First Fork Sinnemahoning Creek,26/04/2023,Arthropoda,Insecta,Ephemeroptera,Isonychiidae,Isonychia,15
3052,East Fork,East Fork First Fork Sinnemahoning Creek,26/04/2023,Arthropoda,Insecta,Ephemeroptera,Baetidae,Acentrella,19
3053,East Fork,East Fork First Fork Sinnemahoning Creek,26/04/2023,Arthropoda,Insecta,Plecoptera,Perlidae,Acroneuria,3
3054,East Fork,East Fork First Fork Sinnemahoning Creek,26/04/2023,Arthropoda,Insecta,Plecoptera,Chloroperlidae,Alloperla,1
3055,East Fork,East Fork First Fork Sinnemahoning Creek,26/04/2023,Arthropoda,Insecta,Ephemeroptera,Baetidae,Baetis,5
3056,East Fork,East Fork First Fork Sinnemahoning Creek,26/04/2023,Arthropoda,Insecta,Diptera,Ceratopogonidae,Bezzia,1
3057,East Fork,East Fork First Fork Sinnemahoning Creek,26/04/2023,Arthropoda,Malacostraca,Decapoda,Cambaridae,Cambarus,1
3058,East Fork,East Fork First Fork Sinnemahoning Creek,26/04/2023,Arthropoda,Insecta,Trichoptera,Hydropsychidae,Cheumatopsyche,2
3059,East Fork,East Fork First Fork Sinnemahoning Creek,26/04/2023,Arthropoda,Insecta,Diptera,Chironomidae,,11
3060,East Fork,East Fork First Fork Sinnemahoning Creek,26/04/2023,Arthropoda,Insecta,Ephemeroptera,Heptageniidae,Cinygmula,23
3061,East Fork,East Fork First Fork Sinnemahoning Creek,26/04/2023,Arthropoda,Insecta,Trichoptera,Polycentropodidae,Cyrnellus,1
3062,East Fork,East Fork First Fork Sinnemahoning Creek,26/04/2023,Arthropoda,Insecta,Trichoptera,Hydropsychidae,Diplectrona,1
3063,East Fork,East Fork First Fork Sinnemahoning Creek,26/04/2023,Arthropoda,Insecta,Ephemeroptera,Ephemerellidae,Drunella,35
3064,East Fork,East Fork First Fork Sinnemahoning Creek,26/04/2023,Arthropoda,Insecta,Ephemeroptera,Heptageniidae,Epeorus,24
3065,East Fork,East Fork First Fork Sinnemahoning Creek,26/04/2023,Arthropoda,Insecta,Ephemeroptera,Ephemerellidae,Ephemerella,38
3066,East Fork,East Fork First Fork Sinnemahoning Creek,26/04/2023,Arthropoda,Insecta,Diptera,Tipulidae,Hexatoma,3
3067,East Fork,East Fork First Fork Sinnemahoning Creek,26/04/2023,Arthropoda,Insecta,Trichoptera,Hydropsychidae,Hydropsyche,6
3068,East Fork,East Fork First Fork Sinnemahoning Creek,26/04/2023,Arthropoda,Insecta,Ephemeroptera,Isonychiidae,Isonychia,3
3069,East Fork,East Fork First Fork Sinnemahoning Creek,26/04/2023,Arthropoda,Insecta,Plecoptera,Leuctridae,Leuctra,2
3070,East Fork,East Fork First Fork Sinnemahoning Creek,26/04/2023,Arthropoda,Insecta,Trichoptera,Brachycentridae,Micrasema,1
3071,East Fork,East Fork First Fork Sinnemahoning Creek,26/04/2023,Arthropoda,Insecta,Diptera,Tipulidae,Molophilus,3
3072,East Fork,East Fork First Fork Sinnemahoning Creek,26/04/2023,Arthropoda,Insecta,Trichoptera,Uenoidae,Neophylax,3
3073,East Fork,East Fork First Fork Sinnemahoning Creek,26/04/2023,Arthropoda,Insecta,Coleoptera,Elmidae,Optioservus,10
3074,East Fork,East Fork First Fork Sinnemahoning Creek,26/04/2023,Arthropoda,Insecta,Ephemeroptera,Leptophlebiidae,Paraleptophlebia,23
3075,East Fork,East Fork First Fork Sinnemahoning Creek,26/04/2023,Arthropoda,Insecta,Trichoptera,Polycentropodidae,Polycentropus,1
3076,East Fork,East Fork First Fork Sinnemahoning Creek,26/04/2023,Arthropoda,Insecta,Trichoptera,Odontoceridae,Psilotreta,1
3077,East Fork,East Fork First Fork Sinnemahoning Creek,26/04/2023,Arthropoda,Insecta,Ephemeroptera,Ephemerellidae,Serratella,2
3078,East Fork,East Fork First Fork Sinnemahoning Creek,26/04/2023,Arthropoda,Insecta,Ephemeroptera,Heptageniidae,Stenacron,1
3079,East Fork,East Fork First Fork Sinnemahoning Creek,26/04/2023,Arthropoda,Insecta,Ephemeroptera,Baetidae,Acentrella,5
3080,East Fork,East Fork First Fork Sinnemahoning Creek,26/04/2023,Arthropoda,Insecta,Ephemeroptera,Ephemerellidae,Ephemerella,13
3081,East Fork,East Fork First Fork Sinnemahoning Creek,26/04/2023,Arthropoda,Insecta,Ephemeroptera,Ephemerellidae,Eurylophella,2
3082,East Fork,East Fork First Fork Sinnemahoning Creek,26/04/2023,Arthropoda,Insecta,Ephemeroptera,Ephemerellidae,Serratella,8
3083,East Fork,East Fork First Fork Sinnemahoning Creek,26/04/2023,Arthropoda,Insecta,Ephemeroptera,Heptageniidae,Epeorus,6
3084,East Fork,East Fork First Fork Sinnemahoning Creek,26/04/2023,Arthropoda,Insecta,Ephemeroptera,Heptageniidae,Maccaffertium,11
3085,East Fork,East Fork First Fork Sinnemahoning Creek,26/04/2023,Arthropoda,Insecta,Ephemeroptera,Heptageniidae,Rhithrogena,1
3086,East Fork,East Fork First Fork Sinnemahoning Creek,26/04/2023,Arthropoda,Insecta,Ephemeroptera,Isonychiidae,Isonychia,23
3087,East Fork,East Fork First Fork Sinnemahoning Creek,26/04/2023,Arthropoda,Insecta,Ephemeroptera,Leptophlebiidae,Paraleptophlebia,40
3088,East Fork,East Fork First Fork Sinnemahoning Creek,26/04/2023,Arthropoda,Insecta,Plecoptera,Capniidae,Allocapnia,1
3089,East Fork,East Fork First Fork Sinnemahoning Creek,26/04/2023,Arthropoda,Insecta,Plecoptera,Leuctridae,Leuctra,3
3090,East Fork,East Fork First Fork Sinnemahoning Creek,26/04/2023,Arthropoda,Insecta,Plecoptera,Perlidae,Acroneuria,1
3091,East Fork,East Fork First Fork Sinnemahoning Creek,26/04/2023,Arthropoda,Insecta,Plecoptera,Perlidae,Paragnetina,1
3092,East Fork,East Fork First Fork Sinnemahoning Creek,26/04/2023,NA,NA,NA,NA,Perlodidae,1
3093,East Fork,East Fork First Fork Sinnemahoning Creek,26/04/2023,Arthropoda,Insecta,Plecoptera,Perlodidae,Isogenoides,2
3094,East Fork,East Fork First Fork Sinnemahoning Creek,26/04/2023,Arthropoda,Insecta,Plecoptera,Perlodidae,Isoperla,20
3095,East Fork,East Fork First Fork Sinnemahoning Creek,26/04/2023,NA,NA,NA,NA,Taeniopterygidae,2
3096,East Fork,East Fork First Fork Sinnemahoning Creek,26/04/2023,Arthropoda,Insecta,Plecoptera,Taeniopterygidae,Taeniopteryx,7
3097,East Fork,East Fork First Fork Sinnemahoning Creek,26/04/2023,Arthropoda,Insecta,Trichoptera,Glossosomatidae,Glossosoma,1
3098,East Fork,East Fork First Fork Sinnemahoning Creek,26/04/2023,Arthropoda,Insecta,Trichoptera,Hydropsychidae,Ceratopsyche,7
3099,East Fork,East Fork First Fork Sinnemahoning Creek,26/04/2023,Arthropoda,Insecta,Trichoptera,Hydropsychidae,Cheumatopsyche,29
3100,East Fork,East Fork First Fork Sinnemahoning Creek,26/04/2023,Arthropoda,Insecta,Trichoptera,Lepidostomatidae,Lepidostoma,5
3101,East Fork,East Fork First Fork Sinnemahoning Creek,26/04/2023,Arthropoda,Insecta,Trichoptera,Odontoceridae,Psilotreta,1
3102,East Fork,East Fork First Fork Sinnemahoning Creek,26/04/2023,Arthropoda,Insecta,Trichoptera,Philopotamidae,Dolophilodes,5
3103,East Fork,East Fork First Fork Sinnemahoning Creek,26/04/2023,Arthropoda,Insecta,Megaloptera,Corydalidae,Nigronia,2
3104,East Fork,East Fork First Fork Sinnemahoning Creek,26/04/2023,Arthropoda,Insecta,Coleoptera,Elmidae,Optioservus,5
3105,East Fork,East Fork First Fork Sinnemahoning Creek,26/04/2023,Arthropoda,Insecta,Coleoptera,Elmidae,Oulimnius,1
3106,East Fork,East Fork First Fork Sinnemahoning Creek,26/04/2023,Arthropoda,Insecta,Coleoptera,Psephenidae,Psephenus,1
3107,East Fork,East Fork First Fork Sinnemahoning Creek,26/04/2023,Arthropoda,Insecta,Diptera,Athericidae,Atherix,1
3108,East Fork,East Fork First Fork Sinnemahoning Creek,26/04/2023,Arthropoda,Insecta,Diptera,Chironomidae,,16
3109,East Fork,East Fork First Fork Sinnemahoning Creek,26/04/2023,Arthropoda,Insecta,Diptera,Tipulidae,Antocha,4
3110,East Fork,East Fork First Fork Sinnemahoning Creek,26/04/2023,Arthropoda,Arachnida,Hydracarina,,,2
3111,East Fork,East Fork First Fork Sinnemahoning Creek,26/04/2023,Arthropoda,Insecta,Ephemeroptera,Baetidae,Acentrella,1
3112,East Fork,East Fork First Fork Sinnemahoning Creek,26/04/2023,Arthropoda,Insecta,Ephemeroptera,Ephemerellidae,Ephemerella,21
3113,East Fork,East Fork First Fork Sinnemahoning Creek,26/04/2023,Arthropoda,Insecta,Ephemeroptera,Ephemerellidae,Serratella,2
3114,East Fork,East Fork First Fork Sinnemahoning Creek,26/04/2023,Arthropoda,Insecta,Ephemeroptera,Heptageniidae,Epeorus,14
3115,East Fork,East Fork First Fork Sinnemahoning Creek,26/04/2023,Arthropoda,Insecta,Ephemeroptera,Heptageniidae,Leucrocuta,3
3116,East Fork,East Fork First Fork Sinnemahoning Creek,26/04/2023,Arthropoda,Insecta,Ephemeroptera,Heptageniidae,Maccaffertium,2
3117,East Fork,East Fork First Fork Sinnemahoning Creek,26/04/2023,Arthropoda,Insecta,Ephemeroptera,Heptageniidae,Rhithrogena,3
3118,East Fork,East Fork First Fork Sinnemahoning Creek,26/04/2023,Arthropoda,Insecta,Ephemeroptera,Isonychiidae,Isonychia,8
3119,East Fork,East Fork First Fork Sinnemahoning Creek,26/04/2023,Arthropoda,Insecta,Ephemeroptera,Leptophlebiidae,Paraleptophlebia,43
3120,East Fork,East Fork First Fork Sinnemahoning Creek,26/04/2023,Arthropoda,Insecta,Plecoptera,Capniidae,Allocapnia,1
3121,East Fork,East Fork First Fork Sinnemahoning Creek,26/04/2023,Arthropoda,Insecta,Plecoptera,Capniidae,Paracapnia,1
3122,East Fork,East Fork First Fork Sinnemahoning Creek,26/04/2023,Arthropoda,Insecta,Plecoptera,Leuctridae,Leuctra,4
3123,East Fork,East Fork First Fork Sinnemahoning Creek,26/04/2023,Arthropoda,Insecta,Plecoptera,Perlidae,Acroneuria,2
3124,East Fork,East Fork First Fork Sinnemahoning Creek,26/04/2023,Arthropoda,Insecta,Plecoptera,Perlidae,Paragnetina,1
3125,East Fork,East Fork First Fork Sinnemahoning Creek,26/04/2023,Arthropoda,Insecta,Plecoptera,Perlodidae,Isoperla,19
3126,East Fork,East Fork First Fork Sinnemahoning Creek,26/04/2023,Arthropoda,Insecta,Plecoptera,Taeniopterygidae,Taeniopteryx,1
3127,East Fork,East Fork First Fork Sinnemahoning Creek,26/04/2023,Arthropoda,Insecta,Trichoptera,Hydropsychidae,Ceratopsyche,19
3128,East Fork,East Fork First Fork Sinnemahoning Creek,26/04/2023,Arthropoda,Insecta,Trichoptera,Hydropsychidae,Cheumatopsyche,12
3129,East Fork,East Fork First Fork Sinnemahoning Creek,26/04/2023,Arthropoda,Insecta,Trichoptera,Hydropsychidae,Diplectrona,1
3130,East Fork,East Fork First Fork Sinnemahoning Creek,26/04/2023,Arthropoda,Insecta,Trichoptera,Lepidostomatidae,Lepidostoma,3
3131,East Fork,East Fork First Fork Sinnemahoning Creek,26/04/2023,Arthropoda,Insecta,Trichoptera,Philopotamidae,Dolophilodes,4
3132,East Fork,East Fork First Fork Sinnemahoning Creek,26/04/2023,Arthropoda,Insecta,Trichoptera,Uenoidae,Neophylax,3
3133,East Fork,East Fork First Fork Sinnemahoning Creek,26/04/2023,Arthropoda,Insecta,Coleoptera,Elmidae,Optioservus,9
3134,East Fork,East Fork First Fork Sinnemahoning Creek,26/04/2023,Arthropoda,Insecta,Coleoptera,Psephenidae,Psephenus,1
3135,East Fork,East Fork First Fork Sinnemahoning Creek,26/04/2023,Arthropoda,Insecta,Diptera,Chironomidae,,43
3136,East Fork,East Fork First Fork Sinnemahoning Creek,26/04/2023,Arthropoda,Insecta,Diptera,Simuliidae,Simulium,2
3137,East Fork,East Fork First Fork Sinnemahoning Creek,26/04/2023,Arthropoda,Insecta,Diptera,Tipulidae,Antocha,3
3138,East Fork,East Fork First Fork Sinnemahoning Creek,26/04/2023,Arthropoda,Insecta,Diptera,Tipulidae,Hexatoma,1
3139,East Fork,East Fork First Fork Sinnemahoning Creek,26/04/2023,Platyhelminthes,Turbellaria,,,,3
3140,East Fork,East Fork First Fork Sinnemahoning Creek,26/04/2023,NA,NA,NA,NA,Cambaridae,1
3141,East Fork,East Fork First Fork Sinnemahoning Creek,26/04/2023,Arthropoda,Arachnida,Hydracarina,,,1
3142,East Fork,East Fork First Fork Sinnemahoning Creek,26/04/2023,Arthropoda,Insecta,Ephemeroptera,Ephemerellidae,Ephemerella,5
3143,East Fork,East Fork First Fork Sinnemahoning Creek,26/04/2023,Arthropoda,Insecta,Ephemeroptera,Ephemerellidae,Serratella,5
3144,East Fork,East Fork First Fork Sinnemahoning Creek,26/04/2023,Arthropoda,Insecta,Ephemeroptera,Ephemeridae,Ephemera,1
3145,East Fork,East Fork First Fork Sinnemahoning Creek,26/04/2023,Arthropoda,Insecta,Ephemeroptera,Heptageniidae,Epeorus,17
3146,East Fork,East Fork First Fork Sinnemahoning Creek,26/04/2023,Arthropoda,Insecta,Ephemeroptera,Heptageniidae,Leucrocuta,5
3147,East Fork,East Fork First Fork Sinnemahoning Creek,26/04/2023,Arthropoda,Insecta,Ephemeroptera,Heptageniidae,Maccaffertium,8
3148,East Fork,East Fork First Fork Sinnemahoning Creek,26/04/2023,Arthropoda,Insecta,Ephemeroptera,Heptageniidae,Rhithrogena,3
3149,East Fork,East Fork First Fork Sinnemahoning Creek,26/04/2023,Arthropoda,Insecta,Ephemeroptera,Isonychiidae,Isonychia,15
3150,East Fork,East Fork First Fork Sinnemahoning Creek,26/04/2023,Arthropoda,Insecta,Ephemeroptera,Leptophlebiidae,Paraleptophlebia,29
3151,East Fork,East Fork First Fork Sinnemahoning Creek,26/04/2023,Arthropoda,Insecta,Plecoptera,Capniidae,Paracapnia,1
3152,East Fork,East Fork First Fork Sinnemahoning Creek,26/04/2023,Arthropoda,Insecta,Plecoptera,Chloroperlidae,Sweltsa,4
3153,East Fork,East Fork First Fork Sinnemahoning Creek,26/04/2023,Arthropoda,Insecta,Plecoptera,Leuctridae,Leuctra,4
3154,East Fork,East Fork First Fork Sinnemahoning Creek,26/04/2023,Arthropoda,Insecta,Plecoptera,Perlidae,Agnetina,2
3155,East Fork,East Fork First Fork Sinnemahoning Creek,26/04/2023,NA,NA,NA,NA,Perlodidae,1
3156,East Fork,East Fork First Fork Sinnemahoning Creek,26/04/2023,Arthropoda,Insecta,Plecoptera,Perlodidae,Isoperla,13
3157,East Fork,East Fork First Fork Sinnemahoning Creek,26/04/2023,Arthropoda,Insecta,Plecoptera,Taeniopterygidae,Taeniopteryx,1
3158,East Fork,East Fork First Fork Sinnemahoning Creek,26/04/2023,Arthropoda,Insecta,Trichoptera,Hydropsychidae,Ceratopsyche,20
3159,East Fork,East Fork First Fork Sinnemahoning Creek,26/04/2023,Arthropoda,Insecta,Trichoptera,Hydropsychidae,Cheumatopsyche,18
3160,East Fork,East Fork First Fork Sinnemahoning Creek,26/04/2023,Arthropoda,Insecta,Trichoptera,Lepidostomatidae,Lepidostoma,3
3161,East Fork,East Fork First Fork Sinnemahoning Creek,26/04/2023,NA,NA,NA,NA,Limnephilidae,3
3162,East Fork,East Fork First Fork Sinnemahoning Creek,26/04/2023,Arthropoda,Insecta,Trichoptera,Odontoceridae,Psilotreta,3
3163,East Fork,East Fork First Fork Sinnemahoning Creek,26/04/2023,Arthropoda,Insecta,Trichoptera,Philopotamidae,Dolophilodes,8
3164,East Fork,East Fork First Fork Sinnemahoning Creek,26/04/2023,Arthropoda,Insecta,Trichoptera,Polycentropodidae,Polycentropus,1
3165,East Fork,East Fork First Fork Sinnemahoning Creek,26/04/2023,Arthropoda,Insecta,Trichoptera,Rhyacophilidae,Rhyacophila,1
3166,East Fork,East Fork First Fork Sinnemahoning Creek,26/04/2023,Arthropoda,Insecta,Trichoptera,Uenoidae,Neophylax,1
3167,East Fork,East Fork First Fork Sinnemahoning Creek,26/04/2023,NA,NA,NA,NA,Gomphidae,1
3168,East Fork,East Fork First Fork Sinnemahoning Creek,26/04/2023,Arthropoda,Insecta,Coleoptera,Elmidae,Optioservus,2
3169,East Fork,East Fork First Fork Sinnemahoning Creek,26/04/2023,Arthropoda,Insecta,Coleoptera,Elmidae,Oulimnius,3
3170,East Fork,East Fork First Fork Sinnemahoning Creek,26/04/2023,Arthropoda,Insecta,Coleoptera,Psephenidae,Psephenus,1
3171,East Fork,East Fork First Fork Sinnemahoning Creek,26/04/2023,Arthropoda,Insecta,Diptera,Chironomidae,,23
3172,East Fork,East Fork First Fork Sinnemahoning Creek,26/04/2023,Arthropoda,Insecta,Diptera,Simuliidae,Prosimulium,1
3173,East Fork,East Fork First Fork Sinnemahoning Creek,26/04/2023,Arthropoda,Insecta,Diptera,Tipulidae,Antocha,2
3174,East Fork,East Fork First Fork Sinnemahoning Creek,26/04/2023,Arthropoda,Insecta,Diptera,Tipulidae,Dicranota,1
3175,East Fork,East Fork First Fork Sinnemahoning Creek,26/04/2023,Arthropoda,Insecta,Diptera,Tipulidae,Hexatoma,3
3176,East Fork,East Fork First Fork Sinnemahoning Creek,26/04/2023,Platyhelminthes,Turbellaria,,,,7
3177,East Fork,East Fork First Fork Sinnemahoning Creek,26/04/2023,NA,NA,NA,NA,Branchiobdellida,4
3178,East Fork,East Fork First Fork Sinnemahoning Creek,26/04/2023,Arthropoda,Arachnida,Hydracarina,,,3
3179,East Fork,East Fork First Fork Sinnemahoning Creek,26/04/2023,NA,NA,NA,NA,Hydracarina,4
3180,East Fork,East Fork First Fork Sinnemahoning Creek,26/04/2023,Arthropoda,Insecta,Ephemeroptera,Baetidae,Baetis,1
3181,East Fork,East Fork First Fork Sinnemahoning Creek,26/04/2023,Arthropoda,Insecta,Ephemeroptera,Baetidae,Plauditus,1
3182,East Fork,East Fork First Fork Sinnemahoning Creek,26/04/2023,Arthropoda,Insecta,Ephemeroptera,Ephemerellidae,Ephemerella,22
3183,East Fork,East Fork First Fork Sinnemahoning Creek,26/04/2023,Arthropoda,Insecta,Ephemeroptera,Ephemerellidae,Eurylophella,6
3184,East Fork,East Fork First Fork Sinnemahoning Creek,26/04/2023,Arthropoda,Insecta,Ephemeroptera,Heptageniidae,Epeorus,28
3185,East Fork,East Fork First Fork Sinnemahoning Creek,26/04/2023,Arthropoda,Insecta,Ephemeroptera,Heptageniidae,Leucrocuta,2
3186,East Fork,East Fork First Fork Sinnemahoning Creek,26/04/2023,Arthropoda,Insecta,Ephemeroptera,Heptageniidae,Maccaffertium,21
3187,East Fork,East Fork First Fork Sinnemahoning Creek,26/04/2023,Arthropoda,Insecta,Ephemeroptera,Heptageniidae,Rhithrogena,3
3188,East Fork,East Fork First Fork Sinnemahoning Creek,26/04/2023,Arthropoda,Insecta,Ephemeroptera,Heptageniidae,Stenacron,1
3189,East Fork,East Fork First Fork Sinnemahoning Creek,26/04/2023,Arthropoda,Insecta,Ephemeroptera,Isonychiidae,Isonychia,1
3190,East Fork,East Fork First Fork Sinnemahoning Creek,26/04/2023,Arthropoda,Insecta,Ephemeroptera,Leptophlebiidae,Paraleptophlebia,39
3191,East Fork,East Fork First Fork Sinnemahoning Creek,26/04/2023,Arthropoda,Insecta,Plecoptera,Capniidae,Paracapnia,1
3192,East Fork,East Fork First Fork Sinnemahoning Creek,26/04/2023,NA,NA,NA,NA,Chloroperlidae,1
3193,East Fork,East Fork First Fork Sinnemahoning Creek,26/04/2023,Arthropoda,Insecta,Plecoptera,Chloroperlidae,Sweltsa,1
3194,East Fork,East Fork First Fork Sinnemahoning Creek,26/04/2023,Arthropoda,Insecta,Plecoptera,Perlidae,Paragnetina,1
3195,East Fork,East Fork First Fork Sinnemahoning Creek,26/04/2023,NA,NA,NA,NA,Perlodidae,2
3196,East Fork,East Fork First Fork Sinnemahoning Creek,26/04/2023,Arthropoda,Insecta,Plecoptera,Perlodidae,Isogenoides,1
3197,East Fork,East Fork First Fork Sinnemahoning Creek,26/04/2023,Arthropoda,Insecta,Plecoptera,Perlodidae,Isoperla,9
3198,East Fork,East Fork First Fork Sinnemahoning Creek,26/04/2023,Arthropoda,Insecta,Plecoptera,Taeniopterygidae,Taeniopteryx,1
3199,East Fork,East Fork First Fork Sinnemahoning Creek,26/04/2023,Arthropoda,Insecta,Trichoptera,Apataniidae,Apatania,3
3200,East Fork,East Fork First Fork Sinnemahoning Creek,26/04/2023,Arthropoda,Insecta,Trichoptera,Hydropsychidae,Ceratopsyche,6
3201,East Fork,East Fork First Fork Sinnemahoning Creek,26/04/2023,Arthropoda,Insecta,Trichoptera,Hydropsychidae,Cheumatopsyche,21
3202,East Fork,East Fork First Fork Sinnemahoning Creek,26/04/2023,Arthropoda,Insecta,Trichoptera,Hydroptilidae,Hydroptila,1
3203,East Fork,East Fork First Fork Sinnemahoning Creek,26/04/2023,Arthropoda,Insecta,Trichoptera,Lepidostomatidae,Lepidostoma,1
3204,East Fork,East Fork First Fork Sinnemahoning Creek,26/04/2023,Arthropoda,Insecta,Trichoptera,Odontoceridae,Psilotreta,2
3205,East Fork,East Fork First Fork Sinnemahoning Creek,26/04/2023,Arthropoda,Insecta,Trichoptera,Philopotamidae,Dolophilodes,4
3206,East Fork,East Fork First Fork Sinnemahoning Creek,26/04/2023,NA,NA,NA,NA,Gomphidae,1
3207,East Fork,East Fork First Fork Sinnemahoning Creek,26/04/2023,Arthropoda,Insecta,Megaloptera,Corydalidae,Nigronia,1
3208,East Fork,East Fork First Fork Sinnemahoning Creek,26/04/2023,Arthropoda,Insecta,Coleoptera,Elmidae,Optioservus,7
3209,East Fork,East Fork First Fork Sinnemahoning Creek,26/04/2023,Arthropoda,Insecta,Coleoptera,Elmidae,Oulimnius,1
3210,East Fork,East Fork First Fork Sinnemahoning Creek,26/04/2023,Arthropoda,Insecta,Diptera,Ceratopogonidae,Bezzia,3
3211,East Fork,East Fork First Fork Sinnemahoning Creek,26/04/2023,Arthropoda,Insecta,Diptera,Chironomidae,,14
3212,East Fork,East Fork First Fork Sinnemahoning Creek,26/04/2023,Arthropoda,Insecta,Diptera,Tipulidae,Antocha,1
3213,East Fork,East Fork First Fork Sinnemahoning Creek,26/04/2023,Platyhelminthes,Turbellaria,,,,1
3214,East Fork,East Fork First Fork Sinnemahoning Creek,26/04/2023,Mollusca,Bivalvia,Sphaeriida,Sphaeriidae,,1
3215,East Fork,East Fork First Fork Sinnemahoning Creek,26/04/2023,Arthropoda,Insecta,Diptera,Simuliidae,Prosimulium,2
3216,East Fork,East Fork First Fork Sinnemahoning Creek,26/04/2023,Arthropoda,Insecta,Ephemeroptera,Heptageniidae,Cinygmula,6
3217,East Fork,East Fork First Fork Sinnemahoning Creek,26/04/2023,Arthropoda,Insecta,Ephemeroptera,Ephemerellidae,Serratella,7
3218,East Fork,East Fork First Fork Sinnemahoning Creek,26/04/2023,Arthropoda,Insecta,Ephemeroptera,Ephemerellidae,Ephemerella,28
3219,East Fork,East Fork First Fork Sinnemahoning Creek,26/04/2023,Arthropoda,Insecta,Ephemeroptera,Ephemerellidae,Drunella,46
3220,East Fork,East Fork First Fork Sinnemahoning Creek,26/04/2023,Arthropoda,Insecta,Ephemeroptera,Baetidae,Diphetor,4
3221,East Fork,East Fork First Fork Sinnemahoning Creek,26/04/2023,Arthropoda,Insecta,Ephemeroptera,Baetidae,Acentrella,3
3222,East Fork,East Fork First Fork Sinnemahoning Creek,26/04/2023,Arthropoda,Insecta,Diptera,Simuliidae,Simulium,2
3223,East Fork,East Fork First Fork Sinnemahoning Creek,26/04/2023,Arthropoda,Insecta,Coleoptera,Elmidae,Oulimnius,1
3224,East Fork,East Fork First Fork Sinnemahoning Creek,26/04/2023,Arthropoda,Insecta,Diptera,Ceratopogonidae,,1
3225,East Fork,East Fork First Fork Sinnemahoning Creek,26/04/2023,Arthropoda,Insecta,Ephemeroptera,Heptageniidae,Epeorus,16
3226,East Fork,East Fork First Fork Sinnemahoning Creek,26/04/2023,Arthropoda,Insecta,Diptera,Chironomidae,,42
3227,East Fork,East Fork First Fork Sinnemahoning Creek,26/04/2023,Arthropoda,Insecta,Coleoptera,Elmidae,Optioservus,4
3228,East Fork,East Fork First Fork Sinnemahoning Creek,26/04/2023,Arthropoda,Insecta,Diptera,Tipulidae,Limnophila,1
3229,East Fork,East Fork First Fork Sinnemahoning Creek,26/04/2023,Arthropoda,Insecta,Ephemeroptera,Heptageniidae,Leucrocuta,1
3230,East Fork,East Fork First Fork Sinnemahoning Creek,26/04/2023,Arthropoda,Insecta,Ephemeroptera,Heptageniidae,Maccaffertium,2
3231,East Fork,East Fork First Fork Sinnemahoning Creek,26/04/2023,Arthropoda,Insecta,Ephemeroptera,Leptophlebiidae,Paraleptophlebia,25
3232,East Fork,East Fork First Fork Sinnemahoning Creek,26/04/2023,Arthropoda,Insecta,Plecoptera,Chloroperlidae,Haploperla,1
3233,East Fork,East Fork First Fork Sinnemahoning Creek,26/04/2023,Arthropoda,Insecta,Plecoptera,Perlidae,Paragnetina,3
3234,East Fork,East Fork First Fork Sinnemahoning Creek,26/04/2023,Arthropoda,Insecta,Plecoptera,Perlodidae,Isoperla,1
3235,East Fork,East Fork First Fork Sinnemahoning Creek,26/04/2023,Arthropoda,Insecta,Trichoptera,Hydropsychidae,Cheumatopsyche,2
3236,East Fork,East Fork First Fork Sinnemahoning Creek,26/04/2023,Arthropoda,Insecta,Trichoptera,Philopotamidae,Dolophilodes,2
3237,East Fork,East Fork First Fork Sinnemahoning Creek,26/04/2023,Arthropoda,Insecta,Trichoptera,Rhyacophilidae,Rhyacophila,2
3238,East Fork,East Fork First Fork Sinnemahoning Creek,26/04/2023,Platyhelminthes,Turbellaria,,,,2
3239,East Fork,East Fork First Fork Sinnemahoning Creek,26/04/2023,Arthropoda,Arachnida,Hydracarina,,,2
3240,East Fork,East Fork First Fork Sinnemahoning Creek,26/04/2023,Annelida,Oligochaeta,,,,1
3241,East Fork,East Fork First Fork Sinnemahoning Creek,26/04/2023,Arthropoda,Insecta,Diptera,Empididae,Neoplasta,2
3242,East Fork,East Fork First Fork Sinnemahoning Creek,26/04/2023,Arthropoda,Insecta,Trichoptera,Hydropsychidae,Ceratopsyche,1
3243,East Fork,East Fork First Fork Sinnemahoning Creek,26/04/2023,Arthropoda,Insecta,Trichoptera,Hydropsychidae,Diplectrona,1
3244,East Fork,East Fork First Fork Sinnemahoning Creek,26/04/2023,Arthropoda,Insecta,Ephemeroptera,Isonychiidae,Isonychia,1
3245,East Fork,East Fork First Fork Sinnemahoning Creek,26/04/2023,Arthropoda,Insecta,Trichoptera,Hydropsychidae,Ceratopsyche,3
3246,East Fork,East Fork First Fork Sinnemahoning Creek,26/04/2023,Arthropoda,Insecta,Ephemeroptera,Heptageniidae,Maccaffertium,3
3247,East Fork,East Fork First Fork Sinnemahoning Creek,26/04/2023,Arthropoda,Insecta,Ephemeroptera,Leptophlebiidae,Paraleptophlebia,35
3248,East Fork,East Fork First Fork Sinnemahoning Creek,26/04/2023,Arthropoda,Insecta,Plecoptera,Chloroperlidae,Haploperla,3
3249,East Fork,East Fork First Fork Sinnemahoning Creek,26/04/2023,Arthropoda,Insecta,Plecoptera,Chloroperlidae,Sweltsa,3
3250,East Fork,East Fork First Fork Sinnemahoning Creek,26/04/2023,Arthropoda,Insecta,Plecoptera,Leuctridae,Leuctra,4
3251,East Fork,East Fork First Fork Sinnemahoning Creek,26/04/2023,Arthropoda,Insecta,Trichoptera,Uenoidae,Neophylax,2
3252,East Fork,East Fork First Fork Sinnemahoning Creek,26/04/2023,Arthropoda,Insecta,Trichoptera,Glossosomatidae,Agapetus,1
3253,East Fork,East Fork First Fork Sinnemahoning Creek,26/04/2023,Arthropoda,Insecta,Trichoptera,Hydropsychidae,Cheumatopsyche,2
3254,East Fork,East Fork First Fork Sinnemahoning Creek,26/04/2023,Arthropoda,Insecta,Coleoptera,Elmidae,Oulimnius,3
3255,East Fork,East Fork First Fork Sinnemahoning Creek,26/04/2023,Arthropoda,Insecta,Trichoptera,Leptoceridae,Ceraclea,1
3256,East Fork,East Fork First Fork Sinnemahoning Creek,26/04/2023,Arthropoda,Insecta,Trichoptera,Odontoceridae,Psilotreta,1
3257,East Fork,East Fork First Fork Sinnemahoning Creek,26/04/2023,Arthropoda,Insecta,Trichoptera,Polycentropodidae,Polycentropus,1
3258,East Fork,East Fork First Fork Sinnemahoning Creek,26/04/2023,Arthropoda,Insecta,Diptera,Simuliidae,Simulium,1
3259,East Fork,East Fork First Fork Sinnemahoning Creek,26/04/2023,Arthropoda,Insecta,Plecoptera,Perlodidae,Isoperla,1
3260,East Fork,East Fork First Fork Sinnemahoning Creek,26/04/2023,Arthropoda,Insecta,Diptera,Tipulidae,Antocha,1
3261,East Fork,East Fork First Fork Sinnemahoning Creek,26/04/2023,Arthropoda,Arachnida,Hydracarina,,,2
3262,East Fork,East Fork First Fork Sinnemahoning Creek,26/04/2023,Annelida,Oligochaeta,,,,23
3263,East Fork,East Fork First Fork Sinnemahoning Creek,26/04/2023,Mollusca,Bivalvia,Sphaeriida,Sphaeriidae,,4
3264,East Fork,East Fork First Fork Sinnemahoning Creek,26/04/2023,Platyhelminthes,Turbellaria,,,,8
3265,East Fork,East Fork First Fork Sinnemahoning Creek,26/04/2023,Arthropoda,Insecta,Trichoptera,Philopotamidae,Dolophilodes,2
3266,East Fork,East Fork First Fork Sinnemahoning Creek,26/04/2023,Arthropoda,Insecta,Diptera,Tipulidae,Hexatoma,2
3267,East Fork,East Fork First Fork Sinnemahoning Creek,26/04/2023,Arthropoda,Insecta,Ephemeroptera,Ephemerellidae,Ephemerella,37
3268,East Fork,East Fork First Fork Sinnemahoning Creek,26/04/2023,Arthropoda,Insecta,Ephemeroptera,Ephemerellidae,Serratella,6
3269,East Fork,East Fork First Fork Sinnemahoning Creek,26/04/2023,Arthropoda,Insecta,Diptera,Simuliidae,Prosimulium,6
3270,East Fork,East Fork First Fork Sinnemahoning Creek,26/04/2023,Arthropoda,Insecta,Diptera,Chironomidae,,25
3271,East Fork,East Fork First Fork Sinnemahoning Creek,26/04/2023,Arthropoda,Insecta,Diptera,Ceratopogonidae,,2
3272,East Fork,East Fork First Fork Sinnemahoning Creek,26/04/2023,Arthropoda,Insecta,Coleoptera,Elmidae,Optioservus,6
3273,East Fork,East Fork First Fork Sinnemahoning Creek,26/04/2023,Arthropoda,Insecta,Ephemeroptera,Heptageniidae,Epeorus,16
3274,East Fork,East Fork First Fork Sinnemahoning Creek,26/04/2023,Arthropoda,Insecta,Ephemeroptera,Ephemerellidae,Drunella,16
3275,East Fork,East Fork First Fork Sinnemahoning Creek,26/04/2023,Arthropoda,Insecta,Ephemeroptera,Baetidae,Diphetor,2
3276,East Fork,East Fork First Fork Sinnemahoning Creek,26/04/2023,Arthropoda,Insecta,Ephemeroptera,Baetidae,Baetis,2
3277,East Fork,East Fork First Fork Sinnemahoning Creek,26/04/2023,Arthropoda,Insecta,Ephemeroptera,Baetidae,Acentrella,1
3278,East Fork,East Fork First Fork Sinnemahoning Creek,26/04/2023,Arthropoda,Insecta,Diptera,Tipulidae,Dicranota,1
3279,East Fork,East Fork First Fork Sinnemahoning Creek,26/04/2023,Arthropoda,Insecta,Ephemeroptera,Baetidae,Baetis,3
3280,East Fork,East Fork First Fork Sinnemahoning Creek,26/04/2023,Arthropoda,Insecta,Ephemeroptera,Ephemerellidae,Drunella,9
3281,East Fork,East Fork First Fork Sinnemahoning Creek,26/04/2023,Arthropoda,Insecta,Ephemeroptera,Ephemerellidae,Ephemerella,29
3282,East Fork,East Fork First Fork Sinnemahoning Creek,26/04/2023,Arthropoda,Insecta,Ephemeroptera,Ephemerellidae,Serratella,7
3283,East Fork,East Fork First Fork Sinnemahoning Creek,26/04/2023,Arthropoda,Insecta,Ephemeroptera,Heptageniidae,Cinygmula,13
3284,East Fork,East Fork First Fork Sinnemahoning Creek,26/04/2023,Arthropoda,Insecta,Ephemeroptera,Heptageniidae,Epeorus,12
3285,East Fork,East Fork First Fork Sinnemahoning Creek,26/04/2023,Arthropoda,Insecta,Ephemeroptera,Heptageniidae,Leucrocuta,1
3286,East Fork,East Fork First Fork Sinnemahoning Creek,26/04/2023,Arthropoda,Insecta,Ephemeroptera,Heptageniidae,Maccaffertium,2
3287,East Fork,East Fork First Fork Sinnemahoning Creek,26/04/2023,Arthropoda,Insecta,Ephemeroptera,Heptageniidae,Rhithrogena,3
3288,East Fork,East Fork First Fork Sinnemahoning Creek,26/04/2023,NA,NA,NA,NA,Leptophlebiidae,24
3289,East Fork,East Fork First Fork Sinnemahoning Creek,26/04/2023,NA,NA,NA,NA,Chloroperlidae,1
3290,East Fork,East Fork First Fork Sinnemahoning Creek,26/04/2023,Arthropoda,Insecta,Plecoptera,Chloroperlidae,Alloperla,1
3291,East Fork,East Fork First Fork Sinnemahoning Creek,26/04/2023,Arthropoda,Insecta,Plecoptera,Perlidae,Acroneuria,1
3292,East Fork,East Fork First Fork Sinnemahoning Creek,26/04/2023,Arthropoda,Insecta,Plecoptera,Perlodidae,Cultus,2
3293,East Fork,East Fork First Fork Sinnemahoning Creek,26/04/2023,Arthropoda,Insecta,Plecoptera,Perlodidae,Isoperla,2
3294,East Fork,East Fork First Fork Sinnemahoning Creek,26/04/2023,Arthropoda,Insecta,Plecoptera,Taeniopterygidae,Taenionema,1
3295,East Fork,East Fork First Fork Sinnemahoning Creek,26/04/2023,Arthropoda,Insecta,Trichoptera,Hydropsychidae,Ceratopsyche,2
3296,East Fork,East Fork First Fork Sinnemahoning Creek,26/04/2023,Arthropoda,Insecta,Trichoptera,Hydropsychidae,Cheumatopsyche,2
3297,East Fork,East Fork First Fork Sinnemahoning Creek,26/04/2023,Arthropoda,Insecta,Trichoptera,Odontoceridae,Psilotreta,1
3298,East Fork,East Fork First Fork Sinnemahoning Creek,26/04/2023,Arthropoda,Insecta,Trichoptera,Rhyacophilidae,Rhyacophila,1
3299,East Fork,East Fork First Fork Sinnemahoning Creek,26/04/2023,Arthropoda,Insecta,Trichoptera,Uenoidae,Neophylax,38
3300,East Fork,East Fork First Fork Sinnemahoning Creek,26/04/2023,NA,NA,NA,NA,Gomphidae,2
3301,East Fork,East Fork First Fork Sinnemahoning Creek,26/04/2023,Arthropoda,Insecta,Megaloptera,Corydalidae,Nigronia,2
3302,East Fork,East Fork First Fork Sinnemahoning Creek,26/04/2023,Arthropoda,Insecta,Coleoptera,Elmidae,Optioservus,11
3303,East Fork,East Fork First Fork Sinnemahoning Creek,26/04/2023,Arthropoda,Insecta,Coleoptera,Elmidae,Oulimnius,1
3304,East Fork,East Fork First Fork Sinnemahoning Creek,26/04/2023,Arthropoda,Insecta,Coleoptera,Psephenidae,Ectopria,1
3305,East Fork,East Fork First Fork Sinnemahoning Creek,26/04/2023,Arthropoda,Insecta,Coleoptera,Psephenidae,Psephenus,1
3306,East Fork,East Fork First Fork Sinnemahoning Creek,26/04/2023,Arthropoda,Insecta,Diptera,Ceratopogonidae,,4
3307,East Fork,East Fork First Fork Sinnemahoning Creek,26/04/2023,Arthropoda,Insecta,Diptera,Chironomidae,,15
3308,East Fork,East Fork First Fork Sinnemahoning Creek,26/04/2023,Arthropoda,Insecta,Diptera,Empididae,Hemerodromia,1
3309,East Fork,East Fork First Fork Sinnemahoning Creek,26/04/2023,Arthropoda,Insecta,Diptera,Simuliidae,Prosimulium,11
3310,East Fork,East Fork First Fork Sinnemahoning Creek,26/04/2023,Arthropoda,Insecta,Diptera,Tipulidae,Antocha,3
3311,East Fork,East Fork First Fork Sinnemahoning Creek,26/04/2023,Arthropoda,Insecta,Diptera,Tipulidae,Dicranota,1
3312,East Fork,East Fork First Fork Sinnemahoning Creek,26/04/2023,Arthropoda,Insecta,Diptera,Tipulidae,Hexatoma,2
3313,East Fork,East Fork First Fork Sinnemahoning Creek,26/04/2023,Platyhelminthes,Turbellaria,,,,1
3314,East Fork,East Fork First Fork Sinnemahoning Creek,26/04/2023,Annelida,Oligochaeta,,,,1
3315,East Fork,East Fork First Fork Sinnemahoning Creek,26/04/2023,Arthropoda,Arachnida,Hydracarina,,,3
3316,HAMR,Hammer Creek,29/04/2025,Mollusca,Bivalvia,Veneroida,Corbiculidae,Corbicula,2
3317,HAMR,Hammer Creek,29/04/2025,Arthropoda,Malacostraca,Amphipoda,Gammaridae,Gammarus,4
3318,HAMR,Hammer Creek,29/04/2025,Arthropoda,Insecta,Trichoptera,Philopotamidae,Chimarra,4
3319,HAMR,Hammer Creek,29/04/2025,Arthropoda,Insecta,Trichoptera,Psychomyiidae,Psychomyia,1
3320,HAMR,Hammer Creek,29/04/2025,Arthropoda,Insecta,Coleoptera,Psephenidae,Psephenus,2
3321,HAMR,Hammer Creek,29/04/2025,Arthropoda,Insecta,Coleoptera,Elmidae,Stenelmis,9
3322,HAMR,Hammer Creek,29/04/2025,Arthropoda,Insecta,Coleoptera,Elmidae,Optioservus,42
3323,HAMR,Hammer Creek,29/04/2025,Arthropoda,Insecta,Diptera,Chironomidae,,5
3324,HAMR,Hammer Creek,29/04/2025,Arthropoda,Insecta,Trichoptera,Hydropsychidae,Cheumatopsyche,25
3325,HAMR,Hammer Creek,29/04/2025,Arthropoda,Insecta,Trichoptera,Hydropsychidae,Hydropsyche,16
3326,HAMR,Hammer Creek,29/04/2025,Arthropoda,Insecta,Ephemeroptera,Ephemerellidae,Ephemerella,100
3327,HAMR,Hammer Creek,29/04/2025,Arthropoda,Insecta,Ephemeroptera,Ephemeridae,Ephemera,1
3328,HAMR,Hammer Creek,29/04/2025,Arthropoda,Insecta,Diptera,Empididae,Hemerodromia,4
3329,HAMR,Hammer Creek,29/04/2025,Arthropoda,Insecta,Plecoptera,Perlidae,Perlesta,1
3330,HAMR,Hammer Creek,29/04/2025,Arthropoda,Arachnida,Hydracarina,,,2
3331,HAMR,Hammer Creek,29/04/2025,Arthropoda,Insecta,Diptera,Tipulidae,Antocha,5
3332,HAMR,Hammer Creek,29/04/2025,Arthropoda,Insecta,Ephemeroptera,Baetidae,Acentrella,2
3333,HAMR,Hammer Creek,29/04/2025,Arthropoda,Insecta,Trichoptera,Hydropsychidae,Hydropsyche,4
3334,HAMR,Hammer Creek,29/04/2025,Arthropoda,Arachnida,Hydracarina,,,5
3335,HAMR,Hammer Creek,29/04/2025,Arthropoda,Insecta,Coleoptera,Psephenidae,Psephenus,4
3336,HAMR,Hammer Creek,29/04/2025,Arthropoda,Insecta,Coleoptera,Elmidae,Stenelmis,37
3337,HAMR,Hammer Creek,29/04/2025,Mollusca,Gastropoda,Basommatophora,Physidae,Physella,1
3338,HAMR,Hammer Creek,29/04/2025,Arthropoda,Insecta,Coleoptera,Elmidae,Optioservus,30
3339,HAMR,Hammer Creek,29/04/2025,Annelida,Oligochaeta,,,,5
3340,HAMR,Hammer Creek,29/04/2025,NA,NA,NA,NA,Nematoda,1
3341,HAMR,Hammer Creek,29/04/2025,Arthropoda,Insecta,Ephemeroptera,Heptageniidae,Maccaffertium,3
3342,HAMR,Hammer Creek,29/04/2025,Arthropoda,Insecta,Trichoptera,Hydroptilidae,Hydroptila,1
3343,HAMR,Hammer Creek,29/04/2025,Arthropoda,Insecta,Trichoptera,Leptoceridae,Triaenodes,1
3344,HAMR,Hammer Creek,29/04/2025,Arthropoda,Insecta,Ephemeroptera,Baetidae,Baetis,5
3345,HAMR,Hammer Creek,29/04/2025,Arthropoda,Insecta,Diptera,Empididae,Hemerodromia,1
3346,HAMR,Hammer Creek,29/04/2025,Platyhelminthes,Turbellaria,,,,1
3347,HAMR,Hammer Creek,29/04/2025,Arthropoda,Insecta,Trichoptera,Hydropsychidae,Cheumatopsyche,3
3348,HAMR,Hammer Creek,29/04/2025,Arthropoda,Insecta,Trichoptera,Philopotamidae,Chimarra,1
3349,HAMR,Hammer Creek,29/04/2025,Arthropoda,Insecta,Diptera,Chironomidae,,15
3350,HAMR,Hammer Creek,29/04/2025,Arthropoda,Insecta,Ephemeroptera,Ephemeridae,Ephemera,2
3351,HAMR,Hammer Creek,29/04/2025,Arthropoda,Insecta,Ephemeroptera,Ephemerellidae,Ephemerella,101
3352,HAMR,Hammer Creek,29/04/2025,Arthropoda,Malacostraca,Amphipoda,Gammaridae,Gammarus,10
3353,HAMR,Hammer Creek,29/04/2025,Arthropoda,Insecta,Diptera,Tipulidae,Antocha,1
3354,HAMR,Hammer Creek,29/04/2025,Arthropoda,Insecta,Diptera,Tipulidae,Antocha,4
3355,HAMR,Hammer Creek,29/04/2025,Arthropoda,Insecta,Ephemeroptera,Baetidae,Baetis,1
3356,HAMR,Hammer Creek,29/04/2025,Arthropoda,Malacostraca,Isopoda,Asellidae,Caecidotea,1
3357,HAMR,Hammer Creek,29/04/2025,Arthropoda,Insecta,Trichoptera,Hydropsychidae,Cheumatopsyche,5
3358,HAMR,Hammer Creek,29/04/2025,Arthropoda,Insecta,Trichoptera,Philopotamidae,Chimarra,2
3359,HAMR,Hammer Creek,29/04/2025,Arthropoda,Insecta,Diptera,Chironomidae,,8
3360,HAMR,Hammer Creek,29/04/2025,Arthropoda,Insecta,Ephemeroptera,Ephemerellidae,Ephemerella,78
3361,HAMR,Hammer Creek,29/04/2025,Arthropoda,Malacostraca,Amphipoda,Gammaridae,Gammarus,11
3362,HAMR,Hammer Creek,29/04/2025,Arthropoda,Insecta,Diptera,Empididae,Hemerodromia,3
3363,HAMR,Hammer Creek,29/04/2025,Arthropoda,Insecta,Trichoptera,Hydropsychidae,Hydropsyche,10
3364,HAMR,Hammer Creek,29/04/2025,Annelida,Oligochaeta,,,,6
3365,HAMR,Hammer Creek,29/04/2025,Arthropoda,Insecta,Coleoptera,Elmidae,Optioservus,59
3366,HAMR,Hammer Creek,29/04/2025,Arthropoda,Insecta,Diptera,Tipulidae,Pilaria,1
3367,HAMR,Hammer Creek,29/04/2025,Arthropoda,Insecta,Coleoptera,Psephenidae,Psephenus,5
3368,HAMR,Hammer Creek,29/04/2025,Arthropoda,Insecta,Trichoptera,Psychomyiidae,Psychomyia,1
3369,HAMR,Hammer Creek,29/04/2025,Arthropoda,Insecta,Trichoptera,Rhyacophilidae,Rhyacophila,1
3370,HAMR,Hammer Creek,29/04/2025,Arthropoda,Insecta,Diptera,Simuliidae,Simulium,1
3371,HAMR,Hammer Creek,29/04/2025,Arthropoda,Insecta,Coleoptera,Elmidae,Stenelmis,29
3372,HAMR,Hammer Creek,29/04/2025,Arthropoda,Insecta,Coleoptera,Elmidae,Optioservus,10
3373,HAMR,Hammer Creek,29/04/2025,Annelida,Oligochaeta,,,,3
3374,HAMR,Hammer Creek,29/04/2025,Arthropoda,Insecta,Coleoptera,Elmidae,Stenelmis,3
3375,HAMR,Hammer Creek,29/04/2025,Arthropoda,Insecta,Diptera,Empididae,Hemerodromia,1
3376,HAMR,Hammer Creek,29/04/2025,Arthropoda,Insecta,Ephemeroptera,Baetidae,Baetis,6
3377,HAMR,Hammer Creek,29/04/2025,Arthropoda,Insecta,Diptera,Tipulidae,Antocha,1
3378,HAMR,Hammer Creek,29/04/2025,NA,NA,NA,NA,Corbiculidae,1
3379,HAMR,Hammer Creek,29/04/2025,Arthropoda,Malacostraca,Amphipoda,Gammaridae,Gammarus,9
3380,HAMR,Hammer Creek,29/04/2025,Arthropoda,Insecta,Trichoptera,Psychomyiidae,Psychomyia,1
3381,HAMR,Hammer Creek,29/04/2025,Arthropoda,Insecta,Trichoptera,Hydropsychidae,Hydropsyche,13
3382,HAMR,Hammer Creek,29/04/2025,Arthropoda,Insecta,Trichoptera,Hydropsychidae,Cheumatopsyche,3
3383,HAMR,Hammer Creek,29/04/2025,Arthropoda,Insecta,Ephemeroptera,Ephemerellidae,Ephemerella,156
3384,HAMR,Hammer Creek,29/04/2025,Arthropoda,Insecta,Diptera,Chironomidae,,13
3385,HAMR,Hammer Creek,29/04/2025,Arthropoda,Insecta,Trichoptera,Hydropsychidae,Hydropsyche,6
3386,HAMR,Hammer Creek,29/04/2025,Arthropoda,Insecta,Trichoptera,Philopotamidae,Chimarra,1
3387,HAMR,Hammer Creek,29/04/2025,Annelida,Oligochaeta,,,,5
3388,HAMR,Hammer Creek,29/04/2025,Arthropoda,Insecta,Diptera,Empididae,Hemerodromia,2
3389,HAMR,Hammer Creek,29/04/2025,Arthropoda,Malacostraca,Amphipoda,Gammaridae,Gammarus,10
3390,HAMR,Hammer Creek,29/04/2025,Arthropoda,Insecta,Ephemeroptera,Ephemerellidae,Ephemerella,146
3391,HAMR,Hammer Creek,29/04/2025,Arthropoda,Insecta,Diptera,Chironomidae,,19
3392,HAMR,Hammer Creek,29/04/2025,Arthropoda,Insecta,Trichoptera,Hydropsychidae,Cheumatopsyche,7
3393,HAMR,Hammer Creek,29/04/2025,Arthropoda,Insecta,Ephemeroptera,Baetidae,Baetis,4
3394,HAMR,Hammer Creek,29/04/2025,Arthropoda,Insecta,Coleoptera,Elmidae,Stenelmis,4
3395,HAMR,Hammer Creek,29/04/2025,Arthropoda,Insecta,Ephemeroptera,Ephemeridae,Ephemera,2
3396,HAMR,Hammer Creek,29/04/2025,Arthropoda,Insecta,Coleoptera,Elmidae,Optioservus,15
3397,Hicks,Hicks Run,27/04/2023,Arthropoda,Insecta,Diptera,Chironomidae,,36
3398,Hicks,Hicks Run,27/04/2023,Arthropoda,Insecta,Trichoptera,Hydropsychidae,Cheumatopsyche,3
3399,Hicks,Hicks Run,27/04/2023,Arthropoda,Insecta,Ephemeroptera,Ephemerellidae,Ephemerella,31
3400,Hicks,Hicks Run,27/04/2023,Arthropoda,Insecta,Plecoptera,Perlidae,Acroneuria,2
3401,Hicks,Hicks Run,27/04/2023,Arthropoda,Insecta,Coleoptera,Elmidae,Oulimnius,3
3402,Hicks,Hicks Run,27/04/2023,Arthropoda,Insecta,Ephemeroptera,Heptageniidae,Cinygmula,3
3403,Hicks,Hicks Run,27/04/2023,Arthropoda,Insecta,Trichoptera,Odontoceridae,Psilotreta,1
3404,Hicks,Hicks Run,27/04/2023,NA,NA,NA,NA,Gomphidae,1
3405,Hicks,Hicks Run,27/04/2023,Arthropoda,Insecta,Trichoptera,Rhyacophilidae,Rhyacophila,2
3406,Hicks,Hicks Run,27/04/2023,Arthropoda,Insecta,Coleoptera,Psephenidae,Psephenus,7
3407,Hicks,Hicks Run,27/04/2023,Arthropoda,Insecta,Ephemeroptera,Baetidae,Diphetor,1
3408,Hicks,Hicks Run,27/04/2023,Arthropoda,Insecta,Coleoptera,Elmidae,Optioservus,5
3409,Hicks,Hicks Run,27/04/2023,Annelida,Oligochaeta,,,,4
3410,Hicks,Hicks Run,27/04/2023,Arthropoda,Insecta,Ephemeroptera,Heptageniidae,Stenacron,1
3411,Hicks,Hicks Run,27/04/2023,Arthropoda,Insecta,Plecoptera,Chloroperlidae,Haploperla,1
3412,Hicks,Hicks Run,27/04/2023,NA,NA,NA,NA,Leptophlebiidae,5
3413,Hicks,Hicks Run,27/04/2023,Arthropoda,Insecta,Ephemeroptera,Heptageniidae,Leucrocuta,5
3414,Hicks,Hicks Run,27/04/2023,Arthropoda,Insecta,Plecoptera,Leuctridae,Leuctra,3
3415,Hicks,Hicks Run,27/04/2023,Arthropoda,Insecta,Ephemeroptera,Ephemerellidae,Drunella,37
3416,Hicks,Hicks Run,27/04/2023,Arthropoda,Insecta,Ephemeroptera,Baetidae,Acentrella,35
3417,Hicks,Hicks Run,27/04/2023,Arthropoda,Insecta,Trichoptera,Glossosomatidae,Agapetus,1
3418,Hicks,Hicks Run,27/04/2023,Arthropoda,Insecta,Ephemeroptera,Heptageniidae,Epeorus,2
3419,Hicks,Hicks Run,27/04/2023,Arthropoda,Insecta,Coleoptera,Elmidae,Stenelmis,1
3420,Hicks,Hicks Run,27/04/2023,Arthropoda,Insecta,Ephemeroptera,Ephemerellidae,Teloganopsis,3
3421,Hicks,Hicks Run,27/04/2023,Arthropoda,Insecta,Ephemeroptera,Heptageniidae,Maccaffertium,7
3422,Hicks,Hicks Run,27/04/2023,Mollusca,Bivalvia,Sphaeriida,Sphaeriidae,,1
3423,Hicks,Hicks Run,27/04/2023,Arthropoda,Insecta,Diptera,Simuliidae,Simulium,4
3424,Hicks,Hicks Run,27/04/2023,Arthropoda,Insecta,Ephemeroptera,Baetidae,Acentrella,20
3425,Hicks,Hicks Run,27/04/2023,Arthropoda,Insecta,Plecoptera,Perlidae,Acroneuria,2
3426,Hicks,Hicks Run,27/04/2023,Arthropoda,Insecta,Trichoptera,Glossosomatidae,Agapetus,1
3427,Hicks,Hicks Run,27/04/2023,Arthropoda,Insecta,Plecoptera,Perlidae,Agnetina,5
3428,Hicks,Hicks Run,27/04/2023,Arthropoda,Insecta,Plecoptera,Chloroperlidae,Alloperla,1
3429,Hicks,Hicks Run,27/04/2023,Arthropoda,Insecta,Diptera,Tipulidae,Antocha,1
3430,Hicks,Hicks Run,27/04/2023,Arthropoda,Insecta,Ephemeroptera,Baetidae,Baetis,13
3431,Hicks,Hicks Run,27/04/2023,Arthropoda,Insecta,Diptera,Chironomidae,,52
3432,Hicks,Hicks Run,27/04/2023,Arthropoda,Insecta,Trichoptera,Polycentropodidae,Cyrnellus,8
3433,Hicks,Hicks Run,27/04/2023,Arthropoda,Insecta,Trichoptera,Philopotamidae,Dolophilodes,7
3434,Hicks,Hicks Run,27/04/2023,Arthropoda,Insecta,Ephemeroptera,Ephemerellidae,Drunella,39
3435,Hicks,Hicks Run,27/04/2023,Arthropoda,Insecta,Ephemeroptera,Heptageniidae,Epeorus,8
3436,Hicks,Hicks Run,27/04/2023,Arthropoda,Insecta,Ephemeroptera,Ephemerellidae,Ephemerella,8
3437,Hicks,Hicks Run,27/04/2023,Arthropoda,Insecta,Trichoptera,Goeridae,Goera,1
3438,Hicks,Hicks Run,27/04/2023,Arthropoda,Insecta,Diptera,Tipulidae,Hexatoma,2
3439,Hicks,Hicks Run,27/04/2023,Arthropoda,Insecta,Ephemeroptera,Isonychiidae,Isonychia,3
3440,Hicks,Hicks Run,27/04/2023,Arthropoda,Insecta,Plecoptera,Leuctridae,Leuctra,2
3441,Hicks,Hicks Run,27/04/2023,Annelida,Oligochaeta,,,,1
3442,Hicks,Hicks Run,27/04/2023,Arthropoda,Insecta,Ephemeroptera,Heptageniidae,Maccaffertium,2
3443,Hicks,Hicks Run,27/04/2023,NA,NA,NA,NA,Nematoda,1
3444,Hicks,Hicks Run,27/04/2023,Arthropoda,Insecta,Coleoptera,Elmidae,Optioservus,9
3445,Hicks,Hicks Run,27/04/2023,Arthropoda,Insecta,Coleoptera,Elmidae,Oulimnius,3
3446,Hicks,Hicks Run,27/04/2023,Arthropoda,Insecta,Plecoptera,Perlidae,Paragnetina,5
3447,Hicks,Hicks Run,27/04/2023,Arthropoda,Insecta,Ephemeroptera,Leptophlebiidae,Paraleptophlebia,6
3448,Hicks,Hicks Run,27/04/2023,Arthropoda,Insecta,Trichoptera,Polycentropodidae,Polycentropus,1
3449,Hicks,Hicks Run,27/04/2023,Arthropoda,Insecta,Coleoptera,Psephenidae,Psephenus,11
3450,Hicks,Hicks Run,27/04/2023,Arthropoda,Insecta,Trichoptera,Rhyacophilidae,Rhyacophila,1
3451,Hicks,Hicks Run,27/04/2023,Arthropoda,Insecta,Ephemeroptera,Ephemerellidae,Serratella,6
3452,Hicks,Hicks Run,27/04/2023,Arthropoda,Insecta,Diptera,Simuliidae,Simulium,1
3453,Hicks,Hicks Run,27/04/2023,Arthropoda,Insecta,Ephemeroptera,Heptageniidae,Stenacron,1
3454,Hicks,Hicks Run,27/04/2023,Arthropoda,Insecta,Plecoptera,Chloroperlidae,Sweltsa,1
3455,Hicks,Hicks Run,27/04/2023,Arthropoda,Insecta,Diptera,Tipulidae,Tipula,1
3456,Hicks,Hicks Run,27/04/2023,Arthropoda,Insecta,Ephemeroptera,Baetidae,Acerpenna,2
3457,Hicks,Hicks Run,27/04/2023,Arthropoda,Insecta,Ephemeroptera,Ephemerellidae,Ephemerella,3
3458,Hicks,Hicks Run,27/04/2023,Arthropoda,Insecta,Ephemeroptera,Ephemerellidae,Eurylophella,2
3459,Hicks,Hicks Run,27/04/2023,Arthropoda,Insecta,Ephemeroptera,Ephemerellidae,Serratella,31
3460,Hicks,Hicks Run,27/04/2023,Arthropoda,Insecta,Ephemeroptera,Ephemeridae,Ephemera,1
3461,Hicks,Hicks Run,27/04/2023,Arthropoda,Insecta,Ephemeroptera,Heptageniidae,Epeorus,10
3462,Hicks,Hicks Run,27/04/2023,Arthropoda,Insecta,Ephemeroptera,Heptageniidae,Leucrocuta,2
3463,Hicks,Hicks Run,27/04/2023,Arthropoda,Insecta,Ephemeroptera,Heptageniidae,Maccaffertium,38
3464,Hicks,Hicks Run,27/04/2023,Arthropoda,Insecta,Ephemeroptera,Heptageniidae,Rhithrogena,1
3465,Hicks,Hicks Run,27/04/2023,Arthropoda,Insecta,Ephemeroptera,Isonychiidae,Isonychia,12
3466,Hicks,Hicks Run,27/04/2023,Arthropoda,Insecta,Ephemeroptera,Leptophlebiidae,Paraleptophlebia,16
3467,Hicks,Hicks Run,27/04/2023,Arthropoda,Insecta,Plecoptera,Leuctridae,Leuctra,2
3468,Hicks,Hicks Run,27/04/2023,Arthropoda,Insecta,Plecoptera,Perlidae,Acroneuria,3
3469,Hicks,Hicks Run,27/04/2023,Arthropoda,Insecta,Plecoptera,Perlidae,Paragnetina,1
3470,Hicks,Hicks Run,27/04/2023,Arthropoda,Insecta,Plecoptera,Perlodidae,Isoperla,3
3471,Hicks,Hicks Run,27/04/2023,Arthropoda,Insecta,Plecoptera,Taeniopterygidae,Taeniopteryx,5
3472,Hicks,Hicks Run,27/04/2023,Arthropoda,Insecta,Trichoptera,Apataniidae,Apatania,3
3473,Hicks,Hicks Run,27/04/2023,Arthropoda,Insecta,Trichoptera,Glossosomatidae,Glossosoma,2
3474,Hicks,Hicks Run,27/04/2023,Arthropoda,Insecta,Trichoptera,Hydropsychidae,Ceratopsyche,8
3475,Hicks,Hicks Run,27/04/2023,Arthropoda,Insecta,Trichoptera,Hydropsychidae,Cheumatopsyche,18
3476,Hicks,Hicks Run,27/04/2023,Arthropoda,Insecta,Trichoptera,Philopotamidae,Chimarra,22
3477,Hicks,Hicks Run,27/04/2023,Arthropoda,Insecta,Trichoptera,Philopotamidae,Dolophilodes,5
3478,Hicks,Hicks Run,27/04/2023,Arthropoda,Insecta,Trichoptera,Rhyacophilidae,Rhyacophila,1
3479,Hicks,Hicks Run,27/04/2023,Arthropoda,Insecta,Megaloptera,Corydalidae,Nigronia,1
3480,Hicks,Hicks Run,27/04/2023,Arthropoda,Insecta,Coleoptera,Elmidae,Optioservus,3
3481,Hicks,Hicks Run,27/04/2023,Arthropoda,Insecta,Coleoptera,Elmidae,Oulimnius,1
3482,Hicks,Hicks Run,27/04/2023,Arthropoda,Insecta,Coleoptera,Psephenidae,Psephenus,2
3483,Hicks,Hicks Run,27/04/2023,Arthropoda,Insecta,Diptera,Athericidae,Atherix,3
3484,Hicks,Hicks Run,27/04/2023,Arthropoda,Insecta,Diptera,Chironomidae,,5
3485,Hicks,Hicks Run,27/04/2023,Arthropoda,Insecta,Diptera,Empididae,Hemerodromia,1
3486,Hicks,Hicks Run,27/04/2023,Arthropoda,Insecta,Diptera,Tipulidae,Antocha,1
3487,Hicks,Hicks Run,27/04/2023,Arthropoda,Insecta,Diptera,Tipulidae,Dicranota,1
3488,Hicks,Hicks Run,27/04/2023,NA,NA,NA,NA,Nemertea,1
3489,Hicks,Hicks Run,27/04/2023,Annelida,Oligochaeta,,,,4
3490,Hicks,Hicks Run,27/04/2023,Arthropoda,Arachnida,Hydracarina,,,2
3491,Hicks,Hicks Run,27/04/2023,Arthropoda,Insecta,Ephemeroptera,Baetidae,Acerpenna,1
3492,Hicks,Hicks Run,27/04/2023,Arthropoda,Insecta,Ephemeroptera,Ephemerellidae,Ephemerella,10
3493,Hicks,Hicks Run,27/04/2023,Arthropoda,Insecta,Ephemeroptera,Ephemerellidae,Serratella,16
3494,Hicks,Hicks Run,27/04/2023,Arthropoda,Insecta,Ephemeroptera,Heptageniidae,Epeorus,27
3495,Hicks,Hicks Run,27/04/2023,Arthropoda,Insecta,Ephemeroptera,Heptageniidae,Leucrocuta,3
3496,Hicks,Hicks Run,27/04/2023,Arthropoda,Insecta,Ephemeroptera,Heptageniidae,Maccaffertium,12
3497,Hicks,Hicks Run,27/04/2023,Arthropoda,Insecta,Ephemeroptera,Heptageniidae,Rhithrogena,2
3498,Hicks,Hicks Run,27/04/2023,Arthropoda,Insecta,Ephemeroptera,Isonychiidae,Isonychia,6
3499,Hicks,Hicks Run,27/04/2023,Arthropoda,Insecta,Ephemeroptera,Leptophlebiidae,Paraleptophlebia,19
3500,Hicks,Hicks Run,27/04/2023,Arthropoda,Insecta,Plecoptera,Leuctridae,Leuctra,1
3501,Hicks,Hicks Run,27/04/2023,Arthropoda,Insecta,Plecoptera,Peltoperlidae,Tallaperla,1
3502,Hicks,Hicks Run,27/04/2023,Arthropoda,Insecta,Plecoptera,Perlidae,Acroneuria,3
3503,Hicks,Hicks Run,27/04/2023,Arthropoda,Insecta,Plecoptera,Perlidae,Paragnetina,1
3504,Hicks,Hicks Run,27/04/2023,Arthropoda,Insecta,Plecoptera,Perlodidae,Isoperla,11
3505,Hicks,Hicks Run,27/04/2023,NA,NA,NA,NA,Taeniopterygidae,1
3506,Hicks,Hicks Run,27/04/2023,Arthropoda,Insecta,Plecoptera,Taeniopterygidae,Taeniopteryx,4
3507,Hicks,Hicks Run,27/04/2023,Arthropoda,Insecta,Trichoptera,Apataniidae,Apatania,1
3508,Hicks,Hicks Run,27/04/2023,Arthropoda,Insecta,Trichoptera,Hydropsychidae,Ceratopsyche,7
3509,Hicks,Hicks Run,27/04/2023,Arthropoda,Insecta,Trichoptera,Hydropsychidae,Cheumatopsyche,5
3510,Hicks,Hicks Run,27/04/2023,Arthropoda,Insecta,Trichoptera,Lepidostomatidae,Lepidostoma,10
3511,Hicks,Hicks Run,27/04/2023,Arthropoda,Insecta,Trichoptera,Philopotamidae,Chimarra,15
3512,Hicks,Hicks Run,27/04/2023,Arthropoda,Insecta,Trichoptera,Philopotamidae,Dolophilodes,8
3513,Hicks,Hicks Run,27/04/2023,Arthropoda,Insecta,Trichoptera,Polycentropodidae,Polycentropus,1
3514,Hicks,Hicks Run,27/04/2023,Arthropoda,Insecta,Trichoptera,Uenoidae,Neophylax,4
3515,Hicks,Hicks Run,27/04/2023,NA,NA,NA,NA,Gomphidae,5
3516,Hicks,Hicks Run,27/04/2023,Arthropoda,Insecta,Megaloptera,Corydalidae,Nigronia,1
3517,Hicks,Hicks Run,27/04/2023,Arthropoda,Insecta,Coleoptera,Elmidae,Optioservus,9
3518,Hicks,Hicks Run,27/04/2023,Arthropoda,Insecta,Coleoptera,Elmidae,Oulimnius,4
3519,Hicks,Hicks Run,27/04/2023,Arthropoda,Insecta,Coleoptera,Psephenidae,Psephenus,3
3520,Hicks,Hicks Run,27/04/2023,Arthropoda,Insecta,Diptera,Athericidae,Atherix,1
3521,Hicks,Hicks Run,27/04/2023,Arthropoda,Insecta,Diptera,Chironomidae,,18
3522,Hicks,Hicks Run,27/04/2023,Arthropoda,Insecta,Diptera,Empididae,Hemerodromia,8
3523,Hicks,Hicks Run,27/04/2023,Arthropoda,Insecta,Diptera,Tipulidae,Hexatoma,1
3524,Hicks,Hicks Run,27/04/2023,Platyhelminthes,Turbellaria,,,,1
3525,Hicks,Hicks Run,27/04/2023,Annelida,Oligochaeta,,,,5
3526,Hicks,Hicks Run,27/04/2023,NA,NA,NA,NA,Cambaridae,1
3527,Hicks,Hicks Run,27/04/2023,Arthropoda,Arachnida,Hydracarina,,,2
3528,Hicks,Hicks Run,27/04/2023,Arthropoda,Insecta,Ephemeroptera,Ephemerellidae,Ephemerella,6
3529,Hicks,Hicks Run,27/04/2023,Arthropoda,Insecta,Ephemeroptera,Ephemerellidae,Eurylophella,1
3530,Hicks,Hicks Run,27/04/2023,Arthropoda,Insecta,Ephemeroptera,Ephemerellidae,Serratella,24
3531,Hicks,Hicks Run,27/04/2023,Arthropoda,Insecta,Ephemeroptera,Ephemeridae,Ephemera,1
3532,Hicks,Hicks Run,27/04/2023,Arthropoda,Insecta,Ephemeroptera,Heptageniidae,Epeorus,8
3533,Hicks,Hicks Run,27/04/2023,Arthropoda,Insecta,Ephemeroptera,Heptageniidae,Leucrocuta,4
3534,Hicks,Hicks Run,27/04/2023,Arthropoda,Insecta,Ephemeroptera,Heptageniidae,Maccaffertium,21
3535,Hicks,Hicks Run,27/04/2023,Arthropoda,Insecta,Ephemeroptera,Heptageniidae,Rhithrogena,1
3536,Hicks,Hicks Run,27/04/2023,Arthropoda,Insecta,Ephemeroptera,Isonychiidae,Isonychia,6
3537,Hicks,Hicks Run,27/04/2023,Arthropoda,Insecta,Ephemeroptera,Leptophlebiidae,Paraleptophlebia,20
3538,Hicks,Hicks Run,27/04/2023,Arthropoda,Insecta,Plecoptera,Leuctridae,Leuctra,1
3539,Hicks,Hicks Run,27/04/2023,Arthropoda,Insecta,Plecoptera,Perlidae,Acroneuria,1
3540,Hicks,Hicks Run,27/04/2023,Arthropoda,Insecta,Plecoptera,Perlidae,Agnetina,2
3541,Hicks,Hicks Run,27/04/2023,Arthropoda,Insecta,Plecoptera,Perlidae,Paragnetina,6
3542,Hicks,Hicks Run,27/04/2023,Arthropoda,Insecta,Plecoptera,Perlodidae,Isoperla,17
3543,Hicks,Hicks Run,27/04/2023,NA,NA,NA,NA,Taeniopterygidae,1
3544,Hicks,Hicks Run,27/04/2023,Arthropoda,Insecta,Plecoptera,Taeniopterygidae,Taeniopteryx,3
3545,Hicks,Hicks Run,27/04/2023,Arthropoda,Insecta,Trichoptera,Apataniidae,Apatania,1
3546,Hicks,Hicks Run,27/04/2023,Arthropoda,Insecta,Trichoptera,Hydropsychidae,Ceratopsyche,7
3547,Hicks,Hicks Run,27/04/2023,Arthropoda,Insecta,Trichoptera,Hydropsychidae,Cheumatopsyche,21
3548,Hicks,Hicks Run,27/04/2023,Arthropoda,Insecta,Trichoptera,Lepidostomatidae,Lepidostoma,5
3549,Hicks,Hicks Run,27/04/2023,Arthropoda,Insecta,Trichoptera,Philopotamidae,Dolophilodes,6
3550,Hicks,Hicks Run,27/04/2023,Arthropoda,Insecta,Trichoptera,Rhyacophilidae,Rhyacophila,2
3551,Hicks,Hicks Run,27/04/2023,Arthropoda,Insecta,Trichoptera,Uenoidae,Neophylax,2
3552,Hicks,Hicks Run,27/04/2023,Arthropoda,Insecta,Coleoptera,Elmidae,Optioservus,15
3553,Hicks,Hicks Run,27/04/2023,Arthropoda,Insecta,Coleoptera,Psephenidae,Psephenus,10
3554,Hicks,Hicks Run,27/04/2023,Arthropoda,Insecta,Diptera,Athericidae,Atherix,2
3555,Hicks,Hicks Run,27/04/2023,Arthropoda,Insecta,Diptera,Chironomidae,,10
3556,Hicks,Hicks Run,27/04/2023,Arthropoda,Insecta,Diptera,Empididae,Hemerodromia,1
3557,Hicks,Hicks Run,27/04/2023,Arthropoda,Insecta,Diptera,Tipulidae,Antocha,2
3558,Hicks,Hicks Run,27/04/2023,NA,NA,NA,NA,Nematoda,1
3559,Hicks,Hicks Run,27/04/2023,Mollusca,Bivalvia,Sphaeriida,Sphaeriidae,,1
3560,Hicks,Hicks Run,27/04/2023,Annelida,Oligochaeta,,,,6
3561,Hicks,Hicks Run,27/04/2023,Arthropoda,Arachnida,Hydracarina,,,3
3562,Hicks,Hicks Run,27/04/2023,Arthropoda,Insecta,Ephemeroptera,Baetidae,Baetis,1
3563,Hicks,Hicks Run,27/04/2023,Arthropoda,Insecta,Ephemeroptera,Ephemerellidae,Ephemerella,16
3564,Hicks,Hicks Run,27/04/2023,Arthropoda,Insecta,Ephemeroptera,Ephemerellidae,Eurylophella,1
3565,Hicks,Hicks Run,27/04/2023,Arthropoda,Insecta,Ephemeroptera,Ephemerellidae,Serratella,11
3566,Hicks,Hicks Run,27/04/2023,Arthropoda,Insecta,Ephemeroptera,Ephemeridae,Ephemera,2
3567,Hicks,Hicks Run,27/04/2023,Arthropoda,Insecta,Ephemeroptera,Heptageniidae,Epeorus,7
3568,Hicks,Hicks Run,27/04/2023,Arthropoda,Insecta,Ephemeroptera,Heptageniidae,Leucrocuta,5
3569,Hicks,Hicks Run,27/04/2023,Arthropoda,Insecta,Ephemeroptera,Heptageniidae,Maccaffertium,7
3570,Hicks,Hicks Run,27/04/2023,Arthropoda,Insecta,Ephemeroptera,Heptageniidae,Stenacron,1
3571,Hicks,Hicks Run,27/04/2023,Arthropoda,Insecta,Ephemeroptera,Isonychiidae,Isonychia,8
3572,Hicks,Hicks Run,27/04/2023,Arthropoda,Insecta,Ephemeroptera,Leptophlebiidae,Paraleptophlebia,21
3573,Hicks,Hicks Run,27/04/2023,Arthropoda,Insecta,Plecoptera,Capniidae,Paracapnia,1
3574,Hicks,Hicks Run,27/04/2023,Arthropoda,Insecta,Plecoptera,Perlidae,Acroneuria,1
3575,Hicks,Hicks Run,27/04/2023,Arthropoda,Insecta,Plecoptera,Perlodidae,Isogenoides,1
3576,Hicks,Hicks Run,27/04/2023,Arthropoda,Insecta,Plecoptera,Perlodidae,Isoperla,1
3577,Hicks,Hicks Run,27/04/2023,Arthropoda,Insecta,Plecoptera,Taeniopterygidae,Taeniopteryx,1
3578,Hicks,Hicks Run,27/04/2023,Arthropoda,Insecta,Trichoptera,Apataniidae,Apatania,1
3579,Hicks,Hicks Run,27/04/2023,Arthropoda,Insecta,Trichoptera,Hydropsychidae,Ceratopsyche,6
3580,Hicks,Hicks Run,27/04/2023,Arthropoda,Insecta,Trichoptera,Hydropsychidae,Cheumatopsyche,29
3581,Hicks,Hicks Run,27/04/2023,Arthropoda,Insecta,Trichoptera,Lepidostomatidae,Lepidostoma,6
3582,Hicks,Hicks Run,27/04/2023,NA,NA,NA,NA,Limnephilidae,4
3583,Hicks,Hicks Run,27/04/2023,Arthropoda,Insecta,Trichoptera,Philopotamidae,Chimarra,1
3584,Hicks,Hicks Run,27/04/2023,Arthropoda,Insecta,Trichoptera,Philopotamidae,Dolophilodes,4
3585,Hicks,Hicks Run,27/04/2023,Arthropoda,Insecta,Trichoptera,Rhyacophilidae,Rhyacophila,2
3586,Hicks,Hicks Run,27/04/2023,Arthropoda,Insecta,Trichoptera,Uenoidae,Neophylax,5
3587,Hicks,Hicks Run,27/04/2023,Arthropoda,Insecta,Megaloptera,Corydalidae,Nigronia,1
3588,Hicks,Hicks Run,27/04/2023,Arthropoda,Insecta,Coleoptera,Elmidae,Dubiraphia,1
3589,Hicks,Hicks Run,27/04/2023,Arthropoda,Insecta,Coleoptera,Elmidae,Optioservus,11
3590,Hicks,Hicks Run,27/04/2023,Arthropoda,Insecta,Coleoptera,Elmidae,Oulimnius,2
3591,Hicks,Hicks Run,27/04/2023,NA,NA,NA,NA,Promoresia,2
3592,Hicks,Hicks Run,27/04/2023,Arthropoda,Insecta,Coleoptera,Psephenidae,Psephenus,2
3593,Hicks,Hicks Run,27/04/2023,Arthropoda,Insecta,Diptera,Ceratopogonidae,Bezzia,1
3594,Hicks,Hicks Run,27/04/2023,Arthropoda,Insecta,Diptera,Chironomidae,,34
3595,Hicks,Hicks Run,27/04/2023,Arthropoda,Insecta,Diptera,Empididae,Hemerodromia,1
3596,Hicks,Hicks Run,27/04/2023,Arthropoda,Insecta,Diptera,Tipulidae,Antocha,2
3597,Hicks,Hicks Run,27/04/2023,NA,NA,NA,NA,Nematoda,1
3598,Hicks,Hicks Run,27/04/2023,Annelida,Oligochaeta,,,,2
3599,Hicks,Hicks Run,27/04/2023,Arthropoda,Insecta,Diptera,Tipulidae,Antocha,1
3600,Hicks,Hicks Run,27/04/2023,Mollusca,Bivalvia,Sphaeriida,Sphaeriidae,,1
3601,Hicks,Hicks Run,27/04/2023,Arthropoda,Arachnida,Hydracarina,,,2
3602,Hicks,Hicks Run,27/04/2023,Arthropoda,Insecta,Ephemeroptera,Leptophlebiidae,Paraleptophlebia,13
3603,Hicks,Hicks Run,27/04/2023,Arthropoda,Insecta,Coleoptera,Elmidae,Optioservus,4
3604,Hicks,Hicks Run,27/04/2023,Arthropoda,Insecta,Diptera,Chironomidae,,71
3605,Hicks,Hicks Run,27/04/2023,Arthropoda,Insecta,Ephemeroptera,Heptageniidae,Cinygmula,1
3606,Hicks,Hicks Run,27/04/2023,Arthropoda,Insecta,Ephemeroptera,Ephemerellidae,Ephemerella,22
3607,Hicks,Hicks Run,27/04/2023,Arthropoda,Insecta,Ephemeroptera,Baetidae,Baetis,4
3608,Hicks,Hicks Run,27/04/2023,Arthropoda,Insecta,Plecoptera,Pteronarcyidae,Pteronarcys,1
3609,Hicks,Hicks Run,27/04/2023,Arthropoda,Insecta,Trichoptera,Uenoidae,Neophylax,1
3610,Hicks,Hicks Run,27/04/2023,Arthropoda,Insecta,Plecoptera,Leuctridae,Leuctra,2
3611,Hicks,Hicks Run,27/04/2023,Arthropoda,Insecta,Diptera,Ceratopogonidae,,2
3612,Hicks,Hicks Run,27/04/2023,Arthropoda,Insecta,Ephemeroptera,Ephemerellidae,Serratella,3
3613,Hicks,Hicks Run,27/04/2023,Arthropoda,Insecta,Ephemeroptera,Baetidae,Diphetor,1
3614,Hicks,Hicks Run,27/04/2023,Arthropoda,Insecta,Trichoptera,Lepidostomatidae,Lepidostoma,4
3615,Hicks,Hicks Run,27/04/2023,Arthropoda,Insecta,Ephemeroptera,Leptophlebiidae,Habrophlebia,1
3616,Hicks,Hicks Run,27/04/2023,Arthropoda,Insecta,Trichoptera,Philopotamidae,Dolophilodes,2
3617,Hicks,Hicks Run,27/04/2023,Arthropoda,Insecta,Trichoptera,Rhyacophilidae,Rhyacophila,2
3618,Hicks,Hicks Run,27/04/2023,Arthropoda,Insecta,Trichoptera,Hydroptilidae,Stactobiella,1
3619,Hicks,Hicks Run,27/04/2023,Arthropoda,Insecta,Trichoptera,Hydropsychidae,Cheumatopsyche,1
3620,Hicks,Hicks Run,27/04/2023,Arthropoda,Insecta,Trichoptera,Hydropsychidae,Ceratopsyche,1
3621,Hicks,Hicks Run,27/04/2023,Arthropoda,Insecta,Ephemeroptera,Ephemerellidae,Drunella,40
3622,Hicks,Hicks Run,27/04/2023,Arthropoda,Insecta,Plecoptera,Nemouridae,Amphinemura,6
3623,Hicks,Hicks Run,27/04/2023,Arthropoda,Insecta,Diptera,Simuliidae,Prosimulium,5
3624,Hicks,Hicks Run,27/04/2023,Arthropoda,Insecta,Ephemeroptera,Heptageniidae,Maccaffertium,4
3625,Hicks,Hicks Run,27/04/2023,Arthropoda,Insecta,Ephemeroptera,Heptageniidae,Leucrocuta,2
3626,Hicks,Hicks Run,27/04/2023,Arthropoda,Insecta,Ephemeroptera,Heptageniidae,Epeorus,4
3627,Hicks,Hicks Run,27/04/2023,Arthropoda,Insecta,Ephemeroptera,Ephemerellidae,Serratella,3
3628,Hicks,Hicks Run,27/04/2023,Arthropoda,Insecta,Ephemeroptera,Baetidae,Diphetor,1
3629,Hicks,Hicks Run,27/04/2023,Arthropoda,Insecta,Ephemeroptera,Heptageniidae,Leucrocuta,1
3630,Hicks,Hicks Run,27/04/2023,Arthropoda,Insecta,Ephemeroptera,Baetidae,Acentrella,14
3631,Hicks,Hicks Run,27/04/2023,Arthropoda,Insecta,Ephemeroptera,Ephemerellidae,Drunella,57
3632,Hicks,Hicks Run,27/04/2023,Arthropoda,Insecta,Ephemeroptera,Leptophlebiidae,Paraleptophlebia,7
3633,Hicks,Hicks Run,27/04/2023,Arthropoda,Insecta,Ephemeroptera,Ephemerellidae,Eurylophella,2
3634,Hicks,Hicks Run,27/04/2023,Arthropoda,Insecta,Ephemeroptera,Heptageniidae,Maccaffertium,1
3635,Hicks,Hicks Run,27/04/2023,Arthropoda,Insecta,Coleoptera,Elmidae,Optioservus,4
3636,Hicks,Hicks Run,27/04/2023,Arthropoda,Arachnida,Hydracarina,,,1
3637,Hicks,Hicks Run,27/04/2023,Annelida,Oligochaeta,,,,30
3638,Hicks,Hicks Run,27/04/2023,Platyhelminthes,Turbellaria,,,,1
3639,Hicks,Hicks Run,27/04/2023,NA,NA,NA,NA,Nemertea,4
3640,Hicks,Hicks Run,27/04/2023,Arthropoda,Insecta,Diptera,Tipulidae,Antocha,1
3641,Hicks,Hicks Run,27/04/2023,Arthropoda,Insecta,Ephemeroptera,Ephemerellidae,Ephemerella,38
3642,Hicks,Hicks Run,27/04/2023,Arthropoda,Insecta,Plecoptera,Nemouridae,Amphinemura,8
3643,Hicks,Hicks Run,27/04/2023,Arthropoda,Insecta,Diptera,Simuliidae,Simulium,1
3644,Hicks,Hicks Run,27/04/2023,Arthropoda,Insecta,Trichoptera,Uenoidae,Neophylax,1
3645,Hicks,Hicks Run,27/04/2023,Arthropoda,Insecta,Megaloptera,Corydalidae,Nigronia,1
3646,Hicks,Hicks Run,27/04/2023,Arthropoda,Insecta,Coleoptera,Psephenidae,Psephenus,1
3647,Hicks,Hicks Run,27/04/2023,Arthropoda,Insecta,Ephemeroptera,Heptageniidae,Epeorus,3
3648,Hicks,Hicks Run,27/04/2023,Arthropoda,Insecta,Diptera,Chironomidae,,23
3649,Hicks,Hicks Run,27/04/2023,Arthropoda,Insecta,Plecoptera,Leuctridae,Leuctra,5
3650,Hicks,Hicks Run,27/04/2023,Arthropoda,Insecta,Ephemeroptera,Isonychiidae,Isonychia,1
3651,Hicks,Hicks Run,27/04/2023,Arthropoda,Insecta,Plecoptera,Perlidae,Acroneuria,1
3652,Hicks,Hicks Run,27/04/2023,Arthropoda,Insecta,Plecoptera,Perlodidae,Isoperla,2
3653,Hicks,Hicks Run,27/04/2023,Arthropoda,Insecta,Trichoptera,Glossosomatidae,Agapetus,1
3654,Hicks,Hicks Run,27/04/2023,Arthropoda,Insecta,Trichoptera,Rhyacophilidae,Rhyacophila,1
3655,Hicks,Hicks Run,27/04/2023,Arthropoda,Insecta,Trichoptera,Philopotamidae,Dolophilodes,4
3656,Hicks,Hicks Run,27/04/2023,Arthropoda,Insecta,Trichoptera,Lepidostomatidae,Lepidostoma,1
3657,Hicks,Hicks Run,27/04/2023,Arthropoda,Insecta,Diptera,Empididae,Clinocera,2
3658,Hicks,Hicks Run,27/04/2023,Arthropoda,Insecta,Plecoptera,Nemouridae,Amphinemura,1
3659,Hicks,Hicks Run,27/04/2023,Arthropoda,Insecta,Trichoptera,Hydropsychidae,Ceratopsyche,1
3660,Hicks,Hicks Run,27/04/2023,Arthropoda,Insecta,Diptera,Empididae,Clinocera,2
3661,Hicks,Hicks Run,27/04/2023,Arthropoda,Insecta,Ephemeroptera,Ephemerellidae,Drunella,17
3662,Hicks,Hicks Run,27/04/2023,Arthropoda,Insecta,Ephemeroptera,Heptageniidae,Epeorus,10
3663,Hicks,Hicks Run,27/04/2023,Arthropoda,Insecta,Ephemeroptera,Ephemerellidae,Eurylophella,1
3664,Hicks,Hicks Run,27/04/2023,Arthropoda,Insecta,Plecoptera,Perlodidae,Isoperla,9
3665,Hicks,Hicks Run,27/04/2023,NA,NA,NA,NA,Leptophlebiidae,14
3666,Hicks,Hicks Run,27/04/2023,Arthropoda,Insecta,Plecoptera,Leuctridae,Leuctra,1
3667,Hicks,Hicks Run,27/04/2023,Arthropoda,Insecta,Ephemeroptera,Heptageniidae,Maccaffertium,4
3668,Hicks,Hicks Run,27/04/2023,Annelida,Oligochaeta,,,,5
3669,Hicks,Hicks Run,27/04/2023,Arthropoda,Insecta,Coleoptera,Psephenidae,Psephenus,5
3670,Hicks,Hicks Run,27/04/2023,Arthropoda,Insecta,Trichoptera,Limnephilidae,Pycnopsyche,1
3671,Hicks,Hicks Run,27/04/2023,Arthropoda,Insecta,Plecoptera,Perlidae,Acroneuria,4
3672,Hicks,Hicks Run,27/04/2023,Arthropoda,Insecta,Diptera,Athericidae,Atherix,1
3673,Hicks,Hicks Run,27/04/2023,Arthropoda,Insecta,Ephemeroptera,Baetidae,Baetis,4
3674,Hicks,Hicks Run,27/04/2023,Arthropoda,Insecta,Trichoptera,Hydropsychidae,Cheumatopsyche,8
3675,Hicks,Hicks Run,27/04/2023,Arthropoda,Insecta,Diptera,Chironomidae,,24
3676,Hicks,Hicks Run,27/04/2023,NA,NA,NA,NA,Chloroperlidae,3
3677,Hicks,Hicks Run,27/04/2023,Arthropoda,Insecta,Ephemeroptera,Ephemerellidae,Ephemerella,29
3678,Hicks,Hicks Run,27/04/2023,Arthropoda,Arachnida,Hydracarina,,,1
3679,Hicks,Hicks Run,27/04/2023,Arthropoda,Insecta,Ephemeroptera,Heptageniidae,Leucrocuta,1
3680,Hicks,Hicks Run,27/04/2023,Arthropoda,Insecta,Trichoptera,Uenoidae,Neophylax,12
3681,Hicks,Hicks Run,27/04/2023,Arthropoda,Insecta,Megaloptera,Corydalidae,Nigronia,2
3682,Hicks,Hicks Run,27/04/2023,Arthropoda,Insecta,Coleoptera,Elmidae,Optioservus,14
3683,Hicks,Hicks Run,27/04/2023,Arthropoda,Insecta,Plecoptera,Perlidae,Paragnetina,1
3684,Hicks,Hicks Run,27/04/2023,NA,NA,NA,NA,Polycentropodidae,1
3685,Hicks,Hicks Run,27/04/2023,NA,NA,NA,NA,Promoresia,1
3686,Hicks,Hicks Run,27/04/2023,Arthropoda,Insecta,Diptera,Simuliidae,Prosimulium,20
3687,Hicks,Hicks Run,27/04/2023,Arthropoda,Insecta,Ephemeroptera,Heptageniidae,Rhithrogena,1
3688,Hicks,Hicks Run,27/04/2023,Arthropoda,Insecta,Ephemeroptera,Ephemerellidae,Serratella,6
3689,Hicks,Hicks Run,27/04/2023,Arthropoda,Insecta,Plecoptera,Taeniopterygidae,Taenionema,1
3690,Hicks,Hicks Run,27/04/2023,Platyhelminthes,Turbellaria,,,,1
3691,KISH 14.1,Kishacoquillas Creek,07/05/2024,Arthropoda,Insecta,Ephemeroptera,Baetidae,Baetis,37
3692,KISH 14.1,Kishacoquillas Creek,07/05/2024,Arthropoda,Malacostraca,Isopoda,Asellidae,Caecidotea,24
3693,KISH 14.1,Kishacoquillas Creek,07/05/2024,Arthropoda,Insecta,Trichoptera,Hydropsychidae,Cheumatopsyche,2
3694,KISH 14.1,Kishacoquillas Creek,07/05/2024,Arthropoda,Insecta,Diptera,Chironomidae,,73
3695,KISH 14.1,Kishacoquillas Creek,07/05/2024,Mollusca,Bivalvia,Veneroida,Corbiculidae,Corbicula,3
3696,KISH 14.1,Kishacoquillas Creek,07/05/2024,Arthropoda,Malacostraca,Amphipoda,Crangonyctidae,Crangonyx,1
3697,KISH 14.1,Kishacoquillas Creek,07/05/2024,Arthropoda,Malacostraca,Amphipoda,Gammaridae,Gammarus,4
3698,KISH 14.1,Kishacoquillas Creek,07/05/2024,Arthropoda,Insecta,Diptera,Empididae,Hemerodromia,2
3699,KISH 14.1,Kishacoquillas Creek,07/05/2024,Arthropoda,Insecta,Trichoptera,Hydropsychidae,Hydropsyche,2
3700,KISH 14.1,Kishacoquillas Creek,07/05/2024,Arthropoda,Insecta,Trichoptera,Hydroptilidae,Hydroptila,1
3701,KISH 14.1,Kishacoquillas Creek,07/05/2024,Annelida,Oligochaeta,,,,40
3702,KISH 14.1,Kishacoquillas Creek,07/05/2024,Arthropoda,Insecta,Coleoptera,Elmidae,Optioservus,5
3703,KISH 14.1,Kishacoquillas Creek,07/05/2024,Arthropoda,Insecta,Trichoptera,Limnephilidae,Pycnopsyche,1
3704,KISH 14.1,Kishacoquillas Creek,07/05/2024,Arthropoda,Insecta,Coleoptera,Elmidae,Stenelmis,10
3705,KISH 14.1,Kishacoquillas Creek,07/05/2024,Platyhelminthes,Turbellaria,,,,3
3706,KISH 14.1,Kishacoquillas Creek,07/05/2024,Arthropoda,Arachnida,Hydracarina,,,2
3707,KISH 14.1,Kishacoquillas Creek,07/05/2024,NA,NA,NA,NA,Hydracarina,2
3708,KISH 14.1,Kishacoquillas Creek,07/05/2024,Arthropoda,Insecta,Diptera,Chironomidae,,74
3709,KISH 14.1,Kishacoquillas Creek,07/05/2024,Arthropoda,Insecta,Diptera,Simuliidae,Simulium,2
3710,KISH 14.1,Kishacoquillas Creek,07/05/2024,NA,NA,NA,NA,Nematoda,5
3711,KISH 14.1,Kishacoquillas Creek,07/05/2024,NA,NA,NA,NA,Ancylidae,1
3712,KISH 14.1,Kishacoquillas Creek,07/05/2024,Annelida,Oligochaeta,,,,30
3713,KISH 14.1,Kishacoquillas Creek,07/05/2024,Arthropoda,Malacostraca,Amphipoda,Crangonyctidae,Crangonyx,3
3714,KISH 14.1,Kishacoquillas Creek,07/05/2024,Arthropoda,Insecta,Coleoptera,Elmidae,Optioservus,10
3715,KISH 14.1,Kishacoquillas Creek,07/05/2024,Arthropoda,Insecta,Trichoptera,Hydropsychidae,Hydropsyche,5
3716,KISH 14.1,Kishacoquillas Creek,07/05/2024,Arthropoda,Insecta,Trichoptera,Hydropsychidae,Cheumatopsyche,1
3717,KISH 14.1,Kishacoquillas Creek,07/05/2024,Arthropoda,Insecta,Ephemeroptera,Baetidae,Baetis,50
3718,KISH 14.1,Kishacoquillas Creek,07/05/2024,Arthropoda,Malacostraca,Isopoda,Asellidae,Caecidotea,11
3719,KISH 14.1,Kishacoquillas Creek,07/05/2024,Arthropoda,Insecta,Trichoptera,Brachycentridae,Brachycentrus,2
3720,KISH 14.1,Kishacoquillas Creek,07/05/2024,Arthropoda,Insecta,Ephemeroptera,Heptageniidae,Maccaffertium,7
3721,KISH 14.1,Kishacoquillas Creek,07/05/2024,Arthropoda,Insecta,Coleoptera,Elmidae,Stenelmis,10
3722,KISH 14.1,Kishacoquillas Creek,07/05/2024,Arthropoda,Insecta,Trichoptera,Rhyacophilidae,Rhyacophila,1
3723,KISH 14.1,Kishacoquillas Creek,07/05/2024,Arthropoda,Insecta,Coleoptera,Psephenidae,Psephenus,2
3724,KISH 14.1,Kishacoquillas Creek,07/05/2024,Arthropoda,Malacostraca,Amphipoda,Gammaridae,Gammarus,5
3725,KISH 14.1,Kishacoquillas Creek,07/05/2024,Arthropoda,Insecta,Ephemeroptera,Heptageniidae,Stenacron,1
3726,KISH 14.1,Kishacoquillas Creek,07/05/2024,Arthropoda,Insecta,Diptera,Tipulidae,Antocha,1
3727,KISH 14.1,Kishacoquillas Creek,07/05/2024,NA,NA,NA,NA,Asellidae,1
3728,KISH 14.1,Kishacoquillas Creek,07/05/2024,NA,NA,NA,NA,Cambaridae,1
3729,KISH 14.1,Kishacoquillas Creek,07/05/2024,Arthropoda,Insecta,Trichoptera,Hydropsychidae,Ceratopsyche,6
3730,KISH 14.1,Kishacoquillas Creek,07/05/2024,Arthropoda,Malacostraca,Amphipoda,Gammaridae,Gammarus,2
3731,KISH 14.1,Kishacoquillas Creek,07/05/2024,Arthropoda,Insecta,Ephemeroptera,Heptageniidae,Maccaffertium,1
3732,KISH 14.1,Kishacoquillas Creek,07/05/2024,Annelida,Oligochaeta,,,,35
3733,KISH 14.1,Kishacoquillas Creek,07/05/2024,NA,NA,NA,NA,Ostracoda,1
3734,KISH 14.1,Kishacoquillas Creek,07/05/2024,Arthropoda,Insecta,Coleoptera,Psephenidae,Psephenus,1
3735,KISH 14.1,Kishacoquillas Creek,07/05/2024,Arthropoda,Insecta,Diptera,Simuliidae,Simulium,2
3736,KISH 14.1,Kishacoquillas Creek,07/05/2024,Arthropoda,Insecta,Coleoptera,Elmidae,Stenelmis,17
3737,KISH 14.1,Kishacoquillas Creek,07/05/2024,Arthropoda,Malacostraca,Isopoda,Asellidae,Caecidotea,1
3738,KISH 14.1,Kishacoquillas Creek,07/05/2024,Arthropoda,Insecta,Diptera,Ceratopogonidae,,1
3739,KISH 14.1,Kishacoquillas Creek,07/05/2024,Arthropoda,Insecta,Diptera,Empididae,Chelifera,1
3740,KISH 14.1,Kishacoquillas Creek,07/05/2024,Arthropoda,Insecta,Trichoptera,Hydropsychidae,Cheumatopsyche,7
3741,KISH 14.1,Kishacoquillas Creek,07/05/2024,Arthropoda,Insecta,Diptera,Chironomidae,,130
3742,KISH 14.1,Kishacoquillas Creek,07/05/2024,Arthropoda,Malacostraca,Amphipoda,Crangonyctidae,Crangonyx,2
3743,KISH 14.1,Kishacoquillas Creek,07/05/2024,Arthropoda,Insecta,Coleoptera,Elmidae,Dubiraphia,3
3744,KISH 14.1,Kishacoquillas Creek,07/05/2024,Arthropoda,Insecta,Diptera,Empididae,Hemerodromia,1
3745,KISH 14.1,Kishacoquillas Creek,07/05/2024,Arthropoda,Arachnida,Hydracarina,,,5
3746,KISH 14.1,Kishacoquillas Creek,07/05/2024,Arthropoda,Insecta,Coleoptera,Elmidae,Optioservus,3
3747,KISH 14.1,Kishacoquillas Creek,07/05/2024,Arthropoda,Malacostraca,Amphipoda,Crangonyctidae,Crangonyx,5
3748,KISH 14.1,Kishacoquillas Creek,07/05/2024,Arthropoda,Insecta,Diptera,Empididae,Hemerodromia,1
3749,KISH 14.1,Kishacoquillas Creek,07/05/2024,Arthropoda,Insecta,Ephemeroptera,Baetidae,Baetis,42
3750,KISH 14.1,Kishacoquillas Creek,07/05/2024,Arthropoda,Insecta,Ephemeroptera,Heptageniidae,Maccaffertium,5
3751,KISH 14.1,Kishacoquillas Creek,07/05/2024,Arthropoda,Malacostraca,Isopoda,Asellidae,Caecidotea,13
3752,KISH 14.1,Kishacoquillas Creek,07/05/2024,NA,NA,NA,NA,Corbiculidae,1
3753,KISH 14.1,Kishacoquillas Creek,07/05/2024,Arthropoda,Insecta,Coleoptera,Elmidae,Dubiraphia,1
3754,KISH 14.1,Kishacoquillas Creek,07/05/2024,Arthropoda,Malacostraca,Amphipoda,Gammaridae,Gammarus,2
3755,KISH 14.1,Kishacoquillas Creek,07/05/2024,Arthropoda,Insecta,Diptera,Simuliidae,Prosimulium,1
3756,KISH 14.1,Kishacoquillas Creek,07/05/2024,Platyhelminthes,Turbellaria,,,,1
3757,KISH 14.1,Kishacoquillas Creek,07/05/2024,Arthropoda,Insecta,Diptera,Chironomidae,,61
3758,KISH 14.1,Kishacoquillas Creek,07/05/2024,Arthropoda,Insecta,Coleoptera,Psephenidae,Psephenus,1
3759,KISH 14.1,Kishacoquillas Creek,07/05/2024,Arthropoda,Arachnida,Hydracarina,,,1
3760,KISH 14.1,Kishacoquillas Creek,07/05/2024,Arthropoda,Insecta,Coleoptera,Elmidae,Optioservus,1
3761,KISH 14.1,Kishacoquillas Creek,07/05/2024,Annelida,Oligochaeta,,,,63
3762,KISH 14.1,Kishacoquillas Creek,07/05/2024,NA,NA,NA,NA,Nematoda,1
3763,KISH 14.1,Kishacoquillas Creek,07/05/2024,Arthropoda,Insecta,Diptera,Tipulidae,Antocha,1
3764,KISH 14.1,Kishacoquillas Creek,07/05/2024,Arthropoda,Insecta,Coleoptera,Elmidae,Stenelmis,1
3765,Kitchen,Kitchen Creek,23/04/2025,Arthropoda,Insecta,Diptera,Chironomidae,,46
3766,Kitchen,Kitchen Creek,23/04/2025,NA,NA,NA,NA,Nematoda,1
3767,Kitchen,Kitchen Creek,23/04/2025,Arthropoda,Insecta,Ephemeroptera,Ephemerellidae,Ephemerella,21
3768,Kitchen,Kitchen Creek,23/04/2025,Arthropoda,Insecta,Ephemeroptera,Heptageniidae,Epeorus,8
3769,Kitchen,Kitchen Creek,23/04/2025,Arthropoda,Insecta,Ephemeroptera,Ephemerellidae,Drunella,4
3770,Kitchen,Kitchen Creek,23/04/2025,Arthropoda,Insecta,Trichoptera,Philopotamidae,Dolophilodes,4
3771,Kitchen,Kitchen Creek,23/04/2025,Arthropoda,Insecta,Ephemeroptera,Heptageniidae,Cinygmula,41
3772,Kitchen,Kitchen Creek,23/04/2025,Arthropoda,Insecta,Trichoptera,Hydropsychidae,Cheumatopsyche,1
3773,Kitchen,Kitchen Creek,23/04/2025,Arthropoda,Insecta,Diptera,Tipulidae,Antocha,2
3774,Kitchen,Kitchen Creek,23/04/2025,Arthropoda,Insecta,Ephemeroptera,Isonychiidae,Isonychia,3
3775,Kitchen,Kitchen Creek,23/04/2025,Arthropoda,Insecta,Trichoptera,Glossosomatidae,Agapetus,2
3776,Kitchen,Kitchen Creek,23/04/2025,Arthropoda,Insecta,Plecoptera,Chloroperlidae,Haploperla,5
3777,Kitchen,Kitchen Creek,23/04/2025,Arthropoda,Insecta,Ephemeroptera,Heptageniidae,Leucrocuta,2
3778,Kitchen,Kitchen Creek,23/04/2025,Arthropoda,Insecta,Coleoptera,Elmidae,Oulimnius,3
3779,Kitchen,Kitchen Creek,23/04/2025,Arthropoda,Insecta,Trichoptera,Uenoidae,Neophylax,3
3780,Kitchen,Kitchen Creek,23/04/2025,Annelida,Oligochaeta,,,,13
3781,Kitchen,Kitchen Creek,23/04/2025,Arthropoda,Insecta,Plecoptera,Perlidae,Paragnetina,2
3782,Kitchen,Kitchen Creek,23/04/2025,Arthropoda,Insecta,Ephemeroptera,Baetidae,Diphetor,3
3783,Kitchen,Kitchen Creek,23/04/2025,Arthropoda,Insecta,Ephemeroptera,Heptageniidae,Rhithrogena,1
3784,Kitchen,Kitchen Creek,23/04/2025,Mollusca,Bivalvia,Sphaeriida,Sphaeriidae,,1
3785,Kitchen,Kitchen Creek,23/04/2025,Arthropoda,Insecta,Ephemeroptera,Ephemerellidae,Teloganopsis,15
3786,Kitchen,Kitchen Creek,23/04/2025,Arthropoda,Insecta,Plecoptera,Chloroperlidae,Sweltsa,2
3787,Kitchen,Kitchen Creek,23/04/2025,Arthropoda,Insecta,Plecoptera,Leuctridae,Leuctra,10
3788,Kitchen,Kitchen Creek,23/04/2025,Arthropoda,Insecta,Ephemeroptera,Heptageniidae,Maccaffertium,3
3789,Kitchen,Kitchen Creek,23/04/2025,Arthropoda,Insecta,Diptera,Tipulidae,Hexatoma,2
3790,Kitchen,Kitchen Creek,23/04/2025,Arthropoda,Insecta,Plecoptera,Perlodidae,Isoperla,7
3791,Kitchen,Kitchen Creek,23/04/2025,Arthropoda,Insecta,Odonata,Gomphidae,Lanthus,1
3792,Kitchen,Kitchen Creek,23/04/2025,Arthropoda,Insecta,Trichoptera,Lepidostomatidae,Lepidostoma,1
3793,Kitchen,Kitchen Creek,23/04/2025,NA,NA,NA,NA,Leptophlebiidae,8
3794,Kitchen,Kitchen Creek,23/04/2025,Arthropoda,Insecta,Coleoptera,Psephenidae,Psephenus,2
3795,Kitchen,Kitchen Creek,23/04/2025,Arthropoda,Insecta,Ephemeroptera,Baetidae,Acentrella,6
3796,Kitchen,Kitchen Creek,23/04/2025,Arthropoda,Insecta,Trichoptera,Hydropsychidae,Hydropsyche,2
3797,Kitchen,Kitchen Creek,23/04/2025,Arthropoda,Insecta,Ephemeroptera,Baetidae,Acentrella,8
3798,Kitchen,Kitchen Creek,23/04/2025,Arthropoda,Insecta,Plecoptera,Perlidae,Agnetina,1
3799,Kitchen,Kitchen Creek,23/04/2025,Arthropoda,Insecta,Ephemeroptera,Heptageniidae,Maccaffertium,1
3800,Kitchen,Kitchen Creek,23/04/2025,Arthropoda,Insecta,Ephemeroptera,Ephemerellidae,Teloganopsis,1
3801,Kitchen,Kitchen Creek,23/04/2025,Arthropoda,Insecta,Diptera,Empididae,Trichoclinocera,3
3802,Kitchen,Kitchen Creek,23/04/2025,Arthropoda,Arachnida,Hydracarina,,,1
3803,Kitchen,Kitchen Creek,23/04/2025,Mollusca,Bivalvia,Sphaeriida,Sphaeriidae,,1
3804,Kitchen,Kitchen Creek,23/04/2025,Arthropoda,Insecta,Trichoptera,Odontoceridae,Psilotreta,1
3805,Kitchen,Kitchen Creek,23/04/2025,NA,NA,NA,NA,Philopotamidae,1
3806,Kitchen,Kitchen Creek,23/04/2025,Arthropoda,Insecta,Coleoptera,Elmidae,Optioservus,5
3807,Kitchen,Kitchen Creek,23/04/2025,Annelida,Oligochaeta,,,,3
3808,Kitchen,Kitchen Creek,23/04/2025,Arthropoda,Insecta,Diptera,Empididae,Neoplasta,1
3809,Kitchen,Kitchen Creek,23/04/2025,Arthropoda,Insecta,Trichoptera,Uenoidae,Neophylax,3
3810,Kitchen,Kitchen Creek,23/04/2025,Arthropoda,Insecta,Ephemeroptera,Baetidae,Baetis,11
3811,Kitchen,Kitchen Creek,23/04/2025,NA,NA,NA,NA,Nematoda,1
3812,Kitchen,Kitchen Creek,23/04/2025,Arthropoda,Insecta,Diptera,Chironomidae,,104
3813,Kitchen,Kitchen Creek,23/04/2025,Arthropoda,Insecta,Plecoptera,Leuctridae,Leuctra,2
3814,Kitchen,Kitchen Creek,23/04/2025,Arthropoda,Insecta,Ephemeroptera,Heptageniidae,Leucrocuta,7
3815,Kitchen,Kitchen Creek,23/04/2025,NA,NA,NA,NA,Leptophlebiidae,12
3816,Kitchen,Kitchen Creek,23/04/2025,Arthropoda,Insecta,Plecoptera,Perlodidae,Isoperla,2
3817,Kitchen,Kitchen Creek,23/04/2025,Arthropoda,Insecta,Diptera,Tipulidae,Hexatoma,3
3818,Kitchen,Kitchen Creek,23/04/2025,Arthropoda,Insecta,Plecoptera,Chloroperlidae,Haploperla,5
3819,Kitchen,Kitchen Creek,23/04/2025,Arthropoda,Insecta,Ephemeroptera,Ephemerellidae,Ephemerella,2
3820,Kitchen,Kitchen Creek,23/04/2025,Arthropoda,Insecta,Ephemeroptera,Heptageniidae,Epeorus,6
3821,Kitchen,Kitchen Creek,23/04/2025,Arthropoda,Insecta,Ephemeroptera,Ephemerellidae,Drunella,3
3822,Kitchen,Kitchen Creek,23/04/2025,Arthropoda,Insecta,Ephemeroptera,Heptageniidae,Cinygmula,23
3823,Kitchen,Kitchen Creek,23/04/2025,Arthropoda,Insecta,Diptera,Tipulidae,Antocha,4
3824,Kitchen,Kitchen Creek,23/04/2025,Arthropoda,Insecta,Ephemeroptera,Leptophlebiidae,Paraleptophlebia,6
3825,Kitchen,Kitchen Creek,23/04/2025,Arthropoda,Insecta,Trichoptera,Hydropsychidae,Cheumatopsyche,3
3826,Kitchen,Kitchen Creek,23/04/2025,Arthropoda,Insecta,Plecoptera,Perlidae,Agnetina,2
3827,Kitchen,Kitchen Creek,23/04/2025,Arthropoda,Insecta,Plecoptera,Chloroperlidae,Alloperla,1
3828,Kitchen,Kitchen Creek,23/04/2025,Arthropoda,Insecta,Ephemeroptera,Ameletidae,Ameletus,1
3829,Kitchen,Kitchen Creek,23/04/2025,Arthropoda,Insecta,Ephemeroptera,Baetidae,Baetis,37
3830,Kitchen,Kitchen Creek,23/04/2025,Arthropoda,Insecta,Diptera,Empididae,Chelifera,3
3831,Kitchen,Kitchen Creek,23/04/2025,Arthropoda,Insecta,Trichoptera,Hydropsychidae,Cheumatopsyche,10
3832,Kitchen,Kitchen Creek,23/04/2025,Arthropoda,Insecta,Diptera,Chironomidae,,35
3833,Kitchen,Kitchen Creek,23/04/2025,Arthropoda,Insecta,Ephemeroptera,Heptageniidae,Cinygmula,19
3834,Kitchen,Kitchen Creek,23/04/2025,Arthropoda,Insecta,Ephemeroptera,Baetidae,Diphetor,4
3835,Kitchen,Kitchen Creek,23/04/2025,Arthropoda,Insecta,Ephemeroptera,Ephemerellidae,Drunella,12
3836,Kitchen,Kitchen Creek,23/04/2025,Arthropoda,Insecta,Ephemeroptera,Heptageniidae,Epeorus,10
3837,Kitchen,Kitchen Creek,23/04/2025,Arthropoda,Insecta,Ephemeroptera,Ephemerellidae,Ephemerella,18
3838,Kitchen,Kitchen Creek,23/04/2025,Arthropoda,Insecta,Plecoptera,Chloroperlidae,Haploperla,7
3839,Kitchen,Kitchen Creek,23/04/2025,Arthropoda,Insecta,Diptera,Tipulidae,Hexatoma,3
3840,Kitchen,Kitchen Creek,23/04/2025,Arthropoda,Insecta,Trichoptera,Hydropsychidae,Hydropsyche,6
3841,Kitchen,Kitchen Creek,23/04/2025,Arthropoda,Insecta,Ephemeroptera,Isonychiidae,Isonychia,4
3842,Kitchen,Kitchen Creek,23/04/2025,Arthropoda,Insecta,Plecoptera,Perlodidae,Isoperla,3
3843,Kitchen,Kitchen Creek,23/04/2025,Arthropoda,Insecta,Trichoptera,Lepidostomatidae,Lepidostoma,1
3844,Kitchen,Kitchen Creek,23/04/2025,Arthropoda,Insecta,Ephemeroptera,Heptageniidae,Leucrocuta,4
3845,Kitchen,Kitchen Creek,23/04/2025,Arthropoda,Insecta,Ephemeroptera,Heptageniidae,Maccaffertium,3
3846,Kitchen,Kitchen Creek,23/04/2025,Arthropoda,Insecta,Ephemeroptera,Leptophlebiidae,Paraleptophlebia,17
3847,Kitchen,Kitchen Creek,23/04/2025,Arthropoda,Insecta,Trichoptera,Uenoidae,Neophylax,4
3848,Kitchen,Kitchen Creek,23/04/2025,Annelida,Oligochaeta,,,,5
3849,Kitchen,Kitchen Creek,23/04/2025,Arthropoda,Insecta,Coleoptera,Elmidae,Optioservus,1
3850,Kitchen,Kitchen Creek,23/04/2025,Arthropoda,Insecta,Plecoptera,Perlidae,Paragnetina,2
3851,Kitchen,Kitchen Creek,23/04/2025,Arthropoda,Insecta,Trichoptera,Odontoceridae,Psilotreta,2
3852,Kitchen,Kitchen Creek,23/04/2025,Arthropoda,Insecta,Coleoptera,Elmidae,Stenelmis,1
3853,Kitchen,Kitchen Creek,23/04/2025,NA,NA,NA,NA,Stygonectes,1
3854,Kitchen,Kitchen Creek,23/04/2025,Arthropoda,Insecta,Plecoptera,Chloroperlidae,Sweltsa,5
3855,Kitchen,Kitchen Creek,23/04/2025,Arthropoda,Insecta,Ephemeroptera,Ephemerellidae,Teloganopsis,4
3856,Kitchen,Kitchen Creek,23/04/2025,Arthropoda,Arachnida,Hydracarina,,,1
3857,Kitchen,Kitchen Creek,23/04/2025,Arthropoda,Insecta,Ephemeroptera,Baetidae,Acentrella,5
3858,Kitchen,Kitchen Creek,23/04/2025,Arthropoda,Insecta,Plecoptera,Perlidae,Acroneuria,1
3859,Kitchen,Kitchen Creek,23/04/2025,Arthropoda,Insecta,Plecoptera,Perlidae,Agnetina,1
3860,Kitchen,Kitchen Creek,23/04/2025,Arthropoda,Insecta,Ephemeroptera,Ameletidae,Ameletus,1
3861,Kitchen,Kitchen Creek,23/04/2025,Arthropoda,Insecta,Trichoptera,Apataniidae,Apatania,1
3862,Kitchen,Kitchen Creek,23/04/2025,Arthropoda,Malacostraca,Decapoda,Cambaridae,Cambarus,1
3863,Kitchen,Kitchen Creek,23/04/2025,Arthropoda,Insecta,Trichoptera,Hydropsychidae,Cheumatopsyche,5
3864,Kitchen,Kitchen Creek,23/04/2025,Arthropoda,Insecta,Diptera,Chironomidae,,17
3865,Kitchen,Kitchen Creek,23/04/2025,Arthropoda,Insecta,Trichoptera,Hydropsychidae,Diplectrona,2
3866,Kitchen,Kitchen Creek,23/04/2025,Arthropoda,Insecta,Plecoptera,Perlodidae,Diploperla,1
3867,Kitchen,Kitchen Creek,23/04/2025,Arthropoda,Insecta,Trichoptera,Philopotamidae,Dolophilodes,1
3868,Kitchen,Kitchen Creek,23/04/2025,Arthropoda,Insecta,Ephemeroptera,Heptageniidae,Epeorus,9
3869,Kitchen,Kitchen Creek,23/04/2025,Arthropoda,Insecta,Ephemeroptera,Ephemerellidae,Ephemerella,11
3870,Kitchen,Kitchen Creek,23/04/2025,Arthropoda,Insecta,Ephemeroptera,Ephemerellidae,Eurylophella,1
3871,Kitchen,Kitchen Creek,23/04/2025,Arthropoda,Insecta,Diptera,Tipulidae,Hexatoma,4
3872,Kitchen,Kitchen Creek,23/04/2025,Arthropoda,Insecta,Trichoptera,Hydropsychidae,Hydropsyche,34
3873,Kitchen,Kitchen Creek,23/04/2025,Arthropoda,Insecta,Plecoptera,Perlodidae,Isoperla,15
3874,Kitchen,Kitchen Creek,23/04/2025,Arthropoda,Insecta,Trichoptera,Lepidostomatidae,Lepidostoma,12
3875,Kitchen,Kitchen Creek,23/04/2025,NA,NA,NA,NA,Leptophlebiidae,15
3876,Kitchen,Kitchen Creek,23/04/2025,Arthropoda,Insecta,Ephemeroptera,Heptageniidae,Leucrocuta,1
3877,Kitchen,Kitchen Creek,23/04/2025,Arthropoda,Insecta,Plecoptera,Leuctridae,Leuctra,10
3878,Kitchen,Kitchen Creek,23/04/2025,Annelida,Oligochaeta,,,,1
3879,Kitchen,Kitchen Creek,23/04/2025,Arthropoda,Insecta,Ephemeroptera,Heptageniidae,Maccaffertium,12
3880,Kitchen,Kitchen Creek,23/04/2025,Arthropoda,Insecta,Megaloptera,Corydalidae,Nigronia,1
3881,Kitchen,Kitchen Creek,23/04/2025,Arthropoda,Insecta,Coleoptera,Elmidae,Optioservus,3
3882,Kitchen,Kitchen Creek,23/04/2025,Arthropoda,Insecta,Ephemeroptera,Leptophlebiidae,Paraleptophlebia,12
3883,Kitchen,Kitchen Creek,23/04/2025,NA,NA,NA,NA,Promoresia,1
3884,Kitchen,Kitchen Creek,23/04/2025,Arthropoda,Insecta,Diptera,Simuliidae,Prosimulium,2
3885,Kitchen,Kitchen Creek,23/04/2025,Arthropoda,Insecta,Trichoptera,Limnephilidae,Pycnopsyche,3
3886,Kitchen,Kitchen Creek,23/04/2025,Arthropoda,Insecta,Trichoptera,Rhyacophilidae,Rhyacophila,2
3887,Kitchen,Kitchen Creek,23/04/2025,Arthropoda,Insecta,Ephemeroptera,Ephemerellidae,Serratella,1
3888,Kitchen,Kitchen Creek,23/04/2025,Arthropoda,Insecta,Diptera,Simuliidae,Simulium,1
3889,Kitchen,Kitchen Creek,23/04/2025,Arthropoda,Insecta,Plecoptera,Chloroperlidae,Sweltsa,6
3890,Kitchen,Kitchen Creek,23/04/2025,Arthropoda,Insecta,Plecoptera,Taeniopterygidae,Taeniopteryx,14
3891,Kitchen,Kitchen Creek,23/04/2025,Arthropoda,Insecta,Plecoptera,Peltoperlidae,Tallaperla,3
3892,Kitchen,Kitchen Creek,23/04/2025,Arthropoda,Insecta,Ephemeroptera,Baetidae,Acentrella,17
3893,Kitchen,Kitchen Creek,23/04/2025,Arthropoda,Insecta,Ephemeroptera,Baetidae,Baetis,7
3894,Kitchen,Kitchen Creek,23/04/2025,Arthropoda,Insecta,Ephemeroptera,Baetidae,Diphetor,1
3895,Kitchen,Kitchen Creek,23/04/2025,Arthropoda,Insecta,Ephemeroptera,Ephemerellidae,Ephemerella,20
3896,Kitchen,Kitchen Creek,23/04/2025,Arthropoda,Insecta,Ephemeroptera,Ephemerellidae,Eurylophella,3
3897,Kitchen,Kitchen Creek,23/04/2025,Arthropoda,Insecta,Ephemeroptera,Ephemerellidae,Serratella,1
3898,Kitchen,Kitchen Creek,23/04/2025,Arthropoda,Insecta,Ephemeroptera,Heptageniidae,Epeorus,13
3899,Kitchen,Kitchen Creek,23/04/2025,Arthropoda,Insecta,Ephemeroptera,Heptageniidae,Leucrocuta,1
3900,Kitchen,Kitchen Creek,23/04/2025,Arthropoda,Insecta,Ephemeroptera,Heptageniidae,Maccaffertium,12
3901,Kitchen,Kitchen Creek,23/04/2025,Arthropoda,Insecta,Ephemeroptera,Isonychiidae,Isonychia,1
3902,Kitchen,Kitchen Creek,23/04/2025,Arthropoda,Insecta,Ephemeroptera,Leptophlebiidae,Paraleptophlebia,16
3903,Kitchen,Kitchen Creek,23/04/2025,Arthropoda,Insecta,Plecoptera,Capniidae,Paracapnia,2
3904,Kitchen,Kitchen Creek,23/04/2025,Arthropoda,Insecta,Plecoptera,Chloroperlidae,Sweltsa,3
3905,Kitchen,Kitchen Creek,23/04/2025,Arthropoda,Insecta,Plecoptera,Leuctridae,Leuctra,1
3906,Kitchen,Kitchen Creek,23/04/2025,Arthropoda,Insecta,Plecoptera,Perlodidae,Isoperla,8
3907,Kitchen,Kitchen Creek,23/04/2025,Arthropoda,Insecta,Plecoptera,Taeniopterygidae,Taeniopteryx,18
3908,Kitchen,Kitchen Creek,23/04/2025,Arthropoda,Insecta,Trichoptera,Brachycentridae,Micrasema,1
3909,Kitchen,Kitchen Creek,23/04/2025,Arthropoda,Insecta,Trichoptera,Hydropsychidae,Ceratopsyche,30
3910,Kitchen,Kitchen Creek,23/04/2025,Arthropoda,Insecta,Trichoptera,Hydropsychidae,Cheumatopsyche,16
3911,Kitchen,Kitchen Creek,23/04/2025,Arthropoda,Insecta,Trichoptera,Lepidostomatidae,Lepidostoma,11
3912,Kitchen,Kitchen Creek,23/04/2025,Arthropoda,Insecta,Trichoptera,Philopotamidae,Dolophilodes,10
3913,Kitchen,Kitchen Creek,23/04/2025,Arthropoda,Insecta,Trichoptera,Polycentropodidae,Polycentropus,1
3914,Kitchen,Kitchen Creek,23/04/2025,Arthropoda,Insecta,Coleoptera,Elmidae,Optioservus,4
3915,Kitchen,Kitchen Creek,23/04/2025,Arthropoda,Insecta,Coleoptera,Psephenidae,Psephenus,1
3916,Kitchen,Kitchen Creek,23/04/2025,Arthropoda,Insecta,Diptera,Chironomidae,,17
3917,Kitchen,Kitchen Creek,23/04/2025,Arthropoda,Insecta,Diptera,Empididae,Hemerodromia,1
3918,Kitchen,Kitchen Creek,23/04/2025,Arthropoda,Insecta,Diptera,Simuliidae,Simulium,2
3919,Kitchen,Kitchen Creek,23/04/2025,Arthropoda,Insecta,Diptera,Tipulidae,Antocha,1
3920,Kitchen,Kitchen Creek,23/04/2025,Annelida,Oligochaeta,,,,1
3921,Kitchen,Kitchen Creek,23/04/2025,Arthropoda,Arachnida,Hydracarina,,,1
3922,Kitchen,Kitchen Creek,23/04/2025,Arthropoda,Insecta,Ephemeroptera,Baetidae,Acentrella,1
3923,Kitchen,Kitchen Creek,23/04/2025,Arthropoda,Insecta,Ephemeroptera,Ephemerellidae,Ephemerella,12
3924,Kitchen,Kitchen Creek,23/04/2025,Arthropoda,Insecta,Ephemeroptera,Ephemerellidae,Eurylophella,1
3925,Kitchen,Kitchen Creek,23/04/2025,Arthropoda,Insecta,Ephemeroptera,Ephemerellidae,Serratella,15
3926,Kitchen,Kitchen Creek,23/04/2025,Arthropoda,Insecta,Ephemeroptera,Heptageniidae,Epeorus,6
3927,Kitchen,Kitchen Creek,23/04/2025,Arthropoda,Insecta,Ephemeroptera,Heptageniidae,Leucrocuta,3
3928,Kitchen,Kitchen Creek,23/04/2025,Arthropoda,Insecta,Ephemeroptera,Heptageniidae,Maccaffertium,10
3929,Kitchen,Kitchen Creek,23/04/2025,Arthropoda,Insecta,Ephemeroptera,Heptageniidae,Rhithrogena,3
3930,Kitchen,Kitchen Creek,23/04/2025,Arthropoda,Insecta,Ephemeroptera,Isonychiidae,Isonychia,14
3931,Kitchen,Kitchen Creek,23/04/2025,Arthropoda,Insecta,Ephemeroptera,Leptophlebiidae,Paraleptophlebia,14
3932,Kitchen,Kitchen Creek,23/04/2025,Arthropoda,Insecta,Plecoptera,Chloroperlidae,Sweltsa,2
3933,Kitchen,Kitchen Creek,23/04/2025,Arthropoda,Insecta,Plecoptera,Perlidae,Agnetina,2
3934,Kitchen,Kitchen Creek,23/04/2025,Arthropoda,Insecta,Plecoptera,Perlidae,Paragnetina,2
3935,Kitchen,Kitchen Creek,23/04/2025,NA,NA,NA,NA,Perlodidae,4
3936,Kitchen,Kitchen Creek,23/04/2025,Arthropoda,Insecta,Plecoptera,Perlodidae,Isoperla,23
3937,Kitchen,Kitchen Creek,23/04/2025,Arthropoda,Insecta,Plecoptera,Pteronarcyidae,Pteronarcys,1
3938,Kitchen,Kitchen Creek,23/04/2025,Arthropoda,Insecta,Plecoptera,Taeniopterygidae,Taeniopteryx,8
3939,Kitchen,Kitchen Creek,23/04/2025,Arthropoda,Insecta,Trichoptera,Apataniidae,Apatania,1
3940,Kitchen,Kitchen Creek,23/04/2025,Arthropoda,Insecta,Trichoptera,Glossosomatidae,Glossosoma,4
3941,Kitchen,Kitchen Creek,23/04/2025,Arthropoda,Insecta,Trichoptera,Hydropsychidae,Ceratopsyche,8
3942,Kitchen,Kitchen Creek,23/04/2025,Arthropoda,Insecta,Trichoptera,Hydropsychidae,Cheumatopsyche,17
3943,Kitchen,Kitchen Creek,23/04/2025,Arthropoda,Insecta,Trichoptera,Lepidostomatidae,Lepidostoma,25
3944,Kitchen,Kitchen Creek,23/04/2025,NA,NA,NA,NA,Limnephilidae,1
3945,Kitchen,Kitchen Creek,23/04/2025,Arthropoda,Insecta,Trichoptera,Odontoceridae,Psilotreta,1
3946,Kitchen,Kitchen Creek,23/04/2025,Arthropoda,Insecta,Trichoptera,Philopotamidae,Dolophilodes,10
3947,Kitchen,Kitchen Creek,23/04/2025,Arthropoda,Insecta,Trichoptera,Polycentropodidae,Nyctiophylax,1
3948,Kitchen,Kitchen Creek,23/04/2025,Arthropoda,Insecta,Trichoptera,Rhyacophilidae,Rhyacophila,3
3949,Kitchen,Kitchen Creek,23/04/2025,Arthropoda,Insecta,Trichoptera,Uenoidae,Neophylax,3
3950,Kitchen,Kitchen Creek,23/04/2025,Arthropoda,Insecta,Coleoptera,Elmidae,Optioservus,6
3951,Kitchen,Kitchen Creek,23/04/2025,Arthropoda,Insecta,Coleoptera,Elmidae,Oulimnius,3
3952,Kitchen,Kitchen Creek,23/04/2025,Arthropoda,Insecta,Coleoptera,Psephenidae,Psephenus,1
3953,Kitchen,Kitchen Creek,23/04/2025,Arthropoda,Insecta,Diptera,Chironomidae,,18
3954,Kitchen,Kitchen Creek,23/04/2025,Arthropoda,Insecta,Diptera,Empididae,Hemerodromia,1
3955,Kitchen,Kitchen Creek,23/04/2025,Arthropoda,Insecta,Diptera,Tipulidae,Antocha,5
3956,Kitchen,Kitchen Creek,23/04/2025,Arthropoda,Insecta,Diptera,Tipulidae,Dicranota,1
3957,Kitchen,Kitchen Creek,23/04/2025,Arthropoda,Insecta,Diptera,Tipulidae,Hexatoma,4
3958,Kitchen,Kitchen Creek,23/04/2025,NA,NA,NA,NA,Nemertea,1
3959,Kitchen,Kitchen Creek,23/04/2025,Annelida,Oligochaeta,,,,2
3960,Kitchen,Kitchen Creek,23/04/2025,Arthropoda,Insecta,Trichoptera,Lepidostomatidae,Lepidostoma,11
3961,Kitchen,Kitchen Creek,23/04/2025,Arthropoda,Insecta,Trichoptera,Philopotamidae,Dolophilodes,3
3962,Kitchen,Kitchen Creek,23/04/2025,Arthropoda,Insecta,Trichoptera,Rhyacophilidae,Rhyacophila,3
3963,Kitchen,Kitchen Creek,23/04/2025,Arthropoda,Insecta,Trichoptera,Uenoidae,Neophylax,1
3964,Kitchen,Kitchen Creek,23/04/2025,Arthropoda,Insecta,Odonata,Aeshnidae,Boyeria,1
3965,Kitchen,Kitchen Creek,23/04/2025,Arthropoda,Insecta,Megaloptera,Corydalidae,Nigronia,1
3966,Kitchen,Kitchen Creek,23/04/2025,Arthropoda,Insecta,Coleoptera,Elmidae,Optioservus,3
3967,Kitchen,Kitchen Creek,23/04/2025,Arthropoda,Insecta,Coleoptera,Psephenidae,Psephenus,4
3968,Kitchen,Kitchen Creek,23/04/2025,Arthropoda,Insecta,Diptera,Chironomidae,,22
3969,Kitchen,Kitchen Creek,23/04/2025,Arthropoda,Insecta,Diptera,Tipulidae,Antocha,1
3970,Kitchen,Kitchen Creek,23/04/2025,Arthropoda,Insecta,Diptera,Tipulidae,Dicranota,2
3971,Kitchen,Kitchen Creek,23/04/2025,Arthropoda,Insecta,Diptera,Tipulidae,Hexatoma,1
3972,Kitchen,Kitchen Creek,23/04/2025,NA,NA,NA,NA,Ancylidae,1
3973,Kitchen,Kitchen Creek,23/04/2025,Annelida,Oligochaeta,,,,5
3974,Kitchen,Kitchen Creek,23/04/2025,Arthropoda,Insecta,Ephemeroptera,Ephemerellidae,Ephemerella,20
3975,Kitchen,Kitchen Creek,23/04/2025,Arthropoda,Insecta,Ephemeroptera,Ephemerellidae,Eurylophella,1
3976,Kitchen,Kitchen Creek,23/04/2025,Arthropoda,Insecta,Ephemeroptera,Ephemerellidae,Serratella,14
3977,Kitchen,Kitchen Creek,23/04/2025,Arthropoda,Insecta,Ephemeroptera,Heptageniidae,Epeorus,24
3978,Kitchen,Kitchen Creek,23/04/2025,Arthropoda,Insecta,Ephemeroptera,Heptageniidae,Leucrocuta,4
3979,Kitchen,Kitchen Creek,23/04/2025,Arthropoda,Insecta,Ephemeroptera,Heptageniidae,Maccaffertium,13
3980,Kitchen,Kitchen Creek,23/04/2025,Arthropoda,Insecta,Ephemeroptera,Heptageniidae,Rhithrogena,2
3981,Kitchen,Kitchen Creek,23/04/2025,Arthropoda,Insecta,Ephemeroptera,Isonychiidae,Isonychia,22
3982,Kitchen,Kitchen Creek,23/04/2025,Arthropoda,Insecta,Ephemeroptera,Leptophlebiidae,Paraleptophlebia,13
3983,Kitchen,Kitchen Creek,23/04/2025,Arthropoda,Insecta,Plecoptera,Leuctridae,Leuctra,1
3984,Kitchen,Kitchen Creek,23/04/2025,Arthropoda,Insecta,Plecoptera,Perlidae,Paragnetina,1
3985,Kitchen,Kitchen Creek,23/04/2025,NA,NA,NA,NA,Perlodidae,2
3986,Kitchen,Kitchen Creek,23/04/2025,Arthropoda,Insecta,Plecoptera,Perlodidae,Isoperla,12
3987,Kitchen,Kitchen Creek,23/04/2025,Arthropoda,Insecta,Plecoptera,Taeniopterygidae,Taeniopteryx,1
3988,Kitchen,Kitchen Creek,23/04/2025,Arthropoda,Insecta,Trichoptera,Brachycentridae,Micrasema,1
3989,Kitchen,Kitchen Creek,23/04/2025,Arthropoda,Insecta,Trichoptera,Hydropsychidae,Ceratopsyche,2
3990,Kitchen,Kitchen Creek,23/04/2025,Arthropoda,Insecta,Trichoptera,Hydropsychidae,Cheumatopsyche,18
3991,Kitchen,Kitchen Creek,23/04/2025,Arthropoda,Insecta,Trichoptera,Hydroptilidae,Hydroptila,2
3992,Kitchen,Kitchen Creek,23/04/2025,Arthropoda,Insecta,Ephemeroptera,Baetidae,Acentrella,1
3993,Kitchen,Kitchen Creek,23/04/2025,Arthropoda,Insecta,Ephemeroptera,Baetidae,Acentrella,2
3994,Kitchen,Kitchen Creek,23/04/2025,Arthropoda,Insecta,Ephemeroptera,Ephemerellidae,Ephemerella,10
3995,Kitchen,Kitchen Creek,23/04/2025,Arthropoda,Insecta,Ephemeroptera,Ephemerellidae,Eurylophella,1
3996,Kitchen,Kitchen Creek,23/04/2025,Arthropoda,Insecta,Ephemeroptera,Ephemerellidae,Serratella,10
3997,Kitchen,Kitchen Creek,23/04/2025,Arthropoda,Insecta,Ephemeroptera,Heptageniidae,Epeorus,13
3998,Kitchen,Kitchen Creek,23/04/2025,Arthropoda,Insecta,Ephemeroptera,Heptageniidae,Leucrocuta,4
3999,Kitchen,Kitchen Creek,23/04/2025,Arthropoda,Insecta,Ephemeroptera,Heptageniidae,Maccaffertium,5
4000,Kitchen,Kitchen Creek,23/04/2025,Arthropoda,Insecta,Ephemeroptera,Heptageniidae,Rhithrogena,3
4001,Kitchen,Kitchen Creek,23/04/2025,Arthropoda,Insecta,Ephemeroptera,Isonychiidae,Isonychia,7
4002,Kitchen,Kitchen Creek,23/04/2025,Arthropoda,Insecta,Ephemeroptera,Leptophlebiidae,Paraleptophlebia,14
4003,Kitchen,Kitchen Creek,23/04/2025,Arthropoda,Insecta,Plecoptera,Capniidae,Paracapnia,2
4004,Kitchen,Kitchen Creek,23/04/2025,Arthropoda,Insecta,Plecoptera,Perlidae,Acroneuria,1
4005,Kitchen,Kitchen Creek,23/04/2025,Arthropoda,Insecta,Plecoptera,Perlidae,Agnetina,1
4006,Kitchen,Kitchen Creek,23/04/2025,Arthropoda,Insecta,Plecoptera,Perlidae,Paragnetina,2
4007,Kitchen,Kitchen Creek,23/04/2025,NA,NA,NA,NA,Perlodidae,1
4008,Kitchen,Kitchen Creek,23/04/2025,Arthropoda,Insecta,Plecoptera,Perlodidae,Isogenoides,2
4009,Kitchen,Kitchen Creek,23/04/2025,Arthropoda,Insecta,Plecoptera,Perlodidae,Isoperla,7
4010,Kitchen,Kitchen Creek,23/04/2025,Arthropoda,Insecta,Trichoptera,Hydropsychidae,Ceratopsyche,20
4011,Kitchen,Kitchen Creek,23/04/2025,Arthropoda,Insecta,Trichoptera,Hydropsychidae,Cheumatopsyche,14
4012,Kitchen,Kitchen Creek,23/04/2025,Arthropoda,Insecta,Trichoptera,Lepidostomatidae,Lepidostoma,15
4013,Kitchen,Kitchen Creek,23/04/2025,Arthropoda,Insecta,Trichoptera,Odontoceridae,Psilotreta,1
4014,Kitchen,Kitchen Creek,23/04/2025,Arthropoda,Insecta,Trichoptera,Philopotamidae,Dolophilodes,9
4015,Kitchen,Kitchen Creek,23/04/2025,Arthropoda,Insecta,Trichoptera,Polycentropodidae,Polycentropus,2
4016,Kitchen,Kitchen Creek,23/04/2025,Arthropoda,Insecta,Trichoptera,Rhyacophilidae,Rhyacophila,5
4017,Kitchen,Kitchen Creek,23/04/2025,NA,NA,NA,NA,Gomphidae,2
4018,Kitchen,Kitchen Creek,23/04/2025,Arthropoda,Insecta,Odonata,Gomphidae,Stylogomphus,1
4019,Kitchen,Kitchen Creek,23/04/2025,Arthropoda,Insecta,Megaloptera,Corydalidae,Nigronia,2
4020,Kitchen,Kitchen Creek,23/04/2025,Arthropoda,Insecta,Coleoptera,Elmidae,Optioservus,6
4021,Kitchen,Kitchen Creek,23/04/2025,Arthropoda,Insecta,Coleoptera,Elmidae,Oulimnius,2
4022,Kitchen,Kitchen Creek,23/04/2025,Arthropoda,Insecta,Coleoptera,Psephenidae,Psephenus,1
4023,Kitchen,Kitchen Creek,23/04/2025,Arthropoda,Insecta,Diptera,Ceratopogonidae,Bezzia,1
4024,Kitchen,Kitchen Creek,23/04/2025,Arthropoda,Insecta,Diptera,Chironomidae,,40
4025,Kitchen,Kitchen Creek,23/04/2025,Arthropoda,Insecta,Diptera,Tipulidae,Antocha,2
4026,Kitchen,Kitchen Creek,23/04/2025,Arthropoda,Insecta,Diptera,Tipulidae,Dicranota,1
4027,Kitchen,Kitchen Creek,23/04/2025,NA,NA,NA,NA,Nemertea,1
4028,Kitchen,Kitchen Creek,23/04/2025,NA,NA,NA,NA,Ancylidae,1
4029,Kitchen,Kitchen Creek,23/04/2025,Mollusca,Bivalvia,Sphaeriida,Sphaeriidae,,2
4030,Kitchen,Kitchen Creek,23/04/2025,Annelida,Oligochaeta,,,,11
4031,Kitchen,Kitchen Creek,23/04/2025,Arthropoda,Insecta,Trichoptera,Hydroptilidae,Hydroptila,1
4032,Kitchen,Kitchen Creek,23/04/2025,Arthropoda,Insecta,Plecoptera,Perlidae,Acroneuria,2
4033,Kitchen,Kitchen Creek,23/04/2025,Arthropoda,Insecta,Trichoptera,Hydropsychidae,Cheumatopsyche,1
4034,Kitchen,Kitchen Creek,23/04/2025,Arthropoda,Insecta,Ephemeroptera,Heptageniidae,Maccaffertium,2
4035,Kitchen,Kitchen Creek,23/04/2025,Arthropoda,Insecta,Ephemeroptera,Isonychiidae,Isonychia,1
4036,Kitchen,Kitchen Creek,23/04/2025,Arthropoda,Insecta,Ephemeroptera,Leptophlebiidae,Paraleptophlebia,17
4037,Kitchen,Kitchen Creek,23/04/2025,Arthropoda,Insecta,Plecoptera,Leuctridae,Leuctra,3
4038,Kitchen,Kitchen Creek,23/04/2025,Arthropoda,Insecta,Trichoptera,Polycentropodidae,Polycentropus,1
4039,Kitchen,Kitchen Creek,23/04/2025,Arthropoda,Insecta,Plecoptera,Nemouridae,Ostrocerca,2
4040,Kitchen,Kitchen Creek,23/04/2025,Arthropoda,Insecta,Plecoptera,Perlidae,Agnetina,1
4041,Kitchen,Kitchen Creek,23/04/2025,Annelida,Oligochaeta,,,,5
4042,Kitchen,Kitchen Creek,23/04/2025,Arthropoda,Insecta,Trichoptera,Hydropsychidae,Ceratopsyche,2
4043,Kitchen,Kitchen Creek,23/04/2025,Arthropoda,Insecta,Ephemeroptera,Heptageniidae,Cinygmula,9
4044,Kitchen,Kitchen Creek,23/04/2025,Arthropoda,Insecta,Trichoptera,Rhyacophilidae,Rhyacophila,2
4045,Kitchen,Kitchen Creek,23/04/2025,Arthropoda,Insecta,Trichoptera,Lepidostomatidae,Lepidostoma,1
4046,Kitchen,Kitchen Creek,23/04/2025,Arthropoda,Insecta,Trichoptera,Uenoidae,Neophylax,1
4047,Kitchen,Kitchen Creek,23/04/2025,Arthropoda,Insecta,Plecoptera,Nemouridae,Amphinemura,2
4048,Kitchen,Kitchen Creek,23/04/2025,Arthropoda,Insecta,Ephemeroptera,Ephemerellidae,Serratella,14
4049,Kitchen,Kitchen Creek,23/04/2025,NA,NA,NA,NA,Philopotamidae,2
4050,Kitchen,Kitchen Creek,23/04/2025,Arthropoda,Insecta,Ephemeroptera,Baetidae,Baetis,14
4051,Kitchen,Kitchen Creek,23/04/2025,Arthropoda,Insecta,Diptera,Blephariceridae,Blepharicera,2
4052,Kitchen,Kitchen Creek,23/04/2025,Arthropoda,Insecta,Diptera,Tipulidae,Antocha,1
4053,Kitchen,Kitchen Creek,23/04/2025,Arthropoda,Insecta,Ephemeroptera,Ephemerellidae,Eurylophella,1
4054,Kitchen,Kitchen Creek,23/04/2025,Arthropoda,Insecta,Ephemeroptera,Ephemerellidae,Ephemerella,7
4055,Kitchen,Kitchen Creek,23/04/2025,Arthropoda,Insecta,Ephemeroptera,Ephemerellidae,Drunella,7
4056,Kitchen,Kitchen Creek,23/04/2025,Arthropoda,Insecta,Ephemeroptera,Baetidae,Diphetor,5
4057,Kitchen,Kitchen Creek,23/04/2025,Arthropoda,Insecta,Ephemeroptera,Heptageniidae,Epeorus,10
4058,Kitchen,Kitchen Creek,23/04/2025,Arthropoda,Insecta,Ephemeroptera,Heptageniidae,Leucrocuta,4
4059,Kitchen,Kitchen Creek,23/04/2025,Arthropoda,Insecta,Diptera,Simuliidae,Prosimulium,8
4060,Kitchen,Kitchen Creek,23/04/2025,Arthropoda,Insecta,Coleoptera,Elmidae,Oulimnius,3
4061,Kitchen,Kitchen Creek,23/04/2025,Arthropoda,Insecta,Coleoptera,Elmidae,Optioservus,3
4062,Kitchen,Kitchen Creek,23/04/2025,Arthropoda,Insecta,Diptera,Chironomidae,,76
4063,Kitchen,Kitchen Creek,23/04/2025,Arthropoda,Insecta,Diptera,Empididae,Neoplasta,2
4064,Kitchen,Kitchen Creek,23/04/2025,Arthropoda,Insecta,Diptera,Tipulidae,Hexatoma,1
4065,Kitchen,Kitchen Creek,23/04/2025,Arthropoda,Insecta,Diptera,Empididae,Hemerodromia,1
4066,Kitchen,Kitchen Creek,23/04/2025,Arthropoda,Insecta,Diptera,Tipulidae,Dicranota,1
4067,Kitchen,Kitchen Creek,23/04/2025,Arthropoda,Insecta,Trichoptera,Uenoidae,Neophylax,2
4068,Kitchen,Kitchen Creek,23/04/2025,Arthropoda,Insecta,Diptera,Blephariceridae,Blepharicera,1
4069,Kitchen,Kitchen Creek,23/04/2025,Arthropoda,Insecta,Coleoptera,Psephenidae,Psephenus,1
4070,Kitchen,Kitchen Creek,23/04/2025,Arthropoda,Insecta,Trichoptera,Polycentropodidae,Polycentropus,1
4071,Kitchen,Kitchen Creek,23/04/2025,Arthropoda,Insecta,Coleoptera,Elmidae,Oulimnius,3
4072,Kitchen,Kitchen Creek,23/04/2025,Arthropoda,Insecta,Diptera,Empididae,Chelifera,2
4073,Kitchen,Kitchen Creek,23/04/2025,Arthropoda,Insecta,Odonata,Gomphidae,Lanthus,1
4074,Kitchen,Kitchen Creek,23/04/2025,Arthropoda,Insecta,Trichoptera,Rhyacophilidae,Rhyacophila,2
4075,Kitchen,Kitchen Creek,23/04/2025,Arthropoda,Insecta,Diptera,Tipulidae,Antocha,1
4076,Kitchen,Kitchen Creek,23/04/2025,Arthropoda,Insecta,Ephemeroptera,Ephemerellidae,Drunella,11
4077,Kitchen,Kitchen Creek,23/04/2025,Arthropoda,Insecta,Ephemeroptera,Baetidae,Acerpenna,1
4078,Kitchen,Kitchen Creek,23/04/2025,Arthropoda,Insecta,Ephemeroptera,Isonychiidae,Isonychia,3
4079,Kitchen,Kitchen Creek,23/04/2025,Arthropoda,Insecta,Ephemeroptera,Baetidae,Diphetor,8
4080,Kitchen,Kitchen Creek,23/04/2025,Arthropoda,Insecta,Ephemeroptera,Heptageniidae,Maccaffertium,1
4081,Kitchen,Kitchen Creek,23/04/2025,Arthropoda,Insecta,Ephemeroptera,Ephemerellidae,Ephemerella,13
4082,Kitchen,Kitchen Creek,23/04/2025,Arthropoda,Insecta,Trichoptera,Odontoceridae,Psilotreta,1
4083,Kitchen,Kitchen Creek,23/04/2025,Arthropoda,Insecta,Ephemeroptera,Ephemerellidae,Serratella,9
4084,Kitchen,Kitchen Creek,23/04/2025,Arthropoda,Insecta,Diptera,Simuliidae,Prosimulium,4
4085,Kitchen,Kitchen Creek,23/04/2025,Arthropoda,Insecta,Trichoptera,Leptoceridae,Ceraclea,3
4086,Kitchen,Kitchen Creek,23/04/2025,Arthropoda,Insecta,Trichoptera,Hydroptilidae,Hydroptila,1
4087,Kitchen,Kitchen Creek,23/04/2025,Arthropoda,Insecta,Trichoptera,Hydropsychidae,Cheumatopsyche,1
4088,Kitchen,Kitchen Creek,23/04/2025,Arthropoda,Insecta,Ephemeroptera,Ephemerellidae,Eurylophella,1
4089,Kitchen,Kitchen Creek,23/04/2025,Arthropoda,Insecta,Diptera,Tipulidae,Hexatoma,3
4090,Kitchen,Kitchen Creek,23/04/2025,Platyhelminthes,Turbellaria,,,,2
4091,Kitchen,Kitchen Creek,23/04/2025,Mollusca,Bivalvia,Sphaeriida,Sphaeriidae,,2
4092,Kitchen,Kitchen Creek,23/04/2025,Annelida,Oligochaeta,,,,5
4093,Kitchen,Kitchen Creek,23/04/2025,Arthropoda,Arachnida,Hydracarina,,,3
4094,Kitchen,Kitchen Creek,23/04/2025,Arthropoda,Insecta,Diptera,Chironomidae,,26
4095,Kitchen,Kitchen Creek,23/04/2025,Arthropoda,Insecta,Ephemeroptera,Baetidae,Baetis,7
4096,Kitchen,Kitchen Creek,23/04/2025,Arthropoda,Insecta,Trichoptera,Lepidostomatidae,Lepidostoma,1
4097,Kitchen,Kitchen Creek,23/04/2025,Arthropoda,Insecta,Ephemeroptera,Heptageniidae,Epeorus,15
4098,Kitchen,Kitchen Creek,23/04/2025,Arthropoda,Insecta,Ephemeroptera,Heptageniidae,Cinygmula,19
4099,Kitchen,Kitchen Creek,23/04/2025,Arthropoda,Insecta,Coleoptera,Elmidae,Optioservus,2
4100,Kitchen,Kitchen Creek,23/04/2025,NA,NA,NA,NA,Glossosomatidae,1
4101,Kitchen,Kitchen Creek,23/04/2025,Arthropoda,Insecta,Trichoptera,Philopotamidae,Dolophilodes,7
4102,Kitchen,Kitchen Creek,23/04/2025,Arthropoda,Insecta,Ephemeroptera,Heptageniidae,Leucrocuta,4
4103,Kitchen,Kitchen Creek,23/04/2025,Arthropoda,Insecta,Trichoptera,Hydropsychidae,Ceratopsyche,3
4104,Kitchen,Kitchen Creek,23/04/2025,Arthropoda,Insecta,Ephemeroptera,Leptophlebiidae,Paraleptophlebia,20
4105,Kitchen,Kitchen Creek,23/04/2025,Arthropoda,Insecta,Plecoptera,Pteronarcyidae,Pteronarcys,2
4106,Kitchen,Kitchen Creek,23/04/2025,Arthropoda,Insecta,Plecoptera,Perlodidae,Isoperla,6
4107,Kitchen,Kitchen Creek,23/04/2025,Arthropoda,Insecta,Plecoptera,Chloroperlidae,Alloperla,7
4108,Kitchen,Kitchen Creek,23/04/2025,Arthropoda,Insecta,Plecoptera,Perlidae,Acroneuria,1
4109,Kitchen,Kitchen Creek,23/04/2025,Arthropoda,Insecta,Plecoptera,Peltoperlidae,Peltoperla,1
4110,Kitchen,Kitchen Creek,23/04/2025,Arthropoda,Insecta,Plecoptera,Perlidae,Paragnetina,2
4111,Kitchen,Kitchen Creek,23/04/2025,Arthropoda,Insecta,Plecoptera,Leuctridae,Leuctra,11
4112,Kitchen,Kitchen Creek,23/04/2025,Arthropoda,Insecta,Plecoptera,Nemouridae,Amphinemura,10
4113,Kitchen,Kitchen Creek,23/04/2025,Arthropoda,Insecta,Plecoptera,Chloroperlidae,Sweltsa,1
4114,Kitchen,Kitchen Creek,23/04/2025,Arthropoda,Insecta,Plecoptera,Perlidae,Acroneuria,1
4115,Kitchen,Kitchen Creek,23/04/2025,Arthropoda,Insecta,Ephemeroptera,Baetidae,Baetis,24
4116,Kitchen,Kitchen Creek,23/04/2025,Arthropoda,Insecta,Diptera,Ceratopogonidae,,2
4117,Kitchen,Kitchen Creek,23/04/2025,Arthropoda,Insecta,Trichoptera,Hydropsychidae,Cheumatopsyche,5
4118,Kitchen,Kitchen Creek,23/04/2025,Arthropoda,Insecta,Diptera,Chironomidae,,30
4119,Kitchen,Kitchen Creek,23/04/2025,NA,NA,NA,NA,Chloroperlidae,1
4120,Kitchen,Kitchen Creek,23/04/2025,Arthropoda,Insecta,Ephemeroptera,Ephemerellidae,Ephemerella,33
4121,Kitchen,Kitchen Creek,23/04/2025,Arthropoda,Insecta,Diptera,Tipulidae,Hexatoma,3
4122,Kitchen,Kitchen Creek,23/04/2025,Arthropoda,Insecta,Trichoptera,Lepidostomatidae,Lepidostoma,7
4123,Kitchen,Kitchen Creek,23/04/2025,Arthropoda,Insecta,Megaloptera,Corydalidae,Nigronia,2
4124,Kitchen,Kitchen Creek,23/04/2025,Arthropoda,Insecta,Diptera,Simuliidae,Prosimulium,2
4125,Kitchen,Kitchen Creek,23/04/2025,Arthropoda,Insecta,Plecoptera,Pteronarcyidae,Pteronarcys,1
4126,Kitchen,Kitchen Creek,23/04/2025,Arthropoda,Insecta,Ephemeroptera,Heptageniidae,Rhithrogena,16
4127,Kitchen,Kitchen Creek,23/04/2025,Arthropoda,Insecta,Ephemeroptera,Ephemerellidae,Serratella,4
4128,Kitchen,Kitchen Creek,23/04/2025,Arthropoda,Insecta,Plecoptera,Taeniopterygidae,Taenionema,2
4129,Kitchen,Kitchen Creek,23/04/2025,Arthropoda,Insecta,Plecoptera,Nemouridae,Amphinemura,1
4130,Kitchen,Kitchen Creek,23/04/2025,Arthropoda,Insecta,Plecoptera,Taeniopterygidae,Bolotoperla,2
4131,Kitchen,Kitchen Creek,23/04/2025,Arthropoda,Insecta,Trichoptera,Hydropsychidae,Ceratopsyche,9
4132,Kitchen,Kitchen Creek,23/04/2025,Arthropoda,Insecta,Diptera,Empididae,Clinocera,2
4133,Kitchen,Kitchen Creek,23/04/2025,Arthropoda,Insecta,Ephemeroptera,Baetidae,Diphetor,5
4134,Kitchen,Kitchen Creek,23/04/2025,Arthropoda,Insecta,Ephemeroptera,Ephemerellidae,Drunella,4
4135,Kitchen,Kitchen Creek,23/04/2025,Arthropoda,Insecta,Ephemeroptera,Heptageniidae,Epeorus,31
4136,Kitchen,Kitchen Creek,23/04/2025,Arthropoda,Insecta,Ephemeroptera,Ephemerellidae,Eurylophella,2
4137,Kitchen,Kitchen Creek,23/04/2025,Arthropoda,Insecta,Ephemeroptera,Isonychiidae,Isonychia,2
4138,Kitchen,Kitchen Creek,23/04/2025,Arthropoda,Insecta,Plecoptera,Perlodidae,Isoperla,1
4139,Kitchen,Kitchen Creek,23/04/2025,Arthropoda,Insecta,Plecoptera,Leuctridae,Leuctra,2
4140,Kitchen,Kitchen Creek,23/04/2025,Arthropoda,Insecta,Trichoptera,Brachycentridae,Micrasema,1
4141,Kitchen,Kitchen Creek,23/04/2025,Arthropoda,Insecta,Ephemeroptera,Leptophlebiidae,Paraleptophlebia,13
4142,Kitchen,Kitchen Creek,23/04/2025,Arthropoda,Insecta,Trichoptera,Rhyacophilidae,Rhyacophila,1
4143,Kitchen,Kitchen Creek,23/04/2025,Arthropoda,Insecta,Plecoptera,Chloroperlidae,Sweltsa,1
4144,Kitchen,Kitchen Creek,23/04/2025,Arthropoda,Insecta,Plecoptera,Nemouridae,Amphinemura,1
4145,Kitchen,Kitchen Creek,23/04/2025,Arthropoda,Insecta,Plecoptera,Perlodidae,Isoperla,4
4146,Kitchen,Kitchen Creek,23/04/2025,Arthropoda,Insecta,Ephemeroptera,Heptageniidae,Epeorus,32
4147,Kitchen,Kitchen Creek,23/04/2025,Arthropoda,Insecta,Plecoptera,Chloroperlidae,Sweltsa,3
4148,Kitchen,Kitchen Creek,23/04/2025,Arthropoda,Insecta,Plecoptera,Perlidae,Agnetina,1
4149,Kitchen,Kitchen Creek,23/04/2025,Arthropoda,Insecta,Ephemeroptera,Ephemerellidae,Ephemerella,10
4150,Kitchen,Kitchen Creek,23/04/2025,Arthropoda,Insecta,Ephemeroptera,Baetidae,Baetis,36
4151,Kitchen,Kitchen Creek,23/04/2025,Arthropoda,Insecta,Ephemeroptera,Ephemerellidae,Serratella,9
4152,Kitchen,Kitchen Creek,23/04/2025,Arthropoda,Insecta,Ephemeroptera,Ephemerellidae,Drunella,9
4153,Kitchen,Kitchen Creek,23/04/2025,Arthropoda,Insecta,Diptera,Tipulidae,Hexatoma,5
4154,Kitchen,Kitchen Creek,23/04/2025,Arthropoda,Insecta,Diptera,Blephariceridae,Blepharicera,1
4155,Kitchen,Kitchen Creek,23/04/2025,Arthropoda,Insecta,Trichoptera,Hydropsychidae,Hydropsyche,4
4156,Kitchen,Kitchen Creek,23/04/2025,Arthropoda,Insecta,Ephemeroptera,Heptageniidae,Maccaffertium,3
4157,Kitchen,Kitchen Creek,23/04/2025,Arthropoda,Malacostraca,Decapoda,Cambaridae,Orconectes,1
4158,Kitchen,Kitchen Creek,23/04/2025,Arthropoda,Insecta,Ephemeroptera,Leptophlebiidae,Paraleptophlebia,13
4159,Kitchen,Kitchen Creek,23/04/2025,Arthropoda,Insecta,Diptera,Ceratopogonidae,,13
4160,Kitchen,Kitchen Creek,23/04/2025,Arthropoda,Insecta,Plecoptera,Leuctridae,Leuctra,2
4161,Kitchen,Kitchen Creek,23/04/2025,Arthropoda,Insecta,Megaloptera,Corydalidae,Nigronia,1
4162,Kitchen,Kitchen Creek,23/04/2025,Arthropoda,Insecta,Coleoptera,Elmidae,Optioservus,2
4163,Kitchen,Kitchen Creek,23/04/2025,Arthropoda,Insecta,Coleoptera,Elmidae,Oulimnius,2
4164,Kitchen,Kitchen Creek,23/04/2025,Arthropoda,Insecta,Trichoptera,Hydropsychidae,Cheumatopsyche,4
4165,Kitchen,Kitchen Creek,23/04/2025,Arthropoda,Insecta,Trichoptera,Rhyacophilidae,Rhyacophila,2
4166,Kitchen,Kitchen Creek,23/04/2025,Arthropoda,Insecta,Trichoptera,Philopotamidae,Dolophilodes,1
4167,Kitchen,Kitchen Creek,23/04/2025,Arthropoda,Insecta,Plecoptera,Pteronarcyidae,Pteronarcys,2
4168,Kitchen,Kitchen Creek,23/04/2025,Arthropoda,Insecta,Trichoptera,Lepidostomatidae,Lepidostoma,1
4169,Kitchen,Kitchen Creek,23/04/2025,Arthropoda,Insecta,Ephemeroptera,Isonychiidae,Isonychia,6
4170,Kitchen,Kitchen Creek,23/04/2025,Arthropoda,Insecta,Diptera,Tipulidae,Antocha,3
4171,Kitchen,Kitchen Creek,23/04/2025,Arthropoda,Insecta,Trichoptera,Uenoidae,Neophylax,3
4172,Kitchen,Kitchen Creek,23/04/2025,Arthropoda,Insecta,Ephemeroptera,Heptageniidae,Cinygmula,23
4173,LARR,Larrys Creek,26/04/2023,Arthropoda,Insecta,Ephemeroptera,Ephemerellidae,Ephemerella,24
4174,LARR,Larrys Creek,26/04/2023,Arthropoda,Insecta,Ephemeroptera,Baetidae,Baetis,1
4175,LARR,Larrys Creek,26/04/2023,Arthropoda,Malacostraca,Decapoda,Cambaridae,Cambarus,2
4176,LARR,Larrys Creek,26/04/2023,Arthropoda,Insecta,Diptera,Ceratopogonidae,,1
4177,LARR,Larrys Creek,26/04/2023,Arthropoda,Insecta,Ephemeroptera,Heptageniidae,Cinygmula,1
4178,LARR,Larrys Creek,26/04/2023,Arthropoda,Insecta,Ephemeroptera,Ephemeridae,Ephemera,2
4179,LARR,Larrys Creek,26/04/2023,Arthropoda,Insecta,Diptera,Tipulidae,Hexatoma,4
4180,LARR,Larrys Creek,26/04/2023,Arthropoda,Insecta,Trichoptera,Hydropsychidae,Hydropsyche,1
4181,LARR,Larrys Creek,26/04/2023,Arthropoda,Insecta,Ephemeroptera,Isonychiidae,Isonychia,3
4182,LARR,Larrys Creek,26/04/2023,NA,NA,NA,NA,Leptophlebiidae,5
4183,LARR,Larrys Creek,26/04/2023,Arthropoda,Insecta,Plecoptera,Leuctridae,Leuctra,8
4184,LARR,Larrys Creek,26/04/2023,Arthropoda,Insecta,Ephemeroptera,Ephemerellidae,Drunella,27
4185,LARR,Larrys Creek,26/04/2023,Arthropoda,Insecta,Trichoptera,Brachycentridae,Micrasema,1
4186,LARR,Larrys Creek,26/04/2023,Arthropoda,Insecta,Trichoptera,Hydropsychidae,Cheumatopsyche,2
4187,LARR,Larrys Creek,26/04/2023,NA,NA,NA,NA,Nematoda,1
4188,LARR,Larrys Creek,26/04/2023,Arthropoda,Insecta,Ephemeroptera,Heptageniidae,Maccaffertium,1
4189,LARR,Larrys Creek,26/04/2023,Arthropoda,Insecta,Ephemeroptera,Ephemerellidae,Teloganopsis,1
4190,LARR,Larrys Creek,26/04/2023,Arthropoda,Insecta,Ephemeroptera,Heptageniidae,Epeorus,2
4191,LARR,Larrys Creek,26/04/2023,Arthropoda,Insecta,Diptera,Athericidae,Atherix,2
4192,LARR,Larrys Creek,26/04/2023,Arthropoda,Insecta,Diptera,Chironomidae,,38
4193,LARR,Larrys Creek,26/04/2023,Arthropoda,Insecta,Coleoptera,Elmidae,Oulimnius,2
4194,LARR,Larrys Creek,26/04/2023,NA,NA,NA,NA,Polycentropodidae,2
4195,LARR,Larrys Creek,26/04/2023,Arthropoda,Insecta,Diptera,Empididae,Neoplasta,1
4196,LARR,Larrys Creek,26/04/2023,Arthropoda,Insecta,Coleoptera,Psephenidae,Psephenus,2
4197,LARR,Larrys Creek,26/04/2023,Arthropoda,Insecta,Trichoptera,Rhyacophilidae,Rhyacophila,1
4198,LARR,Larrys Creek,26/04/2023,Arthropoda,Insecta,Coleoptera,Elmidae,Optioservus,36
4199,LARR,Larrys Creek,26/04/2023,Arthropoda,Insecta,Trichoptera,Uenoidae,Neophylax,7
4200,LARR,Larrys Creek,26/04/2023,Arthropoda,Insecta,Ephemeroptera,Baetidae,Acentrella,24
4201,LARR,Larrys Creek,26/04/2023,Arthropoda,Insecta,Diptera,Simuliidae,Simulium,4
4202,LARR,Larrys Creek,26/04/2023,Arthropoda,Insecta,Trichoptera,Glossosomatidae,Agapetus,7
4203,LARR,Larrys Creek,26/04/2023,Arthropoda,Insecta,Plecoptera,Perlidae,Acroneuria,1
4204,LARR,Larrys Creek,26/04/2023,Arthropoda,Insecta,Ephemeroptera,Baetidae,Acentrella,19
4205,LARR,Larrys Creek,26/04/2023,Arthropoda,Insecta,Plecoptera,Perlidae,Acroneuria,1
4206,LARR,Larrys Creek,26/04/2023,Arthropoda,Insecta,Ephemeroptera,Baetidae,Baetis,2
4207,LARR,Larrys Creek,26/04/2023,Arthropoda,Insecta,Trichoptera,Hydropsychidae,Cheumatopsyche,2
4208,LARR,Larrys Creek,26/04/2023,Arthropoda,Insecta,Diptera,Chironomidae,,6
4209,LARR,Larrys Creek,26/04/2023,Arthropoda,Insecta,Plecoptera,Perlodidae,Diploperla,1
4210,LARR,Larrys Creek,26/04/2023,Arthropoda,Insecta,Trichoptera,Philopotamidae,Dolophilodes,5
4211,LARR,Larrys Creek,26/04/2023,Arthropoda,Insecta,Ephemeroptera,Heptageniidae,Epeorus,3
4212,LARR,Larrys Creek,26/04/2023,Arthropoda,Insecta,Ephemeroptera,Ephemeridae,Ephemera,1
4213,LARR,Larrys Creek,26/04/2023,Arthropoda,Insecta,Ephemeroptera,Ephemerellidae,Ephemerella,40
4214,LARR,Larrys Creek,26/04/2023,Arthropoda,Insecta,Ephemeroptera,Ephemerellidae,Eurylophella,4
4215,LARR,Larrys Creek,26/04/2023,NA,NA,NA,NA,Heptageniidae,2
4216,LARR,Larrys Creek,26/04/2023,Arthropoda,Insecta,Diptera,Tipulidae,Hexatoma,1
4217,LARR,Larrys Creek,26/04/2023,Arthropoda,Arachnida,Hydracarina,,,1
4218,LARR,Larrys Creek,26/04/2023,Arthropoda,Insecta,Trichoptera,Hydropsychidae,Hydropsyche,6
4219,LARR,Larrys Creek,26/04/2023,Arthropoda,Insecta,Ephemeroptera,Isonychiidae,Isonychia,10
4220,LARR,Larrys Creek,26/04/2023,Arthropoda,Insecta,Plecoptera,Perlodidae,Isoperla,7
4221,LARR,Larrys Creek,26/04/2023,Arthropoda,Insecta,Trichoptera,Lepidostomatidae,Lepidostoma,26
4222,LARR,Larrys Creek,26/04/2023,NA,NA,NA,NA,Leptophlebiidae,2
4223,LARR,Larrys Creek,26/04/2023,Arthropoda,Insecta,Ephemeroptera,Heptageniidae,Leucrocuta,2
4224,LARR,Larrys Creek,26/04/2023,Arthropoda,Insecta,Ephemeroptera,Heptageniidae,Maccaffertium,1
4225,LARR,Larrys Creek,26/04/2023,Arthropoda,Insecta,Trichoptera,Uenoidae,Neophylax,4
4226,LARR,Larrys Creek,26/04/2023,Arthropoda,Insecta,Megaloptera,Corydalidae,Nigronia,2
4227,LARR,Larrys Creek,26/04/2023,Arthropoda,Insecta,Coleoptera,Elmidae,Optioservus,13
4228,LARR,Larrys Creek,26/04/2023,Arthropoda,Insecta,Coleoptera,Elmidae,Oulimnius,1
4229,LARR,Larrys Creek,26/04/2023,Arthropoda,Insecta,Ephemeroptera,Leptophlebiidae,Paraleptophlebia,3
4230,LARR,Larrys Creek,26/04/2023,Arthropoda,Insecta,Ephemeroptera,Heptageniidae,Rhithrogena,1
4231,LARR,Larrys Creek,26/04/2023,Arthropoda,Insecta,Trichoptera,Rhyacophilidae,Rhyacophila,1
4232,LARR,Larrys Creek,26/04/2023,Arthropoda,Insecta,Ephemeroptera,Ephemerellidae,Serratella,2
4233,LARR,Larrys Creek,26/04/2023,Arthropoda,Insecta,Plecoptera,Chloroperlidae,Sweltsa,5
4234,LARR,Larrys Creek,26/04/2023,Arthropoda,Insecta,Plecoptera,Taeniopterygidae,Taeniopteryx,39
4235,LARR,Larrys Creek,26/04/2023,Arthropoda,Insecta,Diptera,Tipulidae,Tipula,1
4236,LARR,Larrys Creek,26/04/2023,Arthropoda,Insecta,Ephemeroptera,Baetidae,Acentrella,25
4237,LARR,Larrys Creek,26/04/2023,Arthropoda,Insecta,Plecoptera,Perlidae,Acroneuria,2
4238,LARR,Larrys Creek,26/04/2023,Arthropoda,Insecta,Trichoptera,Hydropsychidae,Cheumatopsyche,4
4239,LARR,Larrys Creek,26/04/2023,Arthropoda,Insecta,Diptera,Chironomidae,,14
4240,LARR,Larrys Creek,26/04/2023,Arthropoda,Insecta,Diptera,Tipulidae,Dicranota,1
4241,LARR,Larrys Creek,26/04/2023,Arthropoda,Insecta,Trichoptera,Philopotamidae,Dolophilodes,4
4242,LARR,Larrys Creek,26/04/2023,Arthropoda,Insecta,Ephemeroptera,Heptageniidae,Epeorus,8
4243,LARR,Larrys Creek,26/04/2023,Arthropoda,Insecta,Ephemeroptera,Ephemerellidae,Ephemerella,50
4244,LARR,Larrys Creek,26/04/2023,Arthropoda,Insecta,Ephemeroptera,Ephemerellidae,Eurylophella,5
4245,LARR,Larrys Creek,26/04/2023,Arthropoda,Insecta,Trichoptera,Hydropsychidae,Hydropsyche,7
4246,LARR,Larrys Creek,26/04/2023,Arthropoda,Insecta,Ephemeroptera,Isonychiidae,Isonychia,33
4247,LARR,Larrys Creek,26/04/2023,Arthropoda,Insecta,Plecoptera,Perlodidae,Isoperla,2
4248,LARR,Larrys Creek,26/04/2023,Arthropoda,Insecta,Trichoptera,Lepidostomatidae,Lepidostoma,19
4249,LARR,Larrys Creek,26/04/2023,NA,NA,NA,NA,Leptophlebiidae,7
4250,LARR,Larrys Creek,26/04/2023,Arthropoda,Insecta,Ephemeroptera,Heptageniidae,Leucrocuta,5
4251,LARR,Larrys Creek,26/04/2023,Arthropoda,Insecta,Ephemeroptera,Heptageniidae,Maccaffertium,7
4252,LARR,Larrys Creek,26/04/2023,Arthropoda,Insecta,Coleoptera,Elmidae,Optioservus,2
4253,LARR,Larrys Creek,26/04/2023,Arthropoda,Insecta,Ephemeroptera,Leptophlebiidae,Paraleptophlebia,1
4254,LARR,Larrys Creek,26/04/2023,Arthropoda,Insecta,Trichoptera,Rhyacophilidae,Rhyacophila,5
4255,LARR,Larrys Creek,26/04/2023,Arthropoda,Insecta,Ephemeroptera,Ephemerellidae,Serratella,1
4256,LARR,Larrys Creek,26/04/2023,Arthropoda,Insecta,Coleoptera,Elmidae,Stenelmis,1
4257,LARR,Larrys Creek,26/04/2023,Arthropoda,Insecta,Plecoptera,Chloroperlidae,Sweltsa,1
4258,LARR,Larrys Creek,26/04/2023,Arthropoda,Insecta,Plecoptera,Taeniopterygidae,Taeniopteryx,22
4259,LARR,Larrys Creek,26/04/2023,Arthropoda,Insecta,Diptera,Tipulidae,Tipula,1
4260,LARR,Larrys Creek,26/04/2023,Arthropoda,Insecta,Ephemeroptera,Baetidae,Acentrella,5
4261,LARR,Larrys Creek,26/04/2023,Arthropoda,Insecta,Ephemeroptera,Baetidae,Baetis,4
4262,LARR,Larrys Creek,26/04/2023,Arthropoda,Insecta,Ephemeroptera,Baetidae,Plauditus,4
4263,LARR,Larrys Creek,26/04/2023,Arthropoda,Insecta,Ephemeroptera,Ephemerellidae,Ephemerella,79
4264,LARR,Larrys Creek,26/04/2023,Arthropoda,Insecta,Ephemeroptera,Ephemerellidae,Eurylophella,2
4265,LARR,Larrys Creek,26/04/2023,Arthropoda,Insecta,Ephemeroptera,Ephemerellidae,Serratella,5
4266,LARR,Larrys Creek,26/04/2023,Arthropoda,Insecta,Ephemeroptera,Heptageniidae,Leucrocuta,6
4267,LARR,Larrys Creek,26/04/2023,Arthropoda,Insecta,Ephemeroptera,Heptageniidae,Maccaffertium,6
4268,LARR,Larrys Creek,26/04/2023,Arthropoda,Insecta,Ephemeroptera,Heptageniidae,Stenacron,1
4269,LARR,Larrys Creek,26/04/2023,Arthropoda,Insecta,Ephemeroptera,Isonychiidae,Isonychia,31
4270,LARR,Larrys Creek,26/04/2023,Arthropoda,Insecta,Ephemeroptera,Leptophlebiidae,Paraleptophlebia,21
4271,LARR,Larrys Creek,26/04/2023,Arthropoda,Insecta,Plecoptera,Leuctridae,Leuctra,3
4272,LARR,Larrys Creek,26/04/2023,Arthropoda,Insecta,Plecoptera,Perlidae,Acroneuria,1
4273,LARR,Larrys Creek,26/04/2023,NA,NA,NA,NA,Perlodidae,1
4274,LARR,Larrys Creek,26/04/2023,Arthropoda,Insecta,Plecoptera,Perlodidae,Isoperla,1
4275,LARR,Larrys Creek,26/04/2023,Arthropoda,Insecta,Plecoptera,Taeniopterygidae,Taeniopteryx,5
4276,LARR,Larrys Creek,26/04/2023,Arthropoda,Insecta,Trichoptera,Apataniidae,Apatania,6
4277,LARR,Larrys Creek,26/04/2023,Arthropoda,Insecta,Trichoptera,Hydropsychidae,Ceratopsyche,3
4278,LARR,Larrys Creek,26/04/2023,Arthropoda,Insecta,Trichoptera,Hydropsychidae,Cheumatopsyche,11
4279,LARR,Larrys Creek,26/04/2023,Arthropoda,Insecta,Trichoptera,Lepidostomatidae,Lepidostoma,3
4280,LARR,Larrys Creek,26/04/2023,Arthropoda,Insecta,Trichoptera,Philopotamidae,Dolophilodes,5
4281,LARR,Larrys Creek,26/04/2023,Arthropoda,Insecta,Trichoptera,Rhyacophilidae,Rhyacophila,3
4282,LARR,Larrys Creek,26/04/2023,NA,NA,NA,NA,Gomphidae,1
4283,LARR,Larrys Creek,26/04/2023,Arthropoda,Insecta,Coleoptera,Elmidae,Optioservus,11
4284,LARR,Larrys Creek,26/04/2023,Arthropoda,Insecta,Coleoptera,Elmidae,Stenelmis,1
4285,LARR,Larrys Creek,26/04/2023,Arthropoda,Insecta,Diptera,Athericidae,Atherix,2
4286,LARR,Larrys Creek,26/04/2023,Arthropoda,Insecta,Diptera,Ceratopogonidae,,2
4287,LARR,Larrys Creek,26/04/2023,Arthropoda,Insecta,Diptera,Chironomidae,,9
4288,LARR,Larrys Creek,26/04/2023,Mollusca,Bivalvia,Sphaeriida,Sphaeriidae,,1
4289,LARR,Larrys Creek,26/04/2023,Arthropoda,Insecta,Ephemeroptera,Ephemerellidae,Ephemerella,56
4290,LARR,Larrys Creek,26/04/2023,Arthropoda,Insecta,Ephemeroptera,Ephemerellidae,Eurylophella,1
4291,LARR,Larrys Creek,26/04/2023,Arthropoda,Insecta,Ephemeroptera,Ephemerellidae,Serratella,5
4292,LARR,Larrys Creek,26/04/2023,Arthropoda,Insecta,Ephemeroptera,Ephemeridae,Ephemera,1
4293,LARR,Larrys Creek,26/04/2023,Arthropoda,Insecta,Ephemeroptera,Heptageniidae,Epeorus,9
4294,LARR,Larrys Creek,26/04/2023,Arthropoda,Insecta,Ephemeroptera,Heptageniidae,Leucrocuta,3
4295,LARR,Larrys Creek,26/04/2023,Arthropoda,Insecta,Ephemeroptera,Heptageniidae,Maccaffertium,6
4296,LARR,Larrys Creek,26/04/2023,Arthropoda,Insecta,Ephemeroptera,Isonychiidae,Isonychia,8
4297,LARR,Larrys Creek,26/04/2023,Arthropoda,Insecta,Ephemeroptera,Leptophlebiidae,Paraleptophlebia,20
4298,LARR,Larrys Creek,26/04/2023,Arthropoda,Insecta,Plecoptera,Capniidae,Paracapnia,1
4299,LARR,Larrys Creek,26/04/2023,Arthropoda,Insecta,Plecoptera,Chloroperlidae,Sweltsa,1
4300,LARR,Larrys Creek,26/04/2023,Arthropoda,Insecta,Plecoptera,Perlidae,Acroneuria,2
4301,LARR,Larrys Creek,26/04/2023,Arthropoda,Insecta,Plecoptera,Perlodidae,Isoperla,11
4302,LARR,Larrys Creek,26/04/2023,Arthropoda,Insecta,Plecoptera,Taeniopterygidae,Taeniopteryx,5
4303,LARR,Larrys Creek,26/04/2023,Arthropoda,Insecta,Trichoptera,Apataniidae,Apatania,6
4304,LARR,Larrys Creek,26/04/2023,Arthropoda,Insecta,Trichoptera,Hydropsychidae,Ceratopsyche,11
4305,LARR,Larrys Creek,26/04/2023,Arthropoda,Insecta,Trichoptera,Hydropsychidae,Cheumatopsyche,4
4306,LARR,Larrys Creek,26/04/2023,Arthropoda,Insecta,Trichoptera,Hydropsychidae,Diplectrona,3
4307,LARR,Larrys Creek,26/04/2023,Arthropoda,Insecta,Trichoptera,Lepidostomatidae,Lepidostoma,15
4308,LARR,Larrys Creek,26/04/2023,Arthropoda,Insecta,Trichoptera,Philopotamidae,Dolophilodes,5
4309,LARR,Larrys Creek,26/04/2023,Arthropoda,Insecta,Trichoptera,Polycentropodidae,Polycentropus,1
4310,LARR,Larrys Creek,26/04/2023,Arthropoda,Insecta,Trichoptera,Uenoidae,Neophylax,2
4311,LARR,Larrys Creek,26/04/2023,NA,NA,NA,NA,Gomphidae,1
4312,LARR,Larrys Creek,26/04/2023,Arthropoda,Insecta,Megaloptera,Corydalidae,Nigronia,3
4313,LARR,Larrys Creek,26/04/2023,Arthropoda,Insecta,Coleoptera,Elmidae,Optioservus,12
4314,LARR,Larrys Creek,26/04/2023,Arthropoda,Insecta,Coleoptera,Elmidae,Oulimnius,1
4315,LARR,Larrys Creek,26/04/2023,Arthropoda,Insecta,Coleoptera,Psephenidae,Psephenus,1
4316,LARR,Larrys Creek,26/04/2023,Arthropoda,Insecta,Diptera,Athericidae,Atherix,1
4317,LARR,Larrys Creek,26/04/2023,Arthropoda,Insecta,Diptera,Chironomidae,,13
4318,LARR,Larrys Creek,26/04/2023,Arthropoda,Insecta,Diptera,Tipulidae,Antocha,1
4319,LARR,Larrys Creek,26/04/2023,Arthropoda,Insecta,Diptera,Tipulidae,Hexatoma,2
4320,LARR,Larrys Creek,26/04/2023,Arthropoda,Insecta,Diptera,Tipulidae,Tipula,1
4321,LARR,Larrys Creek,26/04/2023,NA,NA,NA,NA,Nemertea,1
4322,LARR,Larrys Creek,26/04/2023,NA,NA,NA,NA,Ancylidae,1
4323,LARR,Larrys Creek,26/04/2023,Arthropoda,Insecta,Ephemeroptera,Ephemerellidae,Ephemerella,13
4324,LARR,Larrys Creek,26/04/2023,Arthropoda,Insecta,Ephemeroptera,Ephemerellidae,Eurylophella,1
4325,LARR,Larrys Creek,26/04/2023,Arthropoda,Insecta,Ephemeroptera,Ephemerellidae,Serratella,1
4326,LARR,Larrys Creek,26/04/2023,Arthropoda,Insecta,Ephemeroptera,Ephemeridae,Ephemera,2
4327,LARR,Larrys Creek,26/04/2023,Arthropoda,Insecta,Ephemeroptera,Heptageniidae,Maccaffertium,2
4328,LARR,Larrys Creek,26/04/2023,Arthropoda,Insecta,Ephemeroptera,Isonychiidae,Isonychia,3
4329,LARR,Larrys Creek,26/04/2023,Arthropoda,Insecta,Ephemeroptera,Leptophlebiidae,Paraleptophlebia,14
4330,LARR,Larrys Creek,26/04/2023,Arthropoda,Insecta,Plecoptera,Perlidae,Acroneuria,2
4331,LARR,Larrys Creek,26/04/2023,Arthropoda,Insecta,Plecoptera,Perlidae,Paragnetina,1
4332,LARR,Larrys Creek,26/04/2023,Arthropoda,Insecta,Plecoptera,Perlodidae,Isoperla,1
4333,LARR,Larrys Creek,26/04/2023,Arthropoda,Insecta,Plecoptera,Taeniopterygidae,Taeniopteryx,8
4334,LARR,Larrys Creek,26/04/2023,Arthropoda,Insecta,Trichoptera,Apataniidae,Apatania,1
4335,LARR,Larrys Creek,26/04/2023,Arthropoda,Insecta,Trichoptera,Brachycentridae,Micrasema,1
4336,LARR,Larrys Creek,26/04/2023,Arthropoda,Insecta,Trichoptera,Hydropsychidae,Ceratopsyche,10
4337,LARR,Larrys Creek,26/04/2023,Arthropoda,Insecta,Trichoptera,Hydropsychidae,Cheumatopsyche,9
4338,LARR,Larrys Creek,26/04/2023,Arthropoda,Insecta,Trichoptera,Hydropsychidae,Diplectrona,1
4339,LARR,Larrys Creek,26/04/2023,Arthropoda,Insecta,Ephemeroptera,Baetidae,Baetis,4
4340,LARR,Larrys Creek,26/04/2023,Arthropoda,Insecta,Trichoptera,Lepidostomatidae,Lepidostoma,17
4341,LARR,Larrys Creek,26/04/2023,Arthropoda,Insecta,Trichoptera,Leptoceridae,Ceraclea,1
4342,LARR,Larrys Creek,26/04/2023,Arthropoda,Insecta,Trichoptera,Philopotamidae,Dolophilodes,11
4343,LARR,Larrys Creek,26/04/2023,NA,NA,NA,NA,Gomphidae,3
4344,LARR,Larrys Creek,26/04/2023,Arthropoda,Insecta,Megaloptera,Corydalidae,Nigronia,1
4345,LARR,Larrys Creek,26/04/2023,Arthropoda,Insecta,Coleoptera,Elmidae,Optioservus,12
4346,LARR,Larrys Creek,26/04/2023,Arthropoda,Insecta,Coleoptera,Elmidae,Oulimnius,2
4347,LARR,Larrys Creek,26/04/2023,NA,NA,NA,NA,Promoresia,3
4348,LARR,Larrys Creek,26/04/2023,Arthropoda,Insecta,Diptera,Ceratopogonidae,,1
4349,LARR,Larrys Creek,26/04/2023,Arthropoda,Insecta,Diptera,Chironomidae,,88
4350,LARR,Larrys Creek,26/04/2023,Arthropoda,Insecta,Diptera,Empididae,Neoplasta,2
4351,LARR,Larrys Creek,26/04/2023,Arthropoda,Insecta,Diptera,Tipulidae,Antocha,1
4352,LARR,Larrys Creek,26/04/2023,Arthropoda,Insecta,Diptera,Tipulidae,Hexatoma,4
4353,LARR,Larrys Creek,26/04/2023,Mollusca,Bivalvia,Sphaeriida,Sphaeriidae,,3
4354,LARR,Larrys Creek,26/04/2023,Annelida,Oligochaeta,,,,11
4355,LARR,Larrys Creek,26/04/2023,Arthropoda,Arachnida,Hydracarina,,,1
4356,LARR,Larrys Creek,26/04/2023,Arthropoda,Arachnida,Hydracarina,,,1
4357,LARR,Larrys Creek,26/04/2023,Arthropoda,Insecta,Ephemeroptera,Baetidae,Acentrella,1
4358,LARR,Larrys Creek,26/04/2023,Arthropoda,Insecta,Ephemeroptera,Baetidae,Baetis,4
4359,LARR,Larrys Creek,26/04/2023,Arthropoda,Insecta,Ephemeroptera,Ephemerellidae,Ephemerella,39
4360,LARR,Larrys Creek,26/04/2023,Arthropoda,Insecta,Ephemeroptera,Ephemerellidae,Eurylophella,1
4361,LARR,Larrys Creek,26/04/2023,Arthropoda,Insecta,Ephemeroptera,Ephemerellidae,Serratella,1
4362,LARR,Larrys Creek,26/04/2023,Arthropoda,Insecta,Ephemeroptera,Heptageniidae,Epeorus,6
4363,LARR,Larrys Creek,26/04/2023,Arthropoda,Insecta,Ephemeroptera,Heptageniidae,Leucrocuta,5
4364,LARR,Larrys Creek,26/04/2023,Arthropoda,Insecta,Ephemeroptera,Heptageniidae,Maccaffertium,9
4365,LARR,Larrys Creek,26/04/2023,Arthropoda,Insecta,Ephemeroptera,Isonychiidae,Isonychia,10
4366,LARR,Larrys Creek,26/04/2023,Arthropoda,Insecta,Ephemeroptera,Leptophlebiidae,Paraleptophlebia,26
4367,LARR,Larrys Creek,26/04/2023,Arthropoda,Insecta,Plecoptera,Capniidae,Allocapnia,1
4368,LARR,Larrys Creek,26/04/2023,Arthropoda,Insecta,Plecoptera,Capniidae,Paracapnia,1
4369,LARR,Larrys Creek,26/04/2023,Arthropoda,Insecta,Plecoptera,Chloroperlidae,Sweltsa,1
4370,LARR,Larrys Creek,26/04/2023,Arthropoda,Insecta,Plecoptera,Perlidae,Acroneuria,2
4371,LARR,Larrys Creek,26/04/2023,Arthropoda,Insecta,Plecoptera,Perlidae,Paragnetina,1
4372,LARR,Larrys Creek,26/04/2023,NA,NA,NA,NA,Perlodidae,2
4373,LARR,Larrys Creek,26/04/2023,Arthropoda,Insecta,Plecoptera,Perlodidae,Isoperla,2
4374,LARR,Larrys Creek,26/04/2023,Arthropoda,Insecta,Plecoptera,Pteronarcyidae,Pteronarcys,1
4375,LARR,Larrys Creek,26/04/2023,Arthropoda,Insecta,Plecoptera,Taeniopterygidae,Taeniopteryx,5
4376,LARR,Larrys Creek,26/04/2023,Arthropoda,Insecta,Trichoptera,Apataniidae,Apatania,2
4377,LARR,Larrys Creek,26/04/2023,Arthropoda,Insecta,Trichoptera,Hydropsychidae,Ceratopsyche,17
4378,LARR,Larrys Creek,26/04/2023,Arthropoda,Insecta,Trichoptera,Hydropsychidae,Cheumatopsyche,6
4379,LARR,Larrys Creek,26/04/2023,Arthropoda,Insecta,Trichoptera,Hydropsychidae,Diplectrona,1
4380,LARR,Larrys Creek,26/04/2023,Arthropoda,Insecta,Trichoptera,Lepidostomatidae,Lepidostoma,8
4381,LARR,Larrys Creek,26/04/2023,Arthropoda,Insecta,Trichoptera,Philopotamidae,Dolophilodes,9
4382,LARR,Larrys Creek,26/04/2023,Arthropoda,Insecta,Trichoptera,Rhyacophilidae,Rhyacophila,2
4383,LARR,Larrys Creek,26/04/2023,NA,NA,NA,NA,Gomphidae,1
4384,LARR,Larrys Creek,26/04/2023,Arthropoda,Insecta,Megaloptera,Corydalidae,Nigronia,1
4385,LARR,Larrys Creek,26/04/2023,Arthropoda,Insecta,Coleoptera,Elmidae,Optioservus,18
4386,LARR,Larrys Creek,26/04/2023,Arthropoda,Insecta,Coleoptera,Elmidae,Oulimnius,2
4387,LARR,Larrys Creek,26/04/2023,NA,NA,NA,NA,Promoresia,1
4388,LARR,Larrys Creek,26/04/2023,Arthropoda,Insecta,Diptera,Ceratopogonidae,Bezzia,1
4389,LARR,Larrys Creek,26/04/2023,Arthropoda,Insecta,Diptera,Chironomidae,,15
4390,LARR,Larrys Creek,26/04/2023,Arthropoda,Insecta,Diptera,Tipulidae,Antocha,1
4391,LARR,Larrys Creek,26/04/2023,Arthropoda,Insecta,Diptera,Tipulidae,Hexatoma,1
4392,LARR,Larrys Creek,26/04/2023,NA,NA,NA,NA,Nemertea,3
4393,LARR,Larrys Creek,26/04/2023,NA,NA,NA,NA,Ancylidae,1
4394,LARR,Larrys Creek,26/04/2023,Mollusca,Bivalvia,Sphaeriida,Sphaeriidae,,4
4395,LARR,Larrys Creek,26/04/2023,Annelida,Oligochaeta,,,,10
4396,LARR,Larrys Creek,26/04/2023,Annelida,Oligochaeta,,,,8
4397,LARR,Larrys Creek,26/04/2023,Arthropoda,Insecta,Trichoptera,Philopotamidae,Dolophilodes,3
4398,LARR,Larrys Creek,26/04/2023,Arthropoda,Insecta,Trichoptera,Lepidostomatidae,Lepidostoma,2
4399,LARR,Larrys Creek,26/04/2023,Arthropoda,Insecta,Trichoptera,Hydroptilidae,Stactobiella,1
4400,LARR,Larrys Creek,26/04/2023,Arthropoda,Insecta,Ephemeroptera,Heptageniidae,Leucrocuta,1
4401,LARR,Larrys Creek,26/04/2023,Arthropoda,Insecta,Diptera,Tipulidae,Hexatoma,1
4402,LARR,Larrys Creek,26/04/2023,Arthropoda,Insecta,Coleoptera,Elmidae,Oulimnius,3
4403,LARR,Larrys Creek,26/04/2023,Arthropoda,Insecta,Diptera,Empididae,Neoplasta,1
4404,LARR,Larrys Creek,26/04/2023,Arthropoda,Insecta,Trichoptera,Hydropsychidae,Cheumatopsyche,5
4405,LARR,Larrys Creek,26/04/2023,Arthropoda,Insecta,Trichoptera,Hydropsychidae,Diplectrona,2
4406,LARR,Larrys Creek,26/04/2023,Platyhelminthes,Turbellaria,,,,2
4407,LARR,Larrys Creek,26/04/2023,Arthropoda,Insecta,Coleoptera,Elmidae,Optioservus,10
4408,LARR,Larrys Creek,26/04/2023,Arthropoda,Insecta,Ephemeroptera,Baetidae,Baetis,12
4409,LARR,Larrys Creek,26/04/2023,Mollusca,Bivalvia,Sphaeriida,Sphaeriidae,,1
4410,LARR,Larrys Creek,26/04/2023,Arthropoda,Insecta,Diptera,Simuliidae,Prosimulium,13
4411,LARR,Larrys Creek,26/04/2023,Arthropoda,Insecta,Trichoptera,Hydropsychidae,Ceratopsyche,3
4412,LARR,Larrys Creek,26/04/2023,Arthropoda,Insecta,Diptera,Chironomidae,,59
4413,LARR,Larrys Creek,26/04/2023,Arthropoda,Insecta,Ephemeroptera,Heptageniidae,Cinygmula,2
4414,LARR,Larrys Creek,26/04/2023,Arthropoda,Insecta,Ephemeroptera,Ephemerellidae,Ephemerella,18
4415,LARR,Larrys Creek,26/04/2023,Arthropoda,Insecta,Ephemeroptera,Ephemerellidae,Drunella,7
4416,LARR,Larrys Creek,26/04/2023,Arthropoda,Insecta,Ephemeroptera,Heptageniidae,Epeorus,19
4417,LARR,Larrys Creek,26/04/2023,Arthropoda,Insecta,Trichoptera,Brachycentridae,Micrasema,5
4418,LARR,Larrys Creek,26/04/2023,Arthropoda,Insecta,Plecoptera,Perlidae,Acroneuria,4
4419,LARR,Larrys Creek,26/04/2023,Arthropoda,Insecta,Plecoptera,Perlodidae,Isoperla,1
4420,LARR,Larrys Creek,26/04/2023,Arthropoda,Arachnida,Hydracarina,,,1
4421,LARR,Larrys Creek,26/04/2023,Arthropoda,Insecta,Plecoptera,Perlodidae,Diploperla,1
4422,LARR,Larrys Creek,26/04/2023,Arthropoda,Insecta,Ephemeroptera,Isonychiidae,Isonychia,1
4423,LARR,Larrys Creek,26/04/2023,Arthropoda,Insecta,Ephemeroptera,Heptageniidae,Maccaffertium,1
4424,LARR,Larrys Creek,26/04/2023,Arthropoda,Insecta,Ephemeroptera,Leptophlebiidae,Paraleptophlebia,15
4425,LARR,Larrys Creek,26/04/2023,NA,NA,NA,NA,Chloroperlidae,1
4426,LARR,Larrys Creek,26/04/2023,Arthropoda,Insecta,Plecoptera,Leuctridae,Leuctra,2
4427,LARR,Larrys Creek,26/04/2023,Arthropoda,Insecta,Ephemeroptera,Baetidae,Diphetor,4
4428,LARR,Larrys Creek,26/04/2023,Arthropoda,Insecta,Plecoptera,Perlidae,Acroneuria,1
4429,LARR,Larrys Creek,26/04/2023,Arthropoda,Insecta,Plecoptera,Chloroperlidae,Sweltsa,1
4430,LARR,Larrys Creek,26/04/2023,Arthropoda,Arachnida,Hydracarina,,,1
4431,LARR,Larrys Creek,26/04/2023,Arthropoda,Insecta,Trichoptera,Hydropsychidae,Cheumatopsyche,2
4432,LARR,Larrys Creek,26/04/2023,Arthropoda,Insecta,Diptera,Empididae,Chelifera,1
4433,LARR,Larrys Creek,26/04/2023,Arthropoda,Insecta,Trichoptera,Hydroptilidae,Dibusa,1
4434,LARR,Larrys Creek,26/04/2023,Arthropoda,Insecta,Trichoptera,Hydropsychidae,Ceratopsyche,3
4435,LARR,Larrys Creek,26/04/2023,Arthropoda,Insecta,Trichoptera,Lepidostomatidae,Lepidostoma,1
4436,LARR,Larrys Creek,26/04/2023,Arthropoda,Insecta,Trichoptera,Hydroptilidae,Stactobiella,10
4437,LARR,Larrys Creek,26/04/2023,Arthropoda,Insecta,Trichoptera,Odontoceridae,Psilotreta,1
4438,LARR,Larrys Creek,26/04/2023,Arthropoda,Insecta,Trichoptera,Philopotamidae,Dolophilodes,1
4439,LARR,Larrys Creek,26/04/2023,Arthropoda,Insecta,Trichoptera,Uenoidae,Neophylax,2
4440,LARR,Larrys Creek,26/04/2023,Arthropoda,Insecta,Diptera,Chironomidae,,44
4441,LARR,Larrys Creek,26/04/2023,Arthropoda,Insecta,Megaloptera,Corydalidae,Nigronia,1
4442,LARR,Larrys Creek,26/04/2023,Arthropoda,Insecta,Coleoptera,Elmidae,Optioservus,5
4443,LARR,Larrys Creek,26/04/2023,Arthropoda,Insecta,Coleoptera,Psephenidae,Psephenus,1
4444,LARR,Larrys Creek,26/04/2023,Arthropoda,Insecta,Diptera,Empididae,Clinocera,2
4445,LARR,Larrys Creek,26/04/2023,Arthropoda,Insecta,Plecoptera,Chloroperlidae,Haploperla,1
4446,LARR,Larrys Creek,26/04/2023,Arthropoda,Insecta,Coleoptera,Elmidae,Oulimnius,2
4447,LARR,Larrys Creek,26/04/2023,Arthropoda,Insecta,Ephemeroptera,Isonychiidae,Isonychia,3
4448,LARR,Larrys Creek,26/04/2023,Arthropoda,Insecta,Trichoptera,Polycentropodidae,Polycentropus,1
4449,LARR,Larrys Creek,26/04/2023,Arthropoda,Insecta,Diptera,Ceratopogonidae,,1
4450,LARR,Larrys Creek,26/04/2023,Arthropoda,Insecta,Ephemeroptera,Ephemerellidae,Ephemerella,23
4451,LARR,Larrys Creek,26/04/2023,Arthropoda,Insecta,Ephemeroptera,Baetidae,Acentrella,9
4452,LARR,Larrys Creek,26/04/2023,Arthropoda,Insecta,Ephemeroptera,Ephemerellidae,Serratella,2
4453,LARR,Larrys Creek,26/04/2023,Arthropoda,Insecta,Ephemeroptera,Heptageniidae,Cinygmula,1
4454,LARR,Larrys Creek,26/04/2023,Arthropoda,Insecta,Ephemeroptera,Heptageniidae,Epeorus,5
4455,LARR,Larrys Creek,26/04/2023,Arthropoda,Insecta,Ephemeroptera,Ephemerellidae,Drunella,15
4456,LARR,Larrys Creek,26/04/2023,Arthropoda,Insecta,Ephemeroptera,Heptageniidae,Maccaffertium,3
4457,LARR,Larrys Creek,26/04/2023,Annelida,Oligochaeta,,,,8
4458,LARR,Larrys Creek,26/04/2023,Arthropoda,Insecta,Ephemeroptera,Leptophlebiidae,Paraleptophlebia,11
4459,LARR,Larrys Creek,26/04/2023,Arthropoda,Insecta,Ephemeroptera,Baetidae,Diphetor,1
4460,LARR,Larrys Creek,26/04/2023,Arthropoda,Insecta,Diptera,Simuliidae,Prosimulium,13
4461,LARR,Larrys Creek,26/04/2023,Arthropoda,Insecta,Diptera,Tipulidae,Antocha,2
4462,LARR,Larrys Creek,26/04/2023,Arthropoda,Insecta,Diptera,Tipulidae,Dicranota,1
4463,LARR,Larrys Creek,26/04/2023,NA,NA,NA,NA,Nematoda,7
4464,LARR,Larrys Creek,26/04/2023,Platyhelminthes,Turbellaria,,,,1
4465,LARR,Larrys Creek,26/04/2023,Mollusca,Bivalvia,Sphaeriida,Sphaeriidae,,11
4466,LARR,Larrys Creek,26/04/2023,Arthropoda,Insecta,Ephemeroptera,Heptageniidae,Leucrocuta,3
4467,LARR,Larrys Creek,26/04/2023,Arthropoda,Insecta,Trichoptera,Hydropsychidae,Ceratopsyche,4
4468,LARR,Larrys Creek,26/04/2023,Arthropoda,Insecta,Trichoptera,Hydroptilidae,Dibusa,1
4469,LARR,Larrys Creek,26/04/2023,Arthropoda,Insecta,Ephemeroptera,Baetidae,Diphetor,2
4470,LARR,Larrys Creek,26/04/2023,Arthropoda,Insecta,Trichoptera,Hydropsychidae,Diplectrona,2
4471,LARR,Larrys Creek,26/04/2023,Arthropoda,Insecta,Ephemeroptera,Ephemerellidae,Drunella,2
4472,LARR,Larrys Creek,26/04/2023,Arthropoda,Insecta,Ephemeroptera,Heptageniidae,Epeorus,29
4473,LARR,Larrys Creek,26/04/2023,Arthropoda,Insecta,Ephemeroptera,Isonychiidae,Isonychia,1
4474,LARR,Larrys Creek,26/04/2023,Arthropoda,Insecta,Plecoptera,Perlodidae,Isoperla,3
4475,LARR,Larrys Creek,26/04/2023,NA,NA,NA,NA,Leptophlebiidae,14
4476,LARR,Larrys Creek,26/04/2023,Arthropoda,Insecta,Ephemeroptera,Heptageniidae,Maccaffertium,3
4477,LARR,Larrys Creek,26/04/2023,Annelida,Oligochaeta,,,,7
4478,LARR,Larrys Creek,26/04/2023,Arthropoda,Insecta,Coleoptera,Elmidae,Oulimnius,1
4479,LARR,Larrys Creek,26/04/2023,Arthropoda,Insecta,Trichoptera,Rhyacophilidae,Rhyacophila,4
4480,LARR,Larrys Creek,26/04/2023,Mollusca,Bivalvia,Sphaeriida,Sphaeriidae,,1
4481,LARR,Larrys Creek,26/04/2023,Arthropoda,Insecta,Ephemeroptera,Baetidae,Baetis,18
4482,LARR,Larrys Creek,26/04/2023,Arthropoda,Insecta,Trichoptera,Hydropsychidae,Cheumatopsyche,5
4483,LARR,Larrys Creek,26/04/2023,Arthropoda,Insecta,Diptera,Chironomidae,,23
4484,LARR,Larrys Creek,26/04/2023,NA,NA,NA,NA,Chloroperlidae,3
4485,LARR,Larrys Creek,26/04/2023,Arthropoda,Insecta,Ephemeroptera,Heptageniidae,Cinygmula,4
4486,LARR,Larrys Creek,26/04/2023,Arthropoda,Insecta,Trichoptera,Philopotamidae,Dolophilodes,1
4487,LARR,Larrys Creek,26/04/2023,Arthropoda,Insecta,Ephemeroptera,Ephemerellidae,Ephemerella,34
4488,LARR,Larrys Creek,26/04/2023,Arthropoda,Insecta,Trichoptera,Lepidostomatidae,Lepidostoma,2
4489,LARR,Larrys Creek,26/04/2023,Arthropoda,Insecta,Ephemeroptera,Heptageniidae,Leucrocuta,1
4490,LARR,Larrys Creek,26/04/2023,Arthropoda,Insecta,Trichoptera,Uenoidae,Neophylax,4
4491,LARR,Larrys Creek,26/04/2023,Arthropoda,Insecta,Megaloptera,Corydalidae,Nigronia,1
4492,LARR,Larrys Creek,26/04/2023,Arthropoda,Insecta,Coleoptera,Elmidae,Optioservus,14
4493,LARR,Larrys Creek,26/04/2023,NA,NA,NA,NA,Promoresia,1
4494,LARR,Larrys Creek,26/04/2023,Arthropoda,Insecta,Diptera,Simuliidae,Prosimulium,25
4495,LARR,Larrys Creek,26/04/2023,Arthropoda,Insecta,Ephemeroptera,Ephemerellidae,Serratella,2
4496,LEBO 0.1,Lebo Run,15/04/2025,NA,NA,NA,NA,Leptophlebiidae,4
4497,LEBO 0.1,Lebo Run,15/04/2025,Arthropoda,Insecta,Coleoptera,Psephenidae,Ectopria,1
4498,LEBO 0.1,Lebo Run,15/04/2025,Arthropoda,Insecta,Ephemeroptera,Ephemeridae,Ephemera,3
4499,LEBO 0.1,Lebo Run,15/04/2025,Arthropoda,Insecta,Diptera,Simuliidae,Prosimulium,6
4500,LEBO 0.1,Lebo Run,15/04/2025,Arthropoda,Insecta,Diptera,Tipulidae,Hexatoma,2
4501,LEBO 0.1,Lebo Run,15/04/2025,Annelida,Oligochaeta,,,,9
4502,LEBO 0.1,Lebo Run,15/04/2025,Arthropoda,Insecta,Trichoptera,Hydropsychidae,Hydropsyche,1
4503,LEBO 0.1,Lebo Run,15/04/2025,Arthropoda,Insecta,Plecoptera,Perlodidae,Isoperla,6
4504,LEBO 0.1,Lebo Run,15/04/2025,Arthropoda,Insecta,Trichoptera,Uenoidae,Neophylax,1
4505,LEBO 0.1,Lebo Run,15/04/2025,NA,NA,NA,NA,Nematoda,1
4506,LEBO 0.1,Lebo Run,15/04/2025,Arthropoda,Insecta,Ephemeroptera,Heptageniidae,Epeorus,12
4507,LEBO 0.1,Lebo Run,15/04/2025,Arthropoda,Insecta,Plecoptera,Leuctridae,Leuctra,10
4508,LEBO 0.1,Lebo Run,15/04/2025,Arthropoda,Insecta,Trichoptera,Brachycentridae,Micrasema,2
4509,LEBO 0.1,Lebo Run,15/04/2025,Arthropoda,Insecta,Coleoptera,Elmidae,Oulimnius,27
4510,LEBO 0.1,Lebo Run,15/04/2025,Arthropoda,Insecta,Plecoptera,Nemouridae,Ostrocerca,1
4511,LEBO 0.1,Lebo Run,15/04/2025,Arthropoda,Insecta,Coleoptera,Elmidae,Optioservus,23
4512,LEBO 0.1,Lebo Run,15/04/2025,NA,NA,NA,NA,Promoresia,5
4513,LEBO 0.1,Lebo Run,15/04/2025,Arthropoda,Insecta,Odonata,Gomphidae,Lanthus,1
4514,LEBO 0.1,Lebo Run,15/04/2025,Arthropoda,Insecta,Diptera,Empididae,Chelifera,1
4515,LEBO 0.1,Lebo Run,15/04/2025,Arthropoda,Insecta,Ephemeroptera,Baetidae,Acerpenna,1
4516,LEBO 0.1,Lebo Run,15/04/2025,Arthropoda,Insecta,Ephemeroptera,Ephemerellidae,Drunella,2
4517,LEBO 0.1,Lebo Run,15/04/2025,Arthropoda,Insecta,Trichoptera,Hydropsychidae,Diplectrona,2
4518,LEBO 0.1,Lebo Run,15/04/2025,Arthropoda,Insecta,Ephemeroptera,Heptageniidae,Cinygmula,5
4519,LEBO 0.1,Lebo Run,15/04/2025,Arthropoda,Insecta,Ephemeroptera,Ephemerellidae,Ephemerella,12
4520,LEBO 0.1,Lebo Run,15/04/2025,Arthropoda,Insecta,Trichoptera,Hydropsychidae,Cheumatopsyche,2
4521,LEBO 0.1,Lebo Run,15/04/2025,Arthropoda,Insecta,Ephemeroptera,Leptophlebiidae,Paraleptophlebia,1
4522,LEBO 0.1,Lebo Run,15/04/2025,Arthropoda,Arachnida,Hydracarina,,,5
4523,LEBO 0.1,Lebo Run,15/04/2025,Arthropoda,Insecta,Diptera,Ceratopogonidae,,3
4524,LEBO 0.1,Lebo Run,15/04/2025,Arthropoda,Insecta,Ephemeroptera,Baetidae,Baetis,17
4525,LEBO 0.1,Lebo Run,15/04/2025,Arthropoda,Insecta,Diptera,Tipulidae,Antocha,1
4526,LEBO 0.1,Lebo Run,15/04/2025,Arthropoda,Insecta,Plecoptera,Nemouridae,Amphinemura,1
4527,LEBO 0.1,Lebo Run,15/04/2025,Mollusca,Bivalvia,Sphaeriida,Sphaeriidae,,1
4528,LEBO 0.1,Lebo Run,15/04/2025,Arthropoda,Insecta,Plecoptera,Chloroperlidae,Sweltsa,1
4529,LEBO 0.1,Lebo Run,15/04/2025,Arthropoda,Insecta,Ephemeroptera,Ephemerellidae,Teloganopsis,1
4530,LEBO 0.1,Lebo Run,15/04/2025,Arthropoda,Insecta,Diptera,Chironomidae,,39
4531,LITZ,Lititz Run,23/04/2024,Arthropoda,Insecta,Coleoptera,Elmidae,Stenelmis,5
4532,LITZ,Lititz Run,23/04/2024,Platyhelminthes,Turbellaria,,,,3
4533,LITZ,Lititz Run,23/04/2024,Arthropoda,Insecta,Diptera,Simuliidae,Simulium,1
4534,LITZ,Lititz Run,23/04/2024,Annelida,Oligochaeta,,,,42
4535,LITZ,Lititz Run,23/04/2024,Arthropoda,Malacostraca,Isopoda,Asellidae,Lirceus,110
4536,LITZ,Lititz Run,23/04/2024,Arthropoda,Insecta,Ephemeroptera,Baetidae,Baetis,5
4537,LITZ,Lititz Run,23/04/2024,Arthropoda,Malacostraca,Amphipoda,Gammaridae,Gammarus,15
4538,LITZ,Lititz Run,23/04/2024,Arthropoda,Insecta,Diptera,Chironomidae,,37
4539,LITZ,Lititz Run,23/04/2024,Arthropoda,Insecta,Trichoptera,Hydroptilidae,Hydroptila,2
4540,LITZ,Lititz Run,23/04/2024,Arthropoda,Insecta,Ephemeroptera,Baetidae,Baetis,9
4541,LITZ,Lititz Run,23/04/2024,Arthropoda,Malacostraca,Isopoda,Asellidae,Caecidotea,72
4542,LITZ,Lititz Run,23/04/2024,Arthropoda,Insecta,Diptera,Chironomidae,,61
4543,LITZ,Lititz Run,23/04/2024,Arthropoda,Malacostraca,Amphipoda,Gammaridae,Gammarus,30
4544,LITZ,Lititz Run,23/04/2024,Arthropoda,Insecta,Trichoptera,Hydroptilidae,Hydroptila,1
4545,LITZ,Lititz Run,23/04/2024,Annelida,Oligochaeta,,,,10
4546,LITZ,Lititz Run,23/04/2024,Arthropoda,Insecta,Coleoptera,Elmidae,Optioservus,4
4547,LITZ,Lititz Run,23/04/2024,Arthropoda,Insecta,Diptera,Simuliidae,Simulium,25
4548,LITZ,Lititz Run,23/04/2024,Arthropoda,Insecta,Coleoptera,Elmidae,Stenelmis,3
4549,LITZ,Lititz Run,23/04/2024,Platyhelminthes,Turbellaria,,,,1
4550,LITZ,Lititz Run,23/04/2024,Annelida,Oligochaeta,,,,18
4551,LITZ,Lititz Run,23/04/2024,Platyhelminthes,Turbellaria,,,,3
4552,LITZ,Lititz Run,23/04/2024,NA,NA,NA,NA,Nematoda,1
4553,LITZ,Lititz Run,23/04/2024,Arthropoda,Malacostraca,Isopoda,Asellidae,Lirceus,159
4554,LITZ,Lititz Run,23/04/2024,Arthropoda,Malacostraca,Amphipoda,Gammaridae,Gammarus,13
4555,LITZ,Lititz Run,23/04/2024,Arthropoda,Insecta,Diptera,Chironomidae,,14
4556,LITZ,Lititz Run,23/04/2024,Arthropoda,Insecta,Diptera,Simuliidae,Prosimulium,1
4557,LITZ,Lititz Run,23/04/2024,Arthropoda,Insecta,Diptera,Simuliidae,Simulium,1
4558,LITZ,Lititz Run,23/04/2024,Arthropoda,Insecta,Trichoptera,Hydropsychidae,Hydropsyche,1
4559,LITZ,Lititz Run,23/04/2024,Arthropoda,Insecta,Diptera,Chironomidae,,35
4560,LITZ,Lititz Run,23/04/2024,Platyhelminthes,Turbellaria,,,,3
4561,LITZ,Lititz Run,23/04/2024,Platyhelminthes,Turbellaria,,,,3
4562,LITZ,Lititz Run,23/04/2024,Arthropoda,Malacostraca,Amphipoda,Gammaridae,Gammarus,49
4563,LITZ,Lititz Run,23/04/2024,Arthropoda,Insecta,Ephemeroptera,Baetidae,Baetis,23
4564,LITZ,Lititz Run,23/04/2024,Arthropoda,Insecta,Coleoptera,Elmidae,Stenelmis,4
4565,LITZ,Lititz Run,23/04/2024,NA,NA,NA,NA,Corbiculidae,1
4566,LITZ,Lititz Run,23/04/2024,Arthropoda,Malacostraca,Isopoda,Asellidae,Lirceus,107
4567,LITZ,Lititz Run,23/04/2024,Arthropoda,Insecta,Coleoptera,Elmidae,Stenelmis,1
4568,LITZ,Lititz Run,23/04/2024,Platyhelminthes,Turbellaria,,,,4
4569,LITZ,Lititz Run,23/04/2024,Annelida,Oligochaeta,,,,5
4570,LITZ,Lititz Run,23/04/2024,Arthropoda,Malacostraca,Amphipoda,Gammaridae,Gammarus,72
4571,LITZ,Lititz Run,23/04/2024,Arthropoda,Insecta,Diptera,Chironomidae,,27
4572,LITZ,Lititz Run,23/04/2024,Arthropoda,Insecta,Ephemeroptera,Baetidae,Baetis,5
4573,LITZ,Lititz Run,23/04/2024,Arthropoda,Malacostraca,Isopoda,Asellidae,Lirceus,79
4574,LITZ,Lititz Run,23/04/2024,Arthropoda,Insecta,Coleoptera,Elmidae,Optioservus,2
4575,Little Bear,Little Bear Creek,30/04/2025,Arthropoda,Insecta,Trichoptera,Hydropsychidae,Hydropsyche,6
4576,Little Bear,Little Bear Creek,30/04/2025,NA,NA,NA,NA,Chloroperlidae,3
4577,Little Bear,Little Bear Creek,30/04/2025,Arthropoda,Insecta,Ephemeroptera,Heptageniidae,Cinygmula,32
4578,Little Bear,Little Bear Creek,30/04/2025,Arthropoda,Insecta,Plecoptera,Leuctridae,Leuctra,9
4579,Little Bear,Little Bear Creek,30/04/2025,Arthropoda,Insecta,Ephemeroptera,Baetidae,Diphetor,7
4580,Little Bear,Little Bear Creek,30/04/2025,Arthropoda,Insecta,Ephemeroptera,Ephemerellidae,Drunella,9
4581,Little Bear,Little Bear Creek,30/04/2025,Arthropoda,Insecta,Coleoptera,Elmidae,Optioservus,3
4582,Little Bear,Little Bear Creek,30/04/2025,Arthropoda,Insecta,Ephemeroptera,Ephemeridae,Ephemera,1
4583,Little Bear,Little Bear Creek,30/04/2025,Arthropoda,Insecta,Diptera,Tipulidae,Hexatoma,3
4584,Little Bear,Little Bear Creek,30/04/2025,Arthropoda,Insecta,Plecoptera,Perlodidae,Isoperla,5
4585,Little Bear,Little Bear Creek,30/04/2025,Arthropoda,Insecta,Diptera,Chironomidae,,35
4586,Little Bear,Little Bear Creek,30/04/2025,Arthropoda,Insecta,Ephemeroptera,Heptageniidae,Leucrocuta,2
4587,Little Bear,Little Bear Creek,30/04/2025,Arthropoda,Insecta,Ephemeroptera,Ephemerellidae,Ephemerella,12
4588,Little Bear,Little Bear Creek,30/04/2025,NA,NA,NA,NA,Leptophlebiidae,13
4589,Little Bear,Little Bear Creek,30/04/2025,Arthropoda,Insecta,Trichoptera,Lepidostomatidae,Lepidostoma,1
4590,Little Bear,Little Bear Creek,30/04/2025,Arthropoda,Insecta,Coleoptera,Dryopidae,Helichus,1
4591,Little Bear,Little Bear Creek,30/04/2025,Annelida,Oligochaeta,,,,1
4592,Little Bear,Little Bear Creek,30/04/2025,Arthropoda,Insecta,Coleoptera,Elmidae,Oulimnius,28
4593,Little Bear,Little Bear Creek,30/04/2025,Arthropoda,Insecta,Trichoptera,Brachycentridae,Micrasema,1
4594,Little Bear,Little Bear Creek,30/04/2025,Arthropoda,Insecta,Trichoptera,Uenoidae,Neophylax,1
4595,Little Bear,Little Bear Creek,30/04/2025,Arthropoda,Insecta,Ephemeroptera,Heptageniidae,Epeorus,13
4596,Little Bear,Little Bear Creek,30/04/2025,Arthropoda,Insecta,Ephemeroptera,Heptageniidae,Maccaffertium,2
4597,Little Bear,Little Bear Creek,30/04/2025,Arthropoda,Insecta,Plecoptera,Nemouridae,Amphinemura,3
4598,Little Bear,Little Bear Creek,30/04/2025,Arthropoda,Insecta,Plecoptera,Chloroperlidae,Sweltsa,1
4599,Little Bear,Little Bear Creek,30/04/2025,Arthropoda,Insecta,Trichoptera,Hydropsychidae,Cheumatopsyche,6
4600,Little Bear,Little Bear Creek,30/04/2025,Arthropoda,Insecta,Diptera,Empididae,Neoplasta,1
4601,Little Bear,Little Bear Creek,30/04/2025,Arthropoda,Insecta,Ephemeroptera,Baetidae,Acentrella,1
4602,Little Bear,Little Bear Creek,30/04/2025,Arthropoda,Insecta,Plecoptera,Perlidae,Acroneuria,3
4603,Little Bear,Little Bear Creek,30/04/2025,Arthropoda,Insecta,Diptera,Tipulidae,Antocha,3
4604,Little Bear,Little Bear Creek,30/04/2025,Arthropoda,Insecta,Ephemeroptera,Baetidae,Baetis,6
4605,Little Bear,Little Bear Creek,30/04/2025,Arthropoda,Insecta,Diptera,Ceratopogonidae,,1
4606,Little Bear,Little Bear Creek,30/04/2025,Arthropoda,Insecta,Trichoptera,Rhyacophilidae,Rhyacophila,1
4607,Little Bear,Little Bear Creek,30/04/2025,Arthropoda,Insecta,Ephemeroptera,Ephemerellidae,Drunella,20
4608,Little Bear,Little Bear Creek,30/04/2025,Arthropoda,Insecta,Trichoptera,Philopotamidae,Dolophilodes,2
4609,Little Bear,Little Bear Creek,30/04/2025,Arthropoda,Insecta,Trichoptera,Hydropsychidae,Diplectrona,3
4610,Little Bear,Little Bear Creek,30/04/2025,Arthropoda,Insecta,Ephemeroptera,Baetidae,Diphetor,2
4611,Little Bear,Little Bear Creek,30/04/2025,Arthropoda,Insecta,Diptera,Tipulidae,Dicranota,1
4612,Little Bear,Little Bear Creek,30/04/2025,Arthropoda,Insecta,Ephemeroptera,Heptageniidae,Cinygmula,4
4613,Little Bear,Little Bear Creek,30/04/2025,NA,NA,NA,NA,Chloroperlidae,1
4614,Little Bear,Little Bear Creek,30/04/2025,Arthropoda,Insecta,Diptera,Chironomidae,,56
4615,Little Bear,Little Bear Creek,30/04/2025,Arthropoda,Insecta,Diptera,Ceratopogonidae,,1
4616,Little Bear,Little Bear Creek,30/04/2025,Arthropoda,Insecta,Ephemeroptera,Baetidae,Baetis,4
4617,Little Bear,Little Bear Creek,30/04/2025,Arthropoda,Insecta,Diptera,Tipulidae,Antocha,4
4618,Little Bear,Little Bear Creek,30/04/2025,Arthropoda,Insecta,Ephemeroptera,Heptageniidae,Epeorus,10
4619,Little Bear,Little Bear Creek,30/04/2025,Arthropoda,Insecta,Plecoptera,Perlidae,Acroneuria,3
4620,Little Bear,Little Bear Creek,30/04/2025,Arthropoda,Insecta,Trichoptera,Brachycentridae,Micrasema,2
4621,Little Bear,Little Bear Creek,30/04/2025,Arthropoda,Insecta,Plecoptera,Nemouridae,Amphinemura,2
4622,Little Bear,Little Bear Creek,30/04/2025,Arthropoda,Insecta,Ephemeroptera,Ephemerellidae,Ephemerella,4
4623,Little Bear,Little Bear Creek,30/04/2025,Arthropoda,Insecta,Trichoptera,Hydropsychidae,Hydropsyche,2
4624,Little Bear,Little Bear Creek,30/04/2025,Arthropoda,Insecta,Plecoptera,Perlodidae,Isoperla,6
4625,Little Bear,Little Bear Creek,30/04/2025,NA,NA,NA,NA,Leptophlebiidae,5
4626,Little Bear,Little Bear Creek,30/04/2025,Arthropoda,Insecta,Ephemeroptera,Heptageniidae,Leucrocuta,2
4627,Little Bear,Little Bear Creek,30/04/2025,Arthropoda,Arachnida,Hydracarina,,,1
4628,Little Bear,Little Bear Creek,30/04/2025,Arthropoda,Insecta,Ephemeroptera,Heptageniidae,Maccaffertium,2
4629,Little Bear,Little Bear Creek,30/04/2025,Arthropoda,Insecta,Trichoptera,Uenoidae,Neophylax,2
4630,Little Bear,Little Bear Creek,30/04/2025,Arthropoda,Insecta,Coleoptera,Elmidae,Optioservus,3
4631,Little Bear,Little Bear Creek,30/04/2025,Arthropoda,Insecta,Plecoptera,Pteronarcyidae,Pteronarcys,1
4632,Little Bear,Little Bear Creek,30/04/2025,NA,NA,NA,NA,Stygonectes,1
4633,Little Bear,Little Bear Creek,30/04/2025,Arthropoda,Insecta,Ephemeroptera,Ephemerellidae,Teloganopsis,1
4634,Little Bear,Little Bear Creek,30/04/2025,Arthropoda,Insecta,Ephemeroptera,Baetidae,Acentrella,16
4635,Little Bear,Little Bear Creek,30/04/2025,NA,NA,NA,NA,Promoresia,2
4636,Little Bear,Little Bear Creek,30/04/2025,Arthropoda,Insecta,Plecoptera,Leuctridae,Leuctra,9
4637,Little Bear,Little Bear Creek,30/04/2025,Arthropoda,Insecta,Coleoptera,Elmidae,Oulimnius,28
4638,Little Bear,Little Bear Creek,30/04/2025,Arthropoda,Insecta,Trichoptera,Glossosomatidae,Agapetus,1
4639,Little Bear,Little Bear Creek,30/04/2025,Arthropoda,Insecta,Plecoptera,Nemouridae,Amphinemura,3
4640,Little Bear,Little Bear Creek,30/04/2025,Arthropoda,Insecta,Diptera,Tipulidae,Antocha,3
4641,Little Bear,Little Bear Creek,30/04/2025,Arthropoda,Insecta,Ephemeroptera,Baetidae,Baetis,10
4642,Little Bear,Little Bear Creek,30/04/2025,Arthropoda,Insecta,Diptera,Chironomidae,,45
4643,Little Bear,Little Bear Creek,30/04/2025,NA,NA,NA,NA,Chloroperlidae,2
4644,Little Bear,Little Bear Creek,30/04/2025,Arthropoda,Insecta,Ephemeroptera,Heptageniidae,Cinygmula,16
4645,Little Bear,Little Bear Creek,30/04/2025,Arthropoda,Insecta,Diptera,Tipulidae,Dicranota,1
4646,Little Bear,Little Bear Creek,30/04/2025,Arthropoda,Insecta,Ephemeroptera,Baetidae,Diphetor,1
4647,Little Bear,Little Bear Creek,30/04/2025,Arthropoda,Insecta,Trichoptera,Hydropsychidae,Diplectrona,8
4648,Little Bear,Little Bear Creek,30/04/2025,Arthropoda,Insecta,Trichoptera,Philopotamidae,Dolophilodes,1
4649,Little Bear,Little Bear Creek,30/04/2025,Arthropoda,Insecta,Ephemeroptera,Ephemerellidae,Drunella,15
4650,Little Bear,Little Bear Creek,30/04/2025,Arthropoda,Insecta,Ephemeroptera,Heptageniidae,Epeorus,18
4651,Little Bear,Little Bear Creek,30/04/2025,Arthropoda,Insecta,Ephemeroptera,Ephemerellidae,Ephemerella,12
4652,Little Bear,Little Bear Creek,30/04/2025,Arthropoda,Insecta,Diptera,Tipulidae,Hexatoma,2
4653,Little Bear,Little Bear Creek,30/04/2025,Arthropoda,Insecta,Trichoptera,Hydropsychidae,Hydropsyche,5
4654,Little Bear,Little Bear Creek,30/04/2025,Arthropoda,Insecta,Plecoptera,Perlodidae,Isoperla,9
4655,Little Bear,Little Bear Creek,30/04/2025,Arthropoda,Insecta,Ephemeroptera,Heptageniidae,Leucrocuta,1
4656,Little Bear,Little Bear Creek,30/04/2025,Arthropoda,Insecta,Plecoptera,Leuctridae,Leuctra,24
4657,Little Bear,Little Bear Creek,30/04/2025,Arthropoda,Insecta,Ephemeroptera,Heptageniidae,Maccaffertium,4
4658,Little Bear,Little Bear Creek,30/04/2025,Arthropoda,Insecta,Ephemeroptera,Leptophlebiidae,Paraleptophlebia,4
4659,Little Bear,Little Bear Creek,30/04/2025,Annelida,Oligochaeta,,,,2
4660,Little Bear,Little Bear Creek,30/04/2025,NA,NA,NA,NA,Promoresia,1
4661,Little Bear,Little Bear Creek,30/04/2025,Arthropoda,Insecta,Coleoptera,Elmidae,Optioservus,1
4662,Little Bear,Little Bear Creek,30/04/2025,Arthropoda,Insecta,Coleoptera,Elmidae,Oulimnius,28
4663,Little Bear,Little Bear Creek,30/04/2025,Arthropoda,Insecta,Plecoptera,Perlidae,Paragnetina,1
4664,Little Bear,Little Bear Creek,30/04/2025,Arthropoda,Insecta,Trichoptera,Polycentropodidae,Polycentropus,1
4665,Little Bear,Little Bear Creek,30/04/2025,Arthropoda,Insecta,Diptera,Simuliidae,Prosimulium,1
4666,Little Bear,Little Bear Creek,30/04/2025,Arthropoda,Insecta,Trichoptera,Rhyacophilidae,Rhyacophila,2
4667,Little Bear,Little Bear Creek,30/04/2025,Arthropoda,Insecta,Plecoptera,Chloroperlidae,Sweltsa,1
4668,LCHQ 7.6,Little Chiques Creek,29/04/2025,NA,NA,NA,NA,Promoresia,2
4669,LCHQ 7.6,Little Chiques Creek,29/04/2025,Arthropoda,Insecta,Plecoptera,Perlodidae,Isoperla,1
4670,LCHQ 7.6,Little Chiques Creek,29/04/2025,Arthropoda,Insecta,Ephemeroptera,Heptageniidae,Leucrocuta,1
4671,LCHQ 7.6,Little Chiques Creek,29/04/2025,Arthropoda,Insecta,Plecoptera,Leuctridae,Leuctra,1
4672,LCHQ 7.6,Little Chiques Creek,29/04/2025,Arthropoda,Insecta,Ephemeroptera,Heptageniidae,Maccaffertium,7
4673,LCHQ 7.6,Little Chiques Creek,29/04/2025,Arthropoda,Insecta,Trichoptera,Hydropsychidae,Hydropsyche,1
4674,LCHQ 7.6,Little Chiques Creek,29/04/2025,Arthropoda,Insecta,Coleoptera,Elmidae,Optioservus,6
4675,LCHQ 7.6,Little Chiques Creek,29/04/2025,Arthropoda,Insecta,Coleoptera,Elmidae,Oulimnius,2
4676,LCHQ 7.6,Little Chiques Creek,29/04/2025,Arthropoda,Insecta,Plecoptera,Perlidae,Perlesta,25
4677,LCHQ 7.6,Little Chiques Creek,29/04/2025,Arthropoda,Insecta,Diptera,Empididae,Hemerodromia,7
4678,LCHQ 7.6,Little Chiques Creek,29/04/2025,Mollusca,Gastropoda,Basommatophora,Planorbidae,Ferrissia,1
4679,LCHQ 7.6,Little Chiques Creek,29/04/2025,Annelida,Oligochaeta,,,,3
4680,LCHQ 7.6,Little Chiques Creek,29/04/2025,Arthropoda,Insecta,Ephemeroptera,Ephemerellidae,Drunella,6
4681,LCHQ 7.6,Little Chiques Creek,29/04/2025,Arthropoda,Insecta,Plecoptera,Nemouridae,Amphinemura,7
4682,LCHQ 7.6,Little Chiques Creek,29/04/2025,Arthropoda,Insecta,Coleoptera,Dryopidae,Helichus,1
4683,LCHQ 7.6,Little Chiques Creek,29/04/2025,Arthropoda,Insecta,Ephemeroptera,Ephemerellidae,Ephemerella,76
4684,LCHQ 7.6,Little Chiques Creek,29/04/2025,Arthropoda,Malacostraca,Amphipoda,Crangonyctidae,Crangonyx,1
4685,LCHQ 7.6,Little Chiques Creek,29/04/2025,Arthropoda,Insecta,Megaloptera,Corydalidae,Corydalus,2
4686,LCHQ 7.6,Little Chiques Creek,29/04/2025,Arthropoda,Insecta,Diptera,Chironomidae,,12
4687,LCHQ 7.6,Little Chiques Creek,29/04/2025,Arthropoda,Arachnida,Hydracarina,,,5
4688,LCHQ 7.6,Little Chiques Creek,29/04/2025,Arthropoda,Insecta,Diptera,Tipulidae,Antocha,1
4689,LCHQ 7.6,Little Chiques Creek,29/04/2025,Arthropoda,Insecta,Trichoptera,Hydroptilidae,Hydroptila,1
4690,LCHQ 7.6,Little Chiques Creek,29/04/2025,Arthropoda,Insecta,Ephemeroptera,Baetidae,Plauditus,1
4691,LCHQ 7.6,Little Chiques Creek,29/04/2025,Arthropoda,Insecta,Trichoptera,Glossosomatidae,Protoptila,1
4692,LCHQ 7.6,Little Chiques Creek,29/04/2025,Arthropoda,Insecta,Ephemeroptera,Ephemerellidae,Teloganopsis,14
4693,LCHQ 7.6,Little Chiques Creek,29/04/2025,Arthropoda,Insecta,Coleoptera,Elmidae,Stenelmis,1
4694,LCHQ 7.6,Little Chiques Creek,29/04/2025,Arthropoda,Insecta,Diptera,Simuliidae,Simulium,6
4695,LCHQ 7.6,Little Chiques Creek,29/04/2025,Arthropoda,Insecta,Ephemeroptera,Baetidae,Acentrella,3
4696,LCHQ 7.6,Little Chiques Creek,29/04/2025,Arthropoda,Insecta,Trichoptera,Hydropsychidae,Cheumatopsyche,3
4697,LCHQ 7.6,Little Chiques Creek,29/04/2025,Arthropoda,Insecta,Ephemeroptera,Isonychiidae,Isonychia,13
4698,LCHQ 7.6,Little Chiques Creek,29/04/2025,Arthropoda,Insecta,Coleoptera,Psephenidae,Psephenus,3
4699,LCHQ 7.6,Little Chiques Creek,29/04/2025,Arthropoda,Insecta,Ephemeroptera,Heptageniidae,Maccaffertium,2
4700,LCHQ 7.6,Little Chiques Creek,29/04/2025,Arthropoda,Insecta,Diptera,Tipulidae,Antocha,1
4701,LCHQ 7.6,Little Chiques Creek,29/04/2025,Arthropoda,Insecta,Ephemeroptera,Baetidae,Baetis,21
4702,LCHQ 7.6,Little Chiques Creek,29/04/2025,Arthropoda,Insecta,Trichoptera,Hydropsychidae,Cheumatopsyche,10
4703,LCHQ 7.6,Little Chiques Creek,29/04/2025,Arthropoda,Insecta,Diptera,Chironomidae,,109
4704,LCHQ 7.6,Little Chiques Creek,29/04/2025,Arthropoda,Insecta,Ephemeroptera,Baetidae,Diphetor,2
4705,LCHQ 7.6,Little Chiques Creek,29/04/2025,Arthropoda,Insecta,Ephemeroptera,Ephemerellidae,Ephemerella,1
4706,LCHQ 7.6,Little Chiques Creek,29/04/2025,Arthropoda,Insecta,Diptera,Empididae,Hemerodromia,8
4707,LCHQ 7.6,Little Chiques Creek,29/04/2025,Arthropoda,Insecta,Trichoptera,Hydropsychidae,Hydropsyche,3
4708,LCHQ 7.6,Little Chiques Creek,29/04/2025,Arthropoda,Arachnida,Hydracarina,,,4
4709,LCHQ 7.6,Little Chiques Creek,29/04/2025,Arthropoda,Insecta,Ephemeroptera,Heptageniidae,Leucrocuta,1
4710,LCHQ 7.6,Little Chiques Creek,29/04/2025,Annelida,Oligochaeta,,,,7
4711,LCHQ 7.6,Little Chiques Creek,29/04/2025,Arthropoda,Insecta,Coleoptera,Elmidae,Optioservus,11
4712,LCHQ 7.6,Little Chiques Creek,29/04/2025,Arthropoda,Insecta,Plecoptera,Perlidae,Perlesta,4
4713,LCHQ 7.6,Little Chiques Creek,29/04/2025,Arthropoda,Insecta,Ephemeroptera,Baetidae,Plauditus,2
4714,LCHQ 7.6,Little Chiques Creek,29/04/2025,Nemertea,Enopla,Hoplonemertea,Tetrastemmatidae,Prostoma,1
4715,LCHQ 7.6,Little Chiques Creek,29/04/2025,Arthropoda,Insecta,Coleoptera,Psephenidae,Psephenus,1
4716,LCHQ 7.6,Little Chiques Creek,29/04/2025,Arthropoda,Insecta,Coleoptera,Elmidae,Stenelmis,7
4717,LCHQ 7.6,Little Chiques Creek,29/04/2025,Arthropoda,Insecta,Plecoptera,Taeniopterygidae,Taeniopteryx,3
4718,LCHQ 7.6,Little Chiques Creek,29/04/2025,Arthropoda,Insecta,Ephemeroptera,Ephemerellidae,Teloganopsis,7
4719,LCHQ 7.6,Little Chiques Creek,29/04/2025,Arthropoda,Insecta,Trichoptera,Hydroptilidae,Hydroptila,2
4720,LCHQ 7.6,Little Chiques Creek,29/04/2025,Arthropoda,Insecta,Ephemeroptera,Baetidae,Acerpenna,4
4721,LCHQ 7.6,Little Chiques Creek,29/04/2025,Arthropoda,Insecta,Plecoptera,Nemouridae,Amphinemura,1
4722,LCHQ 7.6,Little Chiques Creek,29/04/2025,Arthropoda,Malacostraca,Isopoda,Asellidae,Caecidotea,2
4723,LCHQ 7.6,Little Chiques Creek,29/04/2025,Arthropoda,Insecta,Ephemeroptera,Caenidae,Caenis,12
4724,LCHQ 7.6,Little Chiques Creek,29/04/2025,Arthropoda,Insecta,Diptera,Ceratopogonidae,,1
4725,LCHQ 7.6,Little Chiques Creek,29/04/2025,Arthropoda,Insecta,Trichoptera,Hydropsychidae,Cheumatopsyche,1
4726,LCHQ 7.6,Little Chiques Creek,29/04/2025,Arthropoda,Insecta,Diptera,Chironomidae,,66
4727,LCHQ 7.6,Little Chiques Creek,29/04/2025,Arthropoda,Insecta,Ephemeroptera,Baetidae,Diphetor,1
4728,LCHQ 7.6,Little Chiques Creek,29/04/2025,NA,NA,NA,NA,Elmidae,1
4729,LCHQ 7.6,Little Chiques Creek,29/04/2025,Arthropoda,Insecta,Ephemeroptera,Ephemeridae,Ephemera,2
4730,LCHQ 7.6,Little Chiques Creek,29/04/2025,Arthropoda,Insecta,Ephemeroptera,Ephemerellidae,Ephemerella,1
4731,LCHQ 7.6,Little Chiques Creek,29/04/2025,Arthropoda,Malacostraca,Amphipoda,Gammaridae,Gammarus,4
4732,LCHQ 7.6,Little Chiques Creek,29/04/2025,Arthropoda,Insecta,Diptera,Empididae,Hemerodromia,4
4733,LCHQ 7.6,Little Chiques Creek,29/04/2025,Arthropoda,Insecta,Trichoptera,Hydropsychidae,Hydropsyche,1
4734,LCHQ 7.6,Little Chiques Creek,29/04/2025,Arthropoda,Insecta,Ephemeroptera,Isonychiidae,Isonychia,1
4735,LCHQ 7.6,Little Chiques Creek,29/04/2025,Arthropoda,Insecta,Ephemeroptera,Heptageniidae,Leucrocuta,1
4736,LCHQ 7.6,Little Chiques Creek,29/04/2025,Arthropoda,Insecta,Ephemeroptera,Heptageniidae,Maccaffertium,5
4737,LCHQ 7.6,Little Chiques Creek,29/04/2025,Arthropoda,Insecta,Coleoptera,Elmidae,Macronychus,1
4738,LCHQ 7.6,Little Chiques Creek,29/04/2025,NA,NA,NA,NA,Nematoda,3
4739,LCHQ 7.6,Little Chiques Creek,29/04/2025,Annelida,Oligochaeta,,,,50
4740,LCHQ 7.6,Little Chiques Creek,29/04/2025,Arthropoda,Insecta,Coleoptera,Elmidae,Optioservus,3
4741,LCHQ 7.6,Little Chiques Creek,29/04/2025,Arthropoda,Insecta,Plecoptera,Perlidae,Perlesta,2
4742,LCHQ 7.6,Little Chiques Creek,29/04/2025,Arthropoda,Insecta,Ephemeroptera,Baetidae,Plauditus,6
4743,LCHQ 7.6,Little Chiques Creek,29/04/2025,Arthropoda,Insecta,Coleoptera,Psephenidae,Psephenus,6
4744,LCHQ 7.6,Little Chiques Creek,29/04/2025,Arthropoda,Insecta,Diptera,Simuliidae,Simulium,2
4745,LCHQ 7.6,Little Chiques Creek,29/04/2025,Arthropoda,Insecta,Ephemeroptera,Heptageniidae,Stenacron,2
4746,LCHQ 7.6,Little Chiques Creek,29/04/2025,Arthropoda,Insecta,Coleoptera,Elmidae,Stenelmis,31
4747,LCHQ 7.6,Little Chiques Creek,29/04/2025,Arthropoda,Insecta,Ephemeroptera,Heptageniidae,Stenonema,3
4748,LCHQ 7.6,Little Chiques Creek,29/04/2025,Arthropoda,Insecta,Ephemeroptera,Ephemerellidae,Teloganopsis,2
4749,LCHQ 7.6,Little Chiques Creek,29/04/2025,Platyhelminthes,Turbellaria,,,,1
4750,LCHQ 7.6,Little Chiques Creek,29/04/2025,Arthropoda,Arachnida,Hydracarina,,,1
4751,LCHQ 7.6,Little Chiques Creek,29/04/2025,Arthropoda,Insecta,Trichoptera,Hydropsychidae,Hydropsyche,1
4752,LCHQ 7.6,Little Chiques Creek,29/04/2025,NA,NA,NA,NA,Nematoda,2
4753,LCHQ 7.6,Little Chiques Creek,29/04/2025,Arthropoda,Insecta,Coleoptera,Elmidae,Optioservus,1
4754,LCHQ 7.6,Little Chiques Creek,29/04/2025,Arthropoda,Insecta,Diptera,Simuliidae,Simulium,2
4755,LCHQ 7.6,Little Chiques Creek,29/04/2025,Arthropoda,Insecta,Diptera,Empididae,Neoplasta,1
4756,LCHQ 7.6,Little Chiques Creek,29/04/2025,Arthropoda,Insecta,Diptera,Empididae,Hemerodromia,1
4757,LCHQ 7.6,Little Chiques Creek,29/04/2025,Arthropoda,Malacostraca,Amphipoda,Gammaridae,Gammarus,2
4758,LCHQ 7.6,Little Chiques Creek,29/04/2025,Arthropoda,Insecta,Diptera,Chironomidae,,141
4759,LCHQ 7.6,Little Chiques Creek,29/04/2025,Annelida,Oligochaeta,,,,18
4760,LCHQ 7.6,Little Chiques Creek,29/04/2025,NA,NA,NA,NA,Hirudinea,1
4761,LCHQ 7.6,Little Chiques Creek,29/04/2025,Arthropoda,Insecta,Ephemeroptera,Baetidae,Baetis,1
4762,LCHQ 7.6,Little Chiques Creek,29/04/2025,Arthropoda,Insecta,Trichoptera,Hydropsychidae,Cheumatopsyche,3
4763,LCHQ 7.6,Little Chiques Creek,29/04/2025,Arthropoda,Insecta,Ephemeroptera,Heptageniidae,Maccaffertium,2
4764,LCHQ 7.6,Little Chiques Creek,29/04/2025,Arthropoda,Insecta,Ephemeroptera,Ephemerellidae,Ephemerella,2
4765,LCHQ 7.6,Little Chiques Creek,29/04/2025,Arthropoda,Insecta,Coleoptera,Elmidae,Dubiraphia,1
4766,LCHQ 7.6,Little Chiques Creek,29/04/2025,Arthropoda,Insecta,Ephemeroptera,Baetidae,Diphetor,1
4767,LCHQ 7.6,Little Chiques Creek,29/04/2025,Mollusca,Bivalvia,Sphaeriida,Sphaeriidae,,1
4768,LCHQ 7.6,Little Chiques Creek,29/04/2025,Arthropoda,Insecta,Coleoptera,Elmidae,Stenelmis,23
4769,LCHQ 7.6,Little Chiques Creek,29/04/2025,NA,NA,NA,NA,Nemertea,1
4770,LCHQ 7.6,Little Chiques Creek,29/04/2025,Arthropoda,Insecta,Coleoptera,Elmidae,Stenelmis,12
4771,LCHQ 7.6,Little Chiques Creek,29/04/2025,NA,NA,NA,NA,Nemertea,1
4772,LCHQ 7.6,Little Chiques Creek,29/04/2025,Arthropoda,Insecta,Plecoptera,Perlidae,Perlesta,2
4773,LCHQ 7.6,Little Chiques Creek,29/04/2025,Arthropoda,Insecta,Diptera,Empididae,Neoplasta,2
4774,LCHQ 7.6,Little Chiques Creek,29/04/2025,Annelida,Oligochaeta,,,,70
4775,LCHQ 7.6,Little Chiques Creek,29/04/2025,Arthropoda,Malacostraca,Amphipoda,Gammaridae,Gammarus,1
4776,LCHQ 7.6,Little Chiques Creek,29/04/2025,Arthropoda,Insecta,Diptera,Chironomidae,,101
4777,LCHQ 7.6,Little Chiques Creek,29/04/2025,Arthropoda,Insecta,Ephemeroptera,Leptophlebiidae,Habrophlebiodes,1
4778,LCHQ 7.6,Little Chiques Creek,29/04/2025,Arthropoda,Insecta,Diptera,Empididae,Hemerodromia,2
4779,LCHQ 7.6,Little Chiques Creek,29/04/2025,Arthropoda,Arachnida,Hydracarina,,,1
4780,LCHQ 7.6,Little Chiques Creek,29/04/2025,Arthropoda,Insecta,Ephemeroptera,Heptageniidae,Maccaffertium,2
4781,LCHQ 7.6,Little Chiques Creek,29/04/2025,NA,NA,NA,NA,Nematoda,9
4782,LCHQ 7.6,Little Chiques Creek,29/04/2025,Arthropoda,Insecta,Ephemeroptera,Baetidae,Acerpenna,1
4783,LMEHOOP,Little Mehoopany Creek,10/04/2018,Arthropoda,Insecta,Plecoptera,Perlidae,Acroneuria,19
4784,LMEHOOP,Little Mehoopany Creek,10/04/2018,Arthropoda,Insecta,Odonata,Aeshnidae,Boyeria,2
4785,LMEHOOP,Little Mehoopany Creek,10/04/2018,Arthropoda,Insecta,Trichoptera,Hydropsychidae,Cheumatopsyche,13
4786,LMEHOOP,Little Mehoopany Creek,10/04/2018,Arthropoda,Insecta,Trichoptera,Philopotamidae,Chimarra,1
4787,LMEHOOP,Little Mehoopany Creek,10/04/2018,Arthropoda,Insecta,Diptera,Chironomidae,,2
4788,LMEHOOP,Little Mehoopany Creek,10/04/2018,Arthropoda,Insecta,Ephemeroptera,Heptageniidae,Epeorus,1
4789,LMEHOOP,Little Mehoopany Creek,10/04/2018,Arthropoda,Insecta,Ephemeroptera,Ephemerellidae,Ephemerella,58
4790,LMEHOOP,Little Mehoopany Creek,10/04/2018,Arthropoda,Insecta,Ephemeroptera,Ephemerellidae,Eurylophella,9
4791,LMEHOOP,Little Mehoopany Creek,10/04/2018,Arthropoda,Insecta,Trichoptera,Hydropsychidae,Hydropsyche,24
4792,LMEHOOP,Little Mehoopany Creek,10/04/2018,NA,NA,NA,NA,Leptophlebiidae,1
4793,LMEHOOP,Little Mehoopany Creek,10/04/2018,Arthropoda,Insecta,Ephemeroptera,Heptageniidae,Leucrocuta,1
4794,LMEHOOP,Little Mehoopany Creek,10/04/2018,Arthropoda,Insecta,Plecoptera,Leuctridae,Leuctra,7
4795,LMEHOOP,Little Mehoopany Creek,10/04/2018,Annelida,Oligochaeta,,,,8
4796,LMEHOOP,Little Mehoopany Creek,10/04/2018,Arthropoda,Insecta,Ephemeroptera,Heptageniidae,Maccaffertium,32
4797,LMEHOOP,Little Mehoopany Creek,10/04/2018,Arthropoda,Insecta,Plecoptera,Perlidae,Paragnetina,1
4798,LMEHOOP,Little Mehoopany Creek,10/04/2018,Arthropoda,Insecta,Ephemeroptera,Leptophlebiidae,Paraleptophlebia,1
4799,LMEHOOP,Little Mehoopany Creek,10/04/2018,Arthropoda,Insecta,Trichoptera,Rhyacophilidae,Rhyacophila,1
4800,LMEHOOP,Little Mehoopany Creek,10/04/2018,Arthropoda,Insecta,Plecoptera,Taeniopterygidae,Taeniopteryx,40
4801,LMEHOOP,Little Mehoopany Creek,10/04/2018,Arthropoda,Insecta,Ephemeroptera,Baetidae,Acentrella,1
4802,LMEHOOP,Little Mehoopany Creek,10/04/2018,Arthropoda,Insecta,Ephemeroptera,Baetidae,Baetis,7
4803,LMEHOOP,Little Mehoopany Creek,10/04/2018,Arthropoda,Insecta,Ephemeroptera,Ephemerellidae,Ephemerella,3
4804,LMEHOOP,Little Mehoopany Creek,10/04/2018,Arthropoda,Insecta,Ephemeroptera,Ephemerellidae,Eurylophella,3
4805,LMEHOOP,Little Mehoopany Creek,10/04/2018,Arthropoda,Insecta,Ephemeroptera,Heptageniidae,Maccaffertium,45
4806,LMEHOOP,Little Mehoopany Creek,10/04/2018,Arthropoda,Insecta,Plecoptera,Perlidae,Acroneuria,4
4807,LMEHOOP,Little Mehoopany Creek,10/04/2018,Arthropoda,Insecta,Trichoptera,Hydropsychidae,Ceratopsyche,57
4808,LMEHOOP,Little Mehoopany Creek,10/04/2018,Arthropoda,Insecta,Trichoptera,Hydropsychidae,Cheumatopsyche,20
4809,LMEHOOP,Little Mehoopany Creek,10/04/2018,Arthropoda,Insecta,Trichoptera,Hydropsychidae,Hydropsyche,4
4810,LMEHOOP,Little Mehoopany Creek,10/04/2018,Arthropoda,Insecta,Trichoptera,Philopotamidae,Chimarra,16
4811,LMEHOOP,Little Mehoopany Creek,10/04/2018,Arthropoda,Insecta,Trichoptera,Psychomyiidae,Psychomyia,4
4812,LMEHOOP,Little Mehoopany Creek,10/04/2018,Arthropoda,Insecta,Trichoptera,Rhyacophilidae,Rhyacophila,1
4813,LMEHOOP,Little Mehoopany Creek,10/04/2018,Arthropoda,Insecta,Odonata,Aeshnidae,Boyeria,1
4814,LMEHOOP,Little Mehoopany Creek,10/04/2018,Arthropoda,Insecta,Megaloptera,Corydalidae,Corydalus,1
4815,LMEHOOP,Little Mehoopany Creek,10/04/2018,Arthropoda,Insecta,Coleoptera,Elmidae,Optioservus,2
4816,LMEHOOP,Little Mehoopany Creek,10/04/2018,Arthropoda,Insecta,Coleoptera,Psephenidae,Psephenus,8
4817,LMEHOOP,Little Mehoopany Creek,10/04/2018,Arthropoda,Insecta,Diptera,Chironomidae,,19
4818,LMEHOOP,Little Mehoopany Creek,10/04/2018,Arthropoda,Insecta,Diptera,Empididae,Hemerodromia,1
4819,LMEHOOP,Little Mehoopany Creek,10/04/2018,Arthropoda,Insecta,Diptera,Tipulidae,Antocha,3
4820,LMEHOOP,Little Mehoopany Creek,10/04/2018,Arthropoda,Insecta,Diptera,Tipulidae,Hexatoma,2
4821,LMEHOOP,Little Mehoopany Creek,10/04/2018,NA,NA,NA,NA,Nemertea,1
4822,LMEHOOP,Little Mehoopany Creek,10/04/2018,NA,NA,NA,NA,Physidae,1
4823,LMEHOOP,Little Mehoopany Creek,10/04/2018,Annelida,Oligochaeta,,,,3
4824,LMEHOOP,Little Mehoopany Creek,10/04/2018,Arthropoda,Arachnida,Hydracarina,,,4
4825,LMEHOOP,Little Mehoopany Creek,10/04/2018,Arthropoda,Insecta,Ephemeroptera,Baetidae,Baetis,2
4826,LMEHOOP,Little Mehoopany Creek,10/04/2018,Arthropoda,Insecta,Ephemeroptera,Ephemerellidae,Ephemerella,12
4827,LMEHOOP,Little Mehoopany Creek,10/04/2018,Arthropoda,Insecta,Ephemeroptera,Ephemerellidae,Eurylophella,11
4828,LMEHOOP,Little Mehoopany Creek,10/04/2018,Arthropoda,Insecta,Ephemeroptera,Heptageniidae,Maccaffertium,31
4829,LMEHOOP,Little Mehoopany Creek,10/04/2018,Arthropoda,Insecta,Plecoptera,Capniidae,Allocapnia,2
4830,LMEHOOP,Little Mehoopany Creek,10/04/2018,Arthropoda,Insecta,Plecoptera,Perlidae,Acroneuria,2
4831,LMEHOOP,Little Mehoopany Creek,10/04/2018,Arthropoda,Insecta,Plecoptera,Taeniopterygidae,Taeniopteryx,5
4832,LMEHOOP,Little Mehoopany Creek,10/04/2018,Arthropoda,Insecta,Trichoptera,Apataniidae,Apatania,3
4833,LMEHOOP,Little Mehoopany Creek,10/04/2018,Arthropoda,Insecta,Trichoptera,Glossosomatidae,Glossosoma,4
4834,LMEHOOP,Little Mehoopany Creek,10/04/2018,Arthropoda,Insecta,Trichoptera,Hydropsychidae,Ceratopsyche,17
4835,LMEHOOP,Little Mehoopany Creek,10/04/2018,Arthropoda,Insecta,Trichoptera,Hydropsychidae,Cheumatopsyche,71
4836,LMEHOOP,Little Mehoopany Creek,10/04/2018,Arthropoda,Insecta,Trichoptera,Hydropsychidae,Hydropsyche,2
4837,LMEHOOP,Little Mehoopany Creek,10/04/2018,Arthropoda,Insecta,Trichoptera,Philopotamidae,Chimarra,8
4838,LMEHOOP,Little Mehoopany Creek,10/04/2018,Arthropoda,Insecta,Coleoptera,Elmidae,Optioservus,6
4839,LMEHOOP,Little Mehoopany Creek,10/04/2018,Arthropoda,Insecta,Coleoptera,Psephenidae,Psephenus,3
4840,LMEHOOP,Little Mehoopany Creek,10/04/2018,Arthropoda,Insecta,Diptera,Chironomidae,,10
4841,LMEHOOP,Little Mehoopany Creek,10/04/2018,Arthropoda,Insecta,Diptera,Tipulidae,Antocha,7
4842,LMEHOOP,Little Mehoopany Creek,10/04/2018,Arthropoda,Insecta,Diptera,Tipulidae,Hexatoma,1
4843,LMEHOOP,Little Mehoopany Creek,10/04/2018,NA,NA,NA,NA,Nemertea,11
4844,LMEHOOP,Little Mehoopany Creek,10/04/2018,NA,NA,NA,NA,Ancylidae,13
4845,LMEHOOP,Little Mehoopany Creek,10/04/2018,NA,NA,NA,NA,Planorbidae,1
4846,LMEHOOP,Little Mehoopany Creek,10/04/2018,Annelida,Oligochaeta,,,,6
4847,LMEHOOP,Little Mehoopany Creek,10/04/2018,Arthropoda,Insecta,Ephemeroptera,Caenidae,Caenis,1
4848,LMEHOOP,Little Mehoopany Creek,10/04/2018,Arthropoda,Insecta,Ephemeroptera,Ephemerellidae,Ephemerella,20
4849,LMEHOOP,Little Mehoopany Creek,10/04/2018,Arthropoda,Insecta,Ephemeroptera,Ephemerellidae,Eurylophella,12
4850,LMEHOOP,Little Mehoopany Creek,10/04/2018,Arthropoda,Insecta,Ephemeroptera,Heptageniidae,Maccaffertium,27
4851,LMEHOOP,Little Mehoopany Creek,10/04/2018,Arthropoda,Insecta,Plecoptera,Capniidae,Allocapnia,6
4852,LMEHOOP,Little Mehoopany Creek,10/04/2018,Arthropoda,Insecta,Plecoptera,Perlidae,Acroneuria,1
4853,LMEHOOP,Little Mehoopany Creek,10/04/2018,Arthropoda,Insecta,Plecoptera,Taeniopterygidae,Taeniopteryx,18
4854,LMEHOOP,Little Mehoopany Creek,10/04/2018,Arthropoda,Insecta,Trichoptera,Apataniidae,Apatania,3
4855,LMEHOOP,Little Mehoopany Creek,10/04/2018,Arthropoda,Insecta,Trichoptera,Glossosomatidae,Glossosoma,2
4856,LMEHOOP,Little Mehoopany Creek,10/04/2018,Arthropoda,Insecta,Trichoptera,Hydropsychidae,Ceratopsyche,6
4857,LMEHOOP,Little Mehoopany Creek,10/04/2018,Arthropoda,Insecta,Trichoptera,Hydropsychidae,Cheumatopsyche,16
4858,LMEHOOP,Little Mehoopany Creek,10/04/2018,Arthropoda,Insecta,Trichoptera,Hydropsychidae,Hydropsyche,1
4859,LMEHOOP,Little Mehoopany Creek,10/04/2018,Arthropoda,Insecta,Ephemeroptera,Baetidae,Baetis,1
4860,LMEHOOP,Little Mehoopany Creek,10/04/2018,NA,NA,NA,NA,Limnephilidae,1
4861,LMEHOOP,Little Mehoopany Creek,10/04/2018,Arthropoda,Insecta,Trichoptera,Philopotamidae,Chimarra,14
4862,LMEHOOP,Little Mehoopany Creek,10/04/2018,Arthropoda,Insecta,Trichoptera,Polycentropodidae,Polycentropus,3
4863,LMEHOOP,Little Mehoopany Creek,10/04/2018,Arthropoda,Insecta,Trichoptera,Uenoidae,Neophylax,3
4864,LMEHOOP,Little Mehoopany Creek,10/04/2018,Arthropoda,Insecta,Megaloptera,Corydalidae,Nigronia,2
4865,LMEHOOP,Little Mehoopany Creek,10/04/2018,Arthropoda,Insecta,Coleoptera,Elmidae,Optioservus,8
4866,LMEHOOP,Little Mehoopany Creek,10/04/2018,Arthropoda,Insecta,Coleoptera,Elmidae,Stenelmis,1
4867,LMEHOOP,Little Mehoopany Creek,10/04/2018,Arthropoda,Insecta,Coleoptera,Psephenidae,Psephenus,6
4868,LMEHOOP,Little Mehoopany Creek,10/04/2018,Arthropoda,Insecta,Diptera,Chironomidae,,26
4869,LMEHOOP,Little Mehoopany Creek,10/04/2018,Arthropoda,Insecta,Diptera,Empididae,Hemerodromia,1
4870,LMEHOOP,Little Mehoopany Creek,10/04/2018,Arthropoda,Insecta,Diptera,Tipulidae,Antocha,1
4871,LMEHOOP,Little Mehoopany Creek,10/04/2018,Arthropoda,Insecta,Diptera,Tipulidae,Tipula,1
4872,LMEHOOP,Little Mehoopany Creek,10/04/2018,NA,NA,NA,NA,Nemertea,6
4873,LMEHOOP,Little Mehoopany Creek,10/04/2018,NA,NA,NA,NA,Ancylidae,11
4874,LMEHOOP,Little Mehoopany Creek,10/04/2018,Annelida,Oligochaeta,,,,5
4875,LMEHOOP,Little Mehoopany Creek,10/04/2018,Arthropoda,Arachnida,Hydracarina,,,1
4876,LMEHOOP,Little Mehoopany Creek,10/04/2018,NA,NA,NA,NA,Hydracarina,6
4877,LMEHOOP,Little Mehoopany Creek,10/04/2018,Arthropoda,Insecta,Ephemeroptera,Ephemerellidae,Ephemerella,8
4878,LMEHOOP,Little Mehoopany Creek,10/04/2018,Arthropoda,Insecta,Ephemeroptera,Ephemerellidae,Eurylophella,30
4879,LMEHOOP,Little Mehoopany Creek,10/04/2018,Arthropoda,Insecta,Ephemeroptera,Ephemerellidae,Serratella,2
4880,LMEHOOP,Little Mehoopany Creek,10/04/2018,Arthropoda,Insecta,Ephemeroptera,Heptageniidae,Maccaffertium,39
4881,LMEHOOP,Little Mehoopany Creek,10/04/2018,Arthropoda,Insecta,Plecoptera,Perlidae,Acroneuria,4
4882,LMEHOOP,Little Mehoopany Creek,10/04/2018,Arthropoda,Insecta,Plecoptera,Taeniopterygidae,Taeniopteryx,1
4883,LMEHOOP,Little Mehoopany Creek,10/04/2018,Arthropoda,Insecta,Trichoptera,Hydropsychidae,Ceratopsyche,14
4884,LMEHOOP,Little Mehoopany Creek,10/04/2018,Arthropoda,Insecta,Trichoptera,Hydropsychidae,Cheumatopsyche,43
4885,LMEHOOP,Little Mehoopany Creek,10/04/2018,NA,NA,NA,NA,Limnephilidae,1
4886,LMEHOOP,Little Mehoopany Creek,10/04/2018,Arthropoda,Insecta,Trichoptera,Philopotamidae,Chimarra,11
4887,LMEHOOP,Little Mehoopany Creek,10/04/2018,Arthropoda,Insecta,Trichoptera,Polycentropodidae,Polycentropus,2
4888,LMEHOOP,Little Mehoopany Creek,10/04/2018,Arthropoda,Insecta,Trichoptera,Psychomyiidae,Psychomyia,1
4889,LMEHOOP,Little Mehoopany Creek,10/04/2018,Arthropoda,Insecta,Trichoptera,Rhyacophilidae,Rhyacophila,4
4890,LMEHOOP,Little Mehoopany Creek,10/04/2018,NA,NA,NA,NA,Calopterygidae,1
4891,LMEHOOP,Little Mehoopany Creek,10/04/2018,Arthropoda,Insecta,Odonata,Gomphidae,Lanthus,1
4892,LMEHOOP,Little Mehoopany Creek,10/04/2018,Arthropoda,Insecta,Megaloptera,Corydalidae,Nigronia,6
4893,LMEHOOP,Little Mehoopany Creek,10/04/2018,Arthropoda,Insecta,Coleoptera,Elmidae,Optioservus,10
4894,LMEHOOP,Little Mehoopany Creek,10/04/2018,Arthropoda,Insecta,Coleoptera,Psephenidae,Psephenus,7
4895,LMEHOOP,Little Mehoopany Creek,10/04/2018,Arthropoda,Insecta,Diptera,Chironomidae,,18
4896,LMEHOOP,Little Mehoopany Creek,10/04/2018,Arthropoda,Insecta,Diptera,Tipulidae,Antocha,5
4897,LMEHOOP,Little Mehoopany Creek,10/04/2018,Arthropoda,Insecta,Diptera,Tipulidae,Tipula,2
4898,LMEHOOP,Little Mehoopany Creek,10/04/2018,NA,NA,NA,NA,Nemertea,5
4899,LMEHOOP,Little Mehoopany Creek,10/04/2018,NA,NA,NA,NA,Nematoda,1
4900,LMEHOOP,Little Mehoopany Creek,10/04/2018,NA,NA,NA,NA,Ancylidae,4
4901,LMEHOOP,Little Mehoopany Creek,10/04/2018,Platyhelminthes,Turbellaria,,,,1
4902,LMEHOOP,Little Mehoopany Creek,10/04/2018,Mollusca,Bivalvia,Sphaeriida,Sphaeriidae,,1
4903,LMEHOOP,Little Mehoopany Creek,10/04/2018,NA,NA,NA,NA,Oligochaeta,2
4904,LMEHOOP,Little Mehoopany Creek,10/04/2018,Arthropoda,Insecta,Plecoptera,Perlidae,Acroneuria,1
4905,LMEHOOP,Little Mehoopany Creek,10/04/2018,Arthropoda,Insecta,Ephemeroptera,Baetidae,Baetis,19
4906,LMEHOOP,Little Mehoopany Creek,10/04/2018,Arthropoda,Insecta,Ephemeroptera,Caenidae,Caenis,1
4907,LMEHOOP,Little Mehoopany Creek,10/04/2018,Arthropoda,Insecta,Trichoptera,Hydropsychidae,Cheumatopsyche,2
4908,LMEHOOP,Little Mehoopany Creek,10/04/2018,Arthropoda,Insecta,Diptera,Chironomidae,,91
4909,LMEHOOP,Little Mehoopany Creek,10/04/2018,Arthropoda,Insecta,Ephemeroptera,Ephemerellidae,Ephemerella,12
4910,LMEHOOP,Little Mehoopany Creek,10/04/2018,Arthropoda,Arachnida,Hydracarina,,,1
4911,LMEHOOP,Little Mehoopany Creek,10/04/2018,Arthropoda,Insecta,Trichoptera,Hydropsychidae,Hydropsyche,2
4912,LMEHOOP,Little Mehoopany Creek,10/04/2018,Arthropoda,Insecta,Trichoptera,Uenoidae,Neophylax,1
4913,LMEHOOP,Little Mehoopany Creek,10/04/2018,Arthropoda,Insecta,Coleoptera,Elmidae,Optioservus,2
4914,LMEHOOP,Little Mehoopany Creek,10/04/2018,Arthropoda,Insecta,Diptera,Simuliidae,Prosimulium,24
4915,LMEHOOP,Little Mehoopany Creek,10/04/2018,Arthropoda,Insecta,Plecoptera,Nemouridae,Prostoia,4
4916,LMEHOOP,Little Mehoopany Creek,10/04/2018,Arthropoda,Insecta,Plecoptera,Nemouridae,Amphinemura,14
4917,LMEHOOP,Little Mehoopany Creek,10/04/2018,Arthropoda,Insecta,Diptera,Tipulidae,Antocha,2
4918,LMEHOOP,Little Mehoopany Creek,10/04/2018,Arthropoda,Insecta,Trichoptera,Hydropsychidae,Ceratopsyche,5
4919,LMEHOOP,Little Mehoopany Creek,10/04/2018,Arthropoda,Insecta,Trichoptera,Philopotamidae,Chimarra,2
4920,LMEHOOP,Little Mehoopany Creek,10/04/2018,Arthropoda,Insecta,Diptera,Empididae,Clinocera,5
4921,LMEHOOP,Little Mehoopany Creek,10/04/2018,Arthropoda,Insecta,Ephemeroptera,Ephemerellidae,Drunella,1
4922,LMEHOOP,Little Mehoopany Creek,10/04/2018,Arthropoda,Insecta,Ephemeroptera,Ephemerellidae,Eurylophella,5
4923,LMEHOOP,Little Mehoopany Creek,10/04/2018,Arthropoda,Insecta,Ephemeroptera,Heptageniidae,Maccaffertium,8
4924,LMEHOOP,Little Mehoopany Creek,10/04/2018,Arthropoda,Insecta,Diptera,Tipulidae,Tipula,1
4925,LYSK 5.0,Loyalsock Creek,24/04/2017,Arthropoda,Insecta,Ephemeroptera,Baetidae,Acentrella,2
4926,LYSK 5.0,Loyalsock Creek,24/04/2017,Arthropoda,Insecta,Ephemeroptera,Baetidae,Acerpenna,1
4927,LYSK 5.0,Loyalsock Creek,24/04/2017,Arthropoda,Insecta,Plecoptera,Perlidae,Acroneuria,21
4928,LYSK 5.0,Loyalsock Creek,24/04/2017,Arthropoda,Insecta,Plecoptera,Perlidae,Agnetina,1
4929,LYSK 5.0,Loyalsock Creek,24/04/2017,Arthropoda,Insecta,Plecoptera,Chloroperlidae,Alloperla,1
4930,LYSK 5.0,Loyalsock Creek,24/04/2017,Arthropoda,Insecta,Ephemeroptera,Baetidae,Baetis,1
4931,LYSK 5.0,Loyalsock Creek,24/04/2017,Arthropoda,Insecta,Odonata,Aeshnidae,Boyeria,4
4932,LYSK 5.0,Loyalsock Creek,24/04/2017,Arthropoda,Insecta,Trichoptera,Hydropsychidae,Cheumatopsyche,13
4933,LYSK 5.0,Loyalsock Creek,24/04/2017,Arthropoda,Insecta,Trichoptera,Philopotamidae,Chimarra,1
4934,LYSK 5.0,Loyalsock Creek,24/04/2017,Arthropoda,Insecta,Diptera,Chironomidae,,10
4935,LYSK 5.0,Loyalsock Creek,24/04/2017,Arthropoda,Insecta,Trichoptera,Hydropsychidae,Diplectrona,1
4936,LYSK 5.0,Loyalsock Creek,24/04/2017,Arthropoda,Insecta,Trichoptera,Philopotamidae,Dolophilodes,3
4937,LYSK 5.0,Loyalsock Creek,24/04/2017,Arthropoda,Insecta,Coleoptera,Elmidae,Dubiraphia,1
4938,LYSK 5.0,Loyalsock Creek,24/04/2017,Arthropoda,Insecta,Ephemeroptera,Heptageniidae,Epeorus,9
4939,LYSK 5.0,Loyalsock Creek,24/04/2017,Arthropoda,Insecta,Ephemeroptera,Ephemerellidae,Ephemerella,68
4940,LYSK 5.0,Loyalsock Creek,24/04/2017,Arthropoda,Insecta,Ephemeroptera,Ephemerellidae,Eurylophella,6
4941,LYSK 5.0,Loyalsock Creek,24/04/2017,Arthropoda,Insecta,Trichoptera,Hydropsychidae,Hydropsyche,19
4942,LYSK 5.0,Loyalsock Creek,24/04/2017,Arthropoda,Insecta,Trichoptera,Lepidostomatidae,Lepidostoma,6
4943,LYSK 5.0,Loyalsock Creek,24/04/2017,Arthropoda,Insecta,Ephemeroptera,Leptophlebiidae,Leptophlebia,1
4944,LYSK 5.0,Loyalsock Creek,24/04/2017,NA,NA,NA,NA,Leptophlebiidae,9
4945,LYSK 5.0,Loyalsock Creek,24/04/2017,Arthropoda,Insecta,Ephemeroptera,Heptageniidae,Leucrocuta,2
4946,LYSK 5.0,Loyalsock Creek,24/04/2017,Arthropoda,Insecta,Plecoptera,Leuctridae,Leuctra,5
4947,LYSK 5.0,Loyalsock Creek,24/04/2017,Arthropoda,Insecta,Ephemeroptera,Heptageniidae,Maccaffertium,13
4948,LYSK 5.0,Loyalsock Creek,24/04/2017,NA,NA,NA,NA,Nematoda,1
4949,LYSK 5.0,Loyalsock Creek,24/04/2017,Arthropoda,Insecta,Plecoptera,Capniidae,Paracapnia,6
4950,LYSK 5.0,Loyalsock Creek,24/04/2017,Arthropoda,Insecta,Ephemeroptera,Leptophlebiidae,Paraleptophlebia,13
4951,LYSK 5.0,Loyalsock Creek,24/04/2017,Arthropoda,Insecta,Trichoptera,Odontoceridae,Psilotreta,1
4952,LYSK 5.0,Loyalsock Creek,24/04/2017,Arthropoda,Insecta,Trichoptera,Rhyacophilidae,Rhyacophila,1
4953,LYSK 5.0,Loyalsock Creek,24/04/2017,Arthropoda,Insecta,Diptera,Simuliidae,Simulium,2
4954,LYSK 5.0,Loyalsock Creek,24/04/2017,Arthropoda,Insecta,Plecoptera,Chloroperlidae,Sweltsa,4
4955,LYSK 5.0,Loyalsock Creek,24/04/2017,Arthropoda,Insecta,Plecoptera,Taeniopterygidae,Taeniopteryx,3
4956,LYSK 5.0,Loyalsock Creek,24/04/2017,Arthropoda,Insecta,Plecoptera,Peltoperlidae,Tallaperla,2
4957,LYSK 5.0,Loyalsock Creek,24/04/2017,Arthropoda,Insecta,Ephemeroptera,Baetidae,Acerpenna,2
4958,LYSK 5.0,Loyalsock Creek,24/04/2017,Arthropoda,Insecta,Ephemeroptera,Caenidae,Caenis,1
4959,LYSK 5.0,Loyalsock Creek,24/04/2017,Arthropoda,Insecta,Ephemeroptera,Ephemerellidae,Ephemerella,17
4960,LYSK 5.0,Loyalsock Creek,24/04/2017,Arthropoda,Insecta,Ephemeroptera,Ephemerellidae,Eurylophella,7
4961,LYSK 5.0,Loyalsock Creek,24/04/2017,Arthropoda,Insecta,Ephemeroptera,Ephemerellidae,Serratella,7
4962,LYSK 5.0,Loyalsock Creek,24/04/2017,Arthropoda,Insecta,Ephemeroptera,Heptageniidae,Epeorus,4
4963,LYSK 5.0,Loyalsock Creek,24/04/2017,Arthropoda,Insecta,Ephemeroptera,Heptageniidae,Leucrocuta,4
4964,LYSK 5.0,Loyalsock Creek,24/04/2017,Arthropoda,Insecta,Ephemeroptera,Heptageniidae,Maccaffertium,41
4965,LYSK 5.0,Loyalsock Creek,24/04/2017,Arthropoda,Insecta,Ephemeroptera,Heptageniidae,Rhithrogena,1
4966,LYSK 5.0,Loyalsock Creek,24/04/2017,Arthropoda,Insecta,Ephemeroptera,Leptophlebiidae,Paraleptophlebia,7
4967,LYSK 5.0,Loyalsock Creek,24/04/2017,Arthropoda,Insecta,Plecoptera,Capniidae,Paracapnia,1
4968,LYSK 5.0,Loyalsock Creek,24/04/2017,Arthropoda,Insecta,Plecoptera,Chloroperlidae,Alloperla,1
4969,LYSK 5.0,Loyalsock Creek,24/04/2017,Arthropoda,Insecta,Plecoptera,Leuctridae,Leuctra,3
4970,LYSK 5.0,Loyalsock Creek,24/04/2017,Arthropoda,Insecta,Plecoptera,Perlidae,Acroneuria,4
4971,LYSK 5.0,Loyalsock Creek,24/04/2017,Arthropoda,Insecta,Plecoptera,Perlidae,Neoperla,2
4972,LYSK 5.0,Loyalsock Creek,24/04/2017,Arthropoda,Insecta,Plecoptera,Perlidae,Paragnetina,2
4973,LYSK 5.0,Loyalsock Creek,24/04/2017,Arthropoda,Insecta,Plecoptera,Perlodidae,Isogenoides,1
4974,LYSK 5.0,Loyalsock Creek,24/04/2017,Arthropoda,Insecta,Plecoptera,Taeniopterygidae,Taeniopteryx,2
4975,LYSK 5.0,Loyalsock Creek,24/04/2017,Arthropoda,Insecta,Trichoptera,Glossosomatidae,Glossosoma,3
4976,LYSK 5.0,Loyalsock Creek,24/04/2017,Arthropoda,Insecta,Trichoptera,Hydropsychidae,Ceratopsyche,11
4977,LYSK 5.0,Loyalsock Creek,24/04/2017,Arthropoda,Insecta,Trichoptera,Hydropsychidae,Cheumatopsyche,18
4978,LYSK 5.0,Loyalsock Creek,24/04/2017,Arthropoda,Insecta,Trichoptera,Lepidostomatidae,Lepidostoma,1
4979,LYSK 5.0,Loyalsock Creek,24/04/2017,Arthropoda,Insecta,Trichoptera,Philopotamidae,Chimarra,5
4980,LYSK 5.0,Loyalsock Creek,24/04/2017,Arthropoda,Insecta,Trichoptera,Polycentropodidae,Polycentropus,1
4981,LYSK 5.0,Loyalsock Creek,24/04/2017,Arthropoda,Insecta,Trichoptera,Rhyacophilidae,Rhyacophila,2
4982,LYSK 5.0,Loyalsock Creek,24/04/2017,Arthropoda,Insecta,Odonata,Aeshnidae,Boyeria,1
4983,LYSK 5.0,Loyalsock Creek,24/04/2017,NA,NA,NA,NA,Gomphidae,5
4984,LYSK 5.0,Loyalsock Creek,24/04/2017,Arthropoda,Insecta,Megaloptera,Sialidae,Sialis,1
4985,LYSK 5.0,Loyalsock Creek,24/04/2017,Arthropoda,Insecta,Coleoptera,Elmidae,Optioservus,2
4986,LYSK 5.0,Loyalsock Creek,24/04/2017,Arthropoda,Insecta,Coleoptera,Elmidae,Oulimnius,1
4987,LYSK 5.0,Loyalsock Creek,24/04/2017,NA,NA,NA,NA,Promoresia,1
4988,LYSK 5.0,Loyalsock Creek,24/04/2017,Arthropoda,Insecta,Coleoptera,Elmidae,Stenelmis,4
4989,LYSK 5.0,Loyalsock Creek,24/04/2017,Arthropoda,Insecta,Coleoptera,Psephenidae,Psephenus,1
4990,LYSK 5.0,Loyalsock Creek,24/04/2017,Arthropoda,Insecta,Diptera,Chironomidae,,43
4991,LYSK 5.0,Loyalsock Creek,24/04/2017,Arthropoda,Insecta,Diptera,Empididae,Hemerodromia,3
4992,LYSK 5.0,Loyalsock Creek,24/04/2017,Arthropoda,Insecta,Diptera,Tipulidae,Antocha,3
4993,LYSK 5.0,Loyalsock Creek,24/04/2017,Arthropoda,Insecta,Diptera,Tipulidae,Dicranota,1
4994,LYSK 5.0,Loyalsock Creek,24/04/2017,Platyhelminthes,Turbellaria,,,,1
4995,LYSK 5.0,Loyalsock Creek,24/04/2017,Annelida,Oligochaeta,,,,1
4996,LYSK 5.0,Loyalsock Creek,24/04/2017,Arthropoda,Arachnida,Hydracarina,,,7
4997,LYSK 5.0,Loyalsock Creek,24/04/2017,Arthropoda,Insecta,Ephemeroptera,Ephemerellidae,Ephemerella,24
4998,LYSK 5.0,Loyalsock Creek,24/04/2017,Arthropoda,Insecta,Ephemeroptera,Ephemerellidae,Eurylophella,4
4999,LYSK 5.0,Loyalsock Creek,24/04/2017,Arthropoda,Insecta,Ephemeroptera,Ephemerellidae,Serratella,3
5000,LYSK 5.0,Loyalsock Creek,24/04/2017,Arthropoda,Insecta,Ephemeroptera,Ephemeridae,Ephemera,1
5001,LYSK 5.0,Loyalsock Creek,24/04/2017,NA,NA,NA,NA,Heptageniidae,2
5002,LYSK 5.0,Loyalsock Creek,24/04/2017,Arthropoda,Insecta,Ephemeroptera,Heptageniidae,Maccaffertium,19
5003,LYSK 5.0,Loyalsock Creek,24/04/2017,Arthropoda,Insecta,Ephemeroptera,Leptophlebiidae,Paraleptophlebia,5
5004,LYSK 5.0,Loyalsock Creek,24/04/2017,Arthropoda,Insecta,Plecoptera,Capniidae,Paracapnia,1
5005,LYSK 5.0,Loyalsock Creek,24/04/2017,Arthropoda,Insecta,Plecoptera,Leuctridae,Leuctra,8
5006,LYSK 5.0,Loyalsock Creek,24/04/2017,Arthropoda,Insecta,Plecoptera,Perlidae,Acroneuria,5
5007,LYSK 5.0,Loyalsock Creek,24/04/2017,Arthropoda,Insecta,Plecoptera,Perlidae,Paragnetina,2
5008,LYSK 5.0,Loyalsock Creek,24/04/2017,Arthropoda,Insecta,Plecoptera,Taeniopterygidae,Taeniopteryx,1
5009,LYSK 5.0,Loyalsock Creek,24/04/2017,Arthropoda,Insecta,Trichoptera,Hydropsychidae,Ceratopsyche,11
5010,LYSK 5.0,Loyalsock Creek,24/04/2017,Arthropoda,Insecta,Trichoptera,Hydropsychidae,Cheumatopsyche,7
5011,LYSK 5.0,Loyalsock Creek,24/04/2017,Arthropoda,Insecta,Ephemeroptera,Baetidae,Baetis,1
5012,LYSK 5.0,Loyalsock Creek,24/04/2017,Arthropoda,Insecta,Trichoptera,Lepidostomatidae,Lepidostoma,24
5013,LYSK 5.0,Loyalsock Creek,24/04/2017,Arthropoda,Insecta,Trichoptera,Philopotamidae,Chimarra,4
5014,LYSK 5.0,Loyalsock Creek,24/04/2017,Arthropoda,Insecta,Trichoptera,Polycentropodidae,Polycentropus,2
5015,LYSK 5.0,Loyalsock Creek,24/04/2017,Arthropoda,Insecta,Trichoptera,Rhyacophilidae,Rhyacophila,2
5016,LYSK 5.0,Loyalsock Creek,24/04/2017,Arthropoda,Insecta,Trichoptera,Uenoidae,Neophylax,2
5017,LYSK 5.0,Loyalsock Creek,24/04/2017,NA,NA,NA,NA,Gomphidae,1
5018,LYSK 5.0,Loyalsock Creek,24/04/2017,Arthropoda,Insecta,Odonata,Gomphidae,Stylogomphus,1
5019,LYSK 5.0,Loyalsock Creek,24/04/2017,Arthropoda,Insecta,Megaloptera,Sialidae,Sialis,2
5020,LYSK 5.0,Loyalsock Creek,24/04/2017,Arthropoda,Insecta,Coleoptera,Elmidae,Optioservus,10
5021,LYSK 5.0,Loyalsock Creek,24/04/2017,Arthropoda,Insecta,Coleoptera,Elmidae,Oulimnius,1
5022,LYSK 5.0,Loyalsock Creek,24/04/2017,NA,NA,NA,NA,Promoresia,1
5023,LYSK 5.0,Loyalsock Creek,24/04/2017,Arthropoda,Insecta,Coleoptera,Elmidae,Stenelmis,3
5024,LYSK 5.0,Loyalsock Creek,24/04/2017,Arthropoda,Insecta,Coleoptera,Psephenidae,Ectopria,1
5025,LYSK 5.0,Loyalsock Creek,24/04/2017,Arthropoda,Insecta,Diptera,Chironomidae,,27
5026,LYSK 5.0,Loyalsock Creek,24/04/2017,Arthropoda,Insecta,Diptera,Tipulidae,Cryptolabis,1
5027,LYSK 5.0,Loyalsock Creek,24/04/2017,Arthropoda,Insecta,Diptera,Tipulidae,Dicranota,1
5028,LYSK 5.0,Loyalsock Creek,24/04/2017,NA,NA,NA,NA,Nematoda,2
5029,LYSK 5.0,Loyalsock Creek,24/04/2017,Annelida,Oligochaeta,,,,1
5030,LYSK 5.0,Loyalsock Creek,24/04/2017,Arthropoda,Arachnida,Hydracarina,,,5
5031,LYSK 5.0,Loyalsock Creek,24/04/2017,Arthropoda,Arachnida,Hydracarina,,,3
5032,LYSK 5.0,Loyalsock Creek,24/04/2017,Arthropoda,Insecta,Ephemeroptera,Ephemerellidae,Ephemerella,33
5033,LYSK 5.0,Loyalsock Creek,24/04/2017,Arthropoda,Insecta,Ephemeroptera,Ephemerellidae,Eurylophella,1
5034,LYSK 5.0,Loyalsock Creek,24/04/2017,Arthropoda,Insecta,Ephemeroptera,Ephemerellidae,Serratella,15
5035,LYSK 5.0,Loyalsock Creek,24/04/2017,Arthropoda,Insecta,Ephemeroptera,Heptageniidae,Epeorus,3
5036,LYSK 5.0,Loyalsock Creek,24/04/2017,Arthropoda,Insecta,Ephemeroptera,Heptageniidae,Maccaffertium,28
5037,LYSK 5.0,Loyalsock Creek,24/04/2017,Arthropoda,Insecta,Ephemeroptera,Isonychiidae,Isonychia,1
5038,LYSK 5.0,Loyalsock Creek,24/04/2017,Arthropoda,Insecta,Ephemeroptera,Leptophlebiidae,Paraleptophlebia,14
5039,LYSK 5.0,Loyalsock Creek,24/04/2017,Arthropoda,Insecta,Plecoptera,Capniidae,Paracapnia,1
5040,LYSK 5.0,Loyalsock Creek,24/04/2017,Arthropoda,Insecta,Plecoptera,Leuctridae,Leuctra,3
5041,LYSK 5.0,Loyalsock Creek,24/04/2017,Arthropoda,Insecta,Plecoptera,Perlidae,Acroneuria,4
5042,LYSK 5.0,Loyalsock Creek,24/04/2017,Arthropoda,Insecta,Plecoptera,Perlidae,Paragnetina,1
5043,LYSK 5.0,Loyalsock Creek,24/04/2017,Arthropoda,Insecta,Trichoptera,Glossosomatidae,Glossosoma,3
5044,LYSK 5.0,Loyalsock Creek,24/04/2017,Arthropoda,Insecta,Trichoptera,Hydropsychidae,Ceratopsyche,9
5045,LYSK 5.0,Loyalsock Creek,24/04/2017,Arthropoda,Insecta,Trichoptera,Hydropsychidae,Cheumatopsyche,29
5046,LYSK 5.0,Loyalsock Creek,24/04/2017,Arthropoda,Insecta,Trichoptera,Philopotamidae,Chimarra,3
5047,LYSK 5.0,Loyalsock Creek,24/04/2017,Arthropoda,Insecta,Trichoptera,Philopotamidae,Dolophilodes,4
5048,LYSK 5.0,Loyalsock Creek,24/04/2017,Arthropoda,Insecta,Trichoptera,Uenoidae,Neophylax,1
5049,LYSK 5.0,Loyalsock Creek,24/04/2017,Arthropoda,Insecta,Odonata,Aeshnidae,Boyeria,1
5050,LYSK 5.0,Loyalsock Creek,24/04/2017,NA,NA,NA,NA,Gomphidae,2
5051,LYSK 5.0,Loyalsock Creek,24/04/2017,Arthropoda,Insecta,Megaloptera,Corydalidae,Nigronia,1
5052,LYSK 5.0,Loyalsock Creek,24/04/2017,Arthropoda,Insecta,Coleoptera,Elmidae,Optioservus,7
5053,LYSK 5.0,Loyalsock Creek,24/04/2017,NA,NA,NA,NA,Promoresia,2
5054,LYSK 5.0,Loyalsock Creek,24/04/2017,Arthropoda,Insecta,Coleoptera,Psephenidae,Psephenus,4
5055,LYSK 5.0,Loyalsock Creek,24/04/2017,Arthropoda,Insecta,Diptera,Chironomidae,,28
5056,LYSK 5.0,Loyalsock Creek,24/04/2017,Arthropoda,Insecta,Diptera,Empididae,Hemerodromia,2
5057,LYSK 5.0,Loyalsock Creek,24/04/2017,Arthropoda,Insecta,Diptera,Tipulidae,Dicranota,1
5058,LYSK 5.0,Loyalsock Creek,24/04/2017,Arthropoda,Arachnida,Hydracarina,,,1
5059,LYSK 5.0,Loyalsock Creek,24/04/2017,Arthropoda,Insecta,Ephemeroptera,Leptophlebiidae,Paraleptophlebia,7
5060,LYSK 5.0,Loyalsock Creek,24/04/2017,Arthropoda,Insecta,Ephemeroptera,Heptageniidae,Epeorus,1
5061,LYSK 5.0,Loyalsock Creek,24/04/2017,Arthropoda,Insecta,Ephemeroptera,Ephemerellidae,Serratella,2
5062,LYSK 5.0,Loyalsock Creek,24/04/2017,Arthropoda,Insecta,Ephemeroptera,Ephemerellidae,Ephemerella,15
5063,LYSK 5.0,Loyalsock Creek,24/04/2017,Arthropoda,Insecta,Ephemeroptera,Ephemerellidae,Drunella,9
5064,LYSK 5.0,Loyalsock Creek,24/04/2017,Arthropoda,Insecta,Coleoptera,Psephenidae,Psephenus,5
5065,LYSK 5.0,Loyalsock Creek,24/04/2017,Arthropoda,Insecta,Ephemeroptera,Caenidae,Caenis,12
5066,LYSK 5.0,Loyalsock Creek,24/04/2017,Arthropoda,Insecta,Ephemeroptera,Baetidae,Diphetor,1
5067,LYSK 5.0,Loyalsock Creek,24/04/2017,Arthropoda,Insecta,Ephemeroptera,Heptageniidae,Maccaffertium,6
5068,LYSK 5.0,Loyalsock Creek,24/04/2017,Arthropoda,Insecta,Plecoptera,Nemouridae,Amphinemura,2
5069,LYSK 5.0,Loyalsock Creek,24/04/2017,Arthropoda,Insecta,Diptera,Chironomidae,,60
5070,LYSK 5.0,Loyalsock Creek,24/04/2017,Arthropoda,Insecta,Plecoptera,Chloroperlidae,Haploperla,3
5071,LYSK 5.0,Loyalsock Creek,24/04/2017,Arthropoda,Insecta,Ephemeroptera,Heptageniidae,Leucrocuta,4
5072,LYSK 5.0,Loyalsock Creek,24/04/2017,Arthropoda,Insecta,Coleoptera,Elmidae,Stenelmis,11
5073,LYSK 5.0,Loyalsock Creek,24/04/2017,Arthropoda,Insecta,Plecoptera,Leuctridae,Leuctra,2
5074,LYSK 5.0,Loyalsock Creek,24/04/2017,Arthropoda,Insecta,Trichoptera,Hydropsychidae,Cheumatopsyche,7
5075,LYSK 5.0,Loyalsock Creek,24/04/2017,Annelida,Oligochaeta,,,,3
5076,LYSK 5.0,Loyalsock Creek,24/04/2017,Arthropoda,Insecta,Plecoptera,Perlidae,Acroneuria,2
5077,LYSK 5.0,Loyalsock Creek,24/04/2017,Arthropoda,Insecta,Plecoptera,Perlodidae,Isoperla,1
5078,LYSK 5.0,Loyalsock Creek,24/04/2017,Arthropoda,Insecta,Trichoptera,Brachycentridae,Micrasema,1
5079,LYSK 5.0,Loyalsock Creek,24/04/2017,Arthropoda,Insecta,Diptera,Simuliidae,Simulium,2
5080,LYSK 5.0,Loyalsock Creek,24/04/2017,Arthropoda,Insecta,Trichoptera,Hydropsychidae,Ceratopsyche,1
5081,LYSK 5.0,Loyalsock Creek,24/04/2017,Arthropoda,Insecta,Diptera,Empididae,Hemerodromia,2
5082,LYSK 5.0,Loyalsock Creek,24/04/2017,Arthropoda,Insecta,Trichoptera,Hydroptilidae,Stactobiella,38
5083,LYSK 5.0,Loyalsock Creek,24/04/2017,NA,NA,NA,NA,Promoresia,2
5084,LYSK 5.0,Loyalsock Creek,24/04/2017,Arthropoda,Insecta,Coleoptera,Elmidae,Oulimnius,4
5085,LYSK 5.0,Loyalsock Creek,24/04/2017,Arthropoda,Insecta,Diptera,Empididae,Neoplasta,1
5086,LYSK 5.0,Loyalsock Creek,24/04/2017,Arthropoda,Insecta,Trichoptera,Leptoceridae,Ceraclea,1
5087,LYSK 5.0,Loyalsock Creek,24/04/2017,Platyhelminthes,Turbellaria,,,,1
5088,LYSK 5.0,Loyalsock Creek,24/04/2017,Arthropoda,Insecta,Megaloptera,Sialidae,Sialis,1
5089,LYSK 5.0,Loyalsock Creek,24/04/2017,Arthropoda,Insecta,Trichoptera,Polycentropodidae,Polycentropus,1
5090,LYSK 5.0,Loyalsock Creek,24/04/2017,Arthropoda,Insecta,Trichoptera,Philopotamidae,Chimarra,1
5091,MARS,Marsh Creek,11/04/2018,Arthropoda,Insecta,Ephemeroptera,Baetidae,Acentrella,8
5092,MARS,Marsh Creek,11/04/2018,Arthropoda,Insecta,Plecoptera,Perlidae,Acroneuria,6
5093,MARS,Marsh Creek,11/04/2018,Arthropoda,Insecta,Trichoptera,Apataniidae,Apatania,1
5094,MARS,Marsh Creek,11/04/2018,Arthropoda,Insecta,Diptera,Athericidae,Atherix,4
5095,MARS,Marsh Creek,11/04/2018,NA,NA,NA,NA,Capniidae,1
5096,MARS,Marsh Creek,11/04/2018,Arthropoda,Insecta,Trichoptera,Hydropsychidae,Cheumatopsyche,38
5097,MARS,Marsh Creek,11/04/2018,Arthropoda,Insecta,Trichoptera,Philopotamidae,Chimarra,25
5098,MARS,Marsh Creek,11/04/2018,Arthropoda,Insecta,Diptera,Chironomidae,,9
5099,MARS,Marsh Creek,11/04/2018,Arthropoda,Insecta,Megaloptera,Corydalidae,Corydalus,2
5100,MARS,Marsh Creek,11/04/2018,Arthropoda,Insecta,Ephemeroptera,Ephemerellidae,Ephemerella,1
5101,MARS,Marsh Creek,11/04/2018,NA,NA,NA,NA,Heptageniidae,3
5102,MARS,Marsh Creek,11/04/2018,Arthropoda,Insecta,Trichoptera,Hydropsychidae,Hydropsyche,15
5103,MARS,Marsh Creek,11/04/2018,Arthropoda,Insecta,Ephemeroptera,Isonychiidae,Isonychia,9
5104,MARS,Marsh Creek,11/04/2018,Arthropoda,Insecta,Ephemeroptera,Heptageniidae,Leucrocuta,5
5105,MARS,Marsh Creek,11/04/2018,Arthropoda,Insecta,Plecoptera,Leuctridae,Leuctra,12
5106,MARS,Marsh Creek,11/04/2018,Annelida,Oligochaeta,,,,2
5107,MARS,Marsh Creek,11/04/2018,Arthropoda,Insecta,Ephemeroptera,Heptageniidae,Maccaffertium,14
5108,MARS,Marsh Creek,11/04/2018,NA,NA,NA,NA,Nemouridae,1
5109,MARS,Marsh Creek,11/04/2018,Arthropoda,Insecta,Megaloptera,Corydalidae,Nigronia,1
5110,MARS,Marsh Creek,11/04/2018,Arthropoda,Insecta,Coleoptera,Elmidae,Optioservus,28
5111,MARS,Marsh Creek,11/04/2018,Arthropoda,Insecta,Ephemeroptera,Leptophlebiidae,Paraleptophlebia,1
5112,MARS,Marsh Creek,11/04/2018,Arthropoda,Insecta,Coleoptera,Psephenidae,Psephenus,9
5113,MARS,Marsh Creek,11/04/2018,Arthropoda,Insecta,Megaloptera,Sialidae,Sialis,1
5114,MARS,Marsh Creek,11/04/2018,Arthropoda,Insecta,Ephemeroptera,Heptageniidae,Stenacron,4
5115,MARS,Marsh Creek,11/04/2018,Arthropoda,Insecta,Coleoptera,Elmidae,Stenelmis,6
5116,MARS,Marsh Creek,11/04/2018,Arthropoda,Insecta,Plecoptera,Chloroperlidae,Sweltsa,1
5117,MARS,Marsh Creek,11/04/2018,Arthropoda,Insecta,Plecoptera,Taeniopterygidae,Taeniopteryx,6
5118,MARS,Marsh Creek,11/04/2018,Arthropoda,Insecta,Ephemeroptera,Baetidae,Acentrella,1
5119,MARS,Marsh Creek,11/04/2018,Arthropoda,Insecta,Ephemeroptera,Baetidae,Baetis,2
5120,MARS,Marsh Creek,11/04/2018,Arthropoda,Insecta,Ephemeroptera,Ephemerellidae,Ephemerella,1
5121,MARS,Marsh Creek,11/04/2018,Arthropoda,Insecta,Ephemeroptera,Heptageniidae,Leucrocuta,6
5122,MARS,Marsh Creek,11/04/2018,Arthropoda,Insecta,Ephemeroptera,Heptageniidae,Maccaffertium,65
5123,MARS,Marsh Creek,11/04/2018,Arthropoda,Insecta,Ephemeroptera,Heptageniidae,Stenacron,1
5124,MARS,Marsh Creek,11/04/2018,Arthropoda,Insecta,Ephemeroptera,Isonychiidae,Isonychia,20
5125,MARS,Marsh Creek,11/04/2018,Arthropoda,Insecta,Ephemeroptera,Leptophlebiidae,Paraleptophlebia,1
5126,MARS,Marsh Creek,11/04/2018,Arthropoda,Insecta,Trichoptera,Hydropsychidae,Ceratopsyche,2
5127,MARS,Marsh Creek,11/04/2018,Arthropoda,Insecta,Trichoptera,Hydropsychidae,Cheumatopsyche,46
5128,MARS,Marsh Creek,11/04/2018,Arthropoda,Insecta,Trichoptera,Hydroptilidae,Leucotrichia,6
5129,MARS,Marsh Creek,11/04/2018,Arthropoda,Insecta,Trichoptera,Philopotamidae,Chimarra,20
5130,MARS,Marsh Creek,11/04/2018,Arthropoda,Insecta,Odonata,Coenagrionidae,Argia,2
5131,MARS,Marsh Creek,11/04/2018,Arthropoda,Insecta,Coleoptera,Elmidae,Optioservus,9
5132,MARS,Marsh Creek,11/04/2018,Arthropoda,Insecta,Coleoptera,Elmidae,Stenelmis,3
5133,MARS,Marsh Creek,11/04/2018,Arthropoda,Insecta,Coleoptera,Psephenidae,Psephenus,35
5134,MARS,Marsh Creek,11/04/2018,Arthropoda,Insecta,Diptera,Chironomidae,,11
5135,MARS,Marsh Creek,11/04/2018,Arthropoda,Insecta,Diptera,Simuliidae,Simulium,1
5136,MARS,Marsh Creek,11/04/2018,NA,NA,NA,NA,Ancylidae,2
5137,MARS,Marsh Creek,11/04/2018,Platyhelminthes,Turbellaria,,,,1
5138,MARS,Marsh Creek,11/04/2018,Annelida,Oligochaeta,,,,1
5139,MARS,Marsh Creek,11/04/2018,Arthropoda,Arachnida,Hydracarina,,,1
5140,MARS,Marsh Creek,11/04/2018,Arthropoda,Insecta,Ephemeroptera,Ephemerellidae,Eurylophella,4
5141,MARS,Marsh Creek,11/04/2018,Arthropoda,Insecta,Ephemeroptera,Heptageniidae,Leucrocuta,12
5142,MARS,Marsh Creek,11/04/2018,Arthropoda,Insecta,Ephemeroptera,Heptageniidae,Maccaffertium,50
5143,MARS,Marsh Creek,11/04/2018,Arthropoda,Insecta,Ephemeroptera,Heptageniidae,Stenacron,1
5144,MARS,Marsh Creek,11/04/2018,Arthropoda,Insecta,Ephemeroptera,Isonychiidae,Isonychia,29
5145,MARS,Marsh Creek,11/04/2018,Arthropoda,Insecta,Trichoptera,Hydropsychidae,Cheumatopsyche,29
5146,MARS,Marsh Creek,11/04/2018,Arthropoda,Insecta,Trichoptera,Philopotamidae,Chimarra,5
5147,MARS,Marsh Creek,11/04/2018,NA,NA,NA,NA,Polycentropodidae,1
5148,MARS,Marsh Creek,11/04/2018,Arthropoda,Insecta,Odonata,Coenagrionidae,Argia,1
5149,MARS,Marsh Creek,11/04/2018,Arthropoda,Insecta,Coleoptera,Elmidae,Optioservus,6
5150,MARS,Marsh Creek,11/04/2018,Arthropoda,Insecta,Coleoptera,Elmidae,Stenelmis,1
5151,MARS,Marsh Creek,11/04/2018,Arthropoda,Insecta,Coleoptera,Psephenidae,Psephenus,9
5152,MARS,Marsh Creek,11/04/2018,Arthropoda,Insecta,Diptera,Chironomidae,,39
5153,MARS,Marsh Creek,11/04/2018,Arthropoda,Insecta,Diptera,Empididae,Hemerodromia,4
5154,MARS,Marsh Creek,11/04/2018,Arthropoda,Insecta,Diptera,Simuliidae,Simulium,1
5155,MARS,Marsh Creek,11/04/2018,Arthropoda,Insecta,Diptera,Tipulidae,Antocha,1
5156,MARS,Marsh Creek,11/04/2018,NA,NA,NA,NA,Nemertea,24
5157,MARS,Marsh Creek,11/04/2018,Platyhelminthes,Turbellaria,,,,1
5158,MARS,Marsh Creek,11/04/2018,Annelida,Oligochaeta,,,,3
5159,MARS,Marsh Creek,11/04/2018,Arthropoda,Arachnida,Hydracarina,,,15
5160,MARS,Marsh Creek,11/04/2018,Arthropoda,Insecta,Ephemeroptera,Ephemerellidae,Eurylophella,1
5161,MARS,Marsh Creek,11/04/2018,Arthropoda,Insecta,Ephemeroptera,Heptageniidae,Leucrocuta,7
5162,MARS,Marsh Creek,11/04/2018,Arthropoda,Insecta,Ephemeroptera,Heptageniidae,Maccaffertium,54
5163,MARS,Marsh Creek,11/04/2018,Arthropoda,Insecta,Ephemeroptera,Isonychiidae,Isonychia,24
5164,MARS,Marsh Creek,11/04/2018,Arthropoda,Insecta,Plecoptera,Chloroperlidae,Sweltsa,1
5165,MARS,Marsh Creek,11/04/2018,Arthropoda,Insecta,Plecoptera,Perlidae,Acroneuria,1
5166,MARS,Marsh Creek,11/04/2018,Arthropoda,Insecta,Trichoptera,Apataniidae,Apatania,1
5167,MARS,Marsh Creek,11/04/2018,Arthropoda,Insecta,Trichoptera,Glossosomatidae,Glossosoma,1
5168,MARS,Marsh Creek,11/04/2018,Arthropoda,Insecta,Trichoptera,Hydropsychidae,Ceratopsyche,2
5169,MARS,Marsh Creek,11/04/2018,Arthropoda,Insecta,Trichoptera,Hydropsychidae,Cheumatopsyche,45
5170,MARS,Marsh Creek,11/04/2018,Arthropoda,Insecta,Trichoptera,Hydropsychidae,Hydropsyche,1
5171,MARS,Marsh Creek,11/04/2018,Arthropoda,Insecta,Trichoptera,Philopotamidae,Chimarra,16
5172,MARS,Marsh Creek,11/04/2018,Arthropoda,Insecta,Trichoptera,Philopotamidae,Dolophilodes,1
5173,MARS,Marsh Creek,11/04/2018,Arthropoda,Insecta,Trichoptera,Uenoidae,Neophylax,2
5174,MARS,Marsh Creek,11/04/2018,Arthropoda,Insecta,Odonata,Coenagrionidae,Argia,1
5175,MARS,Marsh Creek,11/04/2018,Arthropoda,Insecta,Megaloptera,Corydalidae,Corydalus,1
5176,MARS,Marsh Creek,11/04/2018,Arthropoda,Insecta,Coleoptera,Elmidae,Macronychus,1
5177,MARS,Marsh Creek,11/04/2018,Arthropoda,Insecta,Coleoptera,Elmidae,Optioservus,10
5178,MARS,Marsh Creek,11/04/2018,Arthropoda,Insecta,Coleoptera,Psephenidae,Psephenus,5
5179,MARS,Marsh Creek,11/04/2018,Arthropoda,Insecta,Diptera,Chironomidae,,19
5180,MARS,Marsh Creek,11/04/2018,Arthropoda,Insecta,Diptera,Empididae,Hemerodromia,5
5181,MARS,Marsh Creek,11/04/2018,NA,NA,NA,NA,Nemertea,12
5182,MARS,Marsh Creek,11/04/2018,Platyhelminthes,Turbellaria,,,,1
5183,MARS,Marsh Creek,11/04/2018,Annelida,Oligochaeta,,,,10
5184,MARS,Marsh Creek,11/04/2018,Arthropoda,Arachnida,Hydracarina,,,6
5185,MARS,Marsh Creek,11/04/2018,Arthropoda,Insecta,Ephemeroptera,Heptageniidae,Leucrocuta,8
5186,MARS,Marsh Creek,11/04/2018,Arthropoda,Insecta,Ephemeroptera,Heptageniidae,Maccaffertium,66
5187,MARS,Marsh Creek,11/04/2018,Arthropoda,Insecta,Ephemeroptera,Isonychiidae,Isonychia,8
5188,MARS,Marsh Creek,11/04/2018,Arthropoda,Insecta,Ephemeroptera,Leptophlebiidae,Paraleptophlebia,1
5189,MARS,Marsh Creek,11/04/2018,Arthropoda,Insecta,Plecoptera,Perlidae,Acroneuria,2
5190,MARS,Marsh Creek,11/04/2018,Arthropoda,Insecta,Plecoptera,Taeniopterygidae,Taeniopteryx,2
5191,MARS,Marsh Creek,11/04/2018,Arthropoda,Insecta,Trichoptera,Glossosomatidae,Glossosoma,1
5192,MARS,Marsh Creek,11/04/2018,Arthropoda,Insecta,Trichoptera,Hydropsychidae,Ceratopsyche,11
5193,MARS,Marsh Creek,11/04/2018,Arthropoda,Insecta,Trichoptera,Hydropsychidae,Cheumatopsyche,57
5194,MARS,Marsh Creek,11/04/2018,Arthropoda,Insecta,Trichoptera,Hydropsychidae,Hydropsyche,3
5195,MARS,Marsh Creek,11/04/2018,Arthropoda,Insecta,Trichoptera,Philopotamidae,Chimarra,3
5196,MARS,Marsh Creek,11/04/2018,Arthropoda,Insecta,Trichoptera,Rhyacophilidae,Rhyacophila,1
5197,MARS,Marsh Creek,11/04/2018,Arthropoda,Insecta,Odonata,Coenagrionidae,Argia,2
5198,MARS,Marsh Creek,11/04/2018,Arthropoda,Insecta,Coleoptera,Elmidae,Optioservus,9
5199,MARS,Marsh Creek,11/04/2018,Arthropoda,Insecta,Coleoptera,Psephenidae,Psephenus,16
5200,MARS,Marsh Creek,11/04/2018,Arthropoda,Insecta,Diptera,Chironomidae,,13
5201,MARS,Marsh Creek,11/04/2018,Arthropoda,Insecta,Diptera,Empididae,Hemerodromia,3
5202,MARS,Marsh Creek,11/04/2018,Arthropoda,Insecta,Diptera,Simuliidae,Simulium,1
5203,MARS,Marsh Creek,11/04/2018,Arthropoda,Insecta,Diptera,Tipulidae,Antocha,5
5204,MARS,Marsh Creek,11/04/2018,NA,NA,NA,NA,Nemertea,2
5205,MARS,Marsh Creek,11/04/2018,Annelida,Oligochaeta,,,,4
5206,MARS,Marsh Creek,11/04/2018,Arthropoda,Arachnida,Hydracarina,,,6
5207,MARS,Marsh Creek,11/04/2018,Arthropoda,Arachnida,Hydracarina,,,1
5208,MARS,Marsh Creek,11/04/2018,Arthropoda,Insecta,Ephemeroptera,Baetidae,Baetis,5
5209,MARS,Marsh Creek,11/04/2018,Arthropoda,Insecta,Ephemeroptera,Heptageniidae,Epeorus,6
5210,MARS,Marsh Creek,11/04/2018,Arthropoda,Insecta,Ephemeroptera,Heptageniidae,Leucrocuta,17
5211,MARS,Marsh Creek,11/04/2018,Arthropoda,Insecta,Ephemeroptera,Heptageniidae,Maccaffertium,48
5212,MARS,Marsh Creek,11/04/2018,Arthropoda,Insecta,Ephemeroptera,Isonychiidae,Isonychia,23
5213,MARS,Marsh Creek,11/04/2018,Arthropoda,Insecta,Plecoptera,Perlidae,Acroneuria,1
5214,MARS,Marsh Creek,11/04/2018,Arthropoda,Insecta,Trichoptera,Glossosomatidae,Glossosoma,1
5215,MARS,Marsh Creek,11/04/2018,Arthropoda,Insecta,Trichoptera,Helicopsychidae,Helicopsyche,1
5216,MARS,Marsh Creek,11/04/2018,Arthropoda,Insecta,Trichoptera,Hydropsychidae,Ceratopsyche,5
5217,MARS,Marsh Creek,11/04/2018,Arthropoda,Insecta,Trichoptera,Hydropsychidae,Cheumatopsyche,20
5218,MARS,Marsh Creek,11/04/2018,Arthropoda,Insecta,Trichoptera,Philopotamidae,Chimarra,20
5219,MARS,Marsh Creek,11/04/2018,Arthropoda,Insecta,Trichoptera,Psychomyiidae,Psychomyia,3
5220,MARS,Marsh Creek,11/04/2018,Arthropoda,Insecta,Megaloptera,Corydalidae,Nigronia,1
5221,MARS,Marsh Creek,11/04/2018,Arthropoda,Insecta,Coleoptera,Elmidae,Optioservus,6
5222,MARS,Marsh Creek,11/04/2018,Arthropoda,Insecta,Coleoptera,Elmidae,Oulimnius,1
5223,MARS,Marsh Creek,11/04/2018,Arthropoda,Insecta,Coleoptera,Psephenidae,Psephenus,5
5224,MARS,Marsh Creek,11/04/2018,Arthropoda,Insecta,Diptera,Chironomidae,,34
5225,MARS,Marsh Creek,11/04/2018,Arthropoda,Insecta,Diptera,Empididae,Hemerodromia,2
5226,MARS,Marsh Creek,11/04/2018,Arthropoda,Insecta,Diptera,Tipulidae,Antocha,2
5227,MARS,Marsh Creek,11/04/2018,NA,NA,NA,NA,Nemertea,3
5228,MARS,Marsh Creek,11/04/2018,NA,NA,NA,NA,Ancylidae,1
5229,MARS,Marsh Creek,11/04/2018,Platyhelminthes,Turbellaria,,,,3
5230,MARS,Marsh Creek,11/04/2018,Annelida,Oligochaeta,,,,1
5231,MARS,Marsh Creek,11/04/2018,Arthropoda,Insecta,Plecoptera,Perlidae,Acroneuria,1
5232,MARS,Marsh Creek,11/04/2018,Arthropoda,Insecta,Ephemeroptera,Baetidae,Baetis,3
5233,MARS,Marsh Creek,11/04/2018,Arthropoda,Insecta,Trichoptera,Hydropsychidae,Cheumatopsyche,44
5234,MARS,Marsh Creek,11/04/2018,Arthropoda,Insecta,Diptera,Chironomidae,,36
5235,MARS,Marsh Creek,11/04/2018,Arthropoda,Insecta,Ephemeroptera,Ephemerellidae,Ephemerella,7
5236,MARS,Marsh Creek,11/04/2018,Arthropoda,Arachnida,Hydracarina,,,2
5237,MARS,Marsh Creek,11/04/2018,Arthropoda,Insecta,Ephemeroptera,Heptageniidae,Leucrocuta,7
5238,MARS,Marsh Creek,11/04/2018,Arthropoda,Insecta,Trichoptera,Uenoidae,Neophylax,3
5239,MARS,Marsh Creek,11/04/2018,Arthropoda,Insecta,Coleoptera,Elmidae,Optioservus,7
5240,MARS,Marsh Creek,11/04/2018,Arthropoda,Insecta,Diptera,Simuliidae,Prosimulium,39
5241,MARS,Marsh Creek,11/04/2018,Arthropoda,Insecta,Plecoptera,Nemouridae,Prostoia,1
5242,MARS,Marsh Creek,11/04/2018,Arthropoda,Insecta,Plecoptera,Taeniopterygidae,Taenionema,2
5243,MARS,Marsh Creek,11/04/2018,Platyhelminthes,Turbellaria,,,,9
5244,MARS,Marsh Creek,11/04/2018,Arthropoda,Insecta,Plecoptera,Nemouridae,Amphinemura,7
5245,MARS,Marsh Creek,11/04/2018,Arthropoda,Insecta,Trichoptera,Hydropsychidae,Ceratopsyche,5
5246,MARS,Marsh Creek,11/04/2018,Arthropoda,Insecta,Trichoptera,Philopotamidae,Chimarra,17
5247,MARS,Marsh Creek,11/04/2018,Arthropoda,Insecta,Diptera,Empididae,Clinocera,6
5248,MARS,Marsh Creek,11/04/2018,Arthropoda,Insecta,Ephemeroptera,Ephemerellidae,Drunella,1
5249,MARS,Marsh Creek,11/04/2018,Arthropoda,Insecta,Ephemeroptera,Heptageniidae,Epeorus,2
5250,MARS,Marsh Creek,11/04/2018,Arthropoda,Insecta,Ephemeroptera,Isonychiidae,Isonychia,6
5251,MARS,Marsh Creek,11/04/2018,Arthropoda,Insecta,Ephemeroptera,Heptageniidae,Maccaffertium,13
5252,MARS,Marsh Creek,11/04/2018,Annelida,Oligochaeta,,,,4
5253,MARS,Marsh Creek,11/04/2018,Arthropoda,Insecta,Trichoptera,Limnephilidae,Pycnopsyche,1
5254,MARS,Marsh Creek,11/04/2018,Arthropoda,Insecta,Diptera,Simuliidae,Simulium,1
5255,MARS,Marsh Creek,11/04/2018,Arthropoda,Insecta,Coleoptera,Elmidae,Stenelmis,1
5256,MARS,Marsh Creek,11/04/2018,Arthropoda,Insecta,Diptera,Tipulidae,Tipula,1
5257,MARS,Marsh Creek,11/04/2018,Arthropoda,Insecta,Plecoptera,Nemouridae,Amphinemura,3
5258,MARS,Marsh Creek,11/04/2018,Arthropoda,Insecta,Trichoptera,Hydropsychidae,Ceratopsyche,8
5259,MARS,Marsh Creek,11/04/2018,Arthropoda,Insecta,Trichoptera,Philopotamidae,Chimarra,3
5260,MARS,Marsh Creek,11/04/2018,Arthropoda,Insecta,Diptera,Empididae,Clinocera,6
5261,MARS,Marsh Creek,11/04/2018,Arthropoda,Insecta,Trichoptera,Hydropsychidae,Diplectrona,1
5262,MARS,Marsh Creek,11/04/2018,Arthropoda,Insecta,Ephemeroptera,Ephemerellidae,Drunella,1
5263,MARS,Marsh Creek,11/04/2018,Arthropoda,Insecta,Ephemeroptera,Heptageniidae,Epeorus,2
5264,MARS,Marsh Creek,11/04/2018,Arthropoda,Insecta,Ephemeroptera,Isonychiidae,Isonychia,10
5265,MARS,Marsh Creek,11/04/2018,NA,NA,NA,NA,Leptophlebiidae,1
5266,MARS,Marsh Creek,11/04/2018,Arthropoda,Insecta,Ephemeroptera,Heptageniidae,Maccaffertium,20
5267,MARS,Marsh Creek,11/04/2018,Annelida,Oligochaeta,,,,6
5268,MARS,Marsh Creek,11/04/2018,Arthropoda,Insecta,Coleoptera,Psephenidae,Psephenus,14
5269,MARS,Marsh Creek,11/04/2018,Arthropoda,Insecta,Coleoptera,Elmidae,Stenelmis,1
5270,MARS,Marsh Creek,11/04/2018,Arthropoda,Insecta,Plecoptera,Taeniopterygidae,Strophopteryx,1
5271,MARS,Marsh Creek,11/04/2018,Arthropoda,Insecta,Plecoptera,Perlidae,Acroneuria,2
5272,MARS,Marsh Creek,11/04/2018,Arthropoda,Insecta,Plecoptera,Capniidae,Allocapnia,1
5273,MARS,Marsh Creek,11/04/2018,Arthropoda,Insecta,Ephemeroptera,Baetidae,Baetis,1
5274,MARS,Marsh Creek,11/04/2018,Arthropoda,Malacostraca,Isopoda,Asellidae,Caecidotea,1
5275,MARS,Marsh Creek,11/04/2018,Arthropoda,Insecta,Diptera,Ceratopogonidae,,1
5276,MARS,Marsh Creek,11/04/2018,Arthropoda,Insecta,Trichoptera,Hydropsychidae,Cheumatopsyche,17
5277,MARS,Marsh Creek,11/04/2018,Arthropoda,Insecta,Diptera,Chironomidae,,55
5278,MARS,Marsh Creek,11/04/2018,Arthropoda,Insecta,Ephemeroptera,Ephemerellidae,Ephemerella,2
5279,MARS,Marsh Creek,11/04/2018,Arthropoda,Arachnida,Hydracarina,,,4
5280,MARS,Marsh Creek,11/04/2018,Arthropoda,Insecta,Ephemeroptera,Heptageniidae,Leucrocuta,10
5281,MARS,Marsh Creek,11/04/2018,Arthropoda,Insecta,Trichoptera,Uenoidae,Neophylax,8
5282,MARS,Marsh Creek,11/04/2018,Arthropoda,Insecta,Coleoptera,Elmidae,Optioservus,6
5283,MARS,Marsh Creek,11/04/2018,Arthropoda,Insecta,Diptera,Simuliidae,Prosimulium,25
5284,MARS,Marsh Creek,11/04/2018,Arthropoda,Insecta,Plecoptera,Nemouridae,Prostoia,1
5285,MARS,Marsh Creek,11/04/2018,Platyhelminthes,Turbellaria,,,,6
5286,MESH,Meshoppen Creek,12/04/2016,Arthropoda,Insecta,Ephemeroptera,Baetidae,Acentrella,5
5287,MESH,Meshoppen Creek,12/04/2016,Arthropoda,Insecta,Plecoptera,Perlidae,Acroneuria,11
5288,MESH,Meshoppen Creek,12/04/2016,Arthropoda,Insecta,Diptera,Athericidae,Atherix,1
5289,MESH,Meshoppen Creek,12/04/2016,Arthropoda,Malacostraca,Isopoda,Asellidae,Caecidotea,1
5290,MESH,Meshoppen Creek,12/04/2016,Arthropoda,Insecta,Ephemeroptera,Caenidae,Caenis,1
5291,MESH,Meshoppen Creek,12/04/2016,Arthropoda,Insecta,Trichoptera,Philopotamidae,Chimarra,1
5292,MESH,Meshoppen Creek,12/04/2016,Arthropoda,Insecta,Diptera,Chironomidae,,1
5293,MESH,Meshoppen Creek,12/04/2016,Arthropoda,Insecta,Megaloptera,Corydalidae,Corydalus,1
5294,MESH,Meshoppen Creek,12/04/2016,Arthropoda,Insecta,Ephemeroptera,Heptageniidae,Epeorus,1
5295,MESH,Meshoppen Creek,12/04/2016,Arthropoda,Insecta,Ephemeroptera,Ephemerellidae,Ephemerella,13
5296,MESH,Meshoppen Creek,12/04/2016,Arthropoda,Insecta,Ephemeroptera,Ephemerellidae,Eurylophella,1
5297,MESH,Meshoppen Creek,12/04/2016,NA,NA,NA,NA,Heptageniidae,6
5298,MESH,Meshoppen Creek,12/04/2016,Arthropoda,Insecta,Trichoptera,Hydropsychidae,Hydropsyche,2
5299,MESH,Meshoppen Creek,12/04/2016,Arthropoda,Insecta,Ephemeroptera,Isonychiidae,Isonychia,11
5300,MESH,Meshoppen Creek,12/04/2016,Arthropoda,Insecta,Plecoptera,Perlodidae,Isoperla,3
5301,MESH,Meshoppen Creek,12/04/2016,NA,NA,NA,NA,Leptophlebiidae,2
5302,MESH,Meshoppen Creek,12/04/2016,Arthropoda,Insecta,Ephemeroptera,Heptageniidae,Leucrocuta,4
5303,MESH,Meshoppen Creek,12/04/2016,Arthropoda,Insecta,Plecoptera,Leuctridae,Leuctra,24
5304,MESH,Meshoppen Creek,12/04/2016,Annelida,Oligochaeta,,,,7
5305,MESH,Meshoppen Creek,12/04/2016,Arthropoda,Insecta,Ephemeroptera,Heptageniidae,Maccaffertium,13
5306,MESH,Meshoppen Creek,12/04/2016,Arthropoda,Insecta,Coleoptera,Elmidae,Optioservus,17
5307,MESH,Meshoppen Creek,12/04/2016,Arthropoda,Insecta,Ephemeroptera,Leptophlebiidae,Paraleptophlebia,1
5308,MESH,Meshoppen Creek,12/04/2016,Arthropoda,Insecta,Coleoptera,Psephenidae,Psephenus,1
5309,MESH,Meshoppen Creek,12/04/2016,Arthropoda,Insecta,Ephemeroptera,Ephemerellidae,Serratella,4
5310,MESH,Meshoppen Creek,12/04/2016,Arthropoda,Insecta,Coleoptera,Elmidae,Stenelmis,1
5311,MESH,Meshoppen Creek,12/04/2016,Arthropoda,Insecta,Plecoptera,Taeniopterygidae,Taeniopteryx,97
5312,MESH,Meshoppen Creek,12/04/2016,Arthropoda,Insecta,Ephemeroptera,Baetidae,Acentrella,3
5313,MESH,Meshoppen Creek,12/04/2016,Arthropoda,Insecta,Ephemeroptera,Baetidae,Baetis,1
5314,MESH,Meshoppen Creek,12/04/2016,Arthropoda,Insecta,Ephemeroptera,Ephemerellidae,Ephemerella,7
5315,MESH,Meshoppen Creek,12/04/2016,Arthropoda,Insecta,Ephemeroptera,Ephemerellidae,Serratella,8
5316,MESH,Meshoppen Creek,12/04/2016,Arthropoda,Insecta,Ephemeroptera,Heptageniidae,Leucrocuta,1
5317,MESH,Meshoppen Creek,12/04/2016,Arthropoda,Insecta,Ephemeroptera,Heptageniidae,Maccaffertium,8
5318,MESH,Meshoppen Creek,12/04/2016,Arthropoda,Insecta,Ephemeroptera,Isonychiidae,Isonychia,28
5319,MESH,Meshoppen Creek,12/04/2016,Arthropoda,Insecta,Ephemeroptera,Leptophlebiidae,Paraleptophlebia,2
5320,MESH,Meshoppen Creek,12/04/2016,Arthropoda,Insecta,Plecoptera,Perlidae,Acroneuria,4
5321,MESH,Meshoppen Creek,12/04/2016,Arthropoda,Insecta,Plecoptera,Perlidae,Agnetina,1
5322,MESH,Meshoppen Creek,12/04/2016,Arthropoda,Insecta,Plecoptera,Perlidae,Paragnetina,3
5323,MESH,Meshoppen Creek,12/04/2016,Arthropoda,Insecta,Plecoptera,Taeniopterygidae,Taeniopteryx,3
5324,MESH,Meshoppen Creek,12/04/2016,Arthropoda,Insecta,Trichoptera,Apataniidae,Apatania,1
5325,MESH,Meshoppen Creek,12/04/2016,Arthropoda,Insecta,Trichoptera,Brachycentridae,Brachycentrus,4
5326,MESH,Meshoppen Creek,12/04/2016,Arthropoda,Insecta,Trichoptera,Hydropsychidae,Ceratopsyche,81
5327,MESH,Meshoppen Creek,12/04/2016,Arthropoda,Insecta,Trichoptera,Hydropsychidae,Cheumatopsyche,28
5328,MESH,Meshoppen Creek,12/04/2016,Arthropoda,Insecta,Trichoptera,Hydroptilidae,Leucotrichia,5
5329,MESH,Meshoppen Creek,12/04/2016,Arthropoda,Insecta,Trichoptera,Philopotamidae,Chimarra,18
5330,MESH,Meshoppen Creek,12/04/2016,Arthropoda,Insecta,Odonata,Gomphidae,Stylogomphus,1
5331,MESH,Meshoppen Creek,12/04/2016,Arthropoda,Insecta,Megaloptera,Sialidae,Sialis,1
5332,MESH,Meshoppen Creek,12/04/2016,Arthropoda,Insecta,Coleoptera,Elmidae,Optioservus,5
5333,MESH,Meshoppen Creek,12/04/2016,Arthropoda,Insecta,Coleoptera,Elmidae,Stenelmis,4
5334,MESH,Meshoppen Creek,12/04/2016,Arthropoda,Insecta,Coleoptera,Psephenidae,Psephenus,11
5335,MESH,Meshoppen Creek,12/04/2016,Arthropoda,Insecta,Diptera,Athericidae,Atherix,1
5336,MESH,Meshoppen Creek,12/04/2016,Arthropoda,Insecta,Diptera,Chironomidae,,5
5337,MESH,Meshoppen Creek,12/04/2016,Arthropoda,Insecta,Diptera,Tipulidae,Antocha,2
5338,MESH,Meshoppen Creek,12/04/2016,NA,NA,NA,NA,Hirudinea,1
5339,MESH,Meshoppen Creek,12/04/2016,Annelida,Oligochaeta,,,,1
5340,MESH,Meshoppen Creek,12/04/2016,Arthropoda,Insecta,Ephemeroptera,Baetidae,Acentrella,3
5341,MESH,Meshoppen Creek,12/04/2016,Arthropoda,Insecta,Ephemeroptera,Ephemerellidae,Ephemerella,20
5342,MESH,Meshoppen Creek,12/04/2016,Arthropoda,Insecta,Ephemeroptera,Ephemerellidae,Eurylophella,1
5343,MESH,Meshoppen Creek,12/04/2016,Arthropoda,Insecta,Ephemeroptera,Ephemerellidae,Serratella,17
5344,MESH,Meshoppen Creek,12/04/2016,Arthropoda,Insecta,Ephemeroptera,Heptageniidae,Epeorus,1
5345,MESH,Meshoppen Creek,12/04/2016,Arthropoda,Insecta,Ephemeroptera,Heptageniidae,Heptagenia,1
5346,MESH,Meshoppen Creek,12/04/2016,Arthropoda,Insecta,Ephemeroptera,Heptageniidae,Leucrocuta,11
5347,MESH,Meshoppen Creek,12/04/2016,Arthropoda,Insecta,Ephemeroptera,Heptageniidae,Maccaffertium,11
5348,MESH,Meshoppen Creek,12/04/2016,Arthropoda,Insecta,Ephemeroptera,Isonychiidae,Isonychia,16
5349,MESH,Meshoppen Creek,12/04/2016,Arthropoda,Insecta,Ephemeroptera,Leptophlebiidae,Paraleptophlebia,2
5350,MESH,Meshoppen Creek,12/04/2016,Arthropoda,Insecta,Plecoptera,Perlidae,Acroneuria,2
5351,MESH,Meshoppen Creek,12/04/2016,Arthropoda,Insecta,Plecoptera,Taeniopterygidae,Taeniopteryx,4
5352,MESH,Meshoppen Creek,12/04/2016,Arthropoda,Insecta,Trichoptera,Brachycentridae,Brachycentrus,10
5353,MESH,Meshoppen Creek,12/04/2016,Arthropoda,Insecta,Trichoptera,Glossosomatidae,Glossosoma,2
5354,MESH,Meshoppen Creek,12/04/2016,Arthropoda,Insecta,Trichoptera,Hydropsychidae,Ceratopsyche,17
5355,MESH,Meshoppen Creek,12/04/2016,Arthropoda,Insecta,Trichoptera,Hydropsychidae,Cheumatopsyche,19
5356,MESH,Meshoppen Creek,12/04/2016,Arthropoda,Insecta,Trichoptera,Hydroptilidae,Leucotrichia,7
5357,MESH,Meshoppen Creek,12/04/2016,Arthropoda,Insecta,Trichoptera,Philopotamidae,Chimarra,6
5358,MESH,Meshoppen Creek,12/04/2016,Arthropoda,Insecta,Trichoptera,Polycentropodidae,Polycentropus,2
5359,MESH,Meshoppen Creek,12/04/2016,Arthropoda,Insecta,Trichoptera,Uenoidae,Neophylax,4
5360,MESH,Meshoppen Creek,12/04/2016,Arthropoda,Insecta,Odonata,Coenagrionidae,Argia,1
5361,MESH,Meshoppen Creek,12/04/2016,NA,NA,NA,NA,Gomphidae,1
5362,MESH,Meshoppen Creek,12/04/2016,Arthropoda,Insecta,Megaloptera,Corydalidae,Corydalus,1
5363,MESH,Meshoppen Creek,12/04/2016,Arthropoda,Insecta,Coleoptera,Elmidae,Optioservus,14
5364,MESH,Meshoppen Creek,12/04/2016,Arthropoda,Insecta,Coleoptera,Elmidae,Stenelmis,12
5365,MESH,Meshoppen Creek,12/04/2016,Arthropoda,Insecta,Coleoptera,Psephenidae,Psephenus,2
5366,MESH,Meshoppen Creek,12/04/2016,Arthropoda,Insecta,Diptera,Chironomidae,,13
5367,MESH,Meshoppen Creek,12/04/2016,Arthropoda,Insecta,Diptera,Empididae,Hemerodromia,3
5368,MESH,Meshoppen Creek,12/04/2016,Arthropoda,Insecta,Diptera,Tabanidae,Chrysops,1
5369,MESH,Meshoppen Creek,12/04/2016,Arthropoda,Insecta,Diptera,Tipulidae,Antocha,2
5370,MESH,Meshoppen Creek,12/04/2016,NA,NA,NA,NA,Nemertea,5
5371,MESH,Meshoppen Creek,12/04/2016,Platyhelminthes,Turbellaria,,,,1
5372,MESH,Meshoppen Creek,12/04/2016,Annelida,Oligochaeta,,,,9
5373,MESH,Meshoppen Creek,12/04/2016,Arthropoda,Arachnida,Hydracarina,,,3
5374,MESH,Meshoppen Creek,12/04/2016,Arthropoda,Insecta,Ephemeroptera,Ephemerellidae,Serratella,41
5375,MESH,Meshoppen Creek,12/04/2016,Arthropoda,Insecta,Ephemeroptera,Heptageniidae,Epeorus,2
5376,MESH,Meshoppen Creek,12/04/2016,Arthropoda,Insecta,Ephemeroptera,Heptageniidae,Leucrocuta,5
5377,MESH,Meshoppen Creek,12/04/2016,Arthropoda,Insecta,Ephemeroptera,Heptageniidae,Maccaffertium,3
5378,MESH,Meshoppen Creek,12/04/2016,Arthropoda,Insecta,Ephemeroptera,Isonychiidae,Isonychia,2
5379,MESH,Meshoppen Creek,12/04/2016,Arthropoda,Insecta,Plecoptera,Perlidae,Acroneuria,1
5380,MESH,Meshoppen Creek,12/04/2016,Arthropoda,Insecta,Plecoptera,Pteronarcyidae,Pteronarcys,1
5381,MESH,Meshoppen Creek,12/04/2016,Arthropoda,Insecta,Plecoptera,Taeniopterygidae,Taeniopteryx,2
5382,MESH,Meshoppen Creek,12/04/2016,Arthropoda,Insecta,Trichoptera,Apataniidae,Apatania,1
5383,MESH,Meshoppen Creek,12/04/2016,Arthropoda,Insecta,Trichoptera,Brachycentridae,Brachycentrus,5
5384,MESH,Meshoppen Creek,12/04/2016,Arthropoda,Insecta,Trichoptera,Hydropsychidae,Ceratopsyche,39
5385,MESH,Meshoppen Creek,12/04/2016,Arthropoda,Insecta,Trichoptera,Hydropsychidae,Cheumatopsyche,36
5386,MESH,Meshoppen Creek,12/04/2016,Arthropoda,Insecta,Trichoptera,Hydroptilidae,Hydroptila,2
5387,MESH,Meshoppen Creek,12/04/2016,Arthropoda,Insecta,Trichoptera,Philopotamidae,Chimarra,2
5388,MESH,Meshoppen Creek,12/04/2016,Arthropoda,Insecta,Trichoptera,Uenoidae,Neophylax,1
5389,MESH,Meshoppen Creek,12/04/2016,Arthropoda,Insecta,Coleoptera,Elmidae,Optioservus,8
5390,MESH,Meshoppen Creek,12/04/2016,Arthropoda,Insecta,Coleoptera,Elmidae,Stenelmis,6
5391,MESH,Meshoppen Creek,12/04/2016,Arthropoda,Insecta,Coleoptera,Psephenidae,Psephenus,10
5392,MESH,Meshoppen Creek,12/04/2016,Arthropoda,Insecta,Diptera,Athericidae,Atherix,1
5393,MESH,Meshoppen Creek,12/04/2016,Arthropoda,Insecta,Diptera,Chironomidae,,3
5394,MESH,Meshoppen Creek,12/04/2016,Arthropoda,Insecta,Diptera,Empididae,Hemerodromia,1
5395,MESH,Meshoppen Creek,12/04/2016,Arthropoda,Insecta,Diptera,Tipulidae,Antocha,3
5396,MESH,Meshoppen Creek,12/04/2016,Arthropoda,Insecta,Ephemeroptera,Caenidae,Caenis,2
5397,MESH,Meshoppen Creek,12/04/2016,Arthropoda,Insecta,Ephemeroptera,Ephemerellidae,Ephemerella,26
5398,MESH,Meshoppen Creek,12/04/2016,Arthropoda,Insecta,Ephemeroptera,Ephemerellidae,Eurylophella,1
5399,MESH,Meshoppen Creek,12/04/2016,Platyhelminthes,Turbellaria,,,,3
5400,MESH,Meshoppen Creek,12/04/2016,Annelida,Oligochaeta,,,,25
5401,MESH,Meshoppen Creek,12/04/2016,Arthropoda,Arachnida,Hydracarina,,,2
5402,MESH,Meshoppen Creek,12/04/2016,Arthropoda,Arachnida,Hydracarina,,,1
5403,MESH,Meshoppen Creek,12/04/2016,Arthropoda,Insecta,Ephemeroptera,Baetidae,Acentrella,1
5404,MESH,Meshoppen Creek,12/04/2016,Arthropoda,Insecta,Ephemeroptera,Baetidae,Baetis,2
5405,MESH,Meshoppen Creek,12/04/2016,Arthropoda,Insecta,Ephemeroptera,Caenidae,Caenis,1
5406,MESH,Meshoppen Creek,12/04/2016,Arthropoda,Insecta,Ephemeroptera,Ephemerellidae,Ephemerella,8
5407,MESH,Meshoppen Creek,12/04/2016,Arthropoda,Insecta,Ephemeroptera,Ephemerellidae,Serratella,47
5408,MESH,Meshoppen Creek,12/04/2016,Arthropoda,Insecta,Ephemeroptera,Heptageniidae,Heptagenia,1
5409,MESH,Meshoppen Creek,12/04/2016,Arthropoda,Insecta,Ephemeroptera,Heptageniidae,Leucrocuta,7
5410,MESH,Meshoppen Creek,12/04/2016,Arthropoda,Insecta,Ephemeroptera,Heptageniidae,Maccaffertium,19
5411,MESH,Meshoppen Creek,12/04/2016,Arthropoda,Insecta,Ephemeroptera,Isonychiidae,Isonychia,5
5412,MESH,Meshoppen Creek,12/04/2016,Arthropoda,Insecta,Ephemeroptera,Leptophlebiidae,Paraleptophlebia,3
5413,MESH,Meshoppen Creek,12/04/2016,Arthropoda,Insecta,Plecoptera,Perlidae,Acroneuria,6
5414,MESH,Meshoppen Creek,12/04/2016,Arthropoda,Insecta,Trichoptera,Hydropsychidae,Ceratopsyche,13
5415,MESH,Meshoppen Creek,12/04/2016,Arthropoda,Insecta,Trichoptera,Hydropsychidae,Cheumatopsyche,30
5416,MESH,Meshoppen Creek,12/04/2016,Arthropoda,Insecta,Trichoptera,Hydroptilidae,Hydroptila,1
5417,MESH,Meshoppen Creek,12/04/2016,Arthropoda,Insecta,Trichoptera,Philopotamidae,Chimarra,15
5418,MESH,Meshoppen Creek,12/04/2016,Arthropoda,Insecta,Coleoptera,Elmidae,Macronychus,1
5419,MESH,Meshoppen Creek,12/04/2016,Arthropoda,Insecta,Coleoptera,Elmidae,Optioservus,10
5420,MESH,Meshoppen Creek,12/04/2016,Arthropoda,Insecta,Coleoptera,Elmidae,Stenelmis,17
5421,MESH,Meshoppen Creek,12/04/2016,Arthropoda,Insecta,Coleoptera,Psephenidae,Psephenus,5
5422,MESH,Meshoppen Creek,12/04/2016,Arthropoda,Insecta,Diptera,Chironomidae,,5
5423,MESH,Meshoppen Creek,12/04/2016,Arthropoda,Insecta,Diptera,Empididae,Hemerodromia,3
5424,MESH,Meshoppen Creek,12/04/2016,Arthropoda,Insecta,Diptera,Tipulidae,Antocha,1
5425,MESH,Meshoppen Creek,12/04/2016,NA,NA,NA,NA,Nemertea,1
5426,MESH,Meshoppen Creek,12/04/2016,NA,NA,NA,NA,Nematoda,1
5427,MESH,Meshoppen Creek,12/04/2016,Platyhelminthes,Turbellaria,,,,4
5428,MESH,Meshoppen Creek,12/04/2016,Annelida,Oligochaeta,,,,25
5429,MESH,Meshoppen Creek,12/04/2016,Arthropoda,Insecta,Plecoptera,Nemouridae,Prostoia,2
5430,MESH,Meshoppen Creek,12/04/2016,Arthropoda,Insecta,Coleoptera,Elmidae,Macronychus,1
5431,MESH,Meshoppen Creek,12/04/2016,Arthropoda,Insecta,Diptera,Empididae,Hemerodromia,2
5432,MESH,Meshoppen Creek,12/04/2016,Arthropoda,Insecta,Diptera,Chironomidae,,66
5433,MESH,Meshoppen Creek,12/04/2016,Arthropoda,Insecta,Ephemeroptera,Ephemerellidae,Eurylophella,3
5434,MESH,Meshoppen Creek,12/04/2016,Arthropoda,Insecta,Diptera,Empididae,Clinocera,2
5435,MESH,Meshoppen Creek,12/04/2016,Arthropoda,Insecta,Ephemeroptera,Heptageniidae,Leucrocuta,5
5436,MESH,Meshoppen Creek,12/04/2016,Arthropoda,Insecta,Ephemeroptera,Heptageniidae,Maccaffertium,10
5437,MESH,Meshoppen Creek,12/04/2016,Arthropoda,Arachnida,Hydracarina,,,3
5438,MESH,Meshoppen Creek,12/04/2016,Annelida,Oligochaeta,,,,47
5439,MESH,Meshoppen Creek,12/04/2016,Arthropoda,Insecta,Trichoptera,Hydroptilidae,Hydroptila,4
5440,MESH,Meshoppen Creek,12/04/2016,Arthropoda,Insecta,Trichoptera,Philopotamidae,Chimarra,1
5441,MESH,Meshoppen Creek,12/04/2016,Arthropoda,Insecta,Diptera,Tipulidae,Antocha,1
5442,MESH,Meshoppen Creek,12/04/2016,Arthropoda,Insecta,Plecoptera,Perlidae,Acroneuria,1
5443,MESH,Meshoppen Creek,12/04/2016,Arthropoda,Insecta,Ephemeroptera,Ephemerellidae,Drunella,16
5444,MESH,Meshoppen Creek,12/04/2016,Arthropoda,Insecta,Ephemeroptera,Isonychiidae,Isonychia,4
5445,MESH,Meshoppen Creek,12/04/2016,Arthropoda,Insecta,Coleoptera,Elmidae,Optioservus,11
5446,MESH,Meshoppen Creek,12/04/2016,Arthropoda,Insecta,Ephemeroptera,Ephemeridae,Ephemera,1
5447,MESH,Meshoppen Creek,12/04/2016,Arthropoda,Insecta,Ephemeroptera,Ephemerellidae,Serratella,7
5448,MESH,Meshoppen Creek,12/04/2016,Arthropoda,Insecta,Trichoptera,Hydropsychidae,Cheumatopsyche,1
5449,MESH,Meshoppen Creek,12/04/2016,Arthropoda,Insecta,Ephemeroptera,Caenidae,Caenis,2
5450,MESH,Meshoppen Creek,12/04/2016,Arthropoda,Insecta,Plecoptera,Nemouridae,Amphinemura,5
5451,MESH,Meshoppen Creek,12/04/2016,Arthropoda,Insecta,Diptera,Simuliidae,Simulium,1
5452,MESH,Meshoppen Creek,12/04/2016,Arthropoda,Insecta,Diptera,Ceratopogonidae,Forcipomyia,1
5453,MESH,Meshoppen Creek,12/04/2016,Arthropoda,Insecta,Coleoptera,Psephenidae,Psephenus,2
5454,MESH,Meshoppen Creek,12/04/2016,Arthropoda,Insecta,Coleoptera,Elmidae,Stenelmis,5
5455,MESH,Meshoppen Creek,12/04/2016,Arthropoda,Insecta,Plecoptera,Leuctridae,Leuctra,1
5456,MESH,Meshoppen Creek,12/04/2016,Arthropoda,Insecta,Plecoptera,Perlodidae,Isoperla,1
5457,MESH,Meshoppen Creek,12/04/2016,Arthropoda,Insecta,Ephemeroptera,Ephemerellidae,Ephemerella,9
5458,Mill-Loyal,Mill Creek,30/04/2025,Arthropoda,Insecta,Ephemeroptera,Heptageniidae,Cinygmula,29
5459,Mill-Loyal,Mill Creek,30/04/2025,Arthropoda,Insecta,Coleoptera,Psephenidae,Psephenus,1
5460,Mill-Loyal,Mill Creek,30/04/2025,Arthropoda,Insecta,Plecoptera,Chloroperlidae,Sweltsa,1
5461,Mill-Loyal,Mill Creek,30/04/2025,Arthropoda,Insecta,Coleoptera,Elmidae,Oulimnius,1
5462,Mill-Loyal,Mill Creek,30/04/2025,Arthropoda,Insecta,Trichoptera,Philopotamidae,Wormaldia,1
5463,Mill-Loyal,Mill Creek,30/04/2025,Arthropoda,Insecta,Plecoptera,Perlidae,Acroneuria,1
5464,Mill-Loyal,Mill Creek,30/04/2025,Arthropoda,Insecta,Plecoptera,Chloroperlidae,Haploperla,2
5465,Mill-Loyal,Mill Creek,30/04/2025,Arthropoda,Insecta,Trichoptera,Hydropsychidae,Cheumatopsyche,5
5466,Mill-Loyal,Mill Creek,30/04/2025,Arthropoda,Insecta,Diptera,Chironomidae,,23
5467,Mill-Loyal,Mill Creek,30/04/2025,NA,NA,NA,NA,Chloroperlidae,3
5468,Mill-Loyal,Mill Creek,30/04/2025,Arthropoda,Insecta,Plecoptera,Perlodidae,Cultus,1
5469,Mill-Loyal,Mill Creek,30/04/2025,Arthropoda,Insecta,Ephemeroptera,Leptophlebiidae,Paraleptophlebia,13
5470,Mill-Loyal,Mill Creek,30/04/2025,Arthropoda,Insecta,Ephemeroptera,Ephemerellidae,Drunella,56
5471,Mill-Loyal,Mill Creek,30/04/2025,Arthropoda,Insecta,Diptera,Tipulidae,Hexatoma,2
5472,Mill-Loyal,Mill Creek,30/04/2025,Arthropoda,Insecta,Diptera,Ceratopogonidae,,2
5473,Mill-Loyal,Mill Creek,30/04/2025,Arthropoda,Insecta,Plecoptera,Leuctridae,Leuctra,1
5474,Mill-Loyal,Mill Creek,30/04/2025,Arthropoda,Insecta,Ephemeroptera,Ephemerellidae,Ephemerella,11
5475,Mill-Loyal,Mill Creek,30/04/2025,Arthropoda,Insecta,Ephemeroptera,Heptageniidae,Epeorus,16
5476,Mill-Loyal,Mill Creek,30/04/2025,Arthropoda,Arachnida,Hydracarina,,,1
5477,Mill-Loyal,Mill Creek,30/04/2025,Arthropoda,Insecta,Ephemeroptera,Heptageniidae,Leucrocuta,3
5478,Mill-Loyal,Mill Creek,30/04/2025,NA,NA,NA,NA,Leptophlebiidae,15
5479,Mill-Loyal,Mill Creek,30/04/2025,Arthropoda,Insecta,Plecoptera,Perlodidae,Isoperla,2
5480,Mill-Loyal,Mill Creek,30/04/2025,Arthropoda,Insecta,Trichoptera,Hydropsychidae,Hydropsyche,8
5481,Mill-Loyal,Mill Creek,30/04/2025,Arthropoda,Insecta,Ephemeroptera,Baetidae,Baetis,16
5482,Mill-Loyal,Mill Creek,30/04/2025,Arthropoda,Insecta,Ephemeroptera,Isonychiidae,Isonychia,3
5483,Mill-Loyal,Mill Creek,30/04/2025,Arthropoda,Insecta,Trichoptera,Uenoidae,Neophylax,3
5484,Mill-Loyal,Mill Creek,30/04/2025,Arthropoda,Arachnida,Hydracarina,,,4
5485,Mill-Loyal,Mill Creek,30/04/2025,Arthropoda,Insecta,Ephemeroptera,Baetidae,Acentrella,13
5486,Mill-Loyal,Mill Creek,30/04/2025,Arthropoda,Insecta,Ephemeroptera,Baetidae,Acerpenna,1
5487,Mill-Loyal,Mill Creek,30/04/2025,Arthropoda,Insecta,Plecoptera,Perlidae,Acroneuria,1
5488,Mill-Loyal,Mill Creek,30/04/2025,Arthropoda,Insecta,Diptera,Tipulidae,Antocha,2
5489,Mill-Loyal,Mill Creek,30/04/2025,Arthropoda,Insecta,Ephemeroptera,Baetidae,Baetis,11
5490,Mill-Loyal,Mill Creek,30/04/2025,Arthropoda,Insecta,Diptera,Chironomidae,,42
5491,Mill-Loyal,Mill Creek,30/04/2025,Arthropoda,Insecta,Ephemeroptera,Heptageniidae,Cinygmula,15
5492,Mill-Loyal,Mill Creek,30/04/2025,Arthropoda,Insecta,Ephemeroptera,Baetidae,Diphetor,1
5493,Mill-Loyal,Mill Creek,30/04/2025,Arthropoda,Insecta,Ephemeroptera,Ephemerellidae,Drunella,18
5494,Mill-Loyal,Mill Creek,30/04/2025,Arthropoda,Insecta,Ephemeroptera,Heptageniidae,Epeorus,23
5495,Mill-Loyal,Mill Creek,30/04/2025,Arthropoda,Insecta,Ephemeroptera,Ephemerellidae,Ephemerella,26
5496,Mill-Loyal,Mill Creek,30/04/2025,Arthropoda,Insecta,Ephemeroptera,Ephemerellidae,Eurylophella,1
5497,Mill-Loyal,Mill Creek,30/04/2025,Arthropoda,Insecta,Coleoptera,Elmidae,Optioservus,1
5498,Mill-Loyal,Mill Creek,30/04/2025,Arthropoda,Insecta,Ephemeroptera,Heptageniidae,Stenacron,1
5499,Mill-Loyal,Mill Creek,30/04/2025,Arthropoda,Insecta,Plecoptera,Chloroperlidae,Haploperla,12
5500,Mill-Loyal,Mill Creek,30/04/2025,Arthropoda,Insecta,Coleoptera,Elmidae,Oulimnius,5
5501,Mill-Loyal,Mill Creek,30/04/2025,Arthropoda,Insecta,Plecoptera,Chloroperlidae,Sweltsa,3
5502,Mill-Loyal,Mill Creek,30/04/2025,Arthropoda,Insecta,Megaloptera,Corydalidae,Nigronia,1
5503,Mill-Loyal,Mill Creek,30/04/2025,Arthropoda,Insecta,Diptera,Empididae,Neoplasta,3
5504,Mill-Loyal,Mill Creek,30/04/2025,Arthropoda,Insecta,Ephemeroptera,Leptophlebiidae,Paraleptophlebia,6
5505,Mill-Loyal,Mill Creek,30/04/2025,Arthropoda,Insecta,Ephemeroptera,Heptageniidae,Maccaffertium,1
5506,Mill-Loyal,Mill Creek,30/04/2025,Arthropoda,Insecta,Plecoptera,Leuctridae,Leuctra,5
5507,Mill-Loyal,Mill Creek,30/04/2025,Arthropoda,Insecta,Ephemeroptera,Heptageniidae,Leucrocuta,1
5508,Mill-Loyal,Mill Creek,30/04/2025,Arthropoda,Insecta,Plecoptera,Perlodidae,Isoperla,2
5509,Mill-Loyal,Mill Creek,30/04/2025,Arthropoda,Insecta,Trichoptera,Hydropsychidae,Hydropsyche,4
5510,Mill-Loyal,Mill Creek,30/04/2025,Arthropoda,Insecta,Plecoptera,Pteronarcyidae,Pteronarcys,1
5511,Mill-Loyal,Mill Creek,30/04/2025,Arthropoda,Insecta,Plecoptera,Chloroperlidae,Alloperla,1
5512,Mill-Loyal,Mill Creek,30/04/2025,Arthropoda,Insecta,Diptera,Tipulidae,Antocha,1
5513,Mill-Loyal,Mill Creek,30/04/2025,Arthropoda,Insecta,Ephemeroptera,Baetidae,Baetis,27
5514,Mill-Loyal,Mill Creek,30/04/2025,Arthropoda,Insecta,Diptera,Empididae,Chelifera,1
5515,Mill-Loyal,Mill Creek,30/04/2025,Arthropoda,Insecta,Trichoptera,Hydropsychidae,Cheumatopsyche,3
5516,Mill-Loyal,Mill Creek,30/04/2025,Arthropoda,Insecta,Diptera,Chironomidae,,63
5517,Mill-Loyal,Mill Creek,30/04/2025,NA,NA,NA,NA,Chloroperlidae,3
5518,Mill-Loyal,Mill Creek,30/04/2025,Arthropoda,Insecta,Ephemeroptera,Heptageniidae,Cinygmula,11
5519,Mill-Loyal,Mill Creek,30/04/2025,Arthropoda,Insecta,Plecoptera,Perlodidae,Cultus,1
5520,Mill-Loyal,Mill Creek,30/04/2025,Arthropoda,Insecta,Ephemeroptera,Baetidae,Diphetor,1
5521,Mill-Loyal,Mill Creek,30/04/2025,Arthropoda,Insecta,Ephemeroptera,Ephemerellidae,Drunella,30
5522,Mill-Loyal,Mill Creek,30/04/2025,Arthropoda,Insecta,Ephemeroptera,Heptageniidae,Epeorus,16
5523,Mill-Loyal,Mill Creek,30/04/2025,Arthropoda,Insecta,Ephemeroptera,Ephemerellidae,Ephemerella,10
5524,Mill-Loyal,Mill Creek,30/04/2025,Arthropoda,Insecta,Ephemeroptera,Ephemerellidae,Eurylophella,1
5525,Mill-Loyal,Mill Creek,30/04/2025,Arthropoda,Insecta,Plecoptera,Chloroperlidae,Haploperla,1
5526,Mill-Loyal,Mill Creek,30/04/2025,Arthropoda,Insecta,Diptera,Tipulidae,Hexatoma,4
5527,Mill-Loyal,Mill Creek,30/04/2025,Arthropoda,Insecta,Trichoptera,Hydropsychidae,Hydropsyche,6
5528,Mill-Loyal,Mill Creek,30/04/2025,Arthropoda,Insecta,Plecoptera,Perlodidae,Isoperla,3
5529,Mill-Loyal,Mill Creek,30/04/2025,Arthropoda,Insecta,Trichoptera,Lepidostomatidae,Lepidostoma,1
5530,Mill-Loyal,Mill Creek,30/04/2025,Arthropoda,Insecta,Ephemeroptera,Heptageniidae,Leucrocuta,3
5531,Mill-Loyal,Mill Creek,30/04/2025,Arthropoda,Insecta,Plecoptera,Leuctridae,Leuctra,2
5532,Mill-Loyal,Mill Creek,30/04/2025,Arthropoda,Insecta,Ephemeroptera,Heptageniidae,Maccaffertium,1
5533,Mill-Loyal,Mill Creek,30/04/2025,Arthropoda,Insecta,Ephemeroptera,Leptophlebiidae,Paraleptophlebia,19
5534,Mill-Loyal,Mill Creek,30/04/2025,Arthropoda,Insecta,Trichoptera,Uenoidae,Neophylax,12
5535,Mill-Loyal,Mill Creek,30/04/2025,Arthropoda,Insecta,Diptera,Empididae,Neoplasta,1
5536,Mill-Loyal,Mill Creek,30/04/2025,Arthropoda,Insecta,Coleoptera,Elmidae,Optioservus,2
5537,Mill-Loyal,Mill Creek,30/04/2025,Arthropoda,Insecta,Coleoptera,Elmidae,Oulimnius,3
5538,Mill-Loyal,Mill Creek,30/04/2025,Arthropoda,Insecta,Diptera,Simuliidae,Prosimulium,1
5539,Mill-Loyal,Mill Creek,30/04/2025,Arthropoda,Insecta,Plecoptera,Chloroperlidae,Sweltsa,2
5540,Mill-Loyal,Mill Creek,30/04/2025,Arthropoda,Arachnida,Hydracarina,,,1
5541,Moose,Moose Creek,29/04/2024,Arthropoda,Insecta,Trichoptera,Philopotamidae,Dolophilodes,7
5542,Moose,Moose Creek,29/04/2024,Arthropoda,Insecta,Trichoptera,Rhyacophilidae,Rhyacophila,2
5543,Moose,Moose Creek,29/04/2024,Arthropoda,Insecta,Trichoptera,Polycentropodidae,Polycentropus,1
5544,Moose,Moose Creek,29/04/2024,Arthropoda,Insecta,Trichoptera,Hydropsychidae,Diplectrona,4
5545,Moose,Moose Creek,29/04/2024,Arthropoda,Insecta,Odonata,Gomphidae,Lanthus,1
5546,Moose,Moose Creek,29/04/2024,Arthropoda,Insecta,Ephemeroptera,Heptageniidae,Maccaffertium,1
5547,Moose,Moose Creek,29/04/2024,Arthropoda,Insecta,Ephemeroptera,Heptageniidae,Epeorus,14
5548,Moose,Moose Creek,29/04/2024,Arthropoda,Insecta,Ephemeroptera,Ephemerellidae,Drunella,13
5549,Moose,Moose Creek,29/04/2024,Arthropoda,Insecta,Plecoptera,Perlodidae,Isoperla,4
5550,Moose,Moose Creek,29/04/2024,Arthropoda,Insecta,Trichoptera,Lepidostomatidae,Lepidostoma,2
5551,Moose,Moose Creek,29/04/2024,Arthropoda,Insecta,Plecoptera,Leuctridae,Leuctra,19
5552,Moose,Moose Creek,29/04/2024,Arthropoda,Insecta,Coleoptera,Elmidae,Oulimnius,10
5553,Moose,Moose Creek,29/04/2024,Arthropoda,Insecta,Diptera,Simuliidae,Simulium,15
5554,Moose,Moose Creek,29/04/2024,Arthropoda,Insecta,Plecoptera,Nemouridae,Amphinemura,15
5555,Moose,Moose Creek,29/04/2024,Arthropoda,Insecta,Plecoptera,Perlidae,Acroneuria,1
5556,Moose,Moose Creek,29/04/2024,Arthropoda,Insecta,Ephemeroptera,Baetidae,Acerpenna,2
5557,Moose,Moose Creek,29/04/2024,Arthropoda,Insecta,Ephemeroptera,Baetidae,Baetis,14
5558,Moose,Moose Creek,29/04/2024,Arthropoda,Insecta,Diptera,Ceratopogonidae,,3
5559,Moose,Moose Creek,29/04/2024,Arthropoda,Insecta,Diptera,Chironomidae,,74
5560,Moose,Moose Creek,29/04/2024,NA,NA,NA,NA,Chloroperlidae,4
5561,Moose,Moose Creek,29/04/2024,Arthropoda,Insecta,Ephemeroptera,Heptageniidae,Cinygmula,1
5562,Moose,Moose Creek,29/04/2024,Arthropoda,Insecta,Diptera,Tipulidae,Dicranota,1
5563,Moose,Moose Creek,29/04/2024,Arthropoda,Insecta,Ephemeroptera,Baetidae,Diphetor,2
5564,Moose,Moose Creek,29/04/2024,NA,NA,NA,NA,Promoresia,2
5565,Moose,Moose Creek,29/04/2024,Annelida,Oligochaeta,,,,4
5566,Moose,Moose Creek,29/04/2024,Arthropoda,Insecta,Trichoptera,Hydropsychidae,Hydropsyche,4
5567,Moose,Moose Creek,29/04/2024,Arthropoda,Insecta,Ephemeroptera,Baetidae,Acerpenna,13
5568,Moose,Moose Creek,29/04/2024,Arthropoda,Insecta,Plecoptera,Perlidae,Acroneuria,4
5569,Moose,Moose Creek,29/04/2024,Arthropoda,Insecta,Plecoptera,Nemouridae,Amphinemura,21
5570,Moose,Moose Creek,29/04/2024,Arthropoda,Insecta,Ephemeroptera,Baetidae,Baetis,17
5571,Moose,Moose Creek,29/04/2024,NA,NA,NA,NA,Cambaridae,2
5572,Moose,Moose Creek,29/04/2024,Arthropoda,Insecta,Diptera,Ceratopogonidae,,1
5573,Moose,Moose Creek,29/04/2024,Arthropoda,Insecta,Diptera,Chironomidae,,24
5574,Moose,Moose Creek,29/04/2024,Arthropoda,Insecta,Diptera,Tipulidae,Dicranota,2
5575,Moose,Moose Creek,29/04/2024,Arthropoda,Insecta,Ephemeroptera,Baetidae,Diphetor,9
5576,Moose,Moose Creek,29/04/2024,Arthropoda,Insecta,Trichoptera,Hydropsychidae,Diplectrona,18
5577,Moose,Moose Creek,29/04/2024,Arthropoda,Insecta,Trichoptera,Philopotamidae,Dolophilodes,1
5578,Moose,Moose Creek,29/04/2024,Arthropoda,Insecta,Ephemeroptera,Ephemerellidae,Drunella,20
5579,Moose,Moose Creek,29/04/2024,Arthropoda,Insecta,Ephemeroptera,Heptageniidae,Epeorus,13
5580,Moose,Moose Creek,29/04/2024,Arthropoda,Insecta,Ephemeroptera,Ephemerellidae,Ephemerella,2
5581,Moose,Moose Creek,29/04/2024,Arthropoda,Insecta,Plecoptera,Chloroperlidae,Haploperla,3
5582,Moose,Moose Creek,29/04/2024,Arthropoda,Insecta,Trichoptera,Hydropsychidae,Hydropsyche,4
5583,Moose,Moose Creek,29/04/2024,Arthropoda,Insecta,Plecoptera,Perlodidae,Isoperla,1
5584,Moose,Moose Creek,29/04/2024,Arthropoda,Insecta,Odonata,Gomphidae,Lanthus,1
5585,Moose,Moose Creek,29/04/2024,Arthropoda,Insecta,Trichoptera,Lepidostomatidae,Lepidostoma,4
5586,Moose,Moose Creek,29/04/2024,Arthropoda,Insecta,Plecoptera,Leuctridae,Leuctra,26
5587,Moose,Moose Creek,29/04/2024,Arthropoda,Insecta,Trichoptera,Uenoidae,Neophylax,1
5588,Moose,Moose Creek,29/04/2024,Arthropoda,Insecta,Diptera,Empididae,Neoplasta,1
5589,Moose,Moose Creek,29/04/2024,Annelida,Oligochaeta,,,,3
5590,Moose,Moose Creek,29/04/2024,NA,NA,NA,NA,Promoresia,1
5591,Moose,Moose Creek,29/04/2024,Arthropoda,Insecta,Coleoptera,Elmidae,Optioservus,2
5592,Moose,Moose Creek,29/04/2024,Arthropoda,Insecta,Coleoptera,Elmidae,Oulimnius,6
5593,Moose,Moose Creek,29/04/2024,Arthropoda,Insecta,Diptera,Simuliidae,Prosimulium,3
5594,Moose,Moose Creek,29/04/2024,Arthropoda,Insecta,Trichoptera,Rhyacophilidae,Rhyacophila,8
5595,Moose,Moose Creek,29/04/2024,Arthropoda,Insecta,Trichoptera,Rhyacophilidae,Rhyacophila,4
5596,Moose,Moose Creek,29/04/2024,Arthropoda,Insecta,Diptera,Simuliidae,Prosimulium,12
5597,Moose,Moose Creek,29/04/2024,Arthropoda,Insecta,Diptera,Tipulidae,Hexatoma,1
5598,Moose,Moose Creek,29/04/2024,Arthropoda,Insecta,Trichoptera,Hydropsychidae,Hydropsyche,14
5599,Moose,Moose Creek,29/04/2024,Arthropoda,Insecta,Ephemeroptera,Baetidae,Baetis,12
5600,Moose,Moose Creek,29/04/2024,Arthropoda,Insecta,Ephemeroptera,Ephemerellidae,Drunella,10
5601,Moose,Moose Creek,29/04/2024,Arthropoda,Insecta,Trichoptera,Uenoidae,Neophylax,1
5602,Moose,Moose Creek,29/04/2024,Arthropoda,Insecta,Trichoptera,Lepidostomatidae,Lepidostoma,1
5603,Moose,Moose Creek,29/04/2024,Arthropoda,Insecta,Coleoptera,Elmidae,Optioservus,1
5604,Moose,Moose Creek,29/04/2024,Arthropoda,Insecta,Ephemeroptera,Heptageniidae,Epeorus,58
5605,Moose,Moose Creek,29/04/2024,NA,NA,NA,NA,Gomphidae,1
5606,Moose,Moose Creek,29/04/2024,Arthropoda,Insecta,Ephemeroptera,Leptophlebiidae,Paraleptophlebia,1
5607,Moose,Moose Creek,29/04/2024,Arthropoda,Insecta,Plecoptera,Peltoperlidae,Peltoperla,2
5608,Moose,Moose Creek,29/04/2024,Arthropoda,Insecta,Ephemeroptera,Ephemerellidae,Eurylophella,1
5609,Moose,Moose Creek,29/04/2024,Arthropoda,Insecta,Plecoptera,Leuctridae,Leuctra,44
5610,Moose,Moose Creek,29/04/2024,Arthropoda,Insecta,Diptera,Ceratopogonidae,,1
5611,Moose,Moose Creek,29/04/2024,Arthropoda,Insecta,Plecoptera,Nemouridae,Amphinemura,28
5612,Moose,Moose Creek,29/04/2024,Arthropoda,Insecta,Diptera,Chironomidae,,9
5613,Moose,Moose Creek,29/04/2024,Arthropoda,Insecta,Plecoptera,Perlodidae,Isoperla,1
5614,Moose,Moose Creek,29/04/2024,Arthropoda,Insecta,Trichoptera,Hydropsychidae,Diplectrona,12
5615,Moose,Moose Creek,29/04/2024,NA,NA,NA,NA,Chloroperlidae,4
5616,Moose,Moose Creek,29/04/2024,Annelida,Oligochaeta,,,,2
5617,Moose,Moose Creek,29/04/2024,Arthropoda,Insecta,Ephemeroptera,Heptageniidae,Maccaffertium,1
5618,Moose,Moose Creek,29/04/2024,Arthropoda,Insecta,Coleoptera,Elmidae,Oulimnius,1
5619,Moose,Moose Creek,29/04/2024,Arthropoda,Insecta,Plecoptera,Perlidae,Acroneuria,1
5620,Moose,Moose Creek,29/04/2024,Arthropoda,Insecta,Plecoptera,Nemouridae,Amphinemura,8
5621,Moose,Moose Creek,29/04/2024,Arthropoda,Malacostraca,Decapoda,Cambaridae,Cambarus,2
5622,Moose,Moose Creek,29/04/2024,Arthropoda,Insecta,Diptera,Chironomidae,,2
5623,Moose,Moose Creek,29/04/2024,NA,NA,NA,NA,Crambidae,1
5624,Moose,Moose Creek,29/04/2024,Arthropoda,Insecta,Diptera,Tipulidae,Dicranota,1
5625,Moose,Moose Creek,29/04/2024,Arthropoda,Insecta,Trichoptera,Hydropsychidae,Diplectrona,14
5626,Moose,Moose Creek,29/04/2024,NA,NA,NA,NA,Diptera,1
5627,Moose,Moose Creek,29/04/2024,Arthropoda,Insecta,Trichoptera,Philopotamidae,Dolophilodes,1
5628,Moose,Moose Creek,29/04/2024,NA,NA,NA,NA,Heptageniidae,2
5629,Moose,Moose Creek,29/04/2024,Arthropoda,Insecta,Diptera,Tipulidae,Hexatoma,3
5630,Moose,Moose Creek,29/04/2024,Arthropoda,Insecta,Trichoptera,Hydropsychidae,Hydropsyche,12
5631,Moose,Moose Creek,29/04/2024,Arthropoda,Insecta,Odonata,Gomphidae,Lanthus,2
5632,Moose,Moose Creek,29/04/2024,Arthropoda,Insecta,Trichoptera,Lepidostomatidae,Lepidostoma,4
5633,Moose,Moose Creek,29/04/2024,Arthropoda,Insecta,Plecoptera,Leuctridae,Leuctra,10
5634,Moose,Moose Creek,29/04/2024,Arthropoda,Insecta,Ephemeroptera,Heptageniidae,Maccaffertium,6
5635,Moose,Moose Creek,29/04/2024,Arthropoda,Insecta,Trichoptera,Molannidae,Molanna,2
5636,Moose,Moose Creek,29/04/2024,Arthropoda,Insecta,Diptera,Tipulidae,Molophilus,2
5637,Moose,Moose Creek,29/04/2024,Arthropoda,Insecta,Trichoptera,Hydropsychidae,Parapsyche,1
5638,Moose,Moose Creek,29/04/2024,Arthropoda,Insecta,Plecoptera,Peltoperlidae,Peltoperla,2
5639,Moose,Moose Creek,29/04/2024,Arthropoda,Insecta,Trichoptera,Polycentropodidae,Polycentropus,1
5640,Moose,Moose Creek,29/04/2024,Arthropoda,Insecta,Trichoptera,Rhyacophilidae,Rhyacophila,6
5641,Moose,Moose Creek,29/04/2024,Arthropoda,Insecta,Plecoptera,Chloroperlidae,Sweltsa,3
5642,Moose,Moose Creek,29/04/2024,Arthropoda,Insecta,Ephemeroptera,Baetidae,Baetis,23
5643,Moose,Moose Creek,29/04/2024,Arthropoda,Insecta,Ephemeroptera,Ephemerellidae,Eurylophella,2
5644,Moose,Moose Creek,29/04/2024,Arthropoda,Insecta,Ephemeroptera,Heptageniidae,Leucrocuta,1
5645,Moose,Moose Creek,29/04/2024,Arthropoda,Insecta,Ephemeroptera,Heptageniidae,Maccaffertium,15
5646,Moose,Moose Creek,29/04/2024,Arthropoda,Insecta,Plecoptera,Capniidae,Paracapnia,14
5647,Moose,Moose Creek,29/04/2024,Arthropoda,Insecta,Plecoptera,Chloroperlidae,Sweltsa,11
5648,Moose,Moose Creek,29/04/2024,Arthropoda,Insecta,Plecoptera,Leuctridae,Leuctra,26
5649,Moose,Moose Creek,29/04/2024,Arthropoda,Insecta,Plecoptera,Perlidae,Acroneuria,1
5650,Moose,Moose Creek,29/04/2024,Arthropoda,Insecta,Trichoptera,Hydropsychidae,Ceratopsyche,8
5651,Moose,Moose Creek,29/04/2024,Arthropoda,Insecta,Trichoptera,Hydropsychidae,Diplectrona,32
5652,Moose,Moose Creek,29/04/2024,Arthropoda,Insecta,Trichoptera,Lepidostomatidae,Lepidostoma,1
5653,Moose,Moose Creek,29/04/2024,Arthropoda,Insecta,Trichoptera,Molannidae,Molanna,1
5654,Moose,Moose Creek,29/04/2024,Arthropoda,Insecta,Trichoptera,Philopotamidae,Dolophilodes,22
5655,Moose,Moose Creek,29/04/2024,Arthropoda,Insecta,Trichoptera,Polycentropodidae,Polycentropus,2
5656,Moose,Moose Creek,29/04/2024,Arthropoda,Insecta,Trichoptera,Rhyacophilidae,Rhyacophila,21
5657,Moose,Moose Creek,29/04/2024,NA,NA,NA,NA,Gomphidae,1
5658,Moose,Moose Creek,29/04/2024,Arthropoda,Insecta,Coleoptera,Elmidae,Oulimnius,2
5659,Moose,Moose Creek,29/04/2024,Arthropoda,Insecta,Diptera,Ceratopogonidae,,1
5660,Moose,Moose Creek,29/04/2024,Arthropoda,Insecta,Diptera,Chironomidae,,18
5661,Moose,Moose Creek,29/04/2024,Arthropoda,Insecta,Diptera,Dixidae,Dixa,1
5662,Moose,Moose Creek,29/04/2024,Arthropoda,Insecta,Diptera,Simuliidae,Simulium,1
5663,Moose,Moose Creek,29/04/2024,Arthropoda,Insecta,Diptera,Tipulidae,Dicranota,2
5664,Moose,Moose Creek,29/04/2024,Arthropoda,Insecta,Diptera,Tipulidae,Hexatoma,4
5665,Moose,Moose Creek,29/04/2024,Arthropoda,Insecta,Diptera,Tipulidae,Limnophila,1
5666,Moose,Moose Creek,29/04/2024,Arthropoda,Insecta,Diptera,Tipulidae,Pseudolimnophila,1
5667,Moose,Moose Creek,29/04/2024,Arthropoda,Insecta,Diptera,Tipulidae,Tipula,1
5668,Moose,Moose Creek,29/04/2024,Annelida,Oligochaeta,,,,2
5669,Moose,Moose Creek,29/04/2024,Arthropoda,Insecta,Ephemeroptera,Baetidae,Baetis,8
5670,Moose,Moose Creek,29/04/2024,Arthropoda,Insecta,Ephemeroptera,Heptageniidae,Epeorus,17
5671,Moose,Moose Creek,29/04/2024,Arthropoda,Insecta,Ephemeroptera,Heptageniidae,Maccaffertium,6
5672,Moose,Moose Creek,29/04/2024,Arthropoda,Insecta,Ephemeroptera,Heptageniidae,Stenacron,1
5673,Moose,Moose Creek,29/04/2024,Arthropoda,Insecta,Plecoptera,Capniidae,Paracapnia,14
5674,Moose,Moose Creek,29/04/2024,Arthropoda,Insecta,Plecoptera,Chloroperlidae,Sweltsa,3
5675,Moose,Moose Creek,29/04/2024,Arthropoda,Insecta,Plecoptera,Leuctridae,Leuctra,26
5676,Moose,Moose Creek,29/04/2024,Arthropoda,Insecta,Plecoptera,Nemouridae,Amphinemura,2
5677,Moose,Moose Creek,29/04/2024,Arthropoda,Insecta,Plecoptera,Perlidae,Acroneuria,4
5678,Moose,Moose Creek,29/04/2024,Arthropoda,Insecta,Plecoptera,Perlodidae,Cultus,2
5679,Moose,Moose Creek,29/04/2024,Arthropoda,Insecta,Plecoptera,Perlodidae,Isoperla,1
5680,Moose,Moose Creek,29/04/2024,Arthropoda,Insecta,Plecoptera,Taeniopterygidae,Taeniopteryx,6
5681,Moose,Moose Creek,29/04/2024,Arthropoda,Insecta,Trichoptera,Hydropsychidae,Ceratopsyche,6
5682,Moose,Moose Creek,29/04/2024,Arthropoda,Insecta,Trichoptera,Hydropsychidae,Diplectrona,31
5683,Moose,Moose Creek,29/04/2024,Arthropoda,Insecta,Trichoptera,Philopotamidae,Dolophilodes,16
5684,Moose,Moose Creek,29/04/2024,Arthropoda,Insecta,Trichoptera,Polycentropodidae,Polycentropus,1
5685,Moose,Moose Creek,29/04/2024,Arthropoda,Insecta,Trichoptera,Rhyacophilidae,Rhyacophila,15
5686,Moose,Moose Creek,29/04/2024,Arthropoda,Insecta,Odonata,Gomphidae,Lanthus,3
5687,Moose,Moose Creek,29/04/2024,Arthropoda,Insecta,Coleoptera,Elmidae,Oulimnius,2
5688,Moose,Moose Creek,29/04/2024,Arthropoda,Insecta,Diptera,Chironomidae,,39
5689,Moose,Moose Creek,29/04/2024,Arthropoda,Insecta,Diptera,Simuliidae,Simulium,1
5690,Moose,Moose Creek,29/04/2024,Arthropoda,Insecta,Diptera,Tipulidae,Dicranota,1
5691,Moose,Moose Creek,29/04/2024,Arthropoda,Insecta,Diptera,Tipulidae,Hexatoma,1
5692,Moose,Moose Creek,29/04/2024,NA,NA,NA,NA,Nematoda,1
5693,Moose,Moose Creek,29/04/2024,Annelida,Oligochaeta,,,,4
5694,Moose,Moose Creek,29/04/2024,Arthropoda,Insecta,Ephemeroptera,Heptageniidae,Epeorus,34
5695,Moose,Moose Creek,29/04/2024,Arthropoda,Insecta,Ephemeroptera,Heptageniidae,Maccaffertium,1
5696,Moose,Moose Creek,29/04/2024,Arthropoda,Insecta,Plecoptera,Capniidae,Paracapnia,21
5697,Moose,Moose Creek,29/04/2024,Arthropoda,Insecta,Plecoptera,Chloroperlidae,Sweltsa,7
5698,Moose,Moose Creek,29/04/2024,Arthropoda,Insecta,Plecoptera,Leuctridae,Leuctra,61
5699,Moose,Moose Creek,29/04/2024,Arthropoda,Insecta,Plecoptera,Nemouridae,Amphinemura,4
5700,Moose,Moose Creek,29/04/2024,NA,NA,NA,NA,Taeniopterygidae,2
5701,Moose,Moose Creek,29/04/2024,Arthropoda,Insecta,Plecoptera,Taeniopterygidae,Taeniopteryx,1
5702,Moose,Moose Creek,29/04/2024,Arthropoda,Insecta,Trichoptera,Hydropsychidae,Ceratopsyche,8
5703,Moose,Moose Creek,29/04/2024,Arthropoda,Insecta,Trichoptera,Hydropsychidae,Diplectrona,14
5704,Moose,Moose Creek,29/04/2024,Arthropoda,Insecta,Ephemeroptera,Baetidae,Baetis,18
5705,Moose,Moose Creek,29/04/2024,Arthropoda,Insecta,Trichoptera,Philopotamidae,Dolophilodes,17
5706,Moose,Moose Creek,29/04/2024,Arthropoda,Insecta,Trichoptera,Polycentropodidae,Polycentropus,1
5707,Moose,Moose Creek,29/04/2024,Arthropoda,Insecta,Trichoptera,Rhyacophilidae,Rhyacophila,8
5708,Moose,Moose Creek,29/04/2024,Arthropoda,Insecta,Coleoptera,Elmidae,Oulimnius,2
5709,Moose,Moose Creek,29/04/2024,NA,NA,NA,NA,Promoresia,1
5710,Moose,Moose Creek,29/04/2024,Arthropoda,Insecta,Diptera,Chironomidae,,12
5711,Moose,Moose Creek,29/04/2024,Arthropoda,Insecta,Diptera,Tipulidae,Dicranota,1
5712,Moose,Moose Creek,29/04/2024,Arthropoda,Insecta,Diptera,Tipulidae,Hexatoma,2
5713,Moose,Moose Creek,29/04/2024,Annelida,Oligochaeta,,,,7
5714,Moose,Moose Creek,29/04/2024,Arthropoda,Insecta,Ephemeroptera,Baetidae,Baetis,16
5715,Moose,Moose Creek,29/04/2024,Arthropoda,Insecta,Ephemeroptera,Ephemerellidae,Eurylophella,1
5716,Moose,Moose Creek,29/04/2024,Arthropoda,Insecta,Ephemeroptera,Heptageniidae,Epeorus,1
5717,Moose,Moose Creek,29/04/2024,Arthropoda,Insecta,Ephemeroptera,Heptageniidae,Maccaffertium,5
5718,Moose,Moose Creek,29/04/2024,Arthropoda,Insecta,Plecoptera,Capniidae,Paracapnia,17
5719,Moose,Moose Creek,29/04/2024,Arthropoda,Insecta,Plecoptera,Chloroperlidae,Sweltsa,5
5720,Moose,Moose Creek,29/04/2024,Arthropoda,Insecta,Plecoptera,Leuctridae,Leuctra,23
5721,Moose,Moose Creek,29/04/2024,Arthropoda,Insecta,Plecoptera,Peltoperlidae,Peltoperla,1
5722,Moose,Moose Creek,29/04/2024,Arthropoda,Insecta,Plecoptera,Taeniopterygidae,Taeniopteryx,6
5723,Moose,Moose Creek,29/04/2024,Arthropoda,Insecta,Trichoptera,Brachycentridae,Adicrophleps,1
5724,Moose,Moose Creek,29/04/2024,Arthropoda,Insecta,Trichoptera,Hydropsychidae,Ceratopsyche,40
5725,Moose,Moose Creek,29/04/2024,Arthropoda,Insecta,Trichoptera,Hydropsychidae,Diplectrona,17
5726,Moose,Moose Creek,29/04/2024,NA,NA,NA,NA,Limnephilidae,3
5727,Moose,Moose Creek,29/04/2024,Arthropoda,Insecta,Trichoptera,Philopotamidae,Dolophilodes,22
5728,Moose,Moose Creek,29/04/2024,Arthropoda,Insecta,Trichoptera,Philopotamidae,Wormaldia,4
5729,Moose,Moose Creek,29/04/2024,Arthropoda,Insecta,Trichoptera,Rhyacophilidae,Rhyacophila,16
5730,Moose,Moose Creek,29/04/2024,Arthropoda,Insecta,Odonata,Gomphidae,Lanthus,2
5731,Moose,Moose Creek,29/04/2024,Arthropoda,Insecta,Coleoptera,Elmidae,Oulimnius,4
5732,Moose,Moose Creek,29/04/2024,NA,NA,NA,NA,Promoresia,1
5733,Moose,Moose Creek,29/04/2024,Arthropoda,Insecta,Diptera,Chironomidae,,9
5734,Moose,Moose Creek,29/04/2024,Arthropoda,Insecta,Diptera,Empididae,Hemerodromia,1
5735,Moose,Moose Creek,29/04/2024,Arthropoda,Insecta,Diptera,Simuliidae,Simulium,4
5736,Moose,Moose Creek,29/04/2024,Arthropoda,Insecta,Diptera,Tipulidae,Antocha,1
5737,Moose,Moose Creek,29/04/2024,Arthropoda,Insecta,Diptera,Tipulidae,Dicranota,6
5738,Moose,Moose Creek,29/04/2024,Arthropoda,Insecta,Diptera,Tipulidae,Hexatoma,2
5739,Moose,Moose Creek,29/04/2024,NA,NA,NA,NA,Nematoda,1
5740,Moose,Moose Creek,29/04/2024,Annelida,Oligochaeta,,,,2
5741,Moose,Moose Creek,29/04/2024,Arthropoda,Insecta,Diptera,Tipulidae,Antocha,1
5742,Moose,Moose Creek,29/04/2024,Arthropoda,Insecta,Trichoptera,Hydropsychidae,Ceratopsyche,8
5743,Moose,Moose Creek,29/04/2024,Arthropoda,Insecta,Trichoptera,Hydropsychidae,Parapsyche,1
5744,Moose,Moose Creek,29/04/2024,Arthropoda,Insecta,Trichoptera,Lepidostomatidae,Lepidostoma,26
5745,Moose,Moose Creek,29/04/2024,Arthropoda,Insecta,Trichoptera,Philopotamidae,Dolophilodes,1
5746,Moose,Moose Creek,29/04/2024,Arthropoda,Insecta,Trichoptera,Rhyacophilidae,Rhyacophila,7
5747,Moose,Moose Creek,29/04/2024,Arthropoda,Insecta,Diptera,Tipulidae,Dicranota,1
5748,Moose,Moose Creek,29/04/2024,Annelida,Oligochaeta,,,,4
5749,Moose,Moose Creek,29/04/2024,Arthropoda,Insecta,Coleoptera,Elmidae,Oulimnius,2
5750,Moose,Moose Creek,29/04/2024,Arthropoda,Insecta,Diptera,Simuliidae,Prosimulium,4
5751,Moose,Moose Creek,29/04/2024,Arthropoda,Insecta,Diptera,Chironomidae,,19
5752,Moose,Moose Creek,29/04/2024,Arthropoda,Insecta,Plecoptera,Leuctridae,Leuctra,57
5753,Moose,Moose Creek,29/04/2024,Arthropoda,Insecta,Trichoptera,Philopotamidae,Wormaldia,1
5754,Moose,Moose Creek,29/04/2024,NA,NA,NA,NA,Promoresia,1
5755,Moose,Moose Creek,29/04/2024,Arthropoda,Insecta,Plecoptera,Perlodidae,Isoperla,1
5756,Moose,Moose Creek,29/04/2024,Mollusca,Bivalvia,Sphaeriida,Sphaeriidae,,1
5757,Moose,Moose Creek,29/04/2024,Arthropoda,Insecta,Ephemeroptera,Ephemerellidae,Drunella,1
5758,Moose,Moose Creek,29/04/2024,Arthropoda,Insecta,Ephemeroptera,Heptageniidae,Epeorus,19
5759,Moose,Moose Creek,29/04/2024,Arthropoda,Insecta,Plecoptera,Perlodidae,Diploperla,1
5760,Moose,Moose Creek,29/04/2024,Arthropoda,Insecta,Plecoptera,Perlidae,Acroneuria,1
5761,Moose,Moose Creek,29/04/2024,Arthropoda,Insecta,Plecoptera,Nemouridae,Amphinemura,29
5762,Moose,Moose Creek,29/04/2024,Arthropoda,Insecta,Ephemeroptera,Ephemerellidae,Eurylophella,3
5763,Moose,Moose Creek,29/04/2024,Arthropoda,Insecta,Plecoptera,Chloroperlidae,Haploperla,1
5764,Moose,Moose Creek,29/04/2024,Arthropoda,Insecta,Trichoptera,Hydropsychidae,Diplectrona,6
5765,Moose,Moose Creek,29/04/2024,Arthropoda,Insecta,Ephemeroptera,Heptageniidae,Maccaffertium,5
5766,Moose,Moose Creek,29/04/2024,Arthropoda,Insecta,Diptera,Tipulidae,Hexatoma,3
5767,Moose,Moose Creek,29/04/2024,Arthropoda,Insecta,Ephemeroptera,Baetidae,Baetis,4
5768,Moose,Moose Creek,29/04/2024,Arthropoda,Insecta,Diptera,Empididae,Oreogeton,1
5769,Moose,Moose Creek,29/04/2024,NA,NA,NA,NA,Gomphidae,1
5770,Moose,Moose Creek,29/04/2024,Arthropoda,Insecta,Plecoptera,Chloroperlidae,Sweltsa,2
5771,Moose,Moose Creek,29/04/2024,Arthropoda,Insecta,Plecoptera,Nemouridae,Amphinemura,63
5772,Moose,Moose Creek,29/04/2024,Arthropoda,Insecta,Trichoptera,Lepidostomatidae,Lepidostoma,12
5773,Moose,Moose Creek,29/04/2024,Arthropoda,Insecta,Ephemeroptera,Ephemerellidae,Eurylophella,2
5774,Moose,Moose Creek,29/04/2024,Arthropoda,Insecta,Odonata,Gomphidae,Lanthus,2
5775,Moose,Moose Creek,29/04/2024,Arthropoda,Insecta,Plecoptera,Peltoperlidae,Peltoperla,3
5776,Moose,Moose Creek,29/04/2024,Arthropoda,Insecta,Plecoptera,Perlidae,Acroneuria,3
5777,Moose,Moose Creek,29/04/2024,Arthropoda,Insecta,Trichoptera,Hydropsychidae,Ceratopsyche,5
5778,Moose,Moose Creek,29/04/2024,Arthropoda,Insecta,Trichoptera,Hydropsychidae,Diplectrona,10
5779,Moose,Moose Creek,29/04/2024,Arthropoda,Insecta,Trichoptera,Hydropsychidae,Hydropsyche,2
5780,Moose,Moose Creek,29/04/2024,Arthropoda,Insecta,Trichoptera,Hydropsychidae,Parapsyche,1
5781,Moose,Moose Creek,29/04/2024,Arthropoda,Insecta,Plecoptera,Leuctridae,Leuctra,65
5782,Moose,Moose Creek,29/04/2024,Arthropoda,Insecta,Ephemeroptera,Baetidae,Baetis,1
5783,Moose,Moose Creek,29/04/2024,Arthropoda,Malacostraca,Decapoda,Cambaridae,Cambarus,2
5784,Moose,Moose Creek,29/04/2024,NA,NA,NA,NA,Nematoda,1
5785,Moose,Moose Creek,29/04/2024,Arthropoda,Insecta,Diptera,Tipulidae,Dicranota,1
5786,Moose,Moose Creek,29/04/2024,Arthropoda,Insecta,Diptera,Tipulidae,Hexatoma,1
5787,Moose,Moose Creek,29/04/2024,Arthropoda,Insecta,Diptera,Simuliidae,Prosimulium,1
5788,Moose,Moose Creek,29/04/2024,Arthropoda,Insecta,Diptera,Chironomidae,,8
5789,Moose,Moose Creek,29/04/2024,Arthropoda,Insecta,Coleoptera,Elmidae,Oulimnius,1
5790,Moose,Moose Creek,29/04/2024,Arthropoda,Insecta,Plecoptera,Chloroperlidae,Haploperla,2
5791,Moose,Moose Creek,29/04/2024,Arthropoda,Insecta,Trichoptera,Rhyacophilidae,Rhyacophila,1
5792,Moose,Moose Creek,29/04/2024,Arthropoda,Insecta,Ephemeroptera,Baetidae,Baetis,2
5793,Moose,Moose Creek,29/04/2024,Arthropoda,Insecta,Diptera,Chironomidae,,19
5794,Moose,Moose Creek,29/04/2024,NA,NA,NA,NA,Chloroperlidae,6
5795,Moose,Moose Creek,29/04/2024,Arthropoda,Insecta,Trichoptera,Philopotamidae,Dolophilodes,2
5796,Moose,Moose Creek,29/04/2024,Arthropoda,Insecta,Diptera,Tipulidae,Hexatoma,3
5797,Moose,Moose Creek,29/04/2024,Arthropoda,Insecta,Trichoptera,Lepidostomatidae,Lepidostoma,1
5798,Moose,Moose Creek,29/04/2024,Arthropoda,Insecta,Ephemeroptera,Heptageniidae,Leucrocuta,1
5799,Moose,Moose Creek,29/04/2024,Arthropoda,Insecta,Plecoptera,Taeniopterygidae,Oemopteryx,1
5800,Moose,Moose Creek,29/04/2024,Arthropoda,Insecta,Diptera,Simuliidae,Prosimulium,2
5801,Moose,Moose Creek,29/04/2024,Arthropoda,Insecta,Plecoptera,Nemouridae,Amphinemura,57
5802,Moose,Moose Creek,29/04/2024,Arthropoda,Insecta,Trichoptera,Hydropsychidae,Ceratopsyche,3
5803,Moose,Moose Creek,29/04/2024,Arthropoda,Insecta,Trichoptera,Hydropsychidae,Diplectrona,9
5804,Moose,Moose Creek,29/04/2024,Arthropoda,Insecta,Ephemeroptera,Ephemerellidae,Drunella,2
5805,Moose,Moose Creek,29/04/2024,Arthropoda,Insecta,Ephemeroptera,Heptageniidae,Epeorus,20
5806,Moose,Moose Creek,29/04/2024,Arthropoda,Insecta,Plecoptera,Leuctridae,Leuctra,44
5807,Moose,Moose Creek,29/04/2024,Arthropoda,Insecta,Ephemeroptera,Heptageniidae,Maccaffertium,6
5808,Moose,Moose Creek,29/04/2024,NA,NA,NA,NA,Nematoda,1
5809,Moose,Moose Creek,29/04/2024,Annelida,Oligochaeta,,,,3
5810,Moose,Moose Creek,29/04/2024,Arthropoda,Insecta,Coleoptera,Elmidae,Oulimnius,2
5811,Moose,Moose Creek,29/04/2024,Arthropoda,Insecta,Trichoptera,Polycentropodidae,Polycentropus,2
5812,Moose,Moose Creek,29/04/2024,Arthropoda,Insecta,Trichoptera,Rhyacophilidae,Rhyacophila,12
5813,Moose,Moose Creek,29/04/2024,Arthropoda,Insecta,Ephemeroptera,Heptageniidae,Stenacron,1
5814,Moose,Moose Creek,29/04/2024,Arthropoda,Insecta,Plecoptera,Chloroperlidae,Sweltsa,2
5815,Moose,Moose Creek,29/04/2024,Arthropoda,Insecta,Diptera,Tipulidae,Tipula,1
5816,Moose,Moose Creek,29/04/2024,Arthropoda,Insecta,Trichoptera,Philopotamidae,Wormaldia,1
5817,PINE,Pine Creek,10/04/2025,Arthropoda,Arachnida,Hydracarina,,,2
5818,PINE,Pine Creek,10/04/2025,Annelida,Oligochaeta,,,,2
5819,PINE,Pine Creek,10/04/2025,Arthropoda,Insecta,Diptera,Tipulidae,Hexatoma,1
5820,PINE,Pine Creek,10/04/2025,Arthropoda,Insecta,Trichoptera,Hydropsychidae,Hydropsyche,6
5821,PINE,Pine Creek,10/04/2025,Arthropoda,Insecta,Ephemeroptera,Heptageniidae,Rhithrogena,1
5822,PINE,Pine Creek,10/04/2025,NA,NA,NA,NA,Leptophlebiidae,3
5823,PINE,Pine Creek,10/04/2025,Arthropoda,Insecta,Trichoptera,Odontoceridae,Psilotreta,3
5824,PINE,Pine Creek,10/04/2025,Arthropoda,Insecta,Plecoptera,Leuctridae,Leuctra,14
5825,PINE,Pine Creek,10/04/2025,NA,NA,NA,NA,Nematoda,2
5826,PINE,Pine Creek,10/04/2025,Arthropoda,Insecta,Diptera,Simuliidae,Simulium,5
5827,PINE,Pine Creek,10/04/2025,Arthropoda,Insecta,Trichoptera,Uenoidae,Neophylax,8
5828,PINE,Pine Creek,10/04/2025,Arthropoda,Insecta,Ephemeroptera,Ephemerellidae,Ephemerella,27
5829,PINE,Pine Creek,10/04/2025,NA,NA,NA,NA,Promoresia,2
5830,PINE,Pine Creek,10/04/2025,Arthropoda,Insecta,Coleoptera,Elmidae,Optioservus,20
5831,PINE,Pine Creek,10/04/2025,Arthropoda,Insecta,Coleoptera,Elmidae,Oulimnius,11
5832,PINE,Pine Creek,10/04/2025,Arthropoda,Insecta,Plecoptera,Perlidae,Paragnetina,1
5833,PINE,Pine Creek,10/04/2025,Mollusca,Bivalvia,Veneroida,Pisidiidae,Pisidium,1
5834,PINE,Pine Creek,10/04/2025,NA,NA,NA,NA,Polycentropodidae,3
5835,PINE,Pine Creek,10/04/2025,Arthropoda,Insecta,Plecoptera,Perlodidae,Isoperla,1
5836,PINE,Pine Creek,10/04/2025,Arthropoda,Insecta,Ephemeroptera,Leptophlebiidae,Paraleptophlebia,1
5837,PINE,Pine Creek,10/04/2025,Arthropoda,Insecta,Trichoptera,Rhyacophilidae,Rhyacophila,3
5838,PINE,Pine Creek,10/04/2025,Arthropoda,Insecta,Ephemeroptera,Baetidae,Acerpenna,1
5839,PINE,Pine Creek,10/04/2025,Arthropoda,Insecta,Ephemeroptera,Baetidae,Acentrella,7
5840,PINE,Pine Creek,10/04/2025,Arthropoda,Insecta,Ephemeroptera,Baetidae,Baetis,4
5841,PINE,Pine Creek,10/04/2025,Arthropoda,Insecta,Diptera,Tipulidae,Antocha,3
5842,PINE,Pine Creek,10/04/2025,Arthropoda,Insecta,Diptera,Ceratopogonidae,,3
5843,PINE,Pine Creek,10/04/2025,Arthropoda,Insecta,Trichoptera,Hydropsychidae,Cheumatopsyche,8
5844,PINE,Pine Creek,10/04/2025,Arthropoda,Insecta,Diptera,Chironomidae,,20
5845,PINE,Pine Creek,10/04/2025,Arthropoda,Insecta,Ephemeroptera,Leptophlebiidae,Habrophlebiodes,1
5846,PINE,Pine Creek,10/04/2025,Arthropoda,Insecta,Ephemeroptera,Heptageniidae,Epeorus,4
5847,PINE,Pine Creek,10/04/2025,Arthropoda,Insecta,Ephemeroptera,Ephemerellidae,Eurylophella,1
5848,PINE,Pine Creek,10/04/2025,Arthropoda,Insecta,Ephemeroptera,Ephemerellidae,Teloganopsis,3
5849,PINE,Pine Creek,10/04/2025,Arthropoda,Insecta,Ephemeroptera,Baetidae,Diphetor,1
5850,PINE,Pine Creek,10/04/2025,Arthropoda,Insecta,Coleoptera,Psephenidae,Psephenus,1
5851,PINE,Pine Creek,10/04/2025,Arthropoda,Insecta,Ephemeroptera,Heptageniidae,Leucrocuta,1
5852,PINE,Pine Creek,10/04/2025,NA,NA,NA,NA,Chloroperlidae,1
5853,PINE,Pine Creek,10/04/2025,Arthropoda,Insecta,Ephemeroptera,Heptageniidae,Cinygmula,3
5854,PINE,Pine Creek,10/04/2025,Arthropoda,Insecta,Ephemeroptera,Ephemerellidae,Drunella,12
5855,PINE,Pine Creek,10/04/2025,Arthropoda,Insecta,Trichoptera,Glossosomatidae,Agapetus,2
5856,PINE,Pine Creek,10/04/2025,Arthropoda,Insecta,Plecoptera,Perlidae,Agnetina,3
5857,PINE,Pine Creek,10/04/2025,Arthropoda,Insecta,Trichoptera,Hydropsychidae,Hydropsyche,3
5858,PINE,Pine Creek,10/04/2025,Arthropoda,Insecta,Ephemeroptera,Ephemerellidae,Teloganopsis,3
5859,PINE,Pine Creek,10/04/2025,Arthropoda,Insecta,Plecoptera,Chloroperlidae,Sweltsa,1
5860,PINE,Pine Creek,10/04/2025,Arthropoda,Insecta,Trichoptera,Rhyacophilidae,Rhyacophila,1
5861,PINE,Pine Creek,10/04/2025,Arthropoda,Insecta,Ephemeroptera,Heptageniidae,Rhithrogena,2
5862,PINE,Pine Creek,10/04/2025,Arthropoda,Insecta,Diptera,Simuliidae,Prosimulium,1
5863,PINE,Pine Creek,10/04/2025,Arthropoda,Insecta,Coleoptera,Elmidae,Oulimnius,5
5864,PINE,Pine Creek,10/04/2025,Arthropoda,Insecta,Coleoptera,Elmidae,Optioservus,3
5865,PINE,Pine Creek,10/04/2025,Annelida,Oligochaeta,,,,2
5866,PINE,Pine Creek,10/04/2025,Arthropoda,Insecta,Diptera,Empididae,Neoplasta,2
5867,PINE,Pine Creek,10/04/2025,Arthropoda,Insecta,Ephemeroptera,Leptophlebiidae,Paraleptophlebia,16
5868,PINE,Pine Creek,10/04/2025,Arthropoda,Insecta,Ephemeroptera,Heptageniidae,Maccaffertium,1
5869,PINE,Pine Creek,10/04/2025,Arthropoda,Insecta,Plecoptera,Leuctridae,Leuctra,14
5870,PINE,Pine Creek,10/04/2025,Arthropoda,Arachnida,Hydracarina,,,1
5871,PINE,Pine Creek,10/04/2025,Arthropoda,Insecta,Plecoptera,Perlodidae,Isoperla,3
5872,PINE,Pine Creek,10/04/2025,Arthropoda,Insecta,Ephemeroptera,Heptageniidae,Epeorus,12
5873,PINE,Pine Creek,10/04/2025,Arthropoda,Insecta,Diptera,Empididae,Hemerodromia,2
5874,PINE,Pine Creek,10/04/2025,Arthropoda,Insecta,Ephemeroptera,Ephemerellidae,Ephemerella,1
5875,PINE,Pine Creek,10/04/2025,Arthropoda,Insecta,Ephemeroptera,Ephemerellidae,Drunella,2
5876,PINE,Pine Creek,10/04/2025,Arthropoda,Insecta,Ephemeroptera,Baetidae,Diphetor,3
5877,PINE,Pine Creek,10/04/2025,Arthropoda,Insecta,Ephemeroptera,Heptageniidae,Cinygmula,2
5878,PINE,Pine Creek,10/04/2025,Arthropoda,Insecta,Diptera,Chironomidae,,82
5879,PINE,Pine Creek,10/04/2025,Arthropoda,Insecta,Trichoptera,Hydropsychidae,Cheumatopsyche,5
5880,PINE,Pine Creek,10/04/2025,Arthropoda,Insecta,Diptera,Ceratopogonidae,,1
5881,PINE,Pine Creek,10/04/2025,Arthropoda,Insecta,Ephemeroptera,Baetidae,Baetis,42
5882,PINE,Pine Creek,10/04/2025,Arthropoda,Insecta,Plecoptera,Perlidae,Agnetina,4
5883,PINE,Pine Creek,10/04/2025,Arthropoda,Insecta,Ephemeroptera,Baetidae,Acentrella,1
5884,PINE,Pine Creek,10/04/2025,Arthropoda,Insecta,Ephemeroptera,Heptageniidae,Leucrocuta,1
5885,PINE,Pine Creek,10/04/2025,Arthropoda,Insecta,Trichoptera,Philopotamidae,Dolophilodes,2
5886,PINE,Pine Creek,10/04/2025,Arthropoda,Insecta,Ephemeroptera,Baetidae,Acentrella,13
5887,PINE,Pine Creek,10/04/2025,Arthropoda,Insecta,Plecoptera,Perlidae,Acroneuria,1
5888,PINE,Pine Creek,10/04/2025,Arthropoda,Insecta,Plecoptera,Perlidae,Agnetina,3
5889,PINE,Pine Creek,10/04/2025,Arthropoda,Insecta,Diptera,Tipulidae,Antocha,1
5890,PINE,Pine Creek,10/04/2025,Arthropoda,Insecta,Ephemeroptera,Baetidae,Baetis,64
5891,PINE,Pine Creek,10/04/2025,Arthropoda,Insecta,Trichoptera,Hydropsychidae,Cheumatopsyche,3
5892,PINE,Pine Creek,10/04/2025,Arthropoda,Insecta,Diptera,Chironomidae,,24
5893,PINE,Pine Creek,10/04/2025,NA,NA,NA,NA,Chloroperlidae,1
5894,PINE,Pine Creek,10/04/2025,Arthropoda,Insecta,Ephemeroptera,Heptageniidae,Cinygmula,5
5895,PINE,Pine Creek,10/04/2025,Arthropoda,Insecta,Diptera,Tipulidae,Dicranota,1
5896,PINE,Pine Creek,10/04/2025,Arthropoda,Insecta,Ephemeroptera,Baetidae,Diphetor,3
5897,PINE,Pine Creek,10/04/2025,Arthropoda,Insecta,Trichoptera,Philopotamidae,Dolophilodes,1
5898,PINE,Pine Creek,10/04/2025,Arthropoda,Insecta,Ephemeroptera,Ephemerellidae,Drunella,9
5899,PINE,Pine Creek,10/04/2025,Arthropoda,Insecta,Ephemeroptera,Heptageniidae,Epeorus,9
5900,PINE,Pine Creek,10/04/2025,Arthropoda,Insecta,Ephemeroptera,Ephemerellidae,Ephemerella,8
5901,PINE,Pine Creek,10/04/2025,Arthropoda,Insecta,Diptera,Tipulidae,Hexatoma,1
5902,PINE,Pine Creek,10/04/2025,Arthropoda,Insecta,Trichoptera,Hydropsychidae,Hydropsyche,5
5903,PINE,Pine Creek,10/04/2025,NA,NA,NA,NA,Leptophlebiidae,6
5904,PINE,Pine Creek,10/04/2025,Arthropoda,Insecta,Ephemeroptera,Heptageniidae,Leucrocuta,2
5905,PINE,Pine Creek,10/04/2025,Arthropoda,Insecta,Plecoptera,Leuctridae,Leuctra,14
5906,PINE,Pine Creek,10/04/2025,Arthropoda,Insecta,Ephemeroptera,Leptophlebiidae,Paraleptophlebia,15
5907,PINE,Pine Creek,10/04/2025,Arthropoda,Insecta,Trichoptera,Uenoidae,Neophylax,3
5908,PINE,Pine Creek,10/04/2025,Arthropoda,Insecta,Diptera,Empididae,Neoplasta,2
5909,PINE,Pine Creek,10/04/2025,Annelida,Oligochaeta,,,,1
5910,PINE,Pine Creek,10/04/2025,NA,NA,NA,NA,Promoresia,3
5911,PINE,Pine Creek,10/04/2025,Arthropoda,Insecta,Coleoptera,Elmidae,Optioservus,6
5912,PINE,Pine Creek,10/04/2025,Arthropoda,Insecta,Coleoptera,Elmidae,Oulimnius,4
5913,PINE,Pine Creek,10/04/2025,Arthropoda,Insecta,Plecoptera,Perlidae,Paragnetina,2
5914,PINE,Pine Creek,10/04/2025,Arthropoda,Insecta,Trichoptera,Rhyacophilidae,Rhyacophila,2
5915,PINE,Pine Creek,10/04/2025,Arthropoda,Insecta,Diptera,Simuliidae,Simulium,13
5916,PINE,Pine Creek,10/04/2025,Mollusca,Bivalvia,Sphaeriida,Sphaeriidae,,1
5917,PINE,Pine Creek,10/04/2025,Arthropoda,Insecta,Ephemeroptera,Ephemerellidae,Teloganopsis,2
5918,PINE,Pine Creek,10/04/2025,Arthropoda,Arachnida,Hydracarina,,,2
5919,PLES,Pleasant Stream,27/04/2023,Arthropoda,Insecta,Ephemeroptera,Ephemerellidae,Teloganopsis,6
5920,PLES,Pleasant Stream,27/04/2023,NA,NA,NA,NA,Leptophlebiidae,11
5921,PLES,Pleasant Stream,27/04/2023,Arthropoda,Insecta,Plecoptera,Chloroperlidae,Haploperla,1
5922,PLES,Pleasant Stream,27/04/2023,Arthropoda,Insecta,Ephemeroptera,Heptageniidae,Cinygmula,20
5923,PLES,Pleasant Stream,27/04/2023,Arthropoda,Insecta,Trichoptera,Hydropsychidae,Hydropsyche,1
5924,PLES,Pleasant Stream,27/04/2023,NA,NA,NA,NA,Nematoda,1
5925,PLES,Pleasant Stream,27/04/2023,Arthropoda,Insecta,Diptera,Tipulidae,Cryptolabis,1
5926,PLES,Pleasant Stream,27/04/2023,Arthropoda,Insecta,Plecoptera,Perlidae,Agnetina,1
5927,PLES,Pleasant Stream,27/04/2023,Arthropoda,Insecta,Diptera,Tipulidae,Antocha,1
5928,PLES,Pleasant Stream,27/04/2023,Arthropoda,Insecta,Diptera,Ceratopogonidae,,1
5929,PLES,Pleasant Stream,27/04/2023,Arthropoda,Insecta,Trichoptera,Hydropsychidae,Cheumatopsyche,1
5930,PLES,Pleasant Stream,27/04/2023,Arthropoda,Insecta,Diptera,Simuliidae,Simulium,1
5931,PLES,Pleasant Stream,27/04/2023,Arthropoda,Insecta,Diptera,Tipulidae,Hexatoma,2
5932,PLES,Pleasant Stream,27/04/2023,Arthropoda,Insecta,Ephemeroptera,Isonychiidae,Isonychia,3
5933,PLES,Pleasant Stream,27/04/2023,Arthropoda,Insecta,Diptera,Empididae,Hemerodromia,1
5934,PLES,Pleasant Stream,27/04/2023,Arthropoda,Insecta,Plecoptera,Perlodidae,Cultus,1
5935,PLES,Pleasant Stream,27/04/2023,Arthropoda,Insecta,Trichoptera,Philopotamidae,Dolophilodes,1
5936,PLES,Pleasant Stream,27/04/2023,Arthropoda,Insecta,Ephemeroptera,Ephemerellidae,Drunella,42
5937,PLES,Pleasant Stream,27/04/2023,Arthropoda,Insecta,Ephemeroptera,Heptageniidae,Epeorus,14
5938,PLES,Pleasant Stream,27/04/2023,Arthropoda,Insecta,Ephemeroptera,Ephemerellidae,Ephemerella,40
5939,PLES,Pleasant Stream,27/04/2023,NA,NA,NA,NA,Chloroperlidae,2
5940,PLES,Pleasant Stream,27/04/2023,Arthropoda,Insecta,Ephemeroptera,Baetidae,Acentrella,7
5941,PLES,Pleasant Stream,27/04/2023,Arthropoda,Insecta,Diptera,Chironomidae,,26
5942,PLES,Pleasant Stream,27/04/2023,Arthropoda,Insecta,Plecoptera,Leuctridae,Leuctra,1
5943,PLES,Pleasant Stream,27/04/2023,Arthropoda,Insecta,Trichoptera,Odontoceridae,Psilotreta,1
5944,PLES,Pleasant Stream,27/04/2023,Arthropoda,Insecta,Trichoptera,Polycentropodidae,Polycentropus,2
5945,PLES,Pleasant Stream,27/04/2023,Arthropoda,Insecta,Ephemeroptera,Leptophlebiidae,Paraleptophlebia,3
5946,PLES,Pleasant Stream,27/04/2023,Arthropoda,Insecta,Coleoptera,Elmidae,Optioservus,5
5947,PLES,Pleasant Stream,27/04/2023,Arthropoda,Insecta,Trichoptera,Uenoidae,Neophylax,3
5948,PLES,Pleasant Stream,27/04/2023,Arthropoda,Arachnida,Hydracarina,,,1
5949,PLES,Pleasant Stream,27/04/2023,Arthropoda,Insecta,Trichoptera,Hydropsychidae,Hydropsyche,8
5950,PLES,Pleasant Stream,27/04/2023,Arthropoda,Insecta,Ephemeroptera,Baetidae,Diphetor,2
5951,PLES,Pleasant Stream,27/04/2023,Arthropoda,Insecta,Ephemeroptera,Leptophlebiidae,Paraleptophlebia,12
5952,PLES,Pleasant Stream,27/04/2023,Arthropoda,Insecta,Diptera,Simuliidae,Prosimulium,1
5953,PLES,Pleasant Stream,27/04/2023,Arthropoda,Insecta,Ephemeroptera,Baetidae,Acerpenna,1
5954,PLES,Pleasant Stream,27/04/2023,Arthropoda,Insecta,Plecoptera,Chloroperlidae,Haploperla,18
5955,PLES,Pleasant Stream,27/04/2023,Arthropoda,Insecta,Ephemeroptera,Heptageniidae,Maccaffertium,1
5956,PLES,Pleasant Stream,27/04/2023,Arthropoda,Insecta,Plecoptera,Perlodidae,Isoperla,8
5957,PLES,Pleasant Stream,27/04/2023,Arthropoda,Insecta,Ephemeroptera,Heptageniidae,Cinygmula,59
5958,PLES,Pleasant Stream,27/04/2023,Arthropoda,Insecta,Trichoptera,Lepidostomatidae,Lepidostoma,1
5959,PLES,Pleasant Stream,27/04/2023,Arthropoda,Insecta,Ephemeroptera,Ephemerellidae,Drunella,3
5960,PLES,Pleasant Stream,27/04/2023,Arthropoda,Insecta,Ephemeroptera,Heptageniidae,Rhithrogena,1
5961,PLES,Pleasant Stream,27/04/2023,Arthropoda,Insecta,Ephemeroptera,Baetidae,Baetis,25
5962,PLES,Pleasant Stream,27/04/2023,Arthropoda,Insecta,Plecoptera,Leuctridae,Leuctra,1
5963,PLES,Pleasant Stream,27/04/2023,Arthropoda,Insecta,Plecoptera,Perlodidae,Diploperla,1
5964,PLES,Pleasant Stream,27/04/2023,Arthropoda,Insecta,Plecoptera,Perlodidae,Isogenoides,2
5965,PLES,Pleasant Stream,27/04/2023,Arthropoda,Insecta,Plecoptera,Taeniopterygidae,Taenionema,4
5966,PLES,Pleasant Stream,27/04/2023,Arthropoda,Insecta,Diptera,Chironomidae,,22
5967,PLES,Pleasant Stream,27/04/2023,Arthropoda,Insecta,Diptera,Tipulidae,Hexatoma,1
5968,PLES,Pleasant Stream,27/04/2023,Arthropoda,Insecta,Plecoptera,Chloroperlidae,Sweltsa,1
5969,PLES,Pleasant Stream,27/04/2023,Arthropoda,Insecta,Ephemeroptera,Ephemerellidae,Ephemerella,22
5970,PLES,Pleasant Stream,27/04/2023,Arthropoda,Insecta,Ephemeroptera,Heptageniidae,Epeorus,27
5971,PLES,Pleasant Stream,27/04/2023,Arthropoda,Insecta,Ephemeroptera,Baetidae,Acerpenna,1
5972,PLES,Pleasant Stream,27/04/2023,Arthropoda,Insecta,Ephemeroptera,Baetidae,Baetis,1
5973,PLES,Pleasant Stream,27/04/2023,Arthropoda,Insecta,Ephemeroptera,Baetiscidae,Baetisca,1
5974,PLES,Pleasant Stream,27/04/2023,Arthropoda,Insecta,Ephemeroptera,Ephemerellidae,Ephemerella,6
5975,PLES,Pleasant Stream,27/04/2023,Arthropoda,Insecta,Ephemeroptera,Ephemerellidae,Eurylophella,3
5976,PLES,Pleasant Stream,27/04/2023,Arthropoda,Insecta,Ephemeroptera,Ephemerellidae,Serratella,16
5977,PLES,Pleasant Stream,27/04/2023,Arthropoda,Insecta,Ephemeroptera,Heptageniidae,Epeorus,4
5978,PLES,Pleasant Stream,27/04/2023,Arthropoda,Insecta,Ephemeroptera,Heptageniidae,Leucrocuta,2
5979,PLES,Pleasant Stream,27/04/2023,Arthropoda,Insecta,Ephemeroptera,Heptageniidae,Maccaffertium,4
5980,PLES,Pleasant Stream,27/04/2023,Arthropoda,Insecta,Ephemeroptera,Heptageniidae,Rhithrogena,2
5981,PLES,Pleasant Stream,27/04/2023,Arthropoda,Insecta,Ephemeroptera,Isonychiidae,Isonychia,5
5982,PLES,Pleasant Stream,27/04/2023,Arthropoda,Insecta,Ephemeroptera,Leptophlebiidae,Paraleptophlebia,17
5983,PLES,Pleasant Stream,27/04/2023,Arthropoda,Insecta,Plecoptera,Chloroperlidae,Sweltsa,3
5984,PLES,Pleasant Stream,27/04/2023,Arthropoda,Insecta,Plecoptera,Perlidae,Acroneuria,1
5985,PLES,Pleasant Stream,27/04/2023,NA,NA,NA,NA,Perlodidae,3
5986,PLES,Pleasant Stream,27/04/2023,Arthropoda,Insecta,Plecoptera,Perlodidae,Isogenoides,1
5987,PLES,Pleasant Stream,27/04/2023,Arthropoda,Insecta,Plecoptera,Perlodidae,Isoperla,15
5988,PLES,Pleasant Stream,27/04/2023,Arthropoda,Insecta,Plecoptera,Taeniopterygidae,Taeniopteryx,4
5989,PLES,Pleasant Stream,27/04/2023,Arthropoda,Insecta,Trichoptera,Brachycentridae,Brachycentrus,5
5990,PLES,Pleasant Stream,27/04/2023,Arthropoda,Insecta,Trichoptera,Glossosomatidae,Glossosoma,1
5991,PLES,Pleasant Stream,27/04/2023,Arthropoda,Insecta,Trichoptera,Hydropsychidae,Ceratopsyche,30
5992,PLES,Pleasant Stream,27/04/2023,Arthropoda,Insecta,Trichoptera,Hydropsychidae,Cheumatopsyche,9
5993,PLES,Pleasant Stream,27/04/2023,Arthropoda,Insecta,Trichoptera,Lepidostomatidae,Lepidostoma,10
5994,PLES,Pleasant Stream,27/04/2023,Arthropoda,Insecta,Trichoptera,Philopotamidae,Dolophilodes,4
5995,PLES,Pleasant Stream,27/04/2023,Arthropoda,Insecta,Trichoptera,Rhyacophilidae,Rhyacophila,1
5996,PLES,Pleasant Stream,27/04/2023,Arthropoda,Insecta,Megaloptera,Corydalidae,Nigronia,1
5997,PLES,Pleasant Stream,27/04/2023,Arthropoda,Insecta,Coleoptera,Elmidae,Optioservus,1
5998,PLES,Pleasant Stream,27/04/2023,Arthropoda,Insecta,Coleoptera,Elmidae,Oulimnius,2
5999,PLES,Pleasant Stream,27/04/2023,Arthropoda,Insecta,Diptera,Chironomidae,,69
6000,PLES,Pleasant Stream,27/04/2023,Arthropoda,Insecta,Diptera,Empididae,Hemerodromia,1
6001,PLES,Pleasant Stream,27/04/2023,Arthropoda,Insecta,Diptera,Tipulidae,Antocha,2
6002,PLES,Pleasant Stream,27/04/2023,Arthropoda,Insecta,Diptera,Tipulidae,Cryptolabis,1
6003,PLES,Pleasant Stream,27/04/2023,Arthropoda,Insecta,Diptera,Tipulidae,Dicranota,1
6004,PLES,Pleasant Stream,27/04/2023,Arthropoda,Insecta,Diptera,Tipulidae,Hexatoma,1
6005,PLES,Pleasant Stream,27/04/2023,NA,NA,NA,NA,Nematoda,2
6006,PLES,Pleasant Stream,27/04/2023,Annelida,Oligochaeta,,,,6
6007,PLES,Pleasant Stream,27/04/2023,Arthropoda,Arachnida,Hydracarina,,,2
6008,PLES,Pleasant Stream,27/04/2023,Arthropoda,Insecta,Ephemeroptera,Ephemerellidae,Ephemerella,32
6009,PLES,Pleasant Stream,27/04/2023,Arthropoda,Insecta,Ephemeroptera,Ephemerellidae,Eurylophella,1
6010,PLES,Pleasant Stream,27/04/2023,Arthropoda,Insecta,Ephemeroptera,Ephemerellidae,Serratella,10
6011,PLES,Pleasant Stream,27/04/2023,Arthropoda,Insecta,Ephemeroptera,Heptageniidae,Epeorus,8
6012,PLES,Pleasant Stream,27/04/2023,Arthropoda,Insecta,Ephemeroptera,Heptageniidae,Maccaffertium,1
6013,PLES,Pleasant Stream,27/04/2023,Arthropoda,Insecta,Ephemeroptera,Isonychiidae,Isonychia,1
6014,PLES,Pleasant Stream,27/04/2023,Arthropoda,Insecta,Ephemeroptera,Leptophlebiidae,Paraleptophlebia,12
6015,PLES,Pleasant Stream,27/04/2023,Arthropoda,Insecta,Plecoptera,Chloroperlidae,Sweltsa,1
6016,PLES,Pleasant Stream,27/04/2023,Arthropoda,Insecta,Plecoptera,Leuctridae,Leuctra,1
6017,PLES,Pleasant Stream,27/04/2023,Arthropoda,Insecta,Plecoptera,Perlidae,Paragnetina,1
6018,PLES,Pleasant Stream,27/04/2023,NA,NA,NA,NA,Perlodidae,4
6019,PLES,Pleasant Stream,27/04/2023,Arthropoda,Insecta,Plecoptera,Perlodidae,Isoperla,15
6020,PLES,Pleasant Stream,27/04/2023,Arthropoda,Insecta,Plecoptera,Taeniopterygidae,Taeniopteryx,3
6021,PLES,Pleasant Stream,27/04/2023,Arthropoda,Insecta,Trichoptera,Brachycentridae,Brachycentrus,2
6022,PLES,Pleasant Stream,27/04/2023,Arthropoda,Insecta,Trichoptera,Hydropsychidae,Ceratopsyche,27
6023,PLES,Pleasant Stream,27/04/2023,Arthropoda,Insecta,Trichoptera,Hydropsychidae,Cheumatopsyche,8
6024,PLES,Pleasant Stream,27/04/2023,Arthropoda,Insecta,Trichoptera,Hydroptilidae,Hydroptila,4
6025,PLES,Pleasant Stream,27/04/2023,Arthropoda,Insecta,Ephemeroptera,Baetidae,Baetis,1
6026,PLES,Pleasant Stream,27/04/2023,Arthropoda,Insecta,Ephemeroptera,Baetidae,Diphetor,1
6027,PLES,Pleasant Stream,27/04/2023,Arthropoda,Insecta,Ephemeroptera,Baetiscidae,Baetisca,3
6028,PLES,Pleasant Stream,27/04/2023,Arthropoda,Insecta,Trichoptera,Lepidostomatidae,Lepidostoma,19
6029,PLES,Pleasant Stream,27/04/2023,Arthropoda,Insecta,Trichoptera,Philopotamidae,Dolophilodes,15
6030,PLES,Pleasant Stream,27/04/2023,Arthropoda,Insecta,Trichoptera,Rhyacophilidae,Rhyacophila,3
6031,PLES,Pleasant Stream,27/04/2023,Arthropoda,Insecta,Coleoptera,Elmidae,Oulimnius,2
6032,PLES,Pleasant Stream,27/04/2023,Arthropoda,Insecta,Coleoptera,Elmidae,Stenelmis,1
6033,PLES,Pleasant Stream,27/04/2023,Arthropoda,Insecta,Diptera,Ceratopogonidae,,1
6034,PLES,Pleasant Stream,27/04/2023,Arthropoda,Insecta,Diptera,Chironomidae,,27
6035,PLES,Pleasant Stream,27/04/2023,Arthropoda,Insecta,Diptera,Tipulidae,Antocha,1
6036,PLES,Pleasant Stream,27/04/2023,Arthropoda,Insecta,Diptera,Tipulidae,Hexatoma,2
6037,PLES,Pleasant Stream,27/04/2023,Annelida,Oligochaeta,,,,1
6038,PLES,Pleasant Stream,27/04/2023,Arthropoda,Arachnida,Hydracarina,,,3
6039,PLES,Pleasant Stream,27/04/2023,Arthropoda,Arachnida,Hydracarina,,,1
6040,PLES,Pleasant Stream,27/04/2023,Arthropoda,Insecta,Ephemeroptera,Baetidae,Acentrella,2
6041,PLES,Pleasant Stream,27/04/2023,Arthropoda,Insecta,Ephemeroptera,Baetidae,Baetis,5
6042,PLES,Pleasant Stream,27/04/2023,Arthropoda,Insecta,Ephemeroptera,Ephemerellidae,Ephemerella,11
6043,PLES,Pleasant Stream,27/04/2023,Arthropoda,Insecta,Ephemeroptera,Heptageniidae,Epeorus,1
6044,PLES,Pleasant Stream,27/04/2023,Arthropoda,Insecta,Ephemeroptera,Heptageniidae,Leucrocuta,2
6045,PLES,Pleasant Stream,27/04/2023,Arthropoda,Insecta,Ephemeroptera,Heptageniidae,Maccaffertium,1
6046,PLES,Pleasant Stream,27/04/2023,Arthropoda,Insecta,Ephemeroptera,Heptageniidae,Rhithrogena,3
6047,PLES,Pleasant Stream,27/04/2023,Arthropoda,Insecta,Ephemeroptera,Isonychiidae,Isonychia,1
6048,PLES,Pleasant Stream,27/04/2023,Arthropoda,Insecta,Ephemeroptera,Leptophlebiidae,Paraleptophlebia,17
6049,PLES,Pleasant Stream,27/04/2023,NA,NA,NA,NA,Chloroperlidae,1
6050,PLES,Pleasant Stream,27/04/2023,Arthropoda,Insecta,Plecoptera,Chloroperlidae,Sweltsa,9
6051,PLES,Pleasant Stream,27/04/2023,Arthropoda,Insecta,Plecoptera,Perlidae,Acroneuria,1
6052,PLES,Pleasant Stream,27/04/2023,Arthropoda,Insecta,Plecoptera,Perlidae,Agnetina,2
6053,PLES,Pleasant Stream,27/04/2023,Arthropoda,Insecta,Plecoptera,Perlidae,Paragnetina,1
6054,PLES,Pleasant Stream,27/04/2023,NA,NA,NA,NA,Perlodidae,3
6055,PLES,Pleasant Stream,27/04/2023,Arthropoda,Insecta,Plecoptera,Perlodidae,Isoperla,8
6056,PLES,Pleasant Stream,27/04/2023,Arthropoda,Insecta,Plecoptera,Taeniopterygidae,Taeniopteryx,3
6057,PLES,Pleasant Stream,27/04/2023,Arthropoda,Insecta,Trichoptera,Brachycentridae,Brachycentrus,3
6058,PLES,Pleasant Stream,27/04/2023,Arthropoda,Insecta,Trichoptera,Glossosomatidae,Glossosoma,3
6059,PLES,Pleasant Stream,27/04/2023,Arthropoda,Insecta,Trichoptera,Hydropsychidae,Ceratopsyche,92
6060,PLES,Pleasant Stream,27/04/2023,Arthropoda,Insecta,Trichoptera,Hydropsychidae,Cheumatopsyche,2
6061,PLES,Pleasant Stream,27/04/2023,Arthropoda,Insecta,Trichoptera,Lepidostomatidae,Lepidostoma,6
6062,PLES,Pleasant Stream,27/04/2023,NA,NA,NA,NA,Limnephilidae,1
6063,PLES,Pleasant Stream,27/04/2023,Arthropoda,Insecta,Trichoptera,Philopotamidae,Dolophilodes,7
6064,PLES,Pleasant Stream,27/04/2023,Arthropoda,Insecta,Trichoptera,Rhyacophilidae,Rhyacophila,1
6065,PLES,Pleasant Stream,27/04/2023,Arthropoda,Insecta,Megaloptera,Corydalidae,Nigronia,1
6066,PLES,Pleasant Stream,27/04/2023,Arthropoda,Insecta,Coleoptera,Elmidae,Optioservus,1
6067,PLES,Pleasant Stream,27/04/2023,Arthropoda,Insecta,Coleoptera,Elmidae,Oulimnius,1
6068,PLES,Pleasant Stream,27/04/2023,Arthropoda,Insecta,Diptera,Chironomidae,,19
6069,PLES,Pleasant Stream,27/04/2023,Arthropoda,Insecta,Diptera,Tipulidae,Antocha,1
6070,PLES,Pleasant Stream,27/04/2023,Arthropoda,Insecta,Diptera,Tipulidae,Hexatoma,1
6071,PLES,Pleasant Stream,27/04/2023,NA,NA,NA,NA,Branchiobdellida,1
6072,PLES,Pleasant Stream,27/04/2023,Arthropoda,Insecta,Coleoptera,Elmidae,Optioservus,1
6073,PLES,Pleasant Stream,27/04/2023,Arthropoda,Insecta,Ephemeroptera,Baetidae,Diphetor,3
6074,PLES,Pleasant Stream,27/04/2023,Arthropoda,Insecta,Trichoptera,Polycentropodidae,Polycentropus,1
6075,PLES,Pleasant Stream,27/04/2023,Arthropoda,Insecta,Diptera,Empididae,Clinocera,1
6076,PLES,Pleasant Stream,27/04/2023,NA,NA,NA,NA,Philopotamidae,2
6077,PLES,Pleasant Stream,27/04/2023,Arthropoda,Insecta,Trichoptera,Rhyacophilidae,Rhyacophila,3
6078,PLES,Pleasant Stream,27/04/2023,Arthropoda,Insecta,Ephemeroptera,Ephemerellidae,Serratella,3
6079,PLES,Pleasant Stream,27/04/2023,Arthropoda,Insecta,Diptera,Tipulidae,Antocha,2
6080,PLES,Pleasant Stream,27/04/2023,Arthropoda,Insecta,Ephemeroptera,Leptophlebiidae,Paraleptophlebia,18
6081,PLES,Pleasant Stream,27/04/2023,Arthropoda,Insecta,Ephemeroptera,Ephemerellidae,Ephemerella,30
6082,PLES,Pleasant Stream,27/04/2023,Arthropoda,Insecta,Ephemeroptera,Ephemerellidae,Drunella,30
6083,PLES,Pleasant Stream,27/04/2023,Arthropoda,Insecta,Ephemeroptera,Baetiscidae,Baetisca,1
6084,PLES,Pleasant Stream,27/04/2023,Arthropoda,Insecta,Diptera,Chironomidae,,45
6085,PLES,Pleasant Stream,27/04/2023,Arthropoda,Insecta,Ephemeroptera,Baetidae,Baetis,6
6086,PLES,Pleasant Stream,27/04/2023,Arthropoda,Insecta,Trichoptera,Uenoidae,Neophylax,1
6087,PLES,Pleasant Stream,27/04/2023,Arthropoda,Insecta,Diptera,Tipulidae,Hexatoma,1
6088,PLES,Pleasant Stream,27/04/2023,NA,NA,NA,NA,Peltoperlidae,1
6089,PLES,Pleasant Stream,27/04/2023,Arthropoda,Insecta,Diptera,Ceratopogonidae,Bezzia,3
6090,PLES,Pleasant Stream,27/04/2023,Arthropoda,Insecta,Coleoptera,Psephenidae,Psephenus,1
6091,PLES,Pleasant Stream,27/04/2023,Arthropoda,Insecta,Coleoptera,Elmidae,Oulimnius,1
6092,PLES,Pleasant Stream,27/04/2023,Arthropoda,Insecta,Plecoptera,Chloroperlidae,Haploperla,1
6093,PLES,Pleasant Stream,27/04/2023,Arthropoda,Insecta,Ephemeroptera,Baetidae,Acerpenna,1
6094,PLES,Pleasant Stream,27/04/2023,Arthropoda,Insecta,Ephemeroptera,Heptageniidae,Maccaffertium,1
6095,PLES,Pleasant Stream,27/04/2023,Arthropoda,Insecta,Ephemeroptera,Heptageniidae,Epeorus,3
6096,PLES,Pleasant Stream,27/04/2023,Arthropoda,Insecta,Ephemeroptera,Heptageniidae,Cinygmula,7
6097,PLES,Pleasant Stream,27/04/2023,Arthropoda,Insecta,Plecoptera,Perlidae,Agnetina,2
6098,PLES,Pleasant Stream,27/04/2023,Arthropoda,Insecta,Plecoptera,Chloroperlidae,Sweltsa,3
6099,PLES,Pleasant Stream,27/04/2023,Arthropoda,Arachnida,Hydracarina,,,2
6100,PLES,Pleasant Stream,27/04/2023,Arthropoda,Insecta,Plecoptera,Nemouridae,Amphinemura,1
6101,PLES,Pleasant Stream,27/04/2023,Arthropoda,Insecta,Plecoptera,Perlidae,Acroneuria,3
6102,PLES,Pleasant Stream,27/04/2023,Arthropoda,Insecta,Trichoptera,Leptoceridae,Ceraclea,1
6103,PLES,Pleasant Stream,27/04/2023,Arthropoda,Insecta,Plecoptera,Perlodidae,Isoperla,2
6104,PLES,Pleasant Stream,27/04/2023,Arthropoda,Insecta,Plecoptera,Leuctridae,Leuctra,1
6105,PLES,Pleasant Stream,27/04/2023,Arthropoda,Insecta,Trichoptera,Hydropsychidae,Ceratopsyche,10
6106,PLES,Pleasant Stream,27/04/2023,Arthropoda,Insecta,Trichoptera,Hydropsychidae,Cheumatopsyche,3
6107,PLES,Pleasant Stream,27/04/2023,Arthropoda,Insecta,Trichoptera,Lepidostomatidae,Lepidostoma,3
6108,PLES,Pleasant Stream,27/04/2023,Arthropoda,Insecta,Trichoptera,Brachycentridae,Brachycentrus,1
6109,PLES,Pleasant Stream,27/04/2023,Arthropoda,Insecta,Ephemeroptera,Heptageniidae,Epeorus,21
6110,PLES,Pleasant Stream,27/04/2023,Arthropoda,Insecta,Ephemeroptera,Ephemerellidae,Drunella,16
6111,PLES,Pleasant Stream,27/04/2023,Arthropoda,Insecta,Ephemeroptera,Ephemerellidae,Ephemerella,22
6112,PLES,Pleasant Stream,27/04/2023,Arthropoda,Insecta,Ephemeroptera,Ephemerellidae,Serratella,1
6113,PLES,Pleasant Stream,27/04/2023,Arthropoda,Insecta,Trichoptera,Hydropsychidae,Ceratopsyche,5
6114,PLES,Pleasant Stream,27/04/2023,Arthropoda,Insecta,Ephemeroptera,Baetidae,Diphetor,1
6115,PLES,Pleasant Stream,27/04/2023,Arthropoda,Insecta,Plecoptera,Pteronarcyidae,Pteronarcys,2
6116,PLES,Pleasant Stream,27/04/2023,Arthropoda,Insecta,Plecoptera,Chloroperlidae,Haploperla,5
6117,PLES,Pleasant Stream,27/04/2023,Arthropoda,Insecta,Plecoptera,Chloroperlidae,Sweltsa,1
6118,PLES,Pleasant Stream,27/04/2023,Arthropoda,Insecta,Plecoptera,Nemouridae,Amphinemura,1
6119,PLES,Pleasant Stream,27/04/2023,Arthropoda,Insecta,Plecoptera,Nemouridae,Ostrocerca,1
6120,PLES,Pleasant Stream,27/04/2023,Arthropoda,Insecta,Plecoptera,Peltoperlidae,Peltoperla,2
6121,PLES,Pleasant Stream,27/04/2023,Arthropoda,Insecta,Ephemeroptera,Heptageniidae,Cinygmula,9
6122,PLES,Pleasant Stream,27/04/2023,Arthropoda,Arachnida,Hydracarina,,,1
6123,PLES,Pleasant Stream,27/04/2023,Arthropoda,Insecta,Ephemeroptera,Baetiscidae,Baetisca,1
6124,PLES,Pleasant Stream,27/04/2023,Arthropoda,Insecta,Trichoptera,Hydropsychidae,Cheumatopsyche,1
6125,PLES,Pleasant Stream,27/04/2023,Arthropoda,Insecta,Diptera,Empididae,Hemerodromia,1
6126,PLES,Pleasant Stream,27/04/2023,Arthropoda,Insecta,Ephemeroptera,Leptophlebiidae,Paraleptophlebia,8
6127,PLES,Pleasant Stream,27/04/2023,Arthropoda,Insecta,Diptera,Tipulidae,Antocha,1
6128,PLES,Pleasant Stream,27/04/2023,Arthropoda,Insecta,Trichoptera,Hydropsychidae,Diplectrona,1
6129,PLES,Pleasant Stream,27/04/2023,Arthropoda,Insecta,Coleoptera,Elmidae,Oulimnius,5
6130,PLES,Pleasant Stream,27/04/2023,Arthropoda,Insecta,Diptera,Ceratopogonidae,,1
6131,PLES,Pleasant Stream,27/04/2023,Annelida,Oligochaeta,,,,1
6132,PLES,Pleasant Stream,27/04/2023,Arthropoda,Insecta,Diptera,Empididae,Clinocera,4
6133,PLES,Pleasant Stream,27/04/2023,Arthropoda,Insecta,Diptera,Simuliidae,Simulium,2
6134,PLES,Pleasant Stream,27/04/2023,Arthropoda,Insecta,Plecoptera,Perlodidae,Isoperla,3
6135,PLES,Pleasant Stream,27/04/2023,Arthropoda,Insecta,Diptera,Tipulidae,Hexatoma,2
6136,PLES,Pleasant Stream,27/04/2023,Arthropoda,Insecta,Diptera,Chironomidae,,84
6137,PLES,Pleasant Stream,27/04/2023,Arthropoda,Insecta,Ephemeroptera,Baetidae,Baetis,3
6138,PLES,Pleasant Stream,27/04/2023,Arthropoda,Insecta,Plecoptera,Perlidae,Acroneuria,1
6139,PLES,Pleasant Stream,27/04/2023,Arthropoda,Insecta,Ephemeroptera,Ameletidae,Ameletus,1
6140,PLES,Pleasant Stream,27/04/2023,Arthropoda,Insecta,Ephemeroptera,Baetidae,Baetis,24
6141,PLES,Pleasant Stream,27/04/2023,Arthropoda,Insecta,Trichoptera,Brachycentridae,Brachycentrus,1
6142,PLES,Pleasant Stream,27/04/2023,Arthropoda,Insecta,Diptera,Ceratopogonidae,,1
6143,PLES,Pleasant Stream,27/04/2023,Arthropoda,Insecta,Diptera,Chironomidae,,12
6144,PLES,Pleasant Stream,27/04/2023,NA,NA,NA,NA,Chloroperlidae,8
6145,PLES,Pleasant Stream,27/04/2023,Arthropoda,Insecta,Ephemeroptera,Heptageniidae,Cinygmula,11
6146,PLES,Pleasant Stream,27/04/2023,Arthropoda,Insecta,Ephemeroptera,Ephemerellidae,Ephemerella,45
6147,PLES,Pleasant Stream,27/04/2023,Arthropoda,Insecta,Diptera,Tipulidae,Hexatoma,1
6148,PLES,Pleasant Stream,27/04/2023,Arthropoda,Insecta,Coleoptera,Elmidae,Optioservus,1
6149,PLES,Pleasant Stream,27/04/2023,Arthropoda,Insecta,Diptera,Simuliidae,Prosimulium,7
6150,PLES,Pleasant Stream,27/04/2023,Arthropoda,Insecta,Plecoptera,Pteronarcyidae,Pteronarcys,1
6151,PLES,Pleasant Stream,27/04/2023,Arthropoda,Insecta,Ephemeroptera,Heptageniidae,Rhithrogena,4
6152,PLES,Pleasant Stream,27/04/2023,Arthropoda,Insecta,Ephemeroptera,Ephemerellidae,Serratella,1
6153,PLES,Pleasant Stream,27/04/2023,Arthropoda,Insecta,Plecoptera,Taeniopterygidae,Taenionema,28
6154,PLES,Pleasant Stream,27/04/2023,Arthropoda,Insecta,Trichoptera,Hydropsychidae,Ceratopsyche,4
6155,PLES,Pleasant Stream,27/04/2023,Arthropoda,Insecta,Ephemeroptera,Baetidae,Diphetor,1
6156,PLES,Pleasant Stream,27/04/2023,Arthropoda,Insecta,Ephemeroptera,Ephemerellidae,Drunella,7
6157,PLES,Pleasant Stream,27/04/2023,Arthropoda,Insecta,Ephemeroptera,Heptageniidae,Epeorus,46
6158,PLES,Pleasant Stream,27/04/2023,Arthropoda,Insecta,Ephemeroptera,Ephemerellidae,Eurylophella,1
6159,PLES,Pleasant Stream,27/04/2023,Arthropoda,Insecta,Plecoptera,Perlodidae,Isoperla,6
6160,PLES,Pleasant Stream,27/04/2023,NA,NA,NA,NA,Leptophlebiidae,8
6161,PLES,Pleasant Stream,27/04/2023,Arthropoda,Insecta,Ephemeroptera,Heptageniidae,Maccaffertium,2
6162,PLES,Pleasant Stream,27/04/2023,Arthropoda,Insecta,Trichoptera,Rhyacophilidae,Rhyacophila,2
6163,Portage,Portage Creek,11/04/2018,Arthropoda,Insecta,Ephemeroptera,Baetidae,Acentrella,3
6164,Portage,Portage Creek,11/04/2018,Arthropoda,Insecta,Plecoptera,Perlidae,Acroneuria,1
6165,Portage,Portage Creek,11/04/2018,Arthropoda,Insecta,Diptera,Athericidae,Atherix,3
6166,Portage,Portage Creek,11/04/2018,Arthropoda,Insecta,Ephemeroptera,Caenidae,Caenis,1
6167,Portage,Portage Creek,11/04/2018,Arthropoda,Insecta,Trichoptera,Hydropsychidae,Cheumatopsyche,8
6168,Portage,Portage Creek,11/04/2018,Arthropoda,Insecta,Trichoptera,Philopotamidae,Chimarra,1
6169,Portage,Portage Creek,11/04/2018,Arthropoda,Insecta,Diptera,Chironomidae,,3
6170,Portage,Portage Creek,11/04/2018,Arthropoda,Insecta,Megaloptera,Corydalidae,Corydalus,2
6171,Portage,Portage Creek,11/04/2018,Arthropoda,Insecta,Ephemeroptera,Heptageniidae,Epeorus,4
6172,Portage,Portage Creek,11/04/2018,Arthropoda,Insecta,Ephemeroptera,Ephemerellidae,Ephemerella,1
6173,Portage,Portage Creek,11/04/2018,Arthropoda,Insecta,Trichoptera,Helicopsychidae,Helicopsyche,1
6174,Portage,Portage Creek,11/04/2018,Arthropoda,Insecta,Trichoptera,Hydropsychidae,Hydropsyche,2
6175,Portage,Portage Creek,11/04/2018,Arthropoda,Insecta,Ephemeroptera,Isonychiidae,Isonychia,78
6176,Portage,Portage Creek,11/04/2018,Arthropoda,Insecta,Odonata,Gomphidae,Lanthus,38
6177,Portage,Portage Creek,11/04/2018,Arthropoda,Insecta,Ephemeroptera,Heptageniidae,Leucrocuta,17
6178,Portage,Portage Creek,11/04/2018,Arthropoda,Insecta,Ephemeroptera,Heptageniidae,Maccaffertium,58
6179,Portage,Portage Creek,11/04/2018,Arthropoda,Insecta,Coleoptera,Elmidae,Optioservus,4
6180,Portage,Portage Creek,11/04/2018,Arthropoda,Malacostraca,Decapoda,Cambaridae,Orconectes,1
6181,Portage,Portage Creek,11/04/2018,Arthropoda,Insecta,Plecoptera,Perlidae,Paragnetina,2
6182,Portage,Portage Creek,11/04/2018,Arthropoda,Insecta,Coleoptera,Psephenidae,Psephenus,17
6183,Portage,Portage Creek,11/04/2018,Arthropoda,Insecta,Ephemeroptera,Ephemerellidae,Serratella,4
6184,Portage,Portage Creek,11/04/2018,Arthropoda,Insecta,Coleoptera,Elmidae,Stenelmis,6
6185,Portage,Portage Creek,11/04/2018,Arthropoda,Insecta,Ephemeroptera,Baetidae,Acentrella,4
6186,Portage,Portage Creek,11/04/2018,Arthropoda,Insecta,Ephemeroptera,Ephemerellidae,Ephemerella,1
6187,Portage,Portage Creek,11/04/2018,Arthropoda,Insecta,Ephemeroptera,Ephemerellidae,Serratella,2
6188,Portage,Portage Creek,11/04/2018,Arthropoda,Insecta,Ephemeroptera,Heptageniidae,Epeorus,6
6189,Portage,Portage Creek,11/04/2018,Arthropoda,Insecta,Ephemeroptera,Heptageniidae,Leucrocuta,9
6190,Portage,Portage Creek,11/04/2018,Arthropoda,Insecta,Ephemeroptera,Heptageniidae,Maccaffertium,19
6191,Portage,Portage Creek,11/04/2018,Arthropoda,Insecta,Ephemeroptera,Heptageniidae,Stenacron,1
6192,Portage,Portage Creek,11/04/2018,Arthropoda,Insecta,Ephemeroptera,Isonychiidae,Isonychia,21
6193,Portage,Portage Creek,11/04/2018,Arthropoda,Insecta,Ephemeroptera,Leptophlebiidae,Paraleptophlebia,7
6194,Portage,Portage Creek,11/04/2018,Arthropoda,Insecta,Plecoptera,Perlidae,Paragnetina,2
6195,Portage,Portage Creek,11/04/2018,NA,NA,NA,NA,Taeniopterygidae,5
6196,Portage,Portage Creek,11/04/2018,Arthropoda,Insecta,Plecoptera,Taeniopterygidae,Taeniopteryx,15
6197,Portage,Portage Creek,11/04/2018,Arthropoda,Insecta,Trichoptera,Glossosomatidae,Glossosoma,1
6198,Portage,Portage Creek,11/04/2018,Arthropoda,Insecta,Trichoptera,Hydropsychidae,Ceratopsyche,19
6199,Portage,Portage Creek,11/04/2018,Arthropoda,Insecta,Trichoptera,Hydropsychidae,Cheumatopsyche,23
6200,Portage,Portage Creek,11/04/2018,Arthropoda,Insecta,Trichoptera,Hydroptilidae,Leucotrichia,1
6201,Portage,Portage Creek,11/04/2018,Arthropoda,Insecta,Trichoptera,Philopotamidae,Chimarra,3
6202,Portage,Portage Creek,11/04/2018,Arthropoda,Insecta,Trichoptera,Polycentropodidae,Polycentropus,1
6203,Portage,Portage Creek,11/04/2018,Arthropoda,Insecta,Odonata,Gomphidae,Ophiogomphus,8
6204,Portage,Portage Creek,11/04/2018,Arthropoda,Insecta,Coleoptera,Elmidae,Optioservus,2
6205,Portage,Portage Creek,11/04/2018,Arthropoda,Insecta,Coleoptera,Psephenidae,Psephenus,38
6206,Portage,Portage Creek,11/04/2018,Arthropoda,Insecta,Diptera,Chironomidae,,5
6207,Portage,Portage Creek,11/04/2018,Arthropoda,Insecta,Diptera,Empididae,Hemerodromia,2
6208,Portage,Portage Creek,11/04/2018,Arthropoda,Insecta,Diptera,Tipulidae,Antocha,1
6209,Portage,Portage Creek,11/04/2018,Arthropoda,Insecta,Diptera,Tipulidae,Hexatoma,1
6210,Portage,Portage Creek,11/04/2018,Arthropoda,Arachnida,Hydracarina,,,3
6211,Portage,Portage Creek,11/04/2018,Arthropoda,Insecta,Ephemeroptera,Baetidae,Acentrella,1
6212,Portage,Portage Creek,11/04/2018,Arthropoda,Insecta,Ephemeroptera,Ephemerellidae,Ephemerella,1
6213,Portage,Portage Creek,11/04/2018,Arthropoda,Insecta,Ephemeroptera,Ephemerellidae,Eurylophella,6
6214,Portage,Portage Creek,11/04/2018,Arthropoda,Insecta,Ephemeroptera,Heptageniidae,Epeorus,11
6215,Portage,Portage Creek,11/04/2018,Arthropoda,Insecta,Ephemeroptera,Heptageniidae,Leucrocuta,27
6216,Portage,Portage Creek,11/04/2018,Arthropoda,Insecta,Ephemeroptera,Heptageniidae,Maccaffertium,59
6217,Portage,Portage Creek,11/04/2018,Arthropoda,Insecta,Ephemeroptera,Heptageniidae,Stenacron,3
6218,Portage,Portage Creek,11/04/2018,Arthropoda,Insecta,Ephemeroptera,Isonychiidae,Isonychia,12
6219,Portage,Portage Creek,11/04/2018,Arthropoda,Insecta,Ephemeroptera,Leptophlebiidae,Paraleptophlebia,16
6220,Portage,Portage Creek,11/04/2018,Arthropoda,Insecta,Plecoptera,Capniidae,Allocapnia,1
6221,Portage,Portage Creek,11/04/2018,Arthropoda,Insecta,Plecoptera,Perlidae,Paragnetina,2
6222,Portage,Portage Creek,11/04/2018,Arthropoda,Insecta,Plecoptera,Taeniopterygidae,Taeniopteryx,3
6223,Portage,Portage Creek,11/04/2018,Arthropoda,Insecta,Trichoptera,Hydropsychidae,Ceratopsyche,11
6224,Portage,Portage Creek,11/04/2018,Arthropoda,Insecta,Trichoptera,Hydropsychidae,Cheumatopsyche,10
6225,Portage,Portage Creek,11/04/2018,Arthropoda,Insecta,Trichoptera,Lepidostomatidae,Lepidostoma,2
6226,Portage,Portage Creek,11/04/2018,Arthropoda,Insecta,Trichoptera,Philopotamidae,Chimarra,1
6227,Portage,Portage Creek,11/04/2018,Arthropoda,Insecta,Odonata,Gomphidae,Ophiogomphus,13
6228,Portage,Portage Creek,11/04/2018,Arthropoda,Insecta,Megaloptera,Sialidae,Sialis,1
6229,Portage,Portage Creek,11/04/2018,Arthropoda,Insecta,Coleoptera,Elmidae,Optioservus,1
6230,Portage,Portage Creek,11/04/2018,Arthropoda,Insecta,Coleoptera,Psephenidae,Psephenus,16
6231,Portage,Portage Creek,11/04/2018,Arthropoda,Insecta,Diptera,Ceratopogonidae,,1
6232,Portage,Portage Creek,11/04/2018,Arthropoda,Insecta,Diptera,Chironomidae,,5
6233,Portage,Portage Creek,11/04/2018,Arthropoda,Insecta,Diptera,Tipulidae,Antocha,9
6234,Portage,Portage Creek,11/04/2018,Platyhelminthes,Turbellaria,,,,1
6235,Portage,Portage Creek,11/04/2018,Annelida,Oligochaeta,,,,8
6236,Portage,Portage Creek,11/04/2018,Arthropoda,Insecta,Ephemeroptera,Ephemerellidae,Ephemerella,3
6237,Portage,Portage Creek,11/04/2018,Arthropoda,Insecta,Ephemeroptera,Ephemerellidae,Eurylophella,2
6238,Portage,Portage Creek,11/04/2018,Arthropoda,Insecta,Ephemeroptera,Ephemerellidae,Serratella,4
6239,Portage,Portage Creek,11/04/2018,Arthropoda,Insecta,Ephemeroptera,Heptageniidae,Epeorus,9
6240,Portage,Portage Creek,11/04/2018,Arthropoda,Insecta,Ephemeroptera,Heptageniidae,Leucrocuta,27
6241,Portage,Portage Creek,11/04/2018,Arthropoda,Insecta,Ephemeroptera,Heptageniidae,Maccaffertium,43
6242,Portage,Portage Creek,11/04/2018,Arthropoda,Insecta,Ephemeroptera,Heptageniidae,Stenacron,1
6243,Portage,Portage Creek,11/04/2018,Arthropoda,Insecta,Ephemeroptera,Isonychiidae,Isonychia,28
6244,Portage,Portage Creek,11/04/2018,Arthropoda,Insecta,Ephemeroptera,Leptophlebiidae,Paraleptophlebia,17
6245,Portage,Portage Creek,11/04/2018,Arthropoda,Insecta,Plecoptera,Capniidae,Allocapnia,2
6246,Portage,Portage Creek,11/04/2018,Arthropoda,Insecta,Plecoptera,Perlidae,Paragnetina,1
6247,Portage,Portage Creek,11/04/2018,Arthropoda,Insecta,Plecoptera,Taeniopterygidae,Taeniopteryx,10
6248,Portage,Portage Creek,11/04/2018,Arthropoda,Insecta,Trichoptera,Apataniidae,Apatania,3
6249,Portage,Portage Creek,11/04/2018,Arthropoda,Insecta,Trichoptera,Hydropsychidae,Ceratopsyche,6
6250,Portage,Portage Creek,11/04/2018,Arthropoda,Insecta,Trichoptera,Hydropsychidae,Cheumatopsyche,16
6251,Portage,Portage Creek,11/04/2018,Arthropoda,Insecta,Trichoptera,Lepidostomatidae,Lepidostoma,5
6252,Portage,Portage Creek,11/04/2018,Arthropoda,Insecta,Trichoptera,Philopotamidae,Chimarra,3
6253,Portage,Portage Creek,11/04/2018,Arthropoda,Insecta,Trichoptera,Polycentropodidae,Polycentropus,1
6254,Portage,Portage Creek,11/04/2018,Arthropoda,Insecta,Odonata,Gomphidae,Ophiogomphus,2
6255,Portage,Portage Creek,11/04/2018,Arthropoda,Insecta,Coleoptera,Elmidae,Optioservus,3
6256,Portage,Portage Creek,11/04/2018,Arthropoda,Insecta,Coleoptera,Psephenidae,Psephenus,6
6257,Portage,Portage Creek,11/04/2018,Arthropoda,Insecta,Diptera,Athericidae,Atherix,1
6258,Portage,Portage Creek,11/04/2018,Arthropoda,Insecta,Diptera,Chironomidae,,16
6259,Portage,Portage Creek,11/04/2018,Arthropoda,Insecta,Diptera,Empididae,Hemerodromia,1
6260,Portage,Portage Creek,11/04/2018,Platyhelminthes,Turbellaria,,,,6
6261,Portage,Portage Creek,11/04/2018,Annelida,Oligochaeta,,,,13
6262,Portage,Portage Creek,11/04/2018,Arthropoda,Arachnida,Hydracarina,,,2
6263,Portage,Portage Creek,11/04/2018,Arthropoda,Insecta,Ephemeroptera,Baetidae,Acentrella,1
6264,Portage,Portage Creek,11/04/2018,Arthropoda,Insecta,Ephemeroptera,Baetidae,Baetis,2
6265,Portage,Portage Creek,11/04/2018,Arthropoda,Insecta,Ephemeroptera,Ephemerellidae,Ephemerella,36
6266,Portage,Portage Creek,11/04/2018,Arthropoda,Insecta,Ephemeroptera,Ephemerellidae,Serratella,4
6267,Portage,Portage Creek,11/04/2018,Arthropoda,Insecta,Ephemeroptera,Heptageniidae,Epeorus,5
6268,Portage,Portage Creek,11/04/2018,Arthropoda,Insecta,Ephemeroptera,Heptageniidae,Leucrocuta,22
6269,Portage,Portage Creek,11/04/2018,Arthropoda,Insecta,Ephemeroptera,Heptageniidae,Maccaffertium,47
6270,Portage,Portage Creek,11/04/2018,Arthropoda,Insecta,Ephemeroptera,Heptageniidae,Stenacron,1
6271,Portage,Portage Creek,11/04/2018,Arthropoda,Insecta,Ephemeroptera,Isonychiidae,Isonychia,13
6272,Portage,Portage Creek,11/04/2018,Arthropoda,Insecta,Ephemeroptera,Leptophlebiidae,Paraleptophlebia,29
6273,Portage,Portage Creek,11/04/2018,Arthropoda,Insecta,Plecoptera,Peltoperlidae,Tallaperla,2
6274,Portage,Portage Creek,11/04/2018,Arthropoda,Insecta,Plecoptera,Perlidae,Acroneuria,1
6275,Portage,Portage Creek,11/04/2018,Arthropoda,Insecta,Plecoptera,Perlidae,Paragnetina,1
6276,Portage,Portage Creek,11/04/2018,Arthropoda,Insecta,Plecoptera,Perlodidae,Isogenoides,1
6277,Portage,Portage Creek,11/04/2018,Arthropoda,Insecta,Plecoptera,Perlodidae,Isoperla,1
6278,Portage,Portage Creek,11/04/2018,Arthropoda,Insecta,Plecoptera,Pteronarcyidae,Pteronarcys,1
6279,Portage,Portage Creek,11/04/2018,Arthropoda,Insecta,Plecoptera,Taeniopterygidae,Taeniopteryx,1
6280,Portage,Portage Creek,11/04/2018,Arthropoda,Insecta,Trichoptera,Apataniidae,Apatania,2
6281,Portage,Portage Creek,11/04/2018,Arthropoda,Insecta,Trichoptera,Helicopsychidae,Helicopsyche,1
6282,Portage,Portage Creek,11/04/2018,Arthropoda,Insecta,Trichoptera,Hydropsychidae,Ceratopsyche,11
6283,Portage,Portage Creek,11/04/2018,Arthropoda,Insecta,Trichoptera,Hydropsychidae,Cheumatopsyche,10
6284,Portage,Portage Creek,11/04/2018,Arthropoda,Insecta,Trichoptera,Philopotamidae,Dolophilodes,1
6285,Portage,Portage Creek,11/04/2018,Arthropoda,Insecta,Odonata,Gomphidae,Ophiogomphus,1
6286,Portage,Portage Creek,11/04/2018,Arthropoda,Insecta,Coleoptera,Elmidae,Optioservus,1
6287,Portage,Portage Creek,11/04/2018,Arthropoda,Insecta,Coleoptera,Elmidae,Oulimnius,1
6288,Portage,Portage Creek,11/04/2018,Arthropoda,Insecta,Coleoptera,Elmidae,Stenelmis,1
6289,Portage,Portage Creek,11/04/2018,Arthropoda,Insecta,Coleoptera,Psephenidae,Psephenus,2
6290,Portage,Portage Creek,11/04/2018,Arthropoda,Insecta,Diptera,Athericidae,Atherix,1
6291,Portage,Portage Creek,11/04/2018,Arthropoda,Insecta,Diptera,Chironomidae,,1
6292,Portage,Portage Creek,11/04/2018,Arthropoda,Insecta,Diptera,Tipulidae,Hexatoma,1
6293,Portage,Portage Creek,11/04/2018,NA,NA,NA,NA,Nematoda,1
6294,Portage,Portage Creek,11/04/2018,Annelida,Oligochaeta,,,,1
6295,Portage,Portage Creek,11/04/2018,Arthropoda,Insecta,Plecoptera,Nemouridae,Amphinemura,1
6296,Portage,Portage Creek,11/04/2018,Arthropoda,Insecta,Ephemeroptera,Ephemerellidae,Drunella,17
6297,Portage,Portage Creek,11/04/2018,Arthropoda,Insecta,Ephemeroptera,Heptageniidae,Epeorus,11
6298,Portage,Portage Creek,11/04/2018,NA,NA,NA,NA,Gomphidae,1
6299,Portage,Portage Creek,11/04/2018,Arthropoda,Insecta,Ephemeroptera,Isonychiidae,Isonychia,2
6300,Portage,Portage Creek,11/04/2018,Arthropoda,Insecta,Plecoptera,Perlodidae,Isoperla,1
6301,Portage,Portage Creek,11/04/2018,Arthropoda,Insecta,Ephemeroptera,Heptageniidae,Maccaffertium,6
6302,Portage,Portage Creek,11/04/2018,Annelida,Oligochaeta,,,,38
6303,Portage,Portage Creek,11/04/2018,Arthropoda,Insecta,Ephemeroptera,Leptophlebiidae,Paraleptophlebia,2
6304,Portage,Portage Creek,11/04/2018,Arthropoda,Insecta,Ephemeroptera,Baetidae,Baetis,5
6305,Portage,Portage Creek,11/04/2018,Arthropoda,Insecta,Trichoptera,Hydropsychidae,Cheumatopsyche,6
6306,Portage,Portage Creek,11/04/2018,Arthropoda,Insecta,Diptera,Chironomidae,,62
6307,Portage,Portage Creek,11/04/2018,NA,NA,NA,NA,Chloroperlidae,1
6308,Portage,Portage Creek,11/04/2018,Arthropoda,Insecta,Ephemeroptera,Heptageniidae,Cinygmula,1
6309,Portage,Portage Creek,11/04/2018,Arthropoda,Insecta,Ephemeroptera,Ephemerellidae,Ephemerella,13
6310,Portage,Portage Creek,11/04/2018,Arthropoda,Arachnida,Hydracarina,,,4
6311,Portage,Portage Creek,11/04/2018,Arthropoda,Insecta,Trichoptera,Lepidostomatidae,Lepidostoma,2
6312,Portage,Portage Creek,11/04/2018,Arthropoda,Insecta,Ephemeroptera,Heptageniidae,Leucrocuta,3
6313,Portage,Portage Creek,11/04/2018,Arthropoda,Insecta,Trichoptera,Uenoidae,Neophylax,4
6314,Portage,Portage Creek,11/04/2018,Arthropoda,Insecta,Diptera,Simuliidae,Prosimulium,32
6315,Portage,Portage Creek,11/04/2018,Arthropoda,Insecta,Plecoptera,Nemouridae,Prostoia,2
6316,Portage,Portage Creek,11/04/2018,Arthropoda,Insecta,Plecoptera,Taeniopterygidae,Taenionema,1
6317,Portage,Portage Creek,11/04/2018,Platyhelminthes,Turbellaria,,,,2
6318,QUIT 3.1,Quittapahilla Creek,18/04/2023,Arthropoda,Malacostraca,Amphipoda,Gammaridae,Gammarus,17
6319,QUIT 3.1,Quittapahilla Creek,18/04/2023,NA,NA,NA,NA,Hydrobiidae,92
6320,QUIT 3.1,Quittapahilla Creek,18/04/2023,Arthropoda,Insecta,Trichoptera,Hydroptilidae,Hydroptila,1
6321,QUIT 3.1,Quittapahilla Creek,18/04/2023,Arthropoda,Insecta,Trichoptera,Hydropsychidae,Hydropsyche,12
6322,QUIT 3.1,Quittapahilla Creek,18/04/2023,Arthropoda,Insecta,Diptera,Tipulidae,Antocha,1
6323,QUIT 3.1,Quittapahilla Creek,18/04/2023,Arthropoda,Insecta,Diptera,Tipulidae,Tipula,1
6324,QUIT 3.1,Quittapahilla Creek,18/04/2023,Arthropoda,Insecta,Ephemeroptera,Baetidae,Baetis,4
6325,QUIT 3.1,Quittapahilla Creek,18/04/2023,Arthropoda,Malacostraca,Isopoda,Asellidae,Caecidotea,1
6326,QUIT 3.1,Quittapahilla Creek,18/04/2023,Annelida,Oligochaeta,,,,7
6327,QUIT 3.1,Quittapahilla Creek,18/04/2023,Arthropoda,Insecta,Diptera,Chironomidae,,33
6328,QUIT 3.1,Quittapahilla Creek,18/04/2023,Platyhelminthes,Turbellaria,,,,3
6329,QUIT 3.1,Quittapahilla Creek,18/04/2023,Arthropoda,Insecta,Ephemeroptera,Ephemerellidae,Ephemerella,5
6330,QUIT 3.1,Quittapahilla Creek,18/04/2023,Arthropoda,Insecta,Coleoptera,Elmidae,Optioservus,23
6331,QUIT 3.1,Quittapahilla Creek,18/04/2023,Arthropoda,Insecta,Coleoptera,Elmidae,Stenelmis,7
6332,QUIT 3.1,Quittapahilla Creek,18/04/2023,Arthropoda,Insecta,Ephemeroptera,Leptohyphidae,Tricorythodes,5
6333,QUIT 3.1,Quittapahilla Creek,18/04/2023,Arthropoda,Insecta,Diptera,Chironomidae,,58
6334,QUIT 3.1,Quittapahilla Creek,18/04/2023,Annelida,Oligochaeta,,,,24
6335,QUIT 3.1,Quittapahilla Creek,18/04/2023,Arthropoda,Insecta,Ephemeroptera,Ephemerellidae,Ephemerella,4
6336,QUIT 3.1,Quittapahilla Creek,18/04/2023,Arthropoda,Insecta,Ephemeroptera,Leptohyphidae,Tricorythodes,4
6337,QUIT 3.1,Quittapahilla Creek,18/04/2023,Arthropoda,Insecta,Coleoptera,Elmidae,Stenelmis,5
6338,QUIT 3.1,Quittapahilla Creek,18/04/2023,Arthropoda,Insecta,Diptera,Simuliidae,Simulium,28
6339,QUIT 3.1,Quittapahilla Creek,18/04/2023,Arthropoda,Insecta,Coleoptera,Elmidae,Optioservus,25
6340,QUIT 3.1,Quittapahilla Creek,18/04/2023,Arthropoda,Insecta,Trichoptera,Hydropsychidae,Hydropsyche,6
6341,QUIT 3.1,Quittapahilla Creek,18/04/2023,Arthropoda,Arachnida,Hydracarina,,,1
6342,QUIT 3.1,Quittapahilla Creek,18/04/2023,Platyhelminthes,Turbellaria,,,,16
6343,QUIT 3.1,Quittapahilla Creek,18/04/2023,Arthropoda,Insecta,Diptera,Empididae,Neoplasta,2
6344,QUIT 3.1,Quittapahilla Creek,18/04/2023,Arthropoda,Insecta,Diptera,Empididae,Hemerodromia,2
6345,QUIT 3.1,Quittapahilla Creek,18/04/2023,Arthropoda,Insecta,Trichoptera,Hydropsychidae,Cheumatopsyche,1
6346,QUIT 3.1,Quittapahilla Creek,18/04/2023,Arthropoda,Malacostraca,Isopoda,Asellidae,Caecidotea,1
6347,QUIT 3.1,Quittapahilla Creek,18/04/2023,Arthropoda,Insecta,Ephemeroptera,Baetidae,Baetis,2
6348,QUIT 3.1,Quittapahilla Creek,18/04/2023,Arthropoda,Insecta,Diptera,Tipulidae,Antocha,3
6349,QUIT 3.1,Quittapahilla Creek,18/04/2023,NA,NA,NA,NA,Hydrobiidae,16
6350,QUIT 3.1,Quittapahilla Creek,18/04/2023,Arthropoda,Malacostraca,Amphipoda,Gammaridae,Gammarus,11
6351,QUIT 3.1,Quittapahilla Creek,18/04/2023,Arthropoda,Insecta,Diptera,Chironomidae,,153
6352,QUIT 3.1,Quittapahilla Creek,18/04/2023,Arthropoda,Insecta,Ephemeroptera,Baetidae,Baetis,1
6353,QUIT 3.1,Quittapahilla Creek,18/04/2023,Arthropoda,Insecta,Ephemeroptera,Ephemerellidae,Ephemerella,2
6354,QUIT 3.1,Quittapahilla Creek,18/04/2023,Arthropoda,Insecta,Trichoptera,Hydropsychidae,Cheumatopsyche,2
6355,QUIT 3.1,Quittapahilla Creek,18/04/2023,Arthropoda,Insecta,Trichoptera,Hydropsychidae,Hydropsyche,10
6356,QUIT 3.1,Quittapahilla Creek,18/04/2023,Platyhelminthes,Turbellaria,,,,2
6357,QUIT 3.1,Quittapahilla Creek,18/04/2023,Arthropoda,Insecta,Coleoptera,Elmidae,Optioservus,8
6358,QUIT 3.1,Quittapahilla Creek,18/04/2023,Arthropoda,Insecta,Diptera,Empididae,Neoplasta,2
6359,QUIT 3.1,Quittapahilla Creek,18/04/2023,Arthropoda,Insecta,Diptera,Tipulidae,Antocha,1
6360,QUIT 3.1,Quittapahilla Creek,18/04/2023,Arthropoda,Malacostraca,Isopoda,Asellidae,Caecidotea,3
6361,QUIT 3.1,Quittapahilla Creek,18/04/2023,Annelida,Oligochaeta,,,,7
6362,QUIT 3.1,Quittapahilla Creek,18/04/2023,Arthropoda,Malacostraca,Amphipoda,Gammaridae,Gammarus,12
6363,QUIT 3.1,Quittapahilla Creek,18/04/2023,Arthropoda,Insecta,Diptera,Empididae,Hemerodromia,3
6364,QUIT 3.1,Quittapahilla Creek,18/04/2023,NA,NA,NA,NA,Nemertea,1
6365,QUIT 3.1,Quittapahilla Creek,18/04/2023,NA,NA,NA,NA,Nematoda,3
6366,QUIT 3.1,Quittapahilla Creek,18/04/2023,Arthropoda,Insecta,Coleoptera,Elmidae,Stenelmis,3
6367,QUIT 3.1,Quittapahilla Creek,18/04/2023,Platyhelminthes,Turbellaria,,,,1
6368,QUIT 3.1,Quittapahilla Creek,18/04/2023,Annelida,Oligochaeta,,,,28
6369,QUIT 3.1,Quittapahilla Creek,18/04/2023,Arthropoda,Malacostraca,Amphipoda,Crangonyctidae,Crangonyx,3
6370,QUIT 3.1,Quittapahilla Creek,18/04/2023,Arthropoda,Malacostraca,Amphipoda,Gammaridae,Gammarus,49
6371,QUIT 3.1,Quittapahilla Creek,18/04/2023,Arthropoda,Malacostraca,Isopoda,Asellidae,Caecidotea,2
6372,QUIT 3.1,Quittapahilla Creek,18/04/2023,Arthropoda,Insecta,Coleoptera,Psephenidae,Psephenus,2
6373,QUIT 3.1,Quittapahilla Creek,18/04/2023,Arthropoda,Insecta,Diptera,Empididae,Neoplasta,2
6374,QUIT 3.1,Quittapahilla Creek,18/04/2023,Arthropoda,Insecta,Diptera,Chironomidae,,65
6375,QUIT 3.1,Quittapahilla Creek,18/04/2023,Arthropoda,Arachnida,Hydracarina,,,1
6376,QUIT 3.1,Quittapahilla Creek,18/04/2023,Arthropoda,Insecta,Ephemeroptera,Leptohyphidae,Tricorythodes,9
6377,QUIT 3.1,Quittapahilla Creek,18/04/2023,Arthropoda,Insecta,Diptera,Simuliidae,Simulium,1
6378,QUIT 3.1,Quittapahilla Creek,18/04/2023,Arthropoda,Insecta,Coleoptera,Elmidae,Stenelmis,7
6379,QUIT 3.1,Quittapahilla Creek,18/04/2023,Arthropoda,Insecta,Diptera,Empididae,Hemerodromia,1
6380,QUIT 3.1,Quittapahilla Creek,18/04/2023,Arthropoda,Insecta,Ephemeroptera,Ephemerellidae,Ephemerella,7
6381,QUIT 3.1,Quittapahilla Creek,18/04/2023,Arthropoda,Insecta,Trichoptera,Hydropsychidae,Ceratopsyche,3
6382,QUIT 3.1,Quittapahilla Creek,18/04/2023,Arthropoda,Insecta,Trichoptera,Hydropsychidae,Hydropsyche,1
6383,QUIT 3.1,Quittapahilla Creek,18/04/2023,Arthropoda,Insecta,Trichoptera,Hydroptilidae,Hydroptila,2
6384,QUIT 3.1,Quittapahilla Creek,18/04/2023,Arthropoda,Insecta,Trichoptera,Philopotamidae,Chimarra,1
6385,QUIT 3.1,Quittapahilla Creek,18/04/2023,Arthropoda,Insecta,Coleoptera,Elmidae,Optioservus,24
6386,QUIT 3.1,Quittapahilla Creek,18/04/2023,NA,NA,NA,NA,Baetidae,1
6387,QUIT 3.1,Quittapahilla Creek,18/04/2023,Arthropoda,Insecta,Trichoptera,Hydropsychidae,Ceratopsyche,15
6388,QUIT 3.1,Quittapahilla Creek,18/04/2023,Arthropoda,Malacostraca,Amphipoda,Gammaridae,Gammarus,73
6389,QUIT 3.1,Quittapahilla Creek,18/04/2023,Annelida,Oligochaeta,,,,17
6390,QUIT 3.1,Quittapahilla Creek,18/04/2023,Arthropoda,Insecta,Diptera,Simuliidae,Simulium,2
6391,QUIT 3.1,Quittapahilla Creek,18/04/2023,Arthropoda,Insecta,Coleoptera,Elmidae,Stenelmis,3
6392,QUIT 3.1,Quittapahilla Creek,18/04/2023,Arthropoda,Insecta,Trichoptera,Hydropsychidae,Cheumatopsyche,5
6393,QUIT 3.1,Quittapahilla Creek,18/04/2023,Arthropoda,Insecta,Diptera,Chironomidae,,63
6394,QUIT 3.1,Quittapahilla Creek,18/04/2023,Arthropoda,Insecta,Ephemeroptera,Ephemerellidae,Ephemerella,5
6395,QUIT 3.1,Quittapahilla Creek,18/04/2023,Arthropoda,Insecta,Diptera,Empididae,Hemerodromia,3
6396,QUIT 3.1,Quittapahilla Creek,18/04/2023,Arthropoda,Insecta,Trichoptera,Hydropsychidae,Hydropsyche,5
6397,QUIT 3.1,Quittapahilla Creek,18/04/2023,Arthropoda,Insecta,Coleoptera,Elmidae,Optioservus,33
6398,QUIT 3.1,Quittapahilla Creek,18/04/2023,Arthropoda,Insecta,Ephemeroptera,Leptohyphidae,Tricorythodes,1
6399,QUIT 3.1,Quittapahilla Creek,18/04/2023,Platyhelminthes,Turbellaria,,,,2
6400,Sangerfield,Sangerfield River,12/04/2018,Arthropoda,Insecta,Ephemeroptera,Baetidae,Acentrella,2
6401,Sangerfield,Sangerfield River,12/04/2018,Arthropoda,Insecta,Trichoptera,Hydropsychidae,Cheumatopsyche,2
6402,Sangerfield,Sangerfield River,12/04/2018,Arthropoda,Insecta,Trichoptera,Philopotamidae,Chimarra,1
6403,Sangerfield,Sangerfield River,12/04/2018,Arthropoda,Insecta,Diptera,Chironomidae,,4
6404,Sangerfield,Sangerfield River,12/04/2018,NA,NA,NA,NA,Corbiculidae,1
6405,Sangerfield,Sangerfield River,12/04/2018,Arthropoda,Insecta,Trichoptera,Philopotamidae,Dolophilodes,1
6406,Sangerfield,Sangerfield River,12/04/2018,Arthropoda,Insecta,Coleoptera,Elmidae,Dubiraphia,1
6407,Sangerfield,Sangerfield River,12/04/2018,Arthropoda,Insecta,Ephemeroptera,Ephemerellidae,Ephemerella,57
6408,Sangerfield,Sangerfield River,12/04/2018,Arthropoda,Insecta,Plecoptera,Perlodidae,Isogenoides,1
6409,Sangerfield,Sangerfield River,12/04/2018,Arthropoda,Insecta,Ephemeroptera,Isonychiidae,Isonychia,4
6410,Sangerfield,Sangerfield River,12/04/2018,Arthropoda,Insecta,Plecoptera,Perlodidae,Isoperla,13
6411,Sangerfield,Sangerfield River,12/04/2018,Arthropoda,Insecta,Ephemeroptera,Heptageniidae,Leucrocuta,1
6412,Sangerfield,Sangerfield River,12/04/2018,Arthropoda,Insecta,Plecoptera,Leuctridae,Leuctra,13
6413,Sangerfield,Sangerfield River,12/04/2018,NA,NA,NA,NA,Limnephilidae,1
6414,Sangerfield,Sangerfield River,12/04/2018,Arthropoda,Insecta,Ephemeroptera,Heptageniidae,Maccaffertium,14
6415,Sangerfield,Sangerfield River,12/04/2018,Arthropoda,Insecta,Coleoptera,Elmidae,Optioservus,6
6416,Sangerfield,Sangerfield River,12/04/2018,Arthropoda,Insecta,Ephemeroptera,Leptophlebiidae,Paraleptophlebia,1
6417,Sangerfield,Sangerfield River,12/04/2018,Arthropoda,Insecta,Coleoptera,Psephenidae,Psephenus,1
6418,Sangerfield,Sangerfield River,12/04/2018,Arthropoda,Insecta,Ephemeroptera,Ephemerellidae,Serratella,1
6419,Sangerfield,Sangerfield River,12/04/2018,Arthropoda,Insecta,Plecoptera,Taeniopterygidae,Taeniopteryx,104
6420,Sangerfield,Sangerfield River,12/04/2018,Arthropoda,Insecta,Ephemeroptera,Ephemerellidae,Ephemerella,1
6421,Sangerfield,Sangerfield River,12/04/2018,Arthropoda,Insecta,Ephemeroptera,Ephemerellidae,Serratella,2
6422,Sangerfield,Sangerfield River,12/04/2018,Arthropoda,Insecta,Ephemeroptera,Ephemeridae,Ephemera,1
6423,Sangerfield,Sangerfield River,12/04/2018,Arthropoda,Insecta,Ephemeroptera,Heptageniidae,Epeorus,2
6424,Sangerfield,Sangerfield River,12/04/2018,Arthropoda,Insecta,Ephemeroptera,Heptageniidae,Leucrocuta,4
6425,Sangerfield,Sangerfield River,12/04/2018,Arthropoda,Insecta,Ephemeroptera,Heptageniidae,Maccaffertium,18
6426,Sangerfield,Sangerfield River,12/04/2018,Arthropoda,Insecta,Ephemeroptera,Leptophlebiidae,Paraleptophlebia,1
6427,Sangerfield,Sangerfield River,12/04/2018,Arthropoda,Insecta,Ephemeroptera,Potamanthidae,Anthopotamus,1
6428,Sangerfield,Sangerfield River,12/04/2018,Arthropoda,Insecta,Plecoptera,Perlidae,Acroneuria,1
6429,Sangerfield,Sangerfield River,12/04/2018,Arthropoda,Insecta,Plecoptera,Perlidae,Agnetina,1
6430,Sangerfield,Sangerfield River,12/04/2018,Arthropoda,Insecta,Plecoptera,Perlidae,Neoperla,1
6431,Sangerfield,Sangerfield River,12/04/2018,NA,NA,NA,NA,Perlodidae,1
6432,Sangerfield,Sangerfield River,12/04/2018,Arthropoda,Insecta,Plecoptera,Taeniopterygidae,Taeniopteryx,20
6433,Sangerfield,Sangerfield River,12/04/2018,Arthropoda,Insecta,Trichoptera,Hydropsychidae,Ceratopsyche,4
6434,Sangerfield,Sangerfield River,12/04/2018,Arthropoda,Insecta,Trichoptera,Hydropsychidae,Cheumatopsyche,17
6435,Sangerfield,Sangerfield River,12/04/2018,Arthropoda,Insecta,Trichoptera,Philopotamidae,Chimarra,16
6436,Sangerfield,Sangerfield River,12/04/2018,Arthropoda,Insecta,Trichoptera,Rhyacophilidae,Rhyacophila,1
6437,Sangerfield,Sangerfield River,12/04/2018,Arthropoda,Insecta,Coleoptera,Elmidae,Optioservus,73
6438,Sangerfield,Sangerfield River,12/04/2018,NA,NA,NA,NA,Promoresia,2
6439,Sangerfield,Sangerfield River,12/04/2018,Arthropoda,Insecta,Coleoptera,Elmidae,Stenelmis,15
6440,Sangerfield,Sangerfield River,12/04/2018,Arthropoda,Insecta,Coleoptera,Psephenidae,Psephenus,4
6441,Sangerfield,Sangerfield River,12/04/2018,Arthropoda,Insecta,Diptera,Ceratopogonidae,,3
6442,Sangerfield,Sangerfield River,12/04/2018,Arthropoda,Insecta,Diptera,Chironomidae,,25
6443,Sangerfield,Sangerfield River,12/04/2018,Arthropoda,Insecta,Diptera,Empididae,Hemerodromia,3
6444,Sangerfield,Sangerfield River,12/04/2018,Arthropoda,Insecta,Diptera,Tipulidae,Antocha,5
6445,Sangerfield,Sangerfield River,12/04/2018,NA,NA,NA,NA,Nematoda,1
6446,Sangerfield,Sangerfield River,12/04/2018,Mollusca,Bivalvia,Sphaeriida,Sphaeriidae,,1
6447,Sangerfield,Sangerfield River,12/04/2018,Annelida,Oligochaeta,,,,5
6448,Sangerfield,Sangerfield River,12/04/2018,Arthropoda,Malacostraca,Decapoda,Cambaridae,Orconectes,1
6449,Sangerfield,Sangerfield River,12/04/2018,Arthropoda,Arachnida,Hydracarina,,,8
6450,Sangerfield,Sangerfield River,12/04/2018,Arthropoda,Insecta,Ephemeroptera,Baetidae,Acentrella,1
6451,Sangerfield,Sangerfield River,12/04/2018,Arthropoda,Insecta,Ephemeroptera,Baetidae,Baetis,2
6452,Sangerfield,Sangerfield River,12/04/2018,Arthropoda,Insecta,Ephemeroptera,Ephemerellidae,Ephemerella,26
6453,Sangerfield,Sangerfield River,12/04/2018,Arthropoda,Insecta,Ephemeroptera,Ephemerellidae,Serratella,1
6454,Sangerfield,Sangerfield River,12/04/2018,Arthropoda,Insecta,Ephemeroptera,Heptageniidae,Epeorus,1
6455,Sangerfield,Sangerfield River,12/04/2018,Arthropoda,Insecta,Ephemeroptera,Heptageniidae,Leucrocuta,6
6456,Sangerfield,Sangerfield River,12/04/2018,Arthropoda,Insecta,Ephemeroptera,Heptageniidae,Maccaffertium,27
6457,Sangerfield,Sangerfield River,12/04/2018,Arthropoda,Insecta,Ephemeroptera,Isonychiidae,Isonychia,2
6458,Sangerfield,Sangerfield River,12/04/2018,Arthropoda,Insecta,Ephemeroptera,Leptophlebiidae,Paraleptophlebia,9
6459,Sangerfield,Sangerfield River,12/04/2018,Arthropoda,Insecta,Plecoptera,Capniidae,Allocapnia,5
6460,Sangerfield,Sangerfield River,12/04/2018,Arthropoda,Insecta,Plecoptera,Capniidae,Paracapnia,2
6461,Sangerfield,Sangerfield River,12/04/2018,Arthropoda,Insecta,Plecoptera,Perlidae,Acroneuria,1
6462,Sangerfield,Sangerfield River,12/04/2018,Arthropoda,Insecta,Plecoptera,Perlidae,Agnetina,1
6463,Sangerfield,Sangerfield River,12/04/2018,Arthropoda,Insecta,Plecoptera,Perlidae,Paragnetina,1
6464,Sangerfield,Sangerfield River,12/04/2018,Arthropoda,Insecta,Plecoptera,Perlodidae,Isoperla,4
6465,Sangerfield,Sangerfield River,12/04/2018,Arthropoda,Insecta,Plecoptera,Taeniopterygidae,Taeniopteryx,2
6466,Sangerfield,Sangerfield River,12/04/2018,Arthropoda,Insecta,Trichoptera,Glossosomatidae,Glossosoma,1
6467,Sangerfield,Sangerfield River,12/04/2018,Arthropoda,Insecta,Trichoptera,Hydropsychidae,Ceratopsyche,39
6468,Sangerfield,Sangerfield River,12/04/2018,Arthropoda,Insecta,Trichoptera,Hydropsychidae,Cheumatopsyche,9
6469,Sangerfield,Sangerfield River,12/04/2018,Arthropoda,Insecta,Trichoptera,Philopotamidae,Chimarra,24
6470,Sangerfield,Sangerfield River,12/04/2018,Arthropoda,Insecta,Trichoptera,Psychomyiidae,Psychomyia,1
6471,Sangerfield,Sangerfield River,12/04/2018,Arthropoda,Insecta,Coleoptera,Elmidae,Optioservus,24
6472,Sangerfield,Sangerfield River,12/04/2018,NA,NA,NA,NA,Promoresia,2
6473,Sangerfield,Sangerfield River,12/04/2018,Arthropoda,Insecta,Coleoptera,Elmidae,Stenelmis,4
6474,Sangerfield,Sangerfield River,12/04/2018,Arthropoda,Insecta,Coleoptera,Psephenidae,Psephenus,1
6475,Sangerfield,Sangerfield River,12/04/2018,Arthropoda,Insecta,Diptera,Athericidae,Atherix,2
6476,Sangerfield,Sangerfield River,12/04/2018,Arthropoda,Insecta,Diptera,Chironomidae,,20
6477,Sangerfield,Sangerfield River,12/04/2018,Arthropoda,Insecta,Diptera,Empididae,Hemerodromia,3
6478,Sangerfield,Sangerfield River,12/04/2018,Arthropoda,Insecta,Diptera,Simuliidae,Simulium,1
6479,Sangerfield,Sangerfield River,12/04/2018,Arthropoda,Insecta,Diptera,Tipulidae,Antocha,4
6480,Sangerfield,Sangerfield River,12/04/2018,NA,NA,NA,NA,Nematoda,2
6481,Sangerfield,Sangerfield River,12/04/2018,Arthropoda,Arachnida,Hydracarina,,,2
6482,Sangerfield,Sangerfield River,12/04/2018,Arthropoda,Insecta,Ephemeroptera,Ephemerellidae,Ephemerella,24
6483,Sangerfield,Sangerfield River,12/04/2018,Arthropoda,Insecta,Ephemeroptera,Ephemerellidae,Serratella,1
6484,Sangerfield,Sangerfield River,12/04/2018,Arthropoda,Insecta,Ephemeroptera,Heptageniidae,Leucrocuta,1
6485,Sangerfield,Sangerfield River,12/04/2018,Arthropoda,Insecta,Ephemeroptera,Heptageniidae,Maccaffertium,9
6486,Sangerfield,Sangerfield River,12/04/2018,Arthropoda,Insecta,Ephemeroptera,Leptophlebiidae,Paraleptophlebia,2
6487,Sangerfield,Sangerfield River,12/04/2018,Arthropoda,Insecta,Ephemeroptera,Potamanthidae,Anthopotamus,1
6488,Sangerfield,Sangerfield River,12/04/2018,Arthropoda,Insecta,Plecoptera,Capniidae,Paracapnia,1
6489,Sangerfield,Sangerfield River,12/04/2018,Arthropoda,Insecta,Plecoptera,Perlidae,Acroneuria,2
6490,Sangerfield,Sangerfield River,12/04/2018,Arthropoda,Insecta,Plecoptera,Perlidae,Agnetina,2
6491,Sangerfield,Sangerfield River,12/04/2018,Arthropoda,Insecta,Plecoptera,Perlidae,Neoperla,1
6492,Sangerfield,Sangerfield River,12/04/2018,Arthropoda,Insecta,Plecoptera,Perlidae,Paragnetina,1
6493,Sangerfield,Sangerfield River,12/04/2018,Arthropoda,Insecta,Plecoptera,Perlodidae,Isoperla,4
6494,Sangerfield,Sangerfield River,12/04/2018,Arthropoda,Insecta,Plecoptera,Taeniopterygidae,Taeniopteryx,1
6495,Sangerfield,Sangerfield River,12/04/2018,Arthropoda,Insecta,Trichoptera,Hydropsychidae,Ceratopsyche,14
6496,Sangerfield,Sangerfield River,12/04/2018,Arthropoda,Insecta,Trichoptera,Hydropsychidae,Cheumatopsyche,18
6497,Sangerfield,Sangerfield River,12/04/2018,Arthropoda,Insecta,Trichoptera,Philopotamidae,Chimarra,14
6498,Sangerfield,Sangerfield River,12/04/2018,Arthropoda,Insecta,Coleoptera,Elmidae,Optioservus,50
6499,Sangerfield,Sangerfield River,12/04/2018,Arthropoda,Insecta,Coleoptera,Elmidae,Stenelmis,10
6500,Sangerfield,Sangerfield River,12/04/2018,Arthropoda,Insecta,Coleoptera,Psephenidae,Psephenus,33
6501,Sangerfield,Sangerfield River,12/04/2018,Arthropoda,Insecta,Diptera,Athericidae,Atherix,3
6502,Sangerfield,Sangerfield River,12/04/2018,Arthropoda,Insecta,Diptera,Chironomidae,,16
6503,Sangerfield,Sangerfield River,12/04/2018,Arthropoda,Insecta,Diptera,Empididae,Hemerodromia,2
6504,Sangerfield,Sangerfield River,12/04/2018,Arthropoda,Insecta,Diptera,Tipulidae,Antocha,5
6505,Sangerfield,Sangerfield River,12/04/2018,NA,NA,NA,NA,Nematoda,3
6506,Sangerfield,Sangerfield River,12/04/2018,Platyhelminthes,Turbellaria,,,,1
6507,Sangerfield,Sangerfield River,12/04/2018,Mollusca,Bivalvia,Sphaeriida,Sphaeriidae,,1
6508,Sangerfield,Sangerfield River,12/04/2018,Annelida,Oligochaeta,,,,2
6509,Sangerfield,Sangerfield River,12/04/2018,Arthropoda,Insecta,Ephemeroptera,Baetidae,Plauditus,1
6510,Sangerfield,Sangerfield River,12/04/2018,Arthropoda,Insecta,Ephemeroptera,Caenidae,Caenis,1
6511,Sangerfield,Sangerfield River,12/04/2018,Arthropoda,Insecta,Ephemeroptera,Ephemerellidae,Ephemerella,29
6512,Sangerfield,Sangerfield River,12/04/2018,Arthropoda,Insecta,Ephemeroptera,Ephemerellidae,Serratella,2
6513,Sangerfield,Sangerfield River,12/04/2018,Arthropoda,Insecta,Ephemeroptera,Heptageniidae,Leucrocuta,1
6514,Sangerfield,Sangerfield River,12/04/2018,Arthropoda,Insecta,Ephemeroptera,Heptageniidae,Maccaffertium,5
6515,Sangerfield,Sangerfield River,12/04/2018,Arthropoda,Insecta,Ephemeroptera,Heptageniidae,Stenacron,1
6516,Sangerfield,Sangerfield River,12/04/2018,Arthropoda,Insecta,Ephemeroptera,Isonychiidae,Isonychia,2
6517,Sangerfield,Sangerfield River,12/04/2018,Arthropoda,Insecta,Ephemeroptera,Leptophlebiidae,Paraleptophlebia,3
6518,Sangerfield,Sangerfield River,12/04/2018,Arthropoda,Insecta,Plecoptera,Perlidae,Neoperla,1
6519,Sangerfield,Sangerfield River,12/04/2018,Arthropoda,Insecta,Plecoptera,Perlidae,Paragnetina,1
6520,Sangerfield,Sangerfield River,12/04/2018,Arthropoda,Insecta,Plecoptera,Taeniopterygidae,Taeniopteryx,3
6521,Sangerfield,Sangerfield River,12/04/2018,Arthropoda,Insecta,Trichoptera,Helicopsychidae,Helicopsyche,1
6522,Sangerfield,Sangerfield River,12/04/2018,Arthropoda,Insecta,Trichoptera,Hydropsychidae,Ceratopsyche,22
6523,Sangerfield,Sangerfield River,12/04/2018,Arthropoda,Insecta,Trichoptera,Hydropsychidae,Cheumatopsyche,15
6524,Sangerfield,Sangerfield River,12/04/2018,Arthropoda,Insecta,Trichoptera,Philopotamidae,Chimarra,22
6525,Sangerfield,Sangerfield River,12/04/2018,Arthropoda,Insecta,Trichoptera,Psychomyiidae,Psychomyia,13
6526,Sangerfield,Sangerfield River,12/04/2018,Arthropoda,Insecta,Trichoptera,Rhyacophilidae,Rhyacophila,1
6527,Sangerfield,Sangerfield River,12/04/2018,Arthropoda,Insecta,Coleoptera,Elmidae,Optioservus,48
6528,Sangerfield,Sangerfield River,12/04/2018,Arthropoda,Insecta,Coleoptera,Elmidae,Stenelmis,14
6529,Sangerfield,Sangerfield River,12/04/2018,Arthropoda,Insecta,Coleoptera,Psephenidae,Psephenus,8
6530,Sangerfield,Sangerfield River,12/04/2018,Arthropoda,Insecta,Diptera,Chironomidae,,6
6531,Sangerfield,Sangerfield River,12/04/2018,Arthropoda,Insecta,Diptera,Empididae,Hemerodromia,2
6532,Sangerfield,Sangerfield River,12/04/2018,Arthropoda,Insecta,Diptera,Tipulidae,Antocha,9
6533,Sangerfield,Sangerfield River,12/04/2018,Mollusca,Bivalvia,Sphaeriida,Sphaeriidae,,1
6534,Sangerfield,Sangerfield River,12/04/2018,Arthropoda,Arachnida,Hydracarina,,,1
6535,Sangerfield,Sangerfield River,12/04/2018,Arthropoda,Insecta,Ephemeroptera,Ephemerellidae,Ephemerella,25
6536,Sangerfield,Sangerfield River,12/04/2018,Arthropoda,Insecta,Ephemeroptera,Ephemerellidae,Serratella,3
6537,Sangerfield,Sangerfield River,12/04/2018,Arthropoda,Insecta,Ephemeroptera,Heptageniidae,Leucrocuta,2
6538,Sangerfield,Sangerfield River,12/04/2018,Arthropoda,Insecta,Ephemeroptera,Heptageniidae,Maccaffertium,7
6539,Sangerfield,Sangerfield River,12/04/2018,Arthropoda,Insecta,Ephemeroptera,Heptageniidae,Stenacron,1
6540,Sangerfield,Sangerfield River,12/04/2018,Arthropoda,Insecta,Plecoptera,Capniidae,Paracapnia,1
6541,Sangerfield,Sangerfield River,12/04/2018,Arthropoda,Insecta,Plecoptera,Perlidae,Neoperla,1
6542,Sangerfield,Sangerfield River,12/04/2018,NA,NA,NA,NA,Perlodidae,1
6543,Sangerfield,Sangerfield River,12/04/2018,Arthropoda,Insecta,Plecoptera,Taeniopterygidae,Taeniopteryx,3
6544,Sangerfield,Sangerfield River,12/04/2018,Arthropoda,Insecta,Trichoptera,Hydropsychidae,Ceratopsyche,9
6545,Sangerfield,Sangerfield River,12/04/2018,Arthropoda,Insecta,Trichoptera,Hydropsychidae,Cheumatopsyche,7
6546,Sangerfield,Sangerfield River,12/04/2018,Arthropoda,Insecta,Trichoptera,Philopotamidae,Chimarra,11
6547,Sangerfield,Sangerfield River,12/04/2018,Arthropoda,Insecta,Trichoptera,Psychomyiidae,Psychomyia,4
6548,Sangerfield,Sangerfield River,12/04/2018,Arthropoda,Insecta,Coleoptera,Elmidae,Optioservus,67
6549,Sangerfield,Sangerfield River,12/04/2018,Arthropoda,Insecta,Coleoptera,Elmidae,Stenelmis,21
6550,Sangerfield,Sangerfield River,12/04/2018,Arthropoda,Insecta,Coleoptera,Psephenidae,Psephenus,15
6551,Sangerfield,Sangerfield River,12/04/2018,Arthropoda,Insecta,Diptera,Ceratopogonidae,Bezzia,1
6552,Sangerfield,Sangerfield River,12/04/2018,Arthropoda,Insecta,Diptera,Chironomidae,,34
6553,Sangerfield,Sangerfield River,12/04/2018,Arthropoda,Insecta,Diptera,Empididae,Hemerodromia,2
6554,Sangerfield,Sangerfield River,12/04/2018,Arthropoda,Insecta,Diptera,Tipulidae,Antocha,4
6555,Sangerfield,Sangerfield River,12/04/2018,Platyhelminthes,Turbellaria,,,,1
6556,Sangerfield,Sangerfield River,12/04/2018,Mollusca,Bivalvia,Sphaeriida,Sphaeriidae,,1
6557,Sangerfield,Sangerfield River,12/04/2018,Annelida,Oligochaeta,,,,1
6558,Sangerfield,Sangerfield River,12/04/2018,Arthropoda,Insecta,Plecoptera,Perlidae,Acroneuria,1
6559,Sangerfield,Sangerfield River,12/04/2018,Arthropoda,Insecta,Ephemeroptera,Baetidae,Baetis,2
6560,Sangerfield,Sangerfield River,12/04/2018,Arthropoda,Insecta,Ephemeroptera,Caenidae,Caenis,2
6561,Sangerfield,Sangerfield River,12/04/2018,Arthropoda,Insecta,Trichoptera,Hydropsychidae,Cheumatopsyche,5
6562,Sangerfield,Sangerfield River,12/04/2018,Arthropoda,Insecta,Diptera,Chironomidae,,55
6563,Sangerfield,Sangerfield River,12/04/2018,Arthropoda,Insecta,Ephemeroptera,Ephemerellidae,Ephemerella,6
6564,Sangerfield,Sangerfield River,12/04/2018,Arthropoda,Insecta,Diptera,Empididae,Hemerodromia,2
6565,Sangerfield,Sangerfield River,12/04/2018,Arthropoda,Arachnida,Hydracarina,,,4
6566,Sangerfield,Sangerfield River,12/04/2018,Arthropoda,Insecta,Ephemeroptera,Heptageniidae,Leucrocuta,8
6567,Sangerfield,Sangerfield River,12/04/2018,NA,NA,NA,NA,Nemouridae,2
6568,Sangerfield,Sangerfield River,12/04/2018,Arthropoda,Insecta,Trichoptera,Uenoidae,Neophylax,7
6569,Sangerfield,Sangerfield River,12/04/2018,Arthropoda,Insecta,Coleoptera,Elmidae,Optioservus,21
6570,Sangerfield,Sangerfield River,12/04/2018,Arthropoda,Malacostraca,Decapoda,Cambaridae,Orconectes,1
6571,Sangerfield,Sangerfield River,12/04/2018,Arthropoda,Insecta,Trichoptera,Psychomyiidae,Psychomyia,2
6572,Sangerfield,Sangerfield River,12/04/2018,Arthropoda,Insecta,Ephemeroptera,Ephemerellidae,Serratella,5
6573,Sangerfield,Sangerfield River,12/04/2018,Arthropoda,Insecta,Plecoptera,Perlidae,Agnetina,2
6574,Sangerfield,Sangerfield River,12/04/2018,Arthropoda,Insecta,Diptera,Tipulidae,Antocha,7
6575,Sangerfield,Sangerfield River,12/04/2018,Arthropoda,Insecta,Trichoptera,Hydropsychidae,Ceratopsyche,12
6576,Sangerfield,Sangerfield River,12/04/2018,Arthropoda,Insecta,Trichoptera,Philopotamidae,Chimarra,2
6577,Sangerfield,Sangerfield River,12/04/2018,Arthropoda,Insecta,Diptera,Empididae,Clinocera,5
6578,Sangerfield,Sangerfield River,12/04/2018,Arthropoda,Insecta,Ephemeroptera,Baetidae,Diphetor,1
6579,Sangerfield,Sangerfield River,12/04/2018,Arthropoda,Insecta,Ephemeroptera,Heptageniidae,Epeorus,2
6580,Sangerfield,Sangerfield River,12/04/2018,Arthropoda,Insecta,Ephemeroptera,Ephemeridae,Ephemera,1
6581,Sangerfield,Sangerfield River,12/04/2018,Arthropoda,Insecta,Ephemeroptera,Ephemerellidae,Eurylophella,1
6582,Sangerfield,Sangerfield River,12/04/2018,Arthropoda,Insecta,Ephemeroptera,Isonychiidae,Isonychia,1
6583,Sangerfield,Sangerfield River,12/04/2018,NA,NA,NA,NA,Leptoceridae,1
6584,Sangerfield,Sangerfield River,12/04/2018,NA,NA,NA,NA,Leptophlebiidae,8
6585,Sangerfield,Sangerfield River,12/04/2018,Arthropoda,Insecta,Ephemeroptera,Heptageniidae,Maccaffertium,9
6586,Sangerfield,Sangerfield River,12/04/2018,Annelida,Oligochaeta,,,,1
6587,Sangerfield,Sangerfield River,12/04/2018,Arthropoda,Insecta,Ephemeroptera,Leptophlebiidae,Paraleptophlebia,2
6588,Sangerfield,Sangerfield River,12/04/2018,Arthropoda,Insecta,Coleoptera,Psephenidae,Psephenus,4
6589,Sangerfield,Sangerfield River,12/04/2018,Mollusca,Bivalvia,Sphaeriida,Sphaeriidae,,16
6590,Sangerfield,Sangerfield River,12/04/2018,Arthropoda,Insecta,Ephemeroptera,Heptageniidae,Stenacron,1
6591,Sangerfield,Sangerfield River,12/04/2018,Arthropoda,Insecta,Coleoptera,Elmidae,Stenelmis,12
6592,SING 0.9,Sing Sing Creek,17/04/2025,Arthropoda,Insecta,Trichoptera,Glossosomatidae,Glossosoma,1
6593,SING 0.9,Sing Sing Creek,17/04/2025,Arthropoda,Insecta,Diptera,Chironomidae,,63
6594,SING 0.9,Sing Sing Creek,17/04/2025,Arthropoda,Insecta,Ephemeroptera,Ephemerellidae,Eurylophella,1
6595,SING 0.9,Sing Sing Creek,17/04/2025,Arthropoda,Insecta,Ephemeroptera,Ephemerellidae,Ephemerella,8
6596,SING 0.9,Sing Sing Creek,17/04/2025,Arthropoda,Insecta,Coleoptera,Elmidae,Dubiraphia,2
6597,SING 0.9,Sing Sing Creek,17/04/2025,Arthropoda,Insecta,Ephemeroptera,Baetidae,Acerpenna,1
6598,SING 0.9,Sing Sing Creek,17/04/2025,Mollusca,Gastropoda,Neotaenioglossa,Amnicolidae,Amnicola,8
6599,SING 0.9,Sing Sing Creek,17/04/2025,Arthropoda,Insecta,Diptera,Tipulidae,Antocha,1
6600,SING 0.9,Sing Sing Creek,17/04/2025,Arthropoda,Insecta,Diptera,Athericidae,Atherix,1
6601,SING 0.9,Sing Sing Creek,17/04/2025,Arthropoda,Insecta,Ephemeroptera,Caenidae,Caenis,5
6602,SING 0.9,Sing Sing Creek,17/04/2025,Arthropoda,Insecta,Trichoptera,Hydropsychidae,Cheumatopsyche,10
6603,SING 0.9,Sing Sing Creek,17/04/2025,Arthropoda,Insecta,Coleoptera,Dryopidae,Helichus,1
6604,SING 0.9,Sing Sing Creek,17/04/2025,Arthropoda,Insecta,Ephemeroptera,Ephemerellidae,Teloganopsis,3
6605,SING 0.9,Sing Sing Creek,17/04/2025,Arthropoda,Insecta,Trichoptera,Philopotamidae,Chimarra,5
6606,SING 0.9,Sing Sing Creek,17/04/2025,Arthropoda,Insecta,Trichoptera,Helicopsychidae,Helicopsyche,5
6607,SING 0.9,Sing Sing Creek,17/04/2025,Arthropoda,Insecta,Diptera,Empididae,Hemerodromia,2
6608,SING 0.9,Sing Sing Creek,17/04/2025,Arthropoda,Insecta,Trichoptera,Hydropsychidae,Hydropsyche,9
6609,SING 0.9,Sing Sing Creek,17/04/2025,Arthropoda,Insecta,Trichoptera,Hydroptilidae,Hydroptila,1
6610,SING 0.9,Sing Sing Creek,17/04/2025,NA,NA,NA,NA,Nematoda,1
6611,SING 0.9,Sing Sing Creek,17/04/2025,Arthropoda,Insecta,Diptera,Empididae,Neoplasta,1
6612,SING 0.9,Sing Sing Creek,17/04/2025,Annelida,Oligochaeta,,,,13
6613,SING 0.9,Sing Sing Creek,17/04/2025,Arthropoda,Insecta,Coleoptera,Elmidae,Optioservus,16
6614,SING 0.9,Sing Sing Creek,17/04/2025,Arthropoda,Insecta,Coleoptera,Psephenidae,Psephenus,2
6615,SING 0.9,Sing Sing Creek,17/04/2025,Arthropoda,Insecta,Diptera,Simuliidae,Simulium,2
6616,SING 0.9,Sing Sing Creek,17/04/2025,Arthropoda,Insecta,Coleoptera,Elmidae,Stenelmis,48
6617,SING 0.9,Sing Sing Creek,17/04/2025,Arthropoda,Arachnida,Hydracarina,,,5
6618,SING 0.9,Sing Sing Creek,17/04/2025,Arthropoda,Insecta,Ephemeroptera,Baetidae,Diphetor,1
6619,SING 0.9,Sing Sing Creek,17/04/2025,Arthropoda,Insecta,Diptera,Simuliidae,Simulium,2
6620,SING 0.9,Sing Sing Creek,17/04/2025,Arthropoda,Insecta,Plecoptera,Perlidae,Agnetina,1
6621,SING 0.9,Sing Sing Creek,17/04/2025,Arthropoda,Insecta,Ephemeroptera,Ameletidae,Ameletus,1
6622,SING 0.9,Sing Sing Creek,17/04/2025,NA,NA,NA,NA,Ancylidae,1
6623,SING 0.9,Sing Sing Creek,17/04/2025,Arthropoda,Insecta,Diptera,Tipulidae,Antocha,1
6624,SING 0.9,Sing Sing Creek,17/04/2025,Arthropoda,Malacostraca,Isopoda,Asellidae,Caecidotea,1
6625,SING 0.9,Sing Sing Creek,17/04/2025,Arthropoda,Insecta,Ephemeroptera,Caenidae,Caenis,7
6626,SING 0.9,Sing Sing Creek,17/04/2025,Arthropoda,Insecta,Trichoptera,Hydropsychidae,Cheumatopsyche,41
6627,SING 0.9,Sing Sing Creek,17/04/2025,Arthropoda,Insecta,Trichoptera,Philopotamidae,Chimarra,25
6628,SING 0.9,Sing Sing Creek,17/04/2025,Arthropoda,Insecta,Diptera,Chironomidae,,33
6629,SING 0.9,Sing Sing Creek,17/04/2025,Arthropoda,Insecta,Diptera,Tabanidae,Chrysops,1
6630,SING 0.9,Sing Sing Creek,17/04/2025,NA,NA,NA,NA,Corbiculidae,2
6631,SING 0.9,Sing Sing Creek,17/04/2025,Arthropoda,Insecta,Coleoptera,Elmidae,Dubiraphia,2
6632,SING 0.9,Sing Sing Creek,17/04/2025,Arthropoda,Insecta,Ephemeroptera,Ephemerellidae,Ephemerella,4
6633,SING 0.9,Sing Sing Creek,17/04/2025,Arthropoda,Insecta,Trichoptera,Helicopsychidae,Helicopsyche,1
6634,SING 0.9,Sing Sing Creek,17/04/2025,Arthropoda,Insecta,Trichoptera,Hydropsychidae,Hydropsyche,15
6635,SING 0.9,Sing Sing Creek,17/04/2025,Arthropoda,Insecta,Ephemeroptera,Isonychiidae,Isonychia,1
6636,SING 0.9,Sing Sing Creek,17/04/2025,Arthropoda,Insecta,Plecoptera,Leuctridae,Leuctra,7
6637,SING 0.9,Sing Sing Creek,17/04/2025,Arthropoda,Insecta,Ephemeroptera,Heptageniidae,Maccaffertium,1
6638,SING 0.9,Sing Sing Creek,17/04/2025,Arthropoda,Insecta,Megaloptera,Corydalidae,Nigronia,1
6639,SING 0.9,Sing Sing Creek,17/04/2025,Arthropoda,Insecta,Coleoptera,Elmidae,Optioservus,15
6640,SING 0.9,Sing Sing Creek,17/04/2025,Arthropoda,Insecta,Plecoptera,Capniidae,Paracapnia,1
6641,SING 0.9,Sing Sing Creek,17/04/2025,NA,NA,NA,NA,Promoresia,2
6642,SING 0.9,Sing Sing Creek,17/04/2025,Arthropoda,Insecta,Diptera,Simuliidae,Prosimulium,2
6643,SING 0.9,Sing Sing Creek,17/04/2025,Arthropoda,Insecta,Coleoptera,Psephenidae,Psephenus,2
6644,SING 0.9,Sing Sing Creek,17/04/2025,Arthropoda,Insecta,Trichoptera,Limnephilidae,Pycnopsyche,3
6645,SING 0.9,Sing Sing Creek,17/04/2025,Arthropoda,Insecta,Hemiptera,Veliidae,Rhagovelia,1
6646,SING 0.9,Sing Sing Creek,17/04/2025,Arthropoda,Insecta,Ephemeroptera,Ephemerellidae,Serratella,1
6647,SING 0.9,Sing Sing Creek,17/04/2025,Arthropoda,Insecta,Diptera,Simuliidae,Simulium,5
6648,SING 0.9,Sing Sing Creek,17/04/2025,Arthropoda,Insecta,Ephemeroptera,Heptageniidae,Stenacron,2
6649,SING 0.9,Sing Sing Creek,17/04/2025,Arthropoda,Insecta,Coleoptera,Elmidae,Stenelmis,1
6650,SING 0.9,Sing Sing Creek,17/04/2025,Arthropoda,Insecta,Plecoptera,Chloroperlidae,Sweltsa,1
6651,SING 0.9,Sing Sing Creek,17/04/2025,Arthropoda,Insecta,Plecoptera,Taeniopterygidae,Taeniopteryx,31
6652,SING 0.9,Sing Sing Creek,17/04/2025,Arthropoda,Insecta,Diptera,Tipulidae,Tipula,1
6653,SING 0.9,Sing Sing Creek,17/04/2025,Arthropoda,Insecta,Coleoptera,Hydrophilidae,Tropisternus,1
6654,SING 0.9,Sing Sing Creek,17/04/2025,Arthropoda,Insecta,Ephemeroptera,Caenidae,Caenis,9
6655,SING 0.9,Sing Sing Creek,17/04/2025,Arthropoda,Insecta,Ephemeroptera,Ephemerellidae,Eurylophella,1
6656,SING 0.9,Sing Sing Creek,17/04/2025,Arthropoda,Insecta,Plecoptera,Capniidae,Allocapnia,9
6657,SING 0.9,Sing Sing Creek,17/04/2025,Arthropoda,Insecta,Plecoptera,Taeniopterygidae,Taeniopteryx,79
6658,SING 0.9,Sing Sing Creek,17/04/2025,Arthropoda,Insecta,Trichoptera,Hydropsychidae,Ceratopsyche,1
6659,SING 0.9,Sing Sing Creek,17/04/2025,Arthropoda,Insecta,Trichoptera,Hydropsychidae,Cheumatopsyche,28
6660,SING 0.9,Sing Sing Creek,17/04/2025,Arthropoda,Insecta,Trichoptera,Leptoceridae,Oecetis,1
6661,SING 0.9,Sing Sing Creek,17/04/2025,Arthropoda,Insecta,Trichoptera,Philopotamidae,Chimarra,13
6662,SING 0.9,Sing Sing Creek,17/04/2025,Arthropoda,Insecta,Trichoptera,Polycentropodidae,Polycentropus,1
6663,SING 0.9,Sing Sing Creek,17/04/2025,Arthropoda,Insecta,Coleoptera,Elmidae,Dubiraphia,2
6664,SING 0.9,Sing Sing Creek,17/04/2025,Arthropoda,Insecta,Coleoptera,Elmidae,Optioservus,10
6665,SING 0.9,Sing Sing Creek,17/04/2025,Arthropoda,Insecta,Coleoptera,Elmidae,Stenelmis,4
6666,SING 0.9,Sing Sing Creek,17/04/2025,Arthropoda,Insecta,Coleoptera,Psephenidae,Psephenus,1
6667,SING 0.9,Sing Sing Creek,17/04/2025,Arthropoda,Insecta,Diptera,Chironomidae,,52
6668,SING 0.9,Sing Sing Creek,17/04/2025,Arthropoda,Insecta,Diptera,Empididae,Hemerodromia,1
6669,SING 0.9,Sing Sing Creek,17/04/2025,NA,NA,NA,NA,Ancylidae,2
6670,SING 0.9,Sing Sing Creek,17/04/2025,NA,NA,NA,NA,Hydrobiidae,2
6671,SING 0.9,Sing Sing Creek,17/04/2025,Annelida,Oligochaeta,,,,1
6672,SING 0.9,Sing Sing Creek,17/04/2025,Arthropoda,Malacostraca,Amphipoda,Crangonyctidae,Crangonyx,2
6673,SING 0.9,Sing Sing Creek,17/04/2025,Arthropoda,Malacostraca,Isopoda,Asellidae,Caecidotea,4
6674,SING 0.9,Sing Sing Creek,17/04/2025,Arthropoda,Arachnida,Hydracarina,,,3
6675,SING 0.9,Sing Sing Creek,17/04/2025,Arthropoda,Insecta,Ephemeroptera,Caenidae,Caenis,2
6676,SING 0.9,Sing Sing Creek,17/04/2025,Arthropoda,Insecta,Ephemeroptera,Ephemerellidae,Ephemerella,10
6677,SING 0.9,Sing Sing Creek,17/04/2025,Arthropoda,Insecta,Ephemeroptera,Heptageniidae,Leucrocuta,1
6678,SING 0.9,Sing Sing Creek,17/04/2025,Arthropoda,Insecta,Ephemeroptera,Heptageniidae,Stenacron,5
6679,SING 0.9,Sing Sing Creek,17/04/2025,Arthropoda,Insecta,Ephemeroptera,Isonychiidae,Isonychia,1
6680,SING 0.9,Sing Sing Creek,17/04/2025,Arthropoda,Insecta,Ephemeroptera,Leptophlebiidae,Paraleptophlebia,1
6681,SING 0.9,Sing Sing Creek,17/04/2025,Arthropoda,Insecta,Plecoptera,Perlodidae,Isoperla,1
6682,SING 0.9,Sing Sing Creek,17/04/2025,Arthropoda,Insecta,Plecoptera,Taeniopterygidae,Taeniopteryx,20
6683,SING 0.9,Sing Sing Creek,17/04/2025,Arthropoda,Insecta,Trichoptera,Hydropsychidae,Ceratopsyche,3
6684,SING 0.9,Sing Sing Creek,17/04/2025,Arthropoda,Insecta,Trichoptera,Hydropsychidae,Cheumatopsyche,24
6685,SING 0.9,Sing Sing Creek,17/04/2025,NA,NA,NA,NA,Limnephilidae,3
6686,SING 0.9,Sing Sing Creek,17/04/2025,Arthropoda,Insecta,Trichoptera,Philopotamidae,Chimarra,2
6687,SING 0.9,Sing Sing Creek,17/04/2025,Arthropoda,Insecta,Trichoptera,Polycentropodidae,Neureclipsis,1
6688,SING 0.9,Sing Sing Creek,17/04/2025,Arthropoda,Insecta,Trichoptera,Polycentropodidae,Polycentropus,1
6689,SING 0.9,Sing Sing Creek,17/04/2025,Arthropoda,Insecta,Trichoptera,Psychomyiidae,Psychomyia,1
6690,SING 0.9,Sing Sing Creek,17/04/2025,NA,NA,NA,NA,Gomphidae,3
6691,SING 0.9,Sing Sing Creek,17/04/2025,Arthropoda,Insecta,Coleoptera,Elmidae,Dubiraphia,1
6692,SING 0.9,Sing Sing Creek,17/04/2025,Arthropoda,Insecta,Coleoptera,Elmidae,Optioservus,6
6693,SING 0.9,Sing Sing Creek,17/04/2025,Arthropoda,Insecta,Coleoptera,Elmidae,Oulimnius,1
6694,SING 0.9,Sing Sing Creek,17/04/2025,Arthropoda,Insecta,Coleoptera,Elmidae,Stenelmis,3
6695,SING 0.9,Sing Sing Creek,17/04/2025,Arthropoda,Insecta,Diptera,Athericidae,Atherix,2
6696,SING 0.9,Sing Sing Creek,17/04/2025,Arthropoda,Insecta,Diptera,Chironomidae,,118
6697,SING 0.9,Sing Sing Creek,17/04/2025,Arthropoda,Insecta,Diptera,Empididae,Hemerodromia,3
6698,SING 0.9,Sing Sing Creek,17/04/2025,Arthropoda,Insecta,Diptera,Simuliidae,Simulium,3
6699,SING 0.9,Sing Sing Creek,17/04/2025,NA,NA,NA,NA,Tabanidae,1
6700,SING 0.9,Sing Sing Creek,17/04/2025,Arthropoda,Insecta,Diptera,Tipulidae,Antocha,2
6701,SING 0.9,Sing Sing Creek,17/04/2025,NA,NA,NA,NA,Physidae,1
6702,SING 0.9,Sing Sing Creek,17/04/2025,Mollusca,Bivalvia,Sphaeriida,Sphaeriidae,,1
6703,SING 0.9,Sing Sing Creek,17/04/2025,Annelida,Oligochaeta,,,,7
6704,SING 0.9,Sing Sing Creek,17/04/2025,Arthropoda,Malacostraca,Amphipoda,Gammaridae,Gammarus,3
6705,SING 0.9,Sing Sing Creek,17/04/2025,Arthropoda,Arachnida,Hydracarina,,,4
6706,SING 0.9,Sing Sing Creek,17/04/2025,Arthropoda,Insecta,Ephemeroptera,Caenidae,Caenis,2
6707,SING 0.9,Sing Sing Creek,17/04/2025,Arthropoda,Insecta,Ephemeroptera,Ephemerellidae,Ephemerella,1
6708,SING 0.9,Sing Sing Creek,17/04/2025,Arthropoda,Insecta,Ephemeroptera,Heptageniidae,Leucrocuta,4
6709,SING 0.9,Sing Sing Creek,17/04/2025,Arthropoda,Insecta,Ephemeroptera,Heptageniidae,Stenacron,2
6710,SING 0.9,Sing Sing Creek,17/04/2025,Arthropoda,Insecta,Ephemeroptera,Isonychiidae,Isonychia,1
6711,SING 0.9,Sing Sing Creek,17/04/2025,NA,NA,NA,NA,Leptophlebiidae,1
6712,SING 0.9,Sing Sing Creek,17/04/2025,Arthropoda,Insecta,Plecoptera,Taeniopterygidae,Taeniopteryx,4
6713,SING 0.9,Sing Sing Creek,17/04/2025,Arthropoda,Insecta,Trichoptera,Hydropsychidae,Ceratopsyche,5
6714,SING 0.9,Sing Sing Creek,17/04/2025,Arthropoda,Insecta,Trichoptera,Hydropsychidae,Cheumatopsyche,11
6715,SING 0.9,Sing Sing Creek,17/04/2025,Arthropoda,Insecta,Trichoptera,Leptoceridae,Mystacides,1
6716,SING 0.9,Sing Sing Creek,17/04/2025,Arthropoda,Insecta,Trichoptera,Leptoceridae,Oecetis,1
6717,SING 0.9,Sing Sing Creek,17/04/2025,NA,NA,NA,NA,Limnephilidae,1
6718,SING 0.9,Sing Sing Creek,17/04/2025,Arthropoda,Insecta,Trichoptera,Philopotamidae,Chimarra,8
6719,SING 0.9,Sing Sing Creek,17/04/2025,Arthropoda,Insecta,Trichoptera,Uenoidae,Neophylax,2
6720,SING 0.9,Sing Sing Creek,17/04/2025,Arthropoda,Insecta,Coleoptera,Elmidae,Dubiraphia,1
6721,SING 0.9,Sing Sing Creek,17/04/2025,Arthropoda,Insecta,Coleoptera,Elmidae,Optioservus,26
6722,SING 0.9,Sing Sing Creek,17/04/2025,Arthropoda,Insecta,Coleoptera,Elmidae,Stenelmis,10
6723,SING 0.9,Sing Sing Creek,17/04/2025,Arthropoda,Insecta,Coleoptera,Psephenidae,Psephenus,2
6724,SING 0.9,Sing Sing Creek,17/04/2025,Arthropoda,Insecta,Diptera,Chironomidae,,104
6725,SING 0.9,Sing Sing Creek,17/04/2025,Arthropoda,Insecta,Diptera,Empididae,Hemerodromia,2
6726,SING 0.9,Sing Sing Creek,17/04/2025,Arthropoda,Insecta,Diptera,Empididae,Neoplasta,1
6727,SING 0.9,Sing Sing Creek,17/04/2025,Arthropoda,Insecta,Diptera,Tipulidae,Antocha,5
6728,SING 0.9,Sing Sing Creek,17/04/2025,NA,NA,NA,NA,Ancylidae,1
6729,SING 0.9,Sing Sing Creek,17/04/2025,Mollusca,Bivalvia,Sphaeriida,Sphaeriidae,,1
6730,SING 0.9,Sing Sing Creek,17/04/2025,Annelida,Oligochaeta,,,,8
6731,SING 0.9,Sing Sing Creek,17/04/2025,Arthropoda,Arachnida,Hydracarina,,,10
6732,SING 0.9,Sing Sing Creek,17/04/2025,Arthropoda,Arachnida,Hydracarina,,,6
6733,SING 0.9,Sing Sing Creek,17/04/2025,Arthropoda,Insecta,Ephemeroptera,Caenidae,Caenis,2
6734,SING 0.9,Sing Sing Creek,17/04/2025,Arthropoda,Insecta,Ephemeroptera,Ephemerellidae,Ephemerella,3
6735,SING 0.9,Sing Sing Creek,17/04/2025,Arthropoda,Insecta,Ephemeroptera,Ephemeridae,Ephemera,2
6736,SING 0.9,Sing Sing Creek,17/04/2025,Arthropoda,Insecta,Ephemeroptera,Heptageniidae,Stenacron,1
6737,SING 0.9,Sing Sing Creek,17/04/2025,Arthropoda,Insecta,Plecoptera,Perlidae,Acroneuria,1
6738,SING 0.9,Sing Sing Creek,17/04/2025,Arthropoda,Insecta,Trichoptera,Helicopsychidae,Helicopsyche,5
6739,SING 0.9,Sing Sing Creek,17/04/2025,Arthropoda,Insecta,Trichoptera,Hydropsychidae,Cheumatopsyche,26
6740,SING 0.9,Sing Sing Creek,17/04/2025,Arthropoda,Insecta,Trichoptera,Hydropsychidae,Hydropsyche,1
6741,SING 0.9,Sing Sing Creek,17/04/2025,Arthropoda,Insecta,Trichoptera,Lepidostomatidae,Lepidostoma,1
6742,SING 0.9,Sing Sing Creek,17/04/2025,Arthropoda,Insecta,Trichoptera,Leptoceridae,Mystacides,3
6743,SING 0.9,Sing Sing Creek,17/04/2025,Arthropoda,Insecta,Trichoptera,Leptoceridae,Oecetis,1
6744,SING 0.9,Sing Sing Creek,17/04/2025,Arthropoda,Insecta,Trichoptera,Philopotamidae,Chimarra,6
6745,SING 0.9,Sing Sing Creek,17/04/2025,Arthropoda,Insecta,Trichoptera,Polycentropodidae,Polycentropus,2
6746,SING 0.9,Sing Sing Creek,17/04/2025,Arthropoda,Insecta,Megaloptera,Corydalidae,Nigronia,1
6747,SING 0.9,Sing Sing Creek,17/04/2025,Arthropoda,Insecta,Megaloptera,Sialidae,Sialis,1
6748,SING 0.9,Sing Sing Creek,17/04/2025,Arthropoda,Insecta,Coleoptera,Elmidae,Dubiraphia,3
6749,SING 0.9,Sing Sing Creek,17/04/2025,Arthropoda,Insecta,Coleoptera,Elmidae,Optioservus,38
6750,SING 0.9,Sing Sing Creek,17/04/2025,Arthropoda,Insecta,Coleoptera,Elmidae,Stenelmis,24
6751,SING 0.9,Sing Sing Creek,17/04/2025,Arthropoda,Insecta,Coleoptera,Psephenidae,Psephenus,2
6752,SING 0.9,Sing Sing Creek,17/04/2025,Arthropoda,Insecta,Diptera,Athericidae,Atherix,1
6753,SING 0.9,Sing Sing Creek,17/04/2025,Arthropoda,Insecta,Diptera,Chironomidae,,62
6754,SING 0.9,Sing Sing Creek,17/04/2025,Arthropoda,Insecta,Diptera,Empididae,Hemerodromia,2
6755,SING 0.9,Sing Sing Creek,17/04/2025,Arthropoda,Insecta,Diptera,Tipulidae,Tipula,1
6756,SING 0.9,Sing Sing Creek,17/04/2025,NA,NA,NA,NA,Physidae,1
6757,SING 0.9,Sing Sing Creek,17/04/2025,Platyhelminthes,Turbellaria,,,,2
6758,SING 0.9,Sing Sing Creek,17/04/2025,Annelida,Oligochaeta,,,,2
6759,SING 0.9,Sing Sing Creek,17/04/2025,Arthropoda,Malacostraca,Amphipoda,Gammaridae,Gammarus,1
6760,SING 0.9,Sing Sing Creek,17/04/2025,Arthropoda,Insecta,Ephemeroptera,Baetidae,Acerpenna,1
6761,SING 0.9,Sing Sing Creek,17/04/2025,Arthropoda,Insecta,Diptera,Tipulidae,Antocha,1
6762,SING 0.9,Sing Sing Creek,17/04/2025,Arthropoda,Insecta,Trichoptera,Hydropsychidae,Ceratopsyche,3
6763,SING 0.9,Sing Sing Creek,17/04/2025,Arthropoda,Insecta,Trichoptera,Philopotamidae,Chimarra,9
6764,SING 0.9,Sing Sing Creek,17/04/2025,Arthropoda,Insecta,Diptera,Empididae,Clinocera,2
6765,SING 0.9,Sing Sing Creek,17/04/2025,Arthropoda,Insecta,Ephemeroptera,Baetidae,Diphetor,5
6766,SING 0.9,Sing Sing Creek,17/04/2025,NA,NA,NA,NA,Hydrobiidae,3
6767,SING 0.9,Sing Sing Creek,17/04/2025,Arthropoda,Insecta,Ephemeroptera,Heptageniidae,Maccaffertium,1
6768,SING 0.9,Sing Sing Creek,17/04/2025,Arthropoda,Insecta,Coleoptera,Elmidae,Macronychus,1
6769,SING 0.9,Sing Sing Creek,17/04/2025,Arthropoda,Insecta,Trichoptera,Polycentropodidae,Neureclipsis,1
6770,SING 0.9,Sing Sing Creek,17/04/2025,Annelida,Oligochaeta,,,,1
6771,SING 0.9,Sing Sing Creek,17/04/2025,Arthropoda,Insecta,Coleoptera,Psephenidae,Psephenus,2
6772,SING 0.9,Sing Sing Creek,17/04/2025,Arthropoda,Insecta,Diptera,Simuliidae,Simulium,7
6773,SING 0.9,Sing Sing Creek,17/04/2025,Arthropoda,Insecta,Coleoptera,Elmidae,Stenelmis,19
6774,SING 0.9,Sing Sing Creek,17/04/2025,Arthropoda,Insecta,Ephemeroptera,Baetidae,Baetis,1
6775,SING 0.9,Sing Sing Creek,17/04/2025,Arthropoda,Insecta,Ephemeroptera,Caenidae,Caenis,3
6776,SING 0.9,Sing Sing Creek,17/04/2025,Arthropoda,Insecta,Trichoptera,Hydropsychidae,Cheumatopsyche,5
6777,SING 0.9,Sing Sing Creek,17/04/2025,Arthropoda,Insecta,Diptera,Chironomidae,,93
6778,SING 0.9,Sing Sing Creek,17/04/2025,Arthropoda,Insecta,Ephemeroptera,Ephemerellidae,Ephemerella,1
6779,SING 0.9,Sing Sing Creek,17/04/2025,Arthropoda,Arachnida,Hydracarina,,,3
6780,SING 0.9,Sing Sing Creek,17/04/2025,Arthropoda,Insecta,Trichoptera,Hydropsychidae,Hydropsyche,3
6781,SING 0.9,Sing Sing Creek,17/04/2025,NA,NA,NA,NA,Leuctridae,1
6782,SING 0.9,Sing Sing Creek,17/04/2025,Arthropoda,Insecta,Trichoptera,Uenoidae,Neophylax,1
6783,SING 0.9,Sing Sing Creek,17/04/2025,Arthropoda,Insecta,Megaloptera,Corydalidae,Nigronia,1
6784,SING 0.9,Sing Sing Creek,17/04/2025,Arthropoda,Insecta,Trichoptera,Leptoceridae,Oecetis,1
6785,SING 0.9,Sing Sing Creek,17/04/2025,Arthropoda,Insecta,Coleoptera,Elmidae,Optioservus,9
6786,SING 0.9,Sing Sing Creek,17/04/2025,Arthropoda,Insecta,Diptera,Simuliidae,Prosimulium,38
6787,SING 0.9,Sing Sing Creek,17/04/2025,Arthropoda,Insecta,Plecoptera,Nemouridae,Prostoia,1
6788,SNAK,Snake Creek,26/04/2023,Arthropoda,Insecta,Diptera,Ceratopogonidae,,10
6789,SNAK,Snake Creek,26/04/2023,Arthropoda,Insecta,Ephemeroptera,Ephemerellidae,Teloganopsis,2
6790,SNAK,Snake Creek,26/04/2023,Arthropoda,Arachnida,Hydracarina,,,14
6791,SNAK,Snake Creek,26/04/2023,Arthropoda,Insecta,Ephemeroptera,Baetidae,Acentrella,3
6792,SNAK,Snake Creek,26/04/2023,Arthropoda,Insecta,Coleoptera,Elmidae,Stenelmis,16
6793,SNAK,Snake Creek,26/04/2023,Arthropoda,Insecta,Diptera,Empididae,Hemerodromia,1
6794,SNAK,Snake Creek,26/04/2023,Arthropoda,Insecta,Plecoptera,Perlidae,Acroneuria,1
6795,SNAK,Snake Creek,26/04/2023,Arthropoda,Insecta,Ephemeroptera,Baetidae,Baetis,1
6796,SNAK,Snake Creek,26/04/2023,Arthropoda,Insecta,Trichoptera,Hydropsychidae,Cheumatopsyche,16
6797,SNAK,Snake Creek,26/04/2023,Arthropoda,Insecta,Trichoptera,Philopotamidae,Chimarra,2
6798,SNAK,Snake Creek,26/04/2023,Arthropoda,Insecta,Diptera,Chironomidae,,23
6799,SNAK,Snake Creek,26/04/2023,Arthropoda,Insecta,Ephemeroptera,Heptageniidae,Cinygmula,8
6800,SNAK,Snake Creek,26/04/2023,Arthropoda,Insecta,Ephemeroptera,Ephemerellidae,Drunella,15
6801,SNAK,Snake Creek,26/04/2023,Arthropoda,Insecta,Ephemeroptera,Heptageniidae,Epeorus,2
6802,SNAK,Snake Creek,26/04/2023,Arthropoda,Insecta,Trichoptera,Uenoidae,Neophylax,1
6803,SNAK,Snake Creek,26/04/2023,Arthropoda,Insecta,Diptera,Athericidae,Atherix,1
6804,SNAK,Snake Creek,26/04/2023,Arthropoda,Insecta,Ephemeroptera,Ephemerellidae,Ephemerella,51
6805,SNAK,Snake Creek,26/04/2023,Arthropoda,Insecta,Trichoptera,Hydropsychidae,Hydropsyche,4
6806,SNAK,Snake Creek,26/04/2023,Arthropoda,Insecta,Ephemeroptera,Isonychiidae,Isonychia,3
6807,SNAK,Snake Creek,26/04/2023,Arthropoda,Insecta,Ephemeroptera,Heptageniidae,Maccaffertium,2
6808,SNAK,Snake Creek,26/04/2023,Arthropoda,Insecta,Coleoptera,Elmidae,Optioservus,8
6809,SNAK,Snake Creek,26/04/2023,Arthropoda,Insecta,Diptera,Psychodidae,Pericoma,1
6810,SNAK,Snake Creek,26/04/2023,Arthropoda,Insecta,Diptera,Tipulidae,Hexatoma,1
6811,SNAK,Snake Creek,26/04/2023,Arthropoda,Insecta,Diptera,Empididae,Trichoclinocera,5
6812,SNAK,Snake Creek,26/04/2023,NA,NA,NA,NA,Leptophlebiidae,1
6813,SNAK,Snake Creek,26/04/2023,Arthropoda,Insecta,Plecoptera,Chloroperlidae,Haploperla,3
6814,SNAK,Snake Creek,26/04/2023,NA,NA,NA,NA,Gomphidae,1
6815,SNAK,Snake Creek,26/04/2023,Arthropoda,Insecta,Coleoptera,Psephenidae,Psephenus,6
6816,SNAK,Snake Creek,26/04/2023,Arthropoda,Insecta,Trichoptera,Polycentropodidae,Polycentropus,3
6817,SNAK,Snake Creek,26/04/2023,Arthropoda,Insecta,Ephemeroptera,Heptageniidae,Epeorus,7
6818,SNAK,Snake Creek,26/04/2023,Arthropoda,Insecta,Ephemeroptera,Baetidae,Diphetor,1
6819,SNAK,Snake Creek,26/04/2023,Arthropoda,Insecta,Ephemeroptera,Heptageniidae,Cinygmula,18
6820,SNAK,Snake Creek,26/04/2023,Arthropoda,Insecta,Ephemeroptera,Ephemerellidae,Ephemerella,23
6821,SNAK,Snake Creek,26/04/2023,NA,NA,NA,NA,Chloroperlidae,3
6822,SNAK,Snake Creek,26/04/2023,Arthropoda,Insecta,Diptera,Chironomidae,,13
6823,SNAK,Snake Creek,26/04/2023,Arthropoda,Insecta,Ephemeroptera,Ephemerellidae,Eurylophella,5
6824,SNAK,Snake Creek,26/04/2023,Arthropoda,Insecta,Trichoptera,Hydropsychidae,Cheumatopsyche,45
6825,SNAK,Snake Creek,26/04/2023,Arthropoda,Insecta,Ephemeroptera,Leptophlebiidae,Paraleptophlebia,24
6826,SNAK,Snake Creek,26/04/2023,Arthropoda,Insecta,Ephemeroptera,Baetidae,Baetis,19
6827,SNAK,Snake Creek,26/04/2023,Arthropoda,Insecta,Ephemeroptera,Ephemerellidae,Serratella,3
6828,SNAK,Snake Creek,26/04/2023,Arthropoda,Insecta,Diptera,Tipulidae,Antocha,1
6829,SNAK,Snake Creek,26/04/2023,Arthropoda,Insecta,Trichoptera,Philopotamidae,Chimarra,1
6830,SNAK,Snake Creek,26/04/2023,Arthropoda,Insecta,Diptera,Empididae,Trichoclinocera,2
6831,SNAK,Snake Creek,26/04/2023,Arthropoda,Insecta,Ephemeroptera,Heptageniidae,Leucrocuta,4
6832,SNAK,Snake Creek,26/04/2023,Arthropoda,Insecta,Ephemeroptera,Heptageniidae,Maccaffertium,6
6833,SNAK,Snake Creek,26/04/2023,NA,NA,NA,NA,Leptophlebiidae,1
6834,SNAK,Snake Creek,26/04/2023,Arthropoda,Insecta,Plecoptera,Perlodidae,Isoperla,3
6835,SNAK,Snake Creek,26/04/2023,Arthropoda,Insecta,Ephemeroptera,Isonychiidae,Isonychia,1
6836,SNAK,Snake Creek,26/04/2023,Arthropoda,Insecta,Diptera,Simuliidae,Prosimulium,13
6837,SNAK,Snake Creek,26/04/2023,Arthropoda,Arachnida,Hydracarina,,,3
6838,SNAK,Snake Creek,26/04/2023,Arthropoda,Insecta,Ephemeroptera,Heptageniidae,Stenacron,1
6839,SNAK,Snake Creek,26/04/2023,Arthropoda,Insecta,Trichoptera,Polycentropodidae,Polycentropus,2
6840,SNAK,Snake Creek,26/04/2023,Arthropoda,Insecta,Plecoptera,Nemouridae,Prostoia,2
6841,SNAK,Snake Creek,26/04/2023,Arthropoda,Insecta,Coleoptera,Psephenidae,Psephenus,1
6842,SNAK,Snake Creek,26/04/2023,Arthropoda,Insecta,Plecoptera,Perlidae,Agnetina,1
6843,SNAK,Snake Creek,26/04/2023,Arthropoda,Insecta,Ephemeroptera,Baetidae,Acerpenna,1
6844,SNAK,Snake Creek,26/04/2023,Arthropoda,Insecta,Trichoptera,Hydropsychidae,Hydropsyche,19
6845,SNAK,Snake Creek,26/04/2023,Arthropoda,Insecta,Ephemeroptera,Baetidae,Acentrella,9
6846,SNAK,Snake Creek,26/04/2023,Arthropoda,Insecta,Ephemeroptera,Baetidae,Acerpenna,1
6847,SNAK,Snake Creek,26/04/2023,Arthropoda,Insecta,Plecoptera,Perlidae,Agnetina,1
6848,SNAK,Snake Creek,26/04/2023,Arthropoda,Insecta,Diptera,Athericidae,Atherix,2
6849,SNAK,Snake Creek,26/04/2023,Arthropoda,Insecta,Ephemeroptera,Baetidae,Baetis,1
6850,SNAK,Snake Creek,26/04/2023,Arthropoda,Insecta,Trichoptera,Hydropsychidae,Cheumatopsyche,2
6851,SNAK,Snake Creek,26/04/2023,Arthropoda,Insecta,Diptera,Chironomidae,,11
6852,SNAK,Snake Creek,26/04/2023,Arthropoda,Insecta,Diptera,Tipulidae,Dicranota,1
6853,SNAK,Snake Creek,26/04/2023,Arthropoda,Insecta,Trichoptera,Hydropsychidae,Diplectrona,1
6854,SNAK,Snake Creek,26/04/2023,Arthropoda,Insecta,Trichoptera,Philopotamidae,Dolophilodes,2
6855,SNAK,Snake Creek,26/04/2023,Arthropoda,Insecta,Ephemeroptera,Heptageniidae,Epeorus,6
6856,SNAK,Snake Creek,26/04/2023,Arthropoda,Insecta,Ephemeroptera,Ephemerellidae,Ephemerella,14
6857,SNAK,Snake Creek,26/04/2023,Arthropoda,Insecta,Ephemeroptera,Ephemerellidae,Eurylophella,1
6858,SNAK,Snake Creek,26/04/2023,Arthropoda,Insecta,Diptera,Tipulidae,Hexatoma,9
6859,SNAK,Snake Creek,26/04/2023,Arthropoda,Insecta,Trichoptera,Hydropsychidae,Hydropsyche,4
6860,SNAK,Snake Creek,26/04/2023,Arthropoda,Insecta,Ephemeroptera,Isonychiidae,Isonychia,35
6861,SNAK,Snake Creek,26/04/2023,Arthropoda,Insecta,Plecoptera,Perlodidae,Isoperla,4
6862,SNAK,Snake Creek,26/04/2023,Arthropoda,Insecta,Trichoptera,Lepidostomatidae,Lepidostoma,2
6863,SNAK,Snake Creek,26/04/2023,Arthropoda,Insecta,Ephemeroptera,Leptophlebiidae,Leptophlebia,1
6864,SNAK,Snake Creek,26/04/2023,NA,NA,NA,NA,Leptophlebiidae,61
6865,SNAK,Snake Creek,26/04/2023,Arthropoda,Insecta,Ephemeroptera,Heptageniidae,Leucrocuta,2
6866,SNAK,Snake Creek,26/04/2023,Arthropoda,Insecta,Plecoptera,Leuctridae,Leuctra,1
6867,SNAK,Snake Creek,26/04/2023,Arthropoda,Insecta,Ephemeroptera,Heptageniidae,Maccaffertium,2
6868,SNAK,Snake Creek,26/04/2023,Arthropoda,Insecta,Coleoptera,Elmidae,Optioservus,4
6869,SNAK,Snake Creek,26/04/2023,Arthropoda,Insecta,Coleoptera,Elmidae,Oulimnius,1
6870,SNAK,Snake Creek,26/04/2023,Arthropoda,Insecta,Plecoptera,Capniidae,Paracapnia,1
6871,SNAK,Snake Creek,26/04/2023,Arthropoda,Insecta,Plecoptera,Perlidae,Paragnetina,4
6872,SNAK,Snake Creek,26/04/2023,Arthropoda,Insecta,Ephemeroptera,Leptophlebiidae,Paraleptophlebia,26
6873,SNAK,Snake Creek,26/04/2023,NA,NA,NA,NA,Perlidae,1
6874,SNAK,Snake Creek,26/04/2023,Arthropoda,Insecta,Trichoptera,Rhyacophilidae,Rhyacophila,1
6875,SNAK,Snake Creek,26/04/2023,Arthropoda,Insecta,Diptera,Simuliidae,Simulium,1
6876,SNAK,Snake Creek,26/04/2023,Arthropoda,Insecta,Ephemeroptera,Heptageniidae,Stenacron,1
6877,SNAK,Snake Creek,26/04/2023,Arthropoda,Insecta,Plecoptera,Chloroperlidae,Sweltsa,4
6878,SNAK,Snake Creek,26/04/2023,NA,NA,NA,NA,Taeniopterygidae,2
6879,SNAK,Snake Creek,26/04/2023,Arthropoda,Insecta,Plecoptera,Taeniopterygidae,Taeniopteryx,7
6880,SNAK,Snake Creek,26/04/2023,Arthropoda,Insecta,Ephemeroptera,Baetidae,Acentrella,2
6881,SNAK,Snake Creek,26/04/2023,Arthropoda,Insecta,Ephemeroptera,Caenidae,Caenis,2
6882,SNAK,Snake Creek,26/04/2023,Arthropoda,Insecta,Ephemeroptera,Ephemerellidae,Ephemerella,8
6883,SNAK,Snake Creek,26/04/2023,Arthropoda,Insecta,Ephemeroptera,Ephemerellidae,Eurylophella,2
6884,SNAK,Snake Creek,26/04/2023,Arthropoda,Insecta,Ephemeroptera,Ephemerellidae,Serratella,2
6885,SNAK,Snake Creek,26/04/2023,Arthropoda,Insecta,Ephemeroptera,Heptageniidae,Epeorus,1
6886,SNAK,Snake Creek,26/04/2023,Arthropoda,Insecta,Ephemeroptera,Heptageniidae,Leucrocuta,5
6887,SNAK,Snake Creek,26/04/2023,Arthropoda,Insecta,Ephemeroptera,Heptageniidae,Maccaffertium,14
6888,SNAK,Snake Creek,26/04/2023,Arthropoda,Insecta,Ephemeroptera,Leptophlebiidae,Paraleptophlebia,30
6889,SNAK,Snake Creek,26/04/2023,Arthropoda,Insecta,Plecoptera,Capniidae,Paracapnia,1
6890,SNAK,Snake Creek,26/04/2023,Arthropoda,Insecta,Plecoptera,Perlodidae,Isoperla,2
6891,SNAK,Snake Creek,26/04/2023,Arthropoda,Insecta,Trichoptera,Hydropsychidae,Ceratopsyche,42
6892,SNAK,Snake Creek,26/04/2023,Arthropoda,Insecta,Trichoptera,Hydropsychidae,Cheumatopsyche,28
6893,SNAK,Snake Creek,26/04/2023,Arthropoda,Insecta,Trichoptera,Philopotamidae,Dolophilodes,1
6894,SNAK,Snake Creek,26/04/2023,Arthropoda,Insecta,Trichoptera,Polycentropodidae,Polycentropus,1
6895,SNAK,Snake Creek,26/04/2023,Arthropoda,Insecta,Odonata,Gomphidae,Ophiogomphus,2
6896,SNAK,Snake Creek,26/04/2023,Arthropoda,Insecta,Coleoptera,Elmidae,Optioservus,9
6897,SNAK,Snake Creek,26/04/2023,Arthropoda,Insecta,Coleoptera,Elmidae,Stenelmis,1
6898,SNAK,Snake Creek,26/04/2023,Arthropoda,Insecta,Coleoptera,Psephenidae,Psephenus,3
6899,SNAK,Snake Creek,26/04/2023,Arthropoda,Insecta,Diptera,Athericidae,Atherix,3
6900,SNAK,Snake Creek,26/04/2023,Arthropoda,Insecta,Diptera,Chironomidae,,33
6901,SNAK,Snake Creek,26/04/2023,Arthropoda,Insecta,Diptera,Empididae,Hemerodromia,8
6902,SNAK,Snake Creek,26/04/2023,Arthropoda,Insecta,Diptera,Tipulidae,Hexatoma,4
6903,SNAK,Snake Creek,26/04/2023,NA,NA,NA,NA,Branchiobdellida,1
6904,SNAK,Snake Creek,26/04/2023,Arthropoda,Arachnida,Hydracarina,,,4
6905,SNAK,Snake Creek,26/04/2023,Arthropoda,Insecta,Ephemeroptera,Baetidae,Acentrella,1
6906,SNAK,Snake Creek,26/04/2023,Arthropoda,Insecta,Ephemeroptera,Ephemerellidae,Ephemerella,21
6907,SNAK,Snake Creek,26/04/2023,Arthropoda,Insecta,Ephemeroptera,Ephemerellidae,Eurylophella,2
6908,SNAK,Snake Creek,26/04/2023,Arthropoda,Insecta,Ephemeroptera,Ephemerellidae,Serratella,4
6909,SNAK,Snake Creek,26/04/2023,Arthropoda,Insecta,Ephemeroptera,Ephemeridae,Ephemera,1
6910,SNAK,Snake Creek,26/04/2023,Arthropoda,Insecta,Ephemeroptera,Heptageniidae,Epeorus,1
6911,SNAK,Snake Creek,26/04/2023,Arthropoda,Insecta,Ephemeroptera,Heptageniidae,Leucrocuta,12
6912,SNAK,Snake Creek,26/04/2023,Arthropoda,Insecta,Ephemeroptera,Heptageniidae,Maccaffertium,8
6913,SNAK,Snake Creek,26/04/2023,Arthropoda,Insecta,Ephemeroptera,Isonychiidae,Isonychia,6
6914,SNAK,Snake Creek,26/04/2023,Arthropoda,Insecta,Ephemeroptera,Leptophlebiidae,Paraleptophlebia,22
6915,SNAK,Snake Creek,26/04/2023,Arthropoda,Insecta,Plecoptera,Perlidae,Acroneuria,1
6916,SNAK,Snake Creek,26/04/2023,Arthropoda,Insecta,Plecoptera,Perlodidae,Isoperla,5
6917,SNAK,Snake Creek,26/04/2023,Arthropoda,Insecta,Trichoptera,Glossosomatidae,Glossosoma,1
6918,SNAK,Snake Creek,26/04/2023,Arthropoda,Insecta,Trichoptera,Hydropsychidae,Ceratopsyche,43
6919,SNAK,Snake Creek,26/04/2023,Arthropoda,Insecta,Trichoptera,Hydropsychidae,Cheumatopsyche,44
6920,SNAK,Snake Creek,26/04/2023,Arthropoda,Insecta,Coleoptera,Elmidae,Optioservus,4
6921,SNAK,Snake Creek,26/04/2023,Arthropoda,Insecta,Coleoptera,Psephenidae,Psephenus,3
6922,SNAK,Snake Creek,26/04/2023,Arthropoda,Insecta,Diptera,Athericidae,Atherix,1
6923,SNAK,Snake Creek,26/04/2023,Arthropoda,Insecta,Diptera,Chironomidae,,19
6924,SNAK,Snake Creek,26/04/2023,Arthropoda,Insecta,Diptera,Empididae,Hemerodromia,6
6925,SNAK,Snake Creek,26/04/2023,Arthropoda,Insecta,Diptera,Tipulidae,Antocha,20
6926,SNAK,Snake Creek,26/04/2023,Arthropoda,Insecta,Diptera,Tipulidae,Hexatoma,1
6927,SNAK,Snake Creek,26/04/2023,NA,NA,NA,NA,Nematoda,1
6928,SNAK,Snake Creek,26/04/2023,Platyhelminthes,Turbellaria,,,,1
6929,SNAK,Snake Creek,26/04/2023,Arthropoda,Arachnida,Hydracarina,,,7
6930,SNAK,Snake Creek,26/04/2023,Arthropoda,Insecta,Ephemeroptera,Isonychiidae,Isonychia,25
6931,SNAK,Snake Creek,26/04/2023,Arthropoda,Insecta,Ephemeroptera,Leptophlebiidae,Paraleptophlebia,8
6932,SNAK,Snake Creek,26/04/2023,Arthropoda,Insecta,Plecoptera,Chloroperlidae,Sweltsa,1
6933,SNAK,Snake Creek,26/04/2023,Arthropoda,Insecta,Plecoptera,Perlidae,Paragnetina,2
6934,SNAK,Snake Creek,26/04/2023,Arthropoda,Insecta,Plecoptera,Perlodidae,Isoperla,26
6935,SNAK,Snake Creek,26/04/2023,Arthropoda,Insecta,Trichoptera,Hydropsychidae,Ceratopsyche,17
6936,SNAK,Snake Creek,26/04/2023,Arthropoda,Insecta,Trichoptera,Hydropsychidae,Cheumatopsyche,35
6937,SNAK,Snake Creek,26/04/2023,Arthropoda,Insecta,Trichoptera,Lepidostomatidae,Lepidostoma,1
6938,SNAK,Snake Creek,26/04/2023,Arthropoda,Insecta,Trichoptera,Leptoceridae,Ceraclea,1
6939,SNAK,Snake Creek,26/04/2023,Arthropoda,Insecta,Trichoptera,Philopotamidae,Chimarra,2
6940,SNAK,Snake Creek,26/04/2023,Arthropoda,Insecta,Trichoptera,Philopotamidae,Dolophilodes,2
6941,SNAK,Snake Creek,26/04/2023,Arthropoda,Insecta,Coleoptera,Elmidae,Optioservus,1
6942,SNAK,Snake Creek,26/04/2023,Arthropoda,Insecta,Diptera,Chironomidae,,16
6943,SNAK,Snake Creek,26/04/2023,Arthropoda,Insecta,Diptera,Tipulidae,Antocha,1
6944,SNAK,Snake Creek,26/04/2023,Arthropoda,Insecta,Diptera,Tipulidae,Hexatoma,1
6945,SNAK,Snake Creek,26/04/2023,Annelida,Oligochaeta,,,,2
6946,SNAK,Snake Creek,26/04/2023,Arthropoda,Arachnida,Hydracarina,,,1
6947,SNAK,Snake Creek,26/04/2023,Arthropoda,Insecta,Ephemeroptera,Caenidae,Caenis,1
6948,SNAK,Snake Creek,26/04/2023,Arthropoda,Insecta,Ephemeroptera,Ephemerellidae,Ephemerella,60
6949,SNAK,Snake Creek,26/04/2023,Arthropoda,Insecta,Ephemeroptera,Ephemerellidae,Serratella,5
6950,SNAK,Snake Creek,26/04/2023,Arthropoda,Insecta,Ephemeroptera,Heptageniidae,Epeorus,15
6951,SNAK,Snake Creek,26/04/2023,Arthropoda,Insecta,Ephemeroptera,Heptageniidae,Leucrocuta,3
6952,SNAK,Snake Creek,26/04/2023,Arthropoda,Insecta,Ephemeroptera,Heptageniidae,Maccaffertium,11
6953,SNAK,Snake Creek,26/04/2023,Arthropoda,Arachnida,Hydracarina,,,1
6954,SNAK,Snake Creek,26/04/2023,Arthropoda,Insecta,Ephemeroptera,Baetidae,Acerpenna,1
6955,SNAK,Snake Creek,26/04/2023,Arthropoda,Insecta,Ephemeroptera,Caenidae,Caenis,1
6956,SNAK,Snake Creek,26/04/2023,Arthropoda,Insecta,Ephemeroptera,Ephemerellidae,Ephemerella,21
6957,SNAK,Snake Creek,26/04/2023,Arthropoda,Insecta,Ephemeroptera,Ephemerellidae,Eurylophella,1
6958,SNAK,Snake Creek,26/04/2023,Arthropoda,Insecta,Ephemeroptera,Ephemerellidae,Serratella,10
6959,SNAK,Snake Creek,26/04/2023,Arthropoda,Insecta,Ephemeroptera,Heptageniidae,Epeorus,1
6960,SNAK,Snake Creek,26/04/2023,Arthropoda,Insecta,Ephemeroptera,Heptageniidae,Leucrocuta,14
6961,SNAK,Snake Creek,26/04/2023,Arthropoda,Insecta,Ephemeroptera,Heptageniidae,Maccaffertium,8
6962,SNAK,Snake Creek,26/04/2023,Arthropoda,Insecta,Ephemeroptera,Isonychiidae,Isonychia,7
6963,SNAK,Snake Creek,26/04/2023,Arthropoda,Insecta,Ephemeroptera,Leptophlebiidae,Paraleptophlebia,20
6964,SNAK,Snake Creek,26/04/2023,Arthropoda,Insecta,Plecoptera,Perlidae,Paragnetina,1
6965,SNAK,Snake Creek,26/04/2023,Arthropoda,Insecta,Plecoptera,Perlodidae,Isoperla,3
6966,SNAK,Snake Creek,26/04/2023,Arthropoda,Insecta,Plecoptera,Taeniopterygidae,Taeniopteryx,2
6967,SNAK,Snake Creek,26/04/2023,Arthropoda,Insecta,Trichoptera,Hydropsychidae,Ceratopsyche,33
6968,SNAK,Snake Creek,26/04/2023,Arthropoda,Insecta,Trichoptera,Hydropsychidae,Cheumatopsyche,53
6969,SNAK,Snake Creek,26/04/2023,Arthropoda,Insecta,Trichoptera,Philopotamidae,Chimarra,6
6970,SNAK,Snake Creek,26/04/2023,Arthropoda,Insecta,Trichoptera,Philopotamidae,Dolophilodes,2
6971,SNAK,Snake Creek,26/04/2023,Arthropoda,Insecta,Trichoptera,Polycentropodidae,Polycentropus,2
6972,SNAK,Snake Creek,26/04/2023,Arthropoda,Insecta,Odonata,Gomphidae,Ophiogomphus,1
6973,SNAK,Snake Creek,26/04/2023,Arthropoda,Insecta,Coleoptera,Elmidae,Optioservus,13
6974,SNAK,Snake Creek,26/04/2023,Arthropoda,Insecta,Coleoptera,Psephenidae,Psephenus,5
6975,SNAK,Snake Creek,26/04/2023,Arthropoda,Insecta,Diptera,Chironomidae,,13
6976,SNAK,Snake Creek,26/04/2023,Arthropoda,Insecta,Diptera,Tipulidae,Antocha,3
6977,SNAK,Snake Creek,26/04/2023,Arthropoda,Insecta,Diptera,Tipulidae,Hexatoma,1
6978,SNAK,Snake Creek,26/04/2023,NA,NA,NA,NA,Nemertea,2
6979,SNAK,Snake Creek,26/04/2023,Platyhelminthes,Turbellaria,,,,2
6980,SNAK,Snake Creek,26/04/2023,Arthropoda,Insecta,Ephemeroptera,Ameletidae,Ameletus,3
6981,SNAK,Snake Creek,26/04/2023,Arthropoda,Insecta,Ephemeroptera,Baetidae,Baetis,19
6982,SNAK,Snake Creek,26/04/2023,Arthropoda,Insecta,Diptera,Ceratopogonidae,,1
6983,SNAK,Snake Creek,26/04/2023,Arthropoda,Insecta,Trichoptera,Hydropsychidae,Cheumatopsyche,7
6984,SNAK,Snake Creek,26/04/2023,Arthropoda,Insecta,Diptera,Chironomidae,,51
6985,SNAK,Snake Creek,26/04/2023,Arthropoda,Insecta,Ephemeroptera,Heptageniidae,Cinygmula,10
6986,SNAK,Snake Creek,26/04/2023,Arthropoda,Insecta,Ephemeroptera,Ephemerellidae,Ephemerella,9
6987,SNAK,Snake Creek,26/04/2023,Arthropoda,Insecta,Plecoptera,Chloroperlidae,Haploperla,7
6988,SNAK,Snake Creek,26/04/2023,Arthropoda,Insecta,Diptera,Tipulidae,Hexatoma,2
6989,SNAK,Snake Creek,26/04/2023,Arthropoda,Arachnida,Hydracarina,,,5
6990,SNAK,Snake Creek,26/04/2023,Arthropoda,Insecta,Ephemeroptera,Heptageniidae,Leucrocuta,5
6991,SNAK,Snake Creek,26/04/2023,Arthropoda,Insecta,Trichoptera,Uenoidae,Neophylax,2
6992,SNAK,Snake Creek,26/04/2023,Arthropoda,Insecta,Coleoptera,Elmidae,Optioservus,2
6993,SNAK,Snake Creek,26/04/2023,Arthropoda,Insecta,Diptera,Simuliidae,Prosimulium,10
6994,SNAK,Snake Creek,26/04/2023,Arthropoda,Insecta,Plecoptera,Nemouridae,Prostoia,4
6995,SNAK,Snake Creek,26/04/2023,Arthropoda,Insecta,Plecoptera,Taeniopterygidae,Taenionema,5
6996,SNAK,Snake Creek,26/04/2023,Arthropoda,Insecta,Diptera,Tipulidae,Antocha,1
6997,SNAK,Snake Creek,26/04/2023,Arthropoda,Insecta,Trichoptera,Hydropsychidae,Ceratopsyche,8
6998,SNAK,Snake Creek,26/04/2023,Arthropoda,Insecta,Diptera,Empididae,Clinocera,2
6999,SNAK,Snake Creek,26/04/2023,Arthropoda,Insecta,Ephemeroptera,Ephemerellidae,Drunella,5
7000,SNAK,Snake Creek,26/04/2023,Arthropoda,Insecta,Ephemeroptera,Heptageniidae,Epeorus,15
7001,SNAK,Snake Creek,26/04/2023,Arthropoda,Insecta,Ephemeroptera,Isonychiidae,Isonychia,1
7002,SNAK,Snake Creek,26/04/2023,Arthropoda,Insecta,Plecoptera,Perlodidae,Isoperla,1
7003,SNAK,Snake Creek,26/04/2023,NA,NA,NA,NA,Leptophlebiidae,38
7004,SNAK,Snake Creek,26/04/2023,Arthropoda,Insecta,Plecoptera,Leuctridae,Leuctra,2
7005,SNAK,Snake Creek,26/04/2023,Annelida,Oligochaeta,,,,1
7006,SNAK,Snake Creek,26/04/2023,Arthropoda,Insecta,Ephemeroptera,Heptageniidae,Stenacron,1
7007,SBCD 3.4,South Branch Codorus Creek,18/04/2023,Arthropoda,Insecta,Ephemeroptera,Ephemerellidae,Teloganopsis,8
7008,SBCD 3.4,South Branch Codorus Creek,18/04/2023,Arthropoda,Arachnida,Hydracarina,,,3
7009,SBCD 3.4,South Branch Codorus Creek,18/04/2023,Arthropoda,Insecta,Trichoptera,Hydropsychidae,Hydropsyche,6
7010,SBCD 3.4,South Branch Codorus Creek,18/04/2023,Arthropoda,Insecta,Plecoptera,Perlidae,Perlesta,3
7011,SBCD 3.4,South Branch Codorus Creek,18/04/2023,Arthropoda,Insecta,Trichoptera,Hydroptilidae,Leucotrichia,1
7012,SBCD 3.4,South Branch Codorus Creek,18/04/2023,Arthropoda,Insecta,Ephemeroptera,Baetidae,Baetis,6
7013,SBCD 3.4,South Branch Codorus Creek,18/04/2023,Arthropoda,Insecta,Coleoptera,Elmidae,Macronychus,1
7014,SBCD 3.4,South Branch Codorus Creek,18/04/2023,Arthropoda,Insecta,Coleoptera,Elmidae,Optioservus,26
7015,SBCD 3.4,South Branch Codorus Creek,18/04/2023,Arthropoda,Insecta,Diptera,Simuliidae,Simulium,14
7016,SBCD 3.4,South Branch Codorus Creek,18/04/2023,Arthropoda,Insecta,Plecoptera,Taeniopterygidae,Taeniopteryx,1
7017,SBCD 3.4,South Branch Codorus Creek,18/04/2023,Platyhelminthes,Turbellaria,,,,2
7018,SBCD 3.4,South Branch Codorus Creek,18/04/2023,Arthropoda,Insecta,Trichoptera,Hydropsychidae,Cheumatopsyche,9
7019,SBCD 3.4,South Branch Codorus Creek,18/04/2023,Annelida,Oligochaeta,,,,18
7020,SBCD 3.4,South Branch Codorus Creek,18/04/2023,Arthropoda,Insecta,Ephemeroptera,Heptageniidae,Maccaffertium,7
7021,SBCD 3.4,South Branch Codorus Creek,18/04/2023,Arthropoda,Insecta,Coleoptera,Elmidae,Stenelmis,22
7022,SBCD 3.4,South Branch Codorus Creek,18/04/2023,NA,NA,NA,NA,Capniidae,2
7023,SBCD 3.4,South Branch Codorus Creek,18/04/2023,Arthropoda,Insecta,Ephemeroptera,Isonychiidae,Isonychia,3
7024,SBCD 3.4,South Branch Codorus Creek,18/04/2023,Arthropoda,Insecta,Trichoptera,Philopotamidae,Chimarra,2
7025,SBCD 3.4,South Branch Codorus Creek,18/04/2023,Arthropoda,Insecta,Diptera,Chironomidae,,87
7026,SBCD 3.4,South Branch Codorus Creek,18/04/2023,Arthropoda,Malacostraca,Amphipoda,Crangonyctidae,Crangonyx,2
7027,SBCD 3.4,South Branch Codorus Creek,18/04/2023,Arthropoda,Insecta,Diptera,Empididae,Hemerodromia,2
7028,SBCD 3.4,South Branch Codorus Creek,18/04/2023,Arthropoda,Malacostraca,Isopoda,Asellidae,Caecidotea,1
7029,SBCD 3.4,South Branch Codorus Creek,18/04/2023,Arthropoda,Insecta,Coleoptera,Elmidae,Optioservus,9
7030,SBCD 3.4,South Branch Codorus Creek,18/04/2023,NA,NA,NA,NA,Ephemerellidae,3
7031,SBCD 3.4,South Branch Codorus Creek,18/04/2023,Arthropoda,Insecta,Ephemeroptera,Heptageniidae,Maccaffertium,19
7032,SBCD 3.4,South Branch Codorus Creek,18/04/2023,Arthropoda,Insecta,Plecoptera,Leuctridae,Leuctra,2
7033,SBCD 3.4,South Branch Codorus Creek,18/04/2023,Arthropoda,Insecta,Plecoptera,Nemouridae,Amphinemura,1
7034,SBCD 3.4,South Branch Codorus Creek,18/04/2023,Arthropoda,Insecta,Plecoptera,Perlidae,Perlesta,2
7035,SBCD 3.4,South Branch Codorus Creek,18/04/2023,Arthropoda,Insecta,Trichoptera,Hydropsychidae,Cheumatopsyche,26
7036,SBCD 3.4,South Branch Codorus Creek,18/04/2023,Arthropoda,Insecta,Diptera,Tipulidae,Antocha,6
7037,SBCD 3.4,South Branch Codorus Creek,18/04/2023,Arthropoda,Insecta,Coleoptera,Elmidae,Stenelmis,35
7038,SBCD 3.4,South Branch Codorus Creek,18/04/2023,Arthropoda,Insecta,Ephemeroptera,Ephemerellidae,Ephemerella,1
7039,SBCD 3.4,South Branch Codorus Creek,18/04/2023,Arthropoda,Insecta,Diptera,Ceratopogonidae,,1
7040,SBCD 3.4,South Branch Codorus Creek,18/04/2023,Arthropoda,Insecta,Diptera,Chironomidae,,51
7041,SBCD 3.4,South Branch Codorus Creek,18/04/2023,Arthropoda,Insecta,Diptera,Empididae,Trichoclinocera,2
7042,SBCD 3.4,South Branch Codorus Creek,18/04/2023,Annelida,Oligochaeta,,,,15
7043,SBCD 3.4,South Branch Codorus Creek,18/04/2023,Arthropoda,Insecta,Diptera,Empididae,Hemerodromia,11
7044,SBCD 3.4,South Branch Codorus Creek,18/04/2023,Arthropoda,Arachnida,Hydracarina,,,1
7045,SBCD 3.4,South Branch Codorus Creek,18/04/2023,Arthropoda,Insecta,Trichoptera,Hydropsychidae,Hydropsyche,12
7046,SBCD 3.4,South Branch Codorus Creek,18/04/2023,Arthropoda,Insecta,Trichoptera,Philopotamidae,Chimarra,1
7047,SBCD 3.4,South Branch Codorus Creek,18/04/2023,NA,NA,NA,NA,Nematoda,8
7048,SBCD 3.4,South Branch Codorus Creek,18/04/2023,Arthropoda,Insecta,Ephemeroptera,Baetidae,Acentrella,1
7049,SBCD 3.4,South Branch Codorus Creek,18/04/2023,Arthropoda,Malacostraca,Amphipoda,Crangonyctidae,Crangonyx,2
7050,SBCD 3.4,South Branch Codorus Creek,18/04/2023,Arthropoda,Insecta,Coleoptera,Elmidae,Optioservus,1
7051,SBCD 3.4,South Branch Codorus Creek,18/04/2023,Arthropoda,Malacostraca,Isopoda,Asellidae,Caecidotea,6
7052,SBCD 3.4,South Branch Codorus Creek,18/04/2023,Annelida,Oligochaeta,,,,62
7053,SBCD 3.4,South Branch Codorus Creek,18/04/2023,Arthropoda,Insecta,Coleoptera,Elmidae,Microcylloepus,2
7054,SBCD 3.4,South Branch Codorus Creek,18/04/2023,Arthropoda,Arachnida,Hydracarina,,,6
7055,SBCD 3.4,South Branch Codorus Creek,18/04/2023,NA,NA,NA,NA,Ampullaridae,1
7056,SBCD 3.4,South Branch Codorus Creek,18/04/2023,Arthropoda,Insecta,Diptera,Empididae,Chelifera,6
7057,SBCD 3.4,South Branch Codorus Creek,18/04/2023,Arthropoda,Insecta,Diptera,Chironomidae,,41
7058,SBCD 3.4,South Branch Codorus Creek,18/04/2023,NA,NA,NA,NA,Nemertea,1
7059,SBCD 3.4,South Branch Codorus Creek,18/04/2023,Arthropoda,Insecta,Coleoptera,Elmidae,Stenelmis,13
7060,SBCD 3.4,South Branch Codorus Creek,18/04/2023,Arthropoda,Insecta,Coleoptera,Elmidae,Oulimnius,1
7061,SBCD 3.4,South Branch Codorus Creek,18/04/2023,Arthropoda,Insecta,Coleoptera,Elmidae,Macronychus,1
7062,SBCD 3.4,South Branch Codorus Creek,18/04/2023,Arthropoda,Insecta,Trichoptera,Hydropsychidae,Cheumatopsyche,16
7063,SBCD 3.4,South Branch Codorus Creek,18/04/2023,Arthropoda,Insecta,Trichoptera,Hydropsychidae,Ceratopsyche,2
7064,SBCD 3.4,South Branch Codorus Creek,18/04/2023,Arthropoda,Insecta,Plecoptera,Perlidae,Perlesta,16
7065,SBCD 3.4,South Branch Codorus Creek,18/04/2023,Arthropoda,Insecta,Ephemeroptera,Isonychiidae,Isonychia,14
7066,SBCD 3.4,South Branch Codorus Creek,18/04/2023,Arthropoda,Insecta,Ephemeroptera,Heptageniidae,Maccaffertium,35
7067,SBCD 3.4,South Branch Codorus Creek,18/04/2023,Arthropoda,Insecta,Ephemeroptera,Ephemerellidae,Serratella,6
7068,SBCD 3.4,South Branch Codorus Creek,18/04/2023,Arthropoda,Insecta,Ephemeroptera,Ephemerellidae,Dannella,1
7069,SBCD 3.4,South Branch Codorus Creek,18/04/2023,Arthropoda,Insecta,Coleoptera,Psephenidae,Psephenus,4
7070,SBCD 3.4,South Branch Codorus Creek,18/04/2023,Arthropoda,Insecta,Ephemeroptera,Baetidae,Acentrella,1
7071,SBCD 3.4,South Branch Codorus Creek,18/04/2023,Arthropoda,Insecta,Trichoptera,Hydropsychidae,Cheumatopsyche,8
7072,SBCD 3.4,South Branch Codorus Creek,18/04/2023,Arthropoda,Insecta,Diptera,Chironomidae,,95
7073,SBCD 3.4,South Branch Codorus Creek,18/04/2023,Arthropoda,Malacostraca,Amphipoda,Crangonyctidae,Crangonyx,2
7074,SBCD 3.4,South Branch Codorus Creek,18/04/2023,Arthropoda,Insecta,Diptera,Empididae,Hemerodromia,2
7075,SBCD 3.4,South Branch Codorus Creek,18/04/2023,Arthropoda,Arachnida,Hydracarina,,,5
7076,SBCD 3.4,South Branch Codorus Creek,18/04/2023,Arthropoda,Insecta,Coleoptera,Elmidae,Optioservus,12
7077,SBCD 3.4,South Branch Codorus Creek,18/04/2023,Arthropoda,Insecta,Ephemeroptera,Ephemerellidae,Serratella,3
7078,SBCD 3.4,South Branch Codorus Creek,18/04/2023,Arthropoda,Insecta,Diptera,Tipulidae,Antocha,6
7079,SBCD 3.4,South Branch Codorus Creek,18/04/2023,Arthropoda,Insecta,Trichoptera,Hydropsychidae,Ceratopsyche,6
7080,SBCD 3.4,South Branch Codorus Creek,18/04/2023,Arthropoda,Insecta,Diptera,Empididae,Clinocera,1
7081,SBCD 3.4,South Branch Codorus Creek,18/04/2023,Arthropoda,Insecta,Ephemeroptera,Isonychiidae,Isonychia,10
7082,SBCD 3.4,South Branch Codorus Creek,18/04/2023,Arthropoda,Insecta,Ephemeroptera,Heptageniidae,Maccaffertium,27
7083,SBCD 3.4,South Branch Codorus Creek,18/04/2023,Annelida,Oligochaeta,,,,10
7084,SBCD 3.4,South Branch Codorus Creek,18/04/2023,Arthropoda,Insecta,Coleoptera,Psephenidae,Psephenus,7
7085,SBCD 3.4,South Branch Codorus Creek,18/04/2023,Arthropoda,Insecta,Diptera,Simuliidae,Simulium,2
7086,SBCD 3.4,South Branch Codorus Creek,18/04/2023,Arthropoda,Insecta,Coleoptera,Elmidae,Stenelmis,27
7087,SBCD 3.4,South Branch Codorus Creek,18/04/2023,Arthropoda,Insecta,Diptera,Tipulidae,Tipula,1
7088,SBCD 3.4,South Branch Codorus Creek,18/04/2023,Arthropoda,Insecta,Ephemeroptera,Ephemerellidae,Serratella,2
7089,SBCD 3.4,South Branch Codorus Creek,18/04/2023,Arthropoda,Malacostraca,Isopoda,Asellidae,Caecidotea,3
7090,SBCD 3.4,South Branch Codorus Creek,18/04/2023,Arthropoda,Insecta,Ephemeroptera,Baetidae,Acentrella,1
7091,SBCD 3.4,South Branch Codorus Creek,18/04/2023,Arthropoda,Insecta,Diptera,Empididae,Neoplasta,1
7092,SBCD 3.4,South Branch Codorus Creek,18/04/2023,Arthropoda,Insecta,Coleoptera,Elmidae,Optioservus,11
7093,SBCD 3.4,South Branch Codorus Creek,18/04/2023,Arthropoda,Insecta,Ephemeroptera,Heptageniidae,Maccaffertium,8
7094,SBCD 3.4,South Branch Codorus Creek,18/04/2023,Arthropoda,Insecta,Trichoptera,Hydropsychidae,Cheumatopsyche,12
7095,SBCD 3.4,South Branch Codorus Creek,18/04/2023,Arthropoda,Insecta,Coleoptera,Elmidae,Stenelmis,30
7096,SBCD 3.4,South Branch Codorus Creek,18/04/2023,Arthropoda,Insecta,Coleoptera,Psephenidae,Psephenus,3
7097,SBCD 3.4,South Branch Codorus Creek,18/04/2023,Arthropoda,Insecta,Plecoptera,Perlidae,Perlesta,3
7098,SBCD 3.4,South Branch Codorus Creek,18/04/2023,Annelida,Oligochaeta,,,,58
7099,SBCD 3.4,South Branch Codorus Creek,18/04/2023,Platyhelminthes,Turbellaria,,,,1
7100,SBCD 3.4,South Branch Codorus Creek,18/04/2023,Arthropoda,Malacostraca,Amphipoda,Crangonyctidae,Crangonyx,1
7101,SBCD 3.4,South Branch Codorus Creek,18/04/2023,Arthropoda,Insecta,Diptera,Chironomidae,,63
7102,SBCD 3.4,South Branch Codorus Creek,18/04/2023,Arthropoda,Arachnida,Hydracarina,,,1
7103,SBCD 3.4,South Branch Codorus Creek,18/04/2023,NA,NA,NA,NA,Nematoda,6
7104,SBCD 3.4,South Branch Codorus Creek,18/04/2023,Arthropoda,Insecta,Ephemeroptera,Isonychiidae,Isonychia,8
7105,SBCD 3.4,South Branch Codorus Creek,18/04/2023,Arthropoda,Insecta,Diptera,Empididae,Trichoclinocera,4
7106,SBCC 20.4,South Branch Conewago Creek,30/04/2025,Arthropoda,Insecta,Ephemeroptera,Ephemerellidae,Ephemerella,4
7107,SBCC 20.4,South Branch Conewago Creek,30/04/2025,Arthropoda,Insecta,Plecoptera,Nemouridae,Amphinemura,45
7108,SBCC 20.4,South Branch Conewago Creek,30/04/2025,Arthropoda,Insecta,Plecoptera,Leuctridae,Leuctra,4
7109,SBCC 20.4,South Branch Conewago Creek,30/04/2025,Arthropoda,Insecta,Ephemeroptera,Baetidae,Baetis,2
7110,SBCC 20.4,South Branch Conewago Creek,30/04/2025,Arthropoda,Insecta,Trichoptera,Hydropsychidae,Cheumatopsyche,13
7111,SBCC 20.4,South Branch Conewago Creek,30/04/2025,Arthropoda,Insecta,Trichoptera,Philopotamidae,Chimarra,3
7112,SBCC 20.4,South Branch Conewago Creek,30/04/2025,Arthropoda,Insecta,Trichoptera,Philopotamidae,Dolophilodes,9
7113,SBCC 20.4,South Branch Conewago Creek,30/04/2025,NA,NA,NA,NA,Gomphidae,5
7114,SBCC 20.4,South Branch Conewago Creek,30/04/2025,Arthropoda,Insecta,Diptera,Tipulidae,Antocha,1
7115,SBCC 20.4,South Branch Conewago Creek,30/04/2025,Arthropoda,Arachnida,Hydracarina,,,1
7116,SBCC 20.4,South Branch Conewago Creek,30/04/2025,Arthropoda,Insecta,Trichoptera,Uenoidae,Neophylax,6
7117,SBCC 20.4,South Branch Conewago Creek,30/04/2025,Annelida,Oligochaeta,,,,1
7118,SBCC 20.4,South Branch Conewago Creek,30/04/2025,Arthropoda,Insecta,Coleoptera,Elmidae,Optioservus,26
7119,SBCC 20.4,South Branch Conewago Creek,30/04/2025,Arthropoda,Insecta,Coleoptera,Elmidae,Oulimnius,17
7120,SBCC 20.4,South Branch Conewago Creek,30/04/2025,Arthropoda,Insecta,Plecoptera,Taeniopterygidae,Taeniopteryx,3
7121,SBCC 20.4,South Branch Conewago Creek,30/04/2025,Arthropoda,Insecta,Ephemeroptera,Ephemerellidae,Teloganopsis,4
7122,SBCC 20.4,South Branch Conewago Creek,30/04/2025,Arthropoda,Insecta,Ephemeroptera,Heptageniidae,Maccaffertium,20
7123,SBCC 20.4,South Branch Conewago Creek,30/04/2025,Arthropoda,Insecta,Diptera,Chironomidae,,64
7124,SBCC 20.4,South Branch Conewago Creek,30/04/2025,Arthropoda,Insecta,Coleoptera,Elmidae,Stenelmis,1
7125,SBCC 20.4,South Branch Conewago Creek,30/04/2025,Arthropoda,Insecta,Coleoptera,Psephenidae,Ectopria,1
7126,SBCC 20.4,South Branch Conewago Creek,30/04/2025,Arthropoda,Insecta,Diptera,Empididae,Clinocera,1
7127,SBCC 20.4,South Branch Conewago Creek,30/04/2025,Arthropoda,Insecta,Diptera,Tipulidae,Tipula,1
7128,SBCC 20.4,South Branch Conewago Creek,30/04/2025,Arthropoda,Insecta,Megaloptera,Corydalidae,Nigronia,2
7129,SBCC 20.4,South Branch Conewago Creek,30/04/2025,Arthropoda,Insecta,Diptera,Tipulidae,Dicranota,2
7130,SBCC 20.4,South Branch Conewago Creek,30/04/2025,Arthropoda,Insecta,Coleoptera,Elmidae,Oulimnius,4
7131,SBCC 20.4,South Branch Conewago Creek,30/04/2025,Arthropoda,Insecta,Plecoptera,Perlidae,Acroneuria,5
7132,SBCC 20.4,South Branch Conewago Creek,30/04/2025,Arthropoda,Insecta,Trichoptera,Hydropsychidae,Hydropsyche,10
7133,SBCC 20.4,South Branch Conewago Creek,30/04/2025,Arthropoda,Insecta,Trichoptera,Philopotamidae,Dolophilodes,10
7134,SBCC 20.4,South Branch Conewago Creek,30/04/2025,Arthropoda,Insecta,Coleoptera,Ptilodactylidae,Anchytarsus,10
7135,SBCC 20.4,South Branch Conewago Creek,30/04/2025,Arthropoda,Insecta,Ephemeroptera,Heptageniidae,Stenonema,22
7136,SBCC 20.4,South Branch Conewago Creek,30/04/2025,Arthropoda,Insecta,Coleoptera,Elmidae,Optioservus,22
7137,SBCC 20.4,South Branch Conewago Creek,30/04/2025,Arthropoda,Insecta,Diptera,Chironomidae,,22
7138,SBCC 20.4,South Branch Conewago Creek,30/04/2025,Arthropoda,Insecta,Plecoptera,Leuctridae,Leuctra,30
7139,SBCC 20.4,South Branch Conewago Creek,30/04/2025,Arthropoda,Insecta,Trichoptera,Hydropsychidae,Cheumatopsyche,34
7140,SBCC 20.4,South Branch Conewago Creek,30/04/2025,Arthropoda,Insecta,Trichoptera,Philopotamidae,Chimarra,42
7141,SBTK,South Branch Tunkhannock Creek,23/04/2025,Arthropoda,Insecta,Diptera,Empididae,Hemerodromia,6
7142,SBTK,South Branch Tunkhannock Creek,23/04/2025,Arthropoda,Arachnida,Hydracarina,,,9
7143,SBTK,South Branch Tunkhannock Creek,23/04/2025,Arthropoda,Insecta,Ephemeroptera,Baetidae,Acentrella,11
7144,SBTK,South Branch Tunkhannock Creek,23/04/2025,Arthropoda,Insecta,Diptera,Tipulidae,Antocha,2
7145,SBTK,South Branch Tunkhannock Creek,23/04/2025,Arthropoda,Insecta,Ephemeroptera,Caenidae,Caenis,3
7146,SBTK,South Branch Tunkhannock Creek,23/04/2025,Arthropoda,Insecta,Trichoptera,Hydropsychidae,Cheumatopsyche,8
7147,SBTK,South Branch Tunkhannock Creek,23/04/2025,Arthropoda,Insecta,Trichoptera,Philopotamidae,Chimarra,2
7148,SBTK,South Branch Tunkhannock Creek,23/04/2025,Arthropoda,Insecta,Diptera,Chironomidae,,115
7149,SBTK,South Branch Tunkhannock Creek,23/04/2025,NA,NA,NA,NA,Chloroperlidae,1
7150,SBTK,South Branch Tunkhannock Creek,23/04/2025,Arthropoda,Insecta,Coleoptera,Psephenidae,Psephenus,2
7151,SBTK,South Branch Tunkhannock Creek,23/04/2025,Arthropoda,Insecta,Ephemeroptera,Ephemerellidae,Eurylophella,1
7152,SBTK,South Branch Tunkhannock Creek,23/04/2025,Arthropoda,Insecta,Trichoptera,Hydropsychidae,Hydropsyche,4
7153,SBTK,South Branch Tunkhannock Creek,23/04/2025,Arthropoda,Insecta,Ephemeroptera,Isonychiidae,Isonychia,1
7154,SBTK,South Branch Tunkhannock Creek,23/04/2025,Arthropoda,Insecta,Ephemeroptera,Heptageniidae,Leucrocuta,1
7155,SBTK,South Branch Tunkhannock Creek,23/04/2025,Arthropoda,Insecta,Ephemeroptera,Heptageniidae,Maccaffertium,6
7156,SBTK,South Branch Tunkhannock Creek,23/04/2025,Arthropoda,Insecta,Diptera,Empididae,Neoplasta,1
7157,SBTK,South Branch Tunkhannock Creek,23/04/2025,Arthropoda,Insecta,Trichoptera,Leptoceridae,Oecetis,1
7158,SBTK,South Branch Tunkhannock Creek,23/04/2025,Annelida,Oligochaeta,,,,27
7159,SBTK,South Branch Tunkhannock Creek,23/04/2025,Arthropoda,Insecta,Diptera,Empididae,Trichoclinocera,4
7160,SBTK,South Branch Tunkhannock Creek,23/04/2025,Arthropoda,Insecta,Ephemeroptera,Ephemerellidae,Teloganopsis,1
7161,SBTK,South Branch Tunkhannock Creek,23/04/2025,Arthropoda,Insecta,Coleoptera,Elmidae,Stenelmis,16
7162,SBTK,South Branch Tunkhannock Creek,23/04/2025,Arthropoda,Insecta,Ephemeroptera,Ephemerellidae,Ephemerella,11
7163,SBTK,South Branch Tunkhannock Creek,23/04/2025,Arthropoda,Insecta,Ephemeroptera,Baetidae,Acentrella,1
7164,SBTK,South Branch Tunkhannock Creek,23/04/2025,Arthropoda,Insecta,Plecoptera,Perlidae,Acroneuria,4
7165,SBTK,South Branch Tunkhannock Creek,23/04/2025,Arthropoda,Insecta,Plecoptera,Perlidae,Agnetina,1
7166,SBTK,South Branch Tunkhannock Creek,23/04/2025,Arthropoda,Insecta,Trichoptera,Apataniidae,Apatania,1
7167,SBTK,South Branch Tunkhannock Creek,23/04/2025,Arthropoda,Insecta,Odonata,Coenagrionidae,Argia,2
7168,SBTK,South Branch Tunkhannock Creek,23/04/2025,Arthropoda,Insecta,Trichoptera,Brachycentridae,Brachycentrus,12
7169,SBTK,South Branch Tunkhannock Creek,23/04/2025,Arthropoda,Insecta,Trichoptera,Hydropsychidae,Cheumatopsyche,22
7170,SBTK,South Branch Tunkhannock Creek,23/04/2025,Arthropoda,Insecta,Trichoptera,Philopotamidae,Chimarra,1
7171,SBTK,South Branch Tunkhannock Creek,23/04/2025,Arthropoda,Insecta,Diptera,Chironomidae,,1
7172,SBTK,South Branch Tunkhannock Creek,23/04/2025,Arthropoda,Insecta,Trichoptera,Philopotamidae,Dolophilodes,2
7173,SBTK,South Branch Tunkhannock Creek,23/04/2025,Arthropoda,Insecta,Ephemeroptera,Ephemeridae,Ephemera,1
7174,SBTK,South Branch Tunkhannock Creek,23/04/2025,Arthropoda,Insecta,Ephemeroptera,Ephemerellidae,Eurylophella,2
7175,SBTK,South Branch Tunkhannock Creek,23/04/2025,Arthropoda,Arachnida,Hydracarina,,,1
7176,SBTK,South Branch Tunkhannock Creek,23/04/2025,Arthropoda,Insecta,Trichoptera,Hydropsychidae,Hydropsyche,10
7177,SBTK,South Branch Tunkhannock Creek,23/04/2025,Arthropoda,Insecta,Ephemeroptera,Isonychiidae,Isonychia,5
7178,SBTK,South Branch Tunkhannock Creek,23/04/2025,Arthropoda,Insecta,Odonata,Gomphidae,Lanthus,1
7179,SBTK,South Branch Tunkhannock Creek,23/04/2025,Arthropoda,Insecta,Plecoptera,Leuctridae,Leuctra,1
7180,SBTK,South Branch Tunkhannock Creek,23/04/2025,Annelida,Oligochaeta,,,,3
7181,SBTK,South Branch Tunkhannock Creek,23/04/2025,Arthropoda,Insecta,Ephemeroptera,Heptageniidae,Maccaffertium,40
7182,SBTK,South Branch Tunkhannock Creek,23/04/2025,Arthropoda,Insecta,Coleoptera,Elmidae,Optioservus,8
7183,SBTK,South Branch Tunkhannock Creek,23/04/2025,Arthropoda,Malacostraca,Decapoda,Cambaridae,Orconectes,3
7184,SBTK,South Branch Tunkhannock Creek,23/04/2025,Arthropoda,Insecta,Plecoptera,Perlidae,Paragnetina,1
7185,SBTK,South Branch Tunkhannock Creek,23/04/2025,NA,NA,NA,NA,Promoresia,1
7186,SBTK,South Branch Tunkhannock Creek,23/04/2025,Arthropoda,Insecta,Coleoptera,Psephenidae,Psephenus,3
7187,SBTK,South Branch Tunkhannock Creek,23/04/2025,Arthropoda,Insecta,Ephemeroptera,Heptageniidae,Stenacron,1
7188,SBTK,South Branch Tunkhannock Creek,23/04/2025,Arthropoda,Insecta,Coleoptera,Elmidae,Stenelmis,2
7189,SBTK,South Branch Tunkhannock Creek,23/04/2025,Arthropoda,Insecta,Plecoptera,Taeniopterygidae,Taeniopteryx,101
7190,SBTK,South Branch Tunkhannock Creek,23/04/2025,Arthropoda,Insecta,Diptera,Tipulidae,Tipula,2
7191,SBTK,South Branch Tunkhannock Creek,23/04/2025,Arthropoda,Insecta,Ephemeroptera,Baetidae,Acentrella,3
7192,SBTK,South Branch Tunkhannock Creek,23/04/2025,Arthropoda,Insecta,Ephemeroptera,Baetidae,Baetis,2
7193,SBTK,South Branch Tunkhannock Creek,23/04/2025,Arthropoda,Insecta,Ephemeroptera,Ephemerellidae,Ephemerella,2
7194,SBTK,South Branch Tunkhannock Creek,23/04/2025,Arthropoda,Insecta,Ephemeroptera,Ephemerellidae,Eurylophella,2
7195,SBTK,South Branch Tunkhannock Creek,23/04/2025,Arthropoda,Insecta,Ephemeroptera,Ephemerellidae,Serratella,1
7196,SBTK,South Branch Tunkhannock Creek,23/04/2025,Arthropoda,Insecta,Ephemeroptera,Heptageniidae,Leucrocuta,1
7197,SBTK,South Branch Tunkhannock Creek,23/04/2025,Arthropoda,Insecta,Ephemeroptera,Heptageniidae,Maccaffertium,11
7198,SBTK,South Branch Tunkhannock Creek,23/04/2025,Arthropoda,Insecta,Plecoptera,Perlidae,Paragnetina,1
7199,SBTK,South Branch Tunkhannock Creek,23/04/2025,Arthropoda,Insecta,Trichoptera,Apataniidae,Apatania,3
7200,SBTK,South Branch Tunkhannock Creek,23/04/2025,Arthropoda,Insecta,Trichoptera,Brachycentridae,Brachycentrus,2
7201,SBTK,South Branch Tunkhannock Creek,23/04/2025,Arthropoda,Insecta,Trichoptera,Hydropsychidae,Ceratopsyche,18
7202,SBTK,South Branch Tunkhannock Creek,23/04/2025,Arthropoda,Insecta,Trichoptera,Hydropsychidae,Cheumatopsyche,86
7203,SBTK,South Branch Tunkhannock Creek,23/04/2025,Arthropoda,Insecta,Trichoptera,Hydroptilidae,Leucotrichia,3
7204,SBTK,South Branch Tunkhannock Creek,23/04/2025,Arthropoda,Insecta,Trichoptera,Philopotamidae,Chimarra,3
7205,SBTK,South Branch Tunkhannock Creek,23/04/2025,Arthropoda,Insecta,Odonata,Coenagrionidae,Argia,1
7206,SBTK,South Branch Tunkhannock Creek,23/04/2025,Arthropoda,Insecta,Coleoptera,Elmidae,Optioservus,18
7207,SBTK,South Branch Tunkhannock Creek,23/04/2025,Arthropoda,Insecta,Coleoptera,Elmidae,Stenelmis,7
7208,SBTK,South Branch Tunkhannock Creek,23/04/2025,Arthropoda,Insecta,Coleoptera,Psephenidae,Psephenus,14
7209,SBTK,South Branch Tunkhannock Creek,23/04/2025,Arthropoda,Insecta,Diptera,Athericidae,Atherix,2
7210,SBTK,South Branch Tunkhannock Creek,23/04/2025,Arthropoda,Insecta,Diptera,Chironomidae,,6
7211,SBTK,South Branch Tunkhannock Creek,23/04/2025,Arthropoda,Insecta,Diptera,Empididae,Hemerodromia,2
7212,SBTK,South Branch Tunkhannock Creek,23/04/2025,Arthropoda,Insecta,Diptera,Tipulidae,Antocha,5
7213,SBTK,South Branch Tunkhannock Creek,23/04/2025,NA,NA,NA,NA,Nemertea,1
7214,SBTK,South Branch Tunkhannock Creek,23/04/2025,NA,NA,NA,NA,Nematoda,1
7215,SBTK,South Branch Tunkhannock Creek,23/04/2025,Platyhelminthes,Turbellaria,,,,1
7216,SBTK,South Branch Tunkhannock Creek,23/04/2025,Annelida,Oligochaeta,,,,23
7217,SBTK,South Branch Tunkhannock Creek,23/04/2025,Arthropoda,Malacostraca,Decapoda,Cambaridae,Orconectes,1
7218,SBTK,South Branch Tunkhannock Creek,23/04/2025,Arthropoda,Arachnida,Hydracarina,,,5
7219,SBTK,South Branch Tunkhannock Creek,23/04/2025,Arthropoda,Insecta,Ephemeroptera,Baetidae,Acentrella,1
7220,SBTK,South Branch Tunkhannock Creek,23/04/2025,Arthropoda,Insecta,Ephemeroptera,Ephemerellidae,Ephemerella,6
7221,SBTK,South Branch Tunkhannock Creek,23/04/2025,Arthropoda,Insecta,Ephemeroptera,Ephemerellidae,Serratella,2
7222,SBTK,South Branch Tunkhannock Creek,23/04/2025,Arthropoda,Insecta,Ephemeroptera,Heptageniidae,Maccaffertium,10
7223,SBTK,South Branch Tunkhannock Creek,23/04/2025,Arthropoda,Insecta,Ephemeroptera,Isonychiidae,Isonychia,1
7224,SBTK,South Branch Tunkhannock Creek,23/04/2025,Arthropoda,Insecta,Plecoptera,Perlidae,Acroneuria,1
7225,SBTK,South Branch Tunkhannock Creek,23/04/2025,Arthropoda,Insecta,Plecoptera,Taeniopterygidae,Taeniopteryx,1
7226,SBTK,South Branch Tunkhannock Creek,23/04/2025,Arthropoda,Insecta,Trichoptera,Apataniidae,Apatania,2
7227,SBTK,South Branch Tunkhannock Creek,23/04/2025,Arthropoda,Insecta,Trichoptera,Brachycentridae,Brachycentrus,1
7228,SBTK,South Branch Tunkhannock Creek,23/04/2025,Arthropoda,Insecta,Trichoptera,Hydropsychidae,Ceratopsyche,9
7229,SBTK,South Branch Tunkhannock Creek,23/04/2025,Arthropoda,Insecta,Trichoptera,Hydropsychidae,Cheumatopsyche,27
7230,SBTK,South Branch Tunkhannock Creek,23/04/2025,Arthropoda,Insecta,Trichoptera,Philopotamidae,Chimarra,1
7231,SBTK,South Branch Tunkhannock Creek,23/04/2025,Arthropoda,Insecta,Trichoptera,Rhyacophilidae,Rhyacophila,1
7232,SBTK,South Branch Tunkhannock Creek,23/04/2025,Arthropoda,Insecta,Trichoptera,Uenoidae,Neophylax,5
7233,SBTK,South Branch Tunkhannock Creek,23/04/2025,Arthropoda,Insecta,Odonata,Aeshnidae,Boyeria,1
7234,SBTK,South Branch Tunkhannock Creek,23/04/2025,Arthropoda,Insecta,Coleoptera,Elmidae,Optioservus,38
7235,SBTK,South Branch Tunkhannock Creek,23/04/2025,NA,NA,NA,NA,Promoresia,1
7236,SBTK,South Branch Tunkhannock Creek,23/04/2025,Arthropoda,Insecta,Coleoptera,Elmidae,Stenelmis,29
7237,SBTK,South Branch Tunkhannock Creek,23/04/2025,Arthropoda,Insecta,Coleoptera,Psephenidae,Psephenus,14
7238,SBTK,South Branch Tunkhannock Creek,23/04/2025,Arthropoda,Insecta,Diptera,Chironomidae,,25
7239,SBTK,South Branch Tunkhannock Creek,23/04/2025,Arthropoda,Insecta,Diptera,Empididae,Hemerodromia,7
7240,SBTK,South Branch Tunkhannock Creek,23/04/2025,Arthropoda,Insecta,Diptera,Tipulidae,Antocha,5
7241,SBTK,South Branch Tunkhannock Creek,23/04/2025,NA,NA,NA,NA,Nemertea,7
7242,SBTK,South Branch Tunkhannock Creek,23/04/2025,Platyhelminthes,Turbellaria,,,,3
7243,SBTK,South Branch Tunkhannock Creek,23/04/2025,NA,NA,NA,NA,Hirudinea,1
7244,SBTK,South Branch Tunkhannock Creek,23/04/2025,Annelida,Oligochaeta,,,,23
7245,SBTK,South Branch Tunkhannock Creek,23/04/2025,Arthropoda,Arachnida,Hydracarina,,,10
7246,SBTK,South Branch Tunkhannock Creek,23/04/2025,Arthropoda,Insecta,Ephemeroptera,Caenidae,Caenis,3
7247,SBTK,South Branch Tunkhannock Creek,23/04/2025,Arthropoda,Insecta,Ephemeroptera,Ephemerellidae,Ephemerella,11
7248,SBTK,South Branch Tunkhannock Creek,23/04/2025,Arthropoda,Insecta,Ephemeroptera,Ephemerellidae,Eurylophella,2
7249,SBTK,South Branch Tunkhannock Creek,23/04/2025,Arthropoda,Insecta,Ephemeroptera,Ephemerellidae,Serratella,4
7250,SBTK,South Branch Tunkhannock Creek,23/04/2025,Arthropoda,Insecta,Ephemeroptera,Heptageniidae,Maccaffertium,12
7251,SBTK,South Branch Tunkhannock Creek,23/04/2025,Arthropoda,Insecta,Ephemeroptera,Isonychiidae,Isonychia,1
7252,SBTK,South Branch Tunkhannock Creek,23/04/2025,Arthropoda,Insecta,Plecoptera,Perlidae,Acroneuria,2
7253,SBTK,South Branch Tunkhannock Creek,23/04/2025,Arthropoda,Insecta,Plecoptera,Taeniopterygidae,Taeniopteryx,1
7254,SBTK,South Branch Tunkhannock Creek,23/04/2025,Arthropoda,Insecta,Trichoptera,Apataniidae,Apatania,6
7255,SBTK,South Branch Tunkhannock Creek,23/04/2025,Arthropoda,Insecta,Trichoptera,Brachycentridae,Brachycentrus,4
7256,SBTK,South Branch Tunkhannock Creek,23/04/2025,Arthropoda,Insecta,Trichoptera,Brachycentridae,Micrasema,1
7257,SBTK,South Branch Tunkhannock Creek,23/04/2025,Arthropoda,Insecta,Trichoptera,Hydropsychidae,Ceratopsyche,11
7258,SBTK,South Branch Tunkhannock Creek,23/04/2025,Arthropoda,Insecta,Trichoptera,Hydropsychidae,Cheumatopsyche,45
7259,SBTK,South Branch Tunkhannock Creek,23/04/2025,Arthropoda,Insecta,Trichoptera,Hydroptilidae,Leucotrichia,1
7260,SBTK,South Branch Tunkhannock Creek,23/04/2025,Arthropoda,Insecta,Trichoptera,Philopotamidae,Chimarra,1
7261,SBTK,South Branch Tunkhannock Creek,23/04/2025,Arthropoda,Insecta,Trichoptera,Uenoidae,Neophylax,2
7262,SBTK,South Branch Tunkhannock Creek,23/04/2025,Arthropoda,Insecta,Coleoptera,Elmidae,Optioservus,11
7263,SBTK,South Branch Tunkhannock Creek,23/04/2025,NA,NA,NA,NA,Promoresia,2
7264,SBTK,South Branch Tunkhannock Creek,23/04/2025,Arthropoda,Insecta,Coleoptera,Elmidae,Stenelmis,9
7265,SBTK,South Branch Tunkhannock Creek,23/04/2025,Arthropoda,Insecta,Coleoptera,Psephenidae,Psephenus,6
7266,SBTK,South Branch Tunkhannock Creek,23/04/2025,Arthropoda,Insecta,Diptera,Athericidae,Atherix,3
7267,SBTK,South Branch Tunkhannock Creek,23/04/2025,Arthropoda,Insecta,Diptera,Chironomidae,,34
7268,SBTK,South Branch Tunkhannock Creek,23/04/2025,Arthropoda,Insecta,Diptera,Empididae,Hemerodromia,7
7269,SBTK,South Branch Tunkhannock Creek,23/04/2025,NA,NA,NA,NA,Nemertea,9
7270,SBTK,South Branch Tunkhannock Creek,23/04/2025,NA,NA,NA,NA,Nematoda,1
7271,SBTK,South Branch Tunkhannock Creek,23/04/2025,NA,NA,NA,NA,Ancylidae,2
7272,SBTK,South Branch Tunkhannock Creek,23/04/2025,Platyhelminthes,Turbellaria,,,,4
7273,SBTK,South Branch Tunkhannock Creek,23/04/2025,Annelida,Oligochaeta,,,,18
7274,SBTK,South Branch Tunkhannock Creek,23/04/2025,Arthropoda,Arachnida,Hydracarina,,,10
7275,SBTK,South Branch Tunkhannock Creek,23/04/2025,Arthropoda,Arachnida,Hydracarina,,,3
7276,SBTK,South Branch Tunkhannock Creek,23/04/2025,Arthropoda,Insecta,Ephemeroptera,Caenidae,Caenis,9
7277,SBTK,South Branch Tunkhannock Creek,23/04/2025,Arthropoda,Insecta,Ephemeroptera,Ephemerellidae,Ephemerella,16
7278,SBTK,South Branch Tunkhannock Creek,23/04/2025,Arthropoda,Insecta,Ephemeroptera,Ephemerellidae,Eurylophella,5
7279,SBTK,South Branch Tunkhannock Creek,23/04/2025,Arthropoda,Insecta,Ephemeroptera,Ephemerellidae,Serratella,1
7280,SBTK,South Branch Tunkhannock Creek,23/04/2025,Arthropoda,Insecta,Ephemeroptera,Heptageniidae,Maccaffertium,6
7281,SBTK,South Branch Tunkhannock Creek,23/04/2025,Arthropoda,Insecta,Ephemeroptera,Isonychiidae,Isonychia,1
7282,SBTK,South Branch Tunkhannock Creek,23/04/2025,Arthropoda,Insecta,Plecoptera,Perlidae,Acroneuria,6
7283,SBTK,South Branch Tunkhannock Creek,23/04/2025,Arthropoda,Insecta,Plecoptera,Perlidae,Paragnetina,1
7284,SBTK,South Branch Tunkhannock Creek,23/04/2025,Arthropoda,Insecta,Trichoptera,Apataniidae,Apatania,11
7285,SBTK,South Branch Tunkhannock Creek,23/04/2025,Arthropoda,Insecta,Trichoptera,Brachycentridae,Brachycentrus,15
7286,SBTK,South Branch Tunkhannock Creek,23/04/2025,Arthropoda,Insecta,Trichoptera,Brachycentridae,Micrasema,1
7287,SBTK,South Branch Tunkhannock Creek,23/04/2025,Arthropoda,Insecta,Trichoptera,Helicopsychidae,Helicopsyche,1
7288,SBTK,South Branch Tunkhannock Creek,23/04/2025,Arthropoda,Insecta,Trichoptera,Hydropsychidae,Ceratopsyche,11
7289,SBTK,South Branch Tunkhannock Creek,23/04/2025,Arthropoda,Insecta,Trichoptera,Hydropsychidae,Cheumatopsyche,33
7290,SBTK,South Branch Tunkhannock Creek,23/04/2025,Arthropoda,Insecta,Trichoptera,Leptoceridae,Ceraclea,1
7291,SBTK,South Branch Tunkhannock Creek,23/04/2025,NA,NA,NA,NA,Coenagrionidae,1
7292,SBTK,South Branch Tunkhannock Creek,23/04/2025,Arthropoda,Insecta,Megaloptera,Corydalidae,Nigronia,1
7293,SBTK,South Branch Tunkhannock Creek,23/04/2025,Arthropoda,Insecta,Megaloptera,Sialidae,Sialis,2
7294,SBTK,South Branch Tunkhannock Creek,23/04/2025,Arthropoda,Insecta,Coleoptera,Elmidae,Optioservus,15
7295,SBTK,South Branch Tunkhannock Creek,23/04/2025,Arthropoda,Insecta,Coleoptera,Elmidae,Stenelmis,22
7296,SBTK,South Branch Tunkhannock Creek,23/04/2025,Arthropoda,Insecta,Coleoptera,Psephenidae,Psephenus,9
7297,SBTK,South Branch Tunkhannock Creek,23/04/2025,Arthropoda,Insecta,Diptera,Athericidae,Atherix,1
7298,SBTK,South Branch Tunkhannock Creek,23/04/2025,Arthropoda,Insecta,Diptera,Chironomidae,,18
7299,SBTK,South Branch Tunkhannock Creek,23/04/2025,Arthropoda,Insecta,Diptera,Empididae,Hemerodromia,5
7300,SBTK,South Branch Tunkhannock Creek,23/04/2025,Arthropoda,Insecta,Diptera,Tipulidae,Antocha,2
7301,SBTK,South Branch Tunkhannock Creek,23/04/2025,NA,NA,NA,NA,Nematoda,1
7302,SBTK,South Branch Tunkhannock Creek,23/04/2025,Platyhelminthes,Turbellaria,,,,4
7303,SBTK,South Branch Tunkhannock Creek,23/04/2025,Annelida,Oligochaeta,,,,19
7304,SBTK,South Branch Tunkhannock Creek,23/04/2025,Arthropoda,Insecta,Ephemeroptera,Caenidae,Caenis,14
7305,SBTK,South Branch Tunkhannock Creek,23/04/2025,Arthropoda,Insecta,Diptera,Simuliidae,Simulium,1
7306,SBTK,South Branch Tunkhannock Creek,23/04/2025,Arthropoda,Insecta,Trichoptera,Philopotamidae,Chimarra,1
7307,SBTK,South Branch Tunkhannock Creek,23/04/2025,NA,NA,NA,NA,Nematoda,2
7308,SBTK,South Branch Tunkhannock Creek,23/04/2025,Platyhelminthes,Turbellaria,,,,1
7309,SBTK,South Branch Tunkhannock Creek,23/04/2025,Annelida,Oligochaeta,,,,21
7310,SBTK,South Branch Tunkhannock Creek,23/04/2025,Arthropoda,Arachnida,Hydracarina,,,11
7311,SBTK,South Branch Tunkhannock Creek,23/04/2025,Arthropoda,Insecta,Diptera,Empididae,Hemerodromia,1
7312,SBTK,South Branch Tunkhannock Creek,23/04/2025,Arthropoda,Insecta,Ephemeroptera,Baetidae,Acentrella,13
7313,SBTK,South Branch Tunkhannock Creek,23/04/2025,Arthropoda,Insecta,Coleoptera,Elmidae,Optioservus,4
7314,SBTK,South Branch Tunkhannock Creek,23/04/2025,Arthropoda,Insecta,Ephemeroptera,Ephemerellidae,Drunella,1
7315,SBTK,South Branch Tunkhannock Creek,23/04/2025,Arthropoda,Insecta,Odonata,Coenagrionidae,Argia,1
7316,SBTK,South Branch Tunkhannock Creek,23/04/2025,Arthropoda,Insecta,Ephemeroptera,Ephemerellidae,Eurylophella,1
7317,SBTK,South Branch Tunkhannock Creek,23/04/2025,Arthropoda,Insecta,Ephemeroptera,Heptageniidae,Maccaffertium,2
7318,SBTK,South Branch Tunkhannock Creek,23/04/2025,Arthropoda,Insecta,Coleoptera,Psephenidae,Psephenus,22
7319,SBTK,South Branch Tunkhannock Creek,23/04/2025,Arthropoda,Insecta,Diptera,Tipulidae,Antocha,3
7320,SBTK,South Branch Tunkhannock Creek,23/04/2025,Arthropoda,Insecta,Trichoptera,Uenoidae,Neophylax,2
7321,SBTK,South Branch Tunkhannock Creek,23/04/2025,NA,NA,NA,NA,Promoresia,1
7322,SBTK,South Branch Tunkhannock Creek,23/04/2025,Arthropoda,Insecta,Diptera,Empididae,Clinocera,12
7323,SBTK,South Branch Tunkhannock Creek,23/04/2025,Arthropoda,Insecta,Diptera,Chironomidae,,25
7324,SBTK,South Branch Tunkhannock Creek,23/04/2025,Arthropoda,Insecta,Coleoptera,Elmidae,Stenelmis,50
7325,SBTK,South Branch Tunkhannock Creek,23/04/2025,Arthropoda,Insecta,Plecoptera,Leuctridae,Leuctra,1
7326,SBTK,South Branch Tunkhannock Creek,23/04/2025,Arthropoda,Insecta,Plecoptera,Nemouridae,Amphinemura,5
7327,SBTK,South Branch Tunkhannock Creek,23/04/2025,Arthropoda,Insecta,Plecoptera,Perlidae,Acroneuria,1
7328,SBTK,South Branch Tunkhannock Creek,23/04/2025,NA,NA,NA,NA,Perlodidae,1
7329,SBTK,South Branch Tunkhannock Creek,23/04/2025,Arthropoda,Insecta,Trichoptera,Hydropsychidae,Ceratopsyche,13
7330,SBTK,South Branch Tunkhannock Creek,23/04/2025,Arthropoda,Insecta,Trichoptera,Hydropsychidae,Cheumatopsyche,13
7331,SBTK,South Branch Tunkhannock Creek,23/04/2025,Arthropoda,Insecta,Ephemeroptera,Ephemerellidae,Ephemerella,7
7332,Sugar Run,Sugar Run,29/04/2025,Arthropoda,Insecta,Trichoptera,Uenoidae,Neophylax,2
7333,Sugar Run,Sugar Run,29/04/2025,NA,NA,NA,NA,Nematoda,2
7334,Sugar Run,Sugar Run,29/04/2025,Arthropoda,Insecta,Ephemeroptera,Heptageniidae,Maccaffertium,12
7335,Sugar Run,Sugar Run,29/04/2025,Arthropoda,Insecta,Trichoptera,Hydroptilidae,Hydroptila,1
7336,Sugar Run,Sugar Run,29/04/2025,Arthropoda,Insecta,Ephemeroptera,Isonychiidae,Isonychia,8
7337,Sugar Run,Sugar Run,29/04/2025,Arthropoda,Insecta,Ephemeroptera,Ephemerellidae,Ephemerella,2
7338,Sugar Run,Sugar Run,29/04/2025,Arthropoda,Insecta,Trichoptera,Hydropsychidae,Hydropsyche,10
7339,Sugar Run,Sugar Run,29/04/2025,Arthropoda,Insecta,Plecoptera,Perlidae,Perlesta,1
7340,Sugar Run,Sugar Run,29/04/2025,Arthropoda,Insecta,Ephemeroptera,Heptageniidae,Leucrocuta,2
7341,Sugar Run,Sugar Run,29/04/2025,Arthropoda,Insecta,Diptera,Simuliidae,Prosimulium,19
7342,Sugar Run,Sugar Run,29/04/2025,Nemertea,Enopla,Hoplonemertea,Tetrastemmatidae,Prostoma,1
7343,Sugar Run,Sugar Run,29/04/2025,Arthropoda,Insecta,Coleoptera,Psephenidae,Psephenus,4
7344,Sugar Run,Sugar Run,29/04/2025,Arthropoda,Insecta,Diptera,Simuliidae,Simulium,3
7345,Sugar Run,Sugar Run,29/04/2025,Arthropoda,Insecta,Coleoptera,Elmidae,Stenelmis,7
7346,Sugar Run,Sugar Run,29/04/2025,Arthropoda,Insecta,Diptera,Empididae,Trichoclinocera,2
7347,Sugar Run,Sugar Run,29/04/2025,Arthropoda,Arachnida,Hydracarina,,,1
7348,Sugar Run,Sugar Run,29/04/2025,Annelida,Oligochaeta,,,,1
7349,Sugar Run,Sugar Run,29/04/2025,Arthropoda,Insecta,Diptera,Empididae,Hemerodromia,8
7350,Sugar Run,Sugar Run,29/04/2025,Arthropoda,Insecta,Coleoptera,Elmidae,Optioservus,9
7351,Sugar Run,Sugar Run,29/04/2025,Arthropoda,Insecta,Ephemeroptera,Heptageniidae,Epeorus,3
7352,Sugar Run,Sugar Run,29/04/2025,Arthropoda,Insecta,Ephemeroptera,Ephemerellidae,Drunella,5
7353,Sugar Run,Sugar Run,29/04/2025,Arthropoda,Insecta,Diptera,Chironomidae,,48
7354,Sugar Run,Sugar Run,29/04/2025,Arthropoda,Insecta,Trichoptera,Philopotamidae,Chimarra,7
7355,Sugar Run,Sugar Run,29/04/2025,Arthropoda,Insecta,Trichoptera,Hydropsychidae,Cheumatopsyche,5
7356,Sugar Run,Sugar Run,29/04/2025,Arthropoda,Insecta,Ephemeroptera,Caenidae,Caenis,2
7357,Sugar Run,Sugar Run,29/04/2025,Arthropoda,Insecta,Ephemeroptera,Baetidae,Baetis,1
7358,Sugar Run,Sugar Run,29/04/2025,Arthropoda,Insecta,Odonata,Coenagrionidae,Argia,1
7359,Sugar Run,Sugar Run,29/04/2025,Arthropoda,Insecta,Plecoptera,Nemouridae,Amphinemura,6
7360,Sugar Run,Sugar Run,29/04/2025,Arthropoda,Insecta,Ephemeroptera,Baetidae,Acentrella,24
7361,Sugar Run,Sugar Run,29/04/2025,Arthropoda,Insecta,Diptera,Empididae,Neoplasta,1
7362,Sugar Run,Sugar Run,29/04/2025,Arthropoda,Insecta,Trichoptera,Philopotamidae,Wormaldia,11
7363,Sugar Run,Sugar Run,29/04/2025,Arthropoda,Insecta,Trichoptera,Polycentropodidae,Polycentropus,4
7364,Sugar Run,Sugar Run,29/04/2025,Arthropoda,Insecta,Plecoptera,Perlidae,Acroneuria,2
7365,Sugar Run,Sugar Run,29/04/2025,Arthropoda,Insecta,Plecoptera,Nemouridae,Amphinemura,11
7366,Sugar Run,Sugar Run,29/04/2025,Arthropoda,Insecta,Diptera,Tipulidae,Antocha,2
7367,Sugar Run,Sugar Run,29/04/2025,Arthropoda,Insecta,Ephemeroptera,Caenidae,Caenis,3
7368,Sugar Run,Sugar Run,29/04/2025,Arthropoda,Insecta,Trichoptera,Hydropsychidae,Cheumatopsyche,6
7369,Sugar Run,Sugar Run,29/04/2025,Arthropoda,Insecta,Diptera,Chironomidae,,67
7370,Sugar Run,Sugar Run,29/04/2025,Arthropoda,Insecta,Ephemeroptera,Heptageniidae,Cinygmula,2
7371,Sugar Run,Sugar Run,29/04/2025,Arthropoda,Insecta,Ephemeroptera,Ephemerellidae,Drunella,2
7372,Sugar Run,Sugar Run,29/04/2025,Arthropoda,Insecta,Ephemeroptera,Ephemerellidae,Ephemerella,2
7373,Sugar Run,Sugar Run,29/04/2025,Arthropoda,Insecta,Ephemeroptera,Ephemerellidae,Eurylophella,1
7374,Sugar Run,Sugar Run,29/04/2025,Arthropoda,Insecta,Diptera,Empididae,Hemerodromia,2
7375,Sugar Run,Sugar Run,29/04/2025,Arthropoda,Insecta,Trichoptera,Hydropsychidae,Hydropsyche,3
7376,Sugar Run,Sugar Run,29/04/2025,Arthropoda,Insecta,Ephemeroptera,Isonychiidae,Isonychia,7
7377,Sugar Run,Sugar Run,29/04/2025,Arthropoda,Insecta,Plecoptera,Perlodidae,Isoperla,1
7378,Sugar Run,Sugar Run,29/04/2025,NA,NA,NA,NA,Leptophlebiidae,1
7379,Sugar Run,Sugar Run,29/04/2025,Arthropoda,Insecta,Ephemeroptera,Heptageniidae,Leucrocuta,3
7380,Sugar Run,Sugar Run,29/04/2025,Arthropoda,Insecta,Ephemeroptera,Heptageniidae,Maccaffertium,6
7381,Sugar Run,Sugar Run,29/04/2025,NA,NA,NA,NA,Nematoda,1
7382,Sugar Run,Sugar Run,29/04/2025,Arthropoda,Insecta,Coleoptera,Elmidae,Optioservus,4
7383,Sugar Run,Sugar Run,29/04/2025,Arthropoda,Insecta,Diptera,Simuliidae,Prosimulium,74
7384,Sugar Run,Sugar Run,29/04/2025,Arthropoda,Insecta,Plecoptera,Nemouridae,Prostoia,1
7385,Sugar Run,Sugar Run,29/04/2025,Arthropoda,Insecta,Diptera,Empididae,Trichoclinocera,4
7386,Sugar Run,Sugar Run,29/04/2025,Arthropoda,Arachnida,Hydracarina,,,2
7387,Sugar Run,Sugar Run,29/04/2025,Arthropoda,Insecta,Ephemeroptera,Baetidae,Acentrella,1
7388,Sugar Run,Sugar Run,29/04/2025,Arthropoda,Insecta,Ephemeroptera,Baetidae,Acerpenna,1
7389,Sugar Run,Sugar Run,29/04/2025,Arthropoda,Insecta,Plecoptera,Perlidae,Acroneuria,5
7390,Sugar Run,Sugar Run,29/04/2025,Arthropoda,Insecta,Odonata,Coenagrionidae,Argia,1
7391,Sugar Run,Sugar Run,29/04/2025,Arthropoda,Insecta,Diptera,Athericidae,Atherix,14
7392,Sugar Run,Sugar Run,29/04/2025,Arthropoda,Insecta,Ephemeroptera,Baetidae,Baetis,7
7393,Sugar Run,Sugar Run,29/04/2025,Arthropoda,Insecta,Ephemeroptera,Caenidae,Caenis,67
7394,Sugar Run,Sugar Run,29/04/2025,Arthropoda,Insecta,Trichoptera,Hydropsychidae,Cheumatopsyche,3
7395,Sugar Run,Sugar Run,29/04/2025,Arthropoda,Insecta,Trichoptera,Philopotamidae,Chimarra,2
7396,Sugar Run,Sugar Run,29/04/2025,Arthropoda,Insecta,Diptera,Chironomidae,,4
7397,Sugar Run,Sugar Run,29/04/2025,Arthropoda,Insecta,Ephemeroptera,Heptageniidae,Heptagenia,1
7398,Sugar Run,Sugar Run,29/04/2025,NA,NA,NA,NA,Heptageniidae,7
7399,Sugar Run,Sugar Run,29/04/2025,Arthropoda,Insecta,Ephemeroptera,Baetidae,Heterocloeon,4
7400,Sugar Run,Sugar Run,29/04/2025,Arthropoda,Insecta,Trichoptera,Hydropsychidae,Hydropsyche,2
7401,Sugar Run,Sugar Run,29/04/2025,Arthropoda,Insecta,Ephemeroptera,Isonychiidae,Isonychia,7
7402,Sugar Run,Sugar Run,29/04/2025,Arthropoda,Insecta,Ephemeroptera,Heptageniidae,Leucrocuta,13
7403,Sugar Run,Sugar Run,29/04/2025,Arthropoda,Insecta,Ephemeroptera,Heptageniidae,Maccaffertium,54
7404,Sugar Run,Sugar Run,29/04/2025,Arthropoda,Insecta,Megaloptera,Corydalidae,Nigronia,2
7405,Sugar Run,Sugar Run,29/04/2025,Arthropoda,Insecta,Coleoptera,Elmidae,Optioservus,1
7406,Sugar Run,Sugar Run,29/04/2025,Arthropoda,Malacostraca,Decapoda,Cambaridae,Orconectes,1
7407,Sugar Run,Sugar Run,29/04/2025,Arthropoda,Insecta,Plecoptera,Perlidae,Paragnetina,1
7408,Sugar Run,Sugar Run,29/04/2025,Arthropoda,Insecta,Coleoptera,Psephenidae,Psephenus,6
7409,Sugar Run,Sugar Run,29/04/2025,Arthropoda,Insecta,Trichoptera,Odontoceridae,Psilotreta,2
7410,Sugar Run,Sugar Run,29/04/2025,Arthropoda,Insecta,Trichoptera,Psychomyiidae,Psychomyia,1
7411,Sugar Run,Sugar Run,29/04/2025,Arthropoda,Insecta,Megaloptera,Sialidae,Sialis,1
7412,Sugar Run,Sugar Run,29/04/2025,Arthropoda,Insecta,Ephemeroptera,Heptageniidae,Stenacron,1
7413,Sugar Run,Sugar Run,29/04/2025,Arthropoda,Insecta,Coleoptera,Elmidae,Stenelmis,7
7414,Sugar Run,Sugar Run,29/04/2025,Arthropoda,Insecta,Diptera,Tipulidae,Tipula,1
7415,Sugar Run,Sugar Run,29/04/2025,Arthropoda,Insecta,Ephemeroptera,Baetidae,Acentrella,1
7416,Sugar Run,Sugar Run,29/04/2025,Arthropoda,Insecta,Ephemeroptera,Baetidae,Baetis,4
7417,Sugar Run,Sugar Run,29/04/2025,Arthropoda,Insecta,Ephemeroptera,Baetidae,Diphetor,1
7418,Sugar Run,Sugar Run,29/04/2025,Arthropoda,Insecta,Ephemeroptera,Caenidae,Caenis,1
7419,Sugar Run,Sugar Run,29/04/2025,Arthropoda,Insecta,Ephemeroptera,Ephemerellidae,Eurylophella,3
7420,Sugar Run,Sugar Run,29/04/2025,Arthropoda,Insecta,Ephemeroptera,Heptageniidae,Leucrocuta,28
7421,Sugar Run,Sugar Run,29/04/2025,Arthropoda,Insecta,Ephemeroptera,Heptageniidae,Maccaffertium,23
7422,Sugar Run,Sugar Run,29/04/2025,Arthropoda,Insecta,Ephemeroptera,Heptageniidae,Stenacron,1
7423,Sugar Run,Sugar Run,29/04/2025,Arthropoda,Insecta,Ephemeroptera,Isonychiidae,Isonychia,36
7424,Sugar Run,Sugar Run,29/04/2025,Arthropoda,Insecta,Ephemeroptera,Leptophlebiidae,Paraleptophlebia,6
7425,Sugar Run,Sugar Run,29/04/2025,NA,NA,NA,NA,Capniidae,1
7426,Sugar Run,Sugar Run,29/04/2025,Arthropoda,Insecta,Plecoptera,Perlidae,Agnetina,6
7427,Sugar Run,Sugar Run,29/04/2025,Arthropoda,Insecta,Trichoptera,Hydropsychidae,Ceratopsyche,37
7428,Sugar Run,Sugar Run,29/04/2025,Arthropoda,Insecta,Trichoptera,Hydropsychidae,Cheumatopsyche,10
7429,Sugar Run,Sugar Run,29/04/2025,Arthropoda,Insecta,Trichoptera,Hydropsychidae,Hydropsyche,2
7430,Sugar Run,Sugar Run,29/04/2025,Arthropoda,Insecta,Trichoptera,Philopotamidae,Chimarra,12
7431,Sugar Run,Sugar Run,29/04/2025,Arthropoda,Insecta,Coleoptera,Elmidae,Optioservus,4
7432,Sugar Run,Sugar Run,29/04/2025,Arthropoda,Insecta,Coleoptera,Elmidae,Stenelmis,1
7433,Sugar Run,Sugar Run,29/04/2025,Arthropoda,Insecta,Coleoptera,Psephenidae,Psephenus,17
7434,Sugar Run,Sugar Run,29/04/2025,Arthropoda,Insecta,Diptera,Athericidae,Atherix,3
7435,Sugar Run,Sugar Run,29/04/2025,Arthropoda,Insecta,Diptera,Chironomidae,,10
7436,Sugar Run,Sugar Run,29/04/2025,Arthropoda,Insecta,Diptera,Simuliidae,Simulium,1
7437,Sugar Run,Sugar Run,29/04/2025,Arthropoda,Insecta,Diptera,Tipulidae,Antocha,1
7438,Sugar Run,Sugar Run,29/04/2025,Arthropoda,Insecta,Diptera,Tipulidae,Hexatoma,1
7439,Sugar Run,Sugar Run,29/04/2025,Arthropoda,Insecta,Ephemeroptera,Baetidae,Acerpenna,1
7440,Sugar Run,Sugar Run,29/04/2025,Arthropoda,Insecta,Ephemeroptera,Caenidae,Caenis,1
7441,Sugar Run,Sugar Run,29/04/2025,Arthropoda,Insecta,Ephemeroptera,Ephemerellidae,Ephemerella,2
7442,Sugar Run,Sugar Run,29/04/2025,Arthropoda,Insecta,Ephemeroptera,Ephemerellidae,Eurylophella,3
7443,Sugar Run,Sugar Run,29/04/2025,Arthropoda,Insecta,Ephemeroptera,Heptageniidae,Epeorus,1
7444,Sugar Run,Sugar Run,29/04/2025,Arthropoda,Insecta,Ephemeroptera,Heptageniidae,Leucrocuta,24
7445,Sugar Run,Sugar Run,29/04/2025,Arthropoda,Insecta,Ephemeroptera,Heptageniidae,Maccaffertium,25
7446,Sugar Run,Sugar Run,29/04/2025,Arthropoda,Insecta,Ephemeroptera,Isonychiidae,Isonychia,38
7447,Sugar Run,Sugar Run,29/04/2025,Arthropoda,Insecta,Ephemeroptera,Leptophlebiidae,Paraleptophlebia,5
7448,Sugar Run,Sugar Run,29/04/2025,Arthropoda,Insecta,Plecoptera,Capniidae,Allocapnia,1
7449,Sugar Run,Sugar Run,29/04/2025,Arthropoda,Insecta,Plecoptera,Perlidae,Acroneuria,4
7450,Sugar Run,Sugar Run,29/04/2025,Arthropoda,Insecta,Plecoptera,Perlidae,Paragnetina,1
7451,Sugar Run,Sugar Run,29/04/2025,Arthropoda,Insecta,Trichoptera,Hydropsychidae,Ceratopsyche,48
7452,Sugar Run,Sugar Run,29/04/2025,Arthropoda,Insecta,Trichoptera,Hydropsychidae,Cheumatopsyche,26
7453,Sugar Run,Sugar Run,29/04/2025,Arthropoda,Insecta,Trichoptera,Philopotamidae,Chimarra,15
7454,Sugar Run,Sugar Run,29/04/2025,Arthropoda,Insecta,Trichoptera,Rhyacophilidae,Rhyacophila,1
7455,Sugar Run,Sugar Run,29/04/2025,Arthropoda,Insecta,Coleoptera,Elmidae,Optioservus,6
7456,Sugar Run,Sugar Run,29/04/2025,Arthropoda,Insecta,Coleoptera,Elmidae,Stenelmis,2
7457,Sugar Run,Sugar Run,29/04/2025,Arthropoda,Insecta,Coleoptera,Psephenidae,Psephenus,2
7458,Sugar Run,Sugar Run,29/04/2025,Arthropoda,Insecta,Diptera,Athericidae,Atherix,4
7459,Sugar Run,Sugar Run,29/04/2025,Arthropoda,Insecta,Diptera,Chironomidae,,9
7460,Sugar Run,Sugar Run,29/04/2025,Arthropoda,Insecta,Diptera,Empididae,Hemerodromia,1
7461,Sugar Run,Sugar Run,29/04/2025,Platyhelminthes,Turbellaria,,,,3
7462,Sugar Run,Sugar Run,29/04/2025,Annelida,Oligochaeta,,,,1
7463,Sugar Run,Sugar Run,29/04/2025,Arthropoda,Arachnida,Hydracarina,,,3
7464,Sugar Run,Sugar Run,29/04/2025,Arthropoda,Insecta,Trichoptera,Hydropsychidae,Ceratopsyche,25
7465,Sugar Run,Sugar Run,29/04/2025,Arthropoda,Insecta,Trichoptera,Hydropsychidae,Cheumatopsyche,8
7466,Sugar Run,Sugar Run,29/04/2025,Arthropoda,Insecta,Trichoptera,Philopotamidae,Dolophilodes,1
7467,Sugar Run,Sugar Run,29/04/2025,Arthropoda,Insecta,Trichoptera,Polycentropodidae,Polycentropus,3
7468,Sugar Run,Sugar Run,29/04/2025,Arthropoda,Insecta,Trichoptera,Psychomyiidae,Psychomyia,2
7469,Sugar Run,Sugar Run,29/04/2025,Arthropoda,Insecta,Trichoptera,Uenoidae,Neophylax,7
7470,Sugar Run,Sugar Run,29/04/2025,NA,NA,NA,NA,Coenagrionidae,1
7471,Sugar Run,Sugar Run,29/04/2025,Arthropoda,Insecta,Megaloptera,Corydalidae,Nigronia,2
7472,Sugar Run,Sugar Run,29/04/2025,Arthropoda,Insecta,Coleoptera,Elmidae,Optioservus,27
7473,Sugar Run,Sugar Run,29/04/2025,Arthropoda,Insecta,Coleoptera,Elmidae,Stenelmis,3
7474,Sugar Run,Sugar Run,29/04/2025,Arthropoda,Insecta,Coleoptera,Psephenidae,Psephenus,21
7475,Sugar Run,Sugar Run,29/04/2025,Arthropoda,Insecta,Diptera,Athericidae,Atherix,16
7476,Sugar Run,Sugar Run,29/04/2025,Arthropoda,Insecta,Diptera,Chironomidae,,16
7477,Sugar Run,Sugar Run,29/04/2025,Arthropoda,Insecta,Diptera,Tipulidae,Antocha,1
7478,Sugar Run,Sugar Run,29/04/2025,NA,NA,NA,NA,Nemertea,6
7479,Sugar Run,Sugar Run,29/04/2025,NA,NA,NA,NA,Ancylidae,1
7480,Sugar Run,Sugar Run,29/04/2025,Platyhelminthes,Turbellaria,,,,2
7481,Sugar Run,Sugar Run,29/04/2025,Arthropoda,Arachnida,Hydracarina,,,6
7482,Sugar Run,Sugar Run,29/04/2025,Arthropoda,Insecta,Ephemeroptera,Caenidae,Caenis,2
7483,Sugar Run,Sugar Run,29/04/2025,Arthropoda,Insecta,Ephemeroptera,Ephemerellidae,Ephemerella,21
7484,Sugar Run,Sugar Run,29/04/2025,Arthropoda,Insecta,Ephemeroptera,Ephemerellidae,Eurylophella,7
7485,Sugar Run,Sugar Run,29/04/2025,NA,NA,NA,NA,Heptageniidae,1
7486,Sugar Run,Sugar Run,29/04/2025,Arthropoda,Insecta,Ephemeroptera,Heptageniidae,Epeorus,1
7487,Sugar Run,Sugar Run,29/04/2025,Arthropoda,Insecta,Ephemeroptera,Heptageniidae,Leucrocuta,3
7488,Sugar Run,Sugar Run,29/04/2025,Arthropoda,Insecta,Ephemeroptera,Heptageniidae,Maccaffertium,19
7489,Sugar Run,Sugar Run,29/04/2025,Arthropoda,Insecta,Ephemeroptera,Isonychiidae,Isonychia,10
7490,Sugar Run,Sugar Run,29/04/2025,Arthropoda,Insecta,Ephemeroptera,Leptophlebiidae,Paraleptophlebia,1
7491,Sugar Run,Sugar Run,29/04/2025,Arthropoda,Insecta,Plecoptera,Capniidae,Allocapnia,1
7492,Sugar Run,Sugar Run,29/04/2025,Arthropoda,Insecta,Plecoptera,Perlidae,Acroneuria,8
7493,Sugar Run,Sugar Run,29/04/2025,Arthropoda,Insecta,Plecoptera,Taeniopterygidae,Taeniopteryx,4
7494,Sugar Run,Sugar Run,29/04/2025,Arthropoda,Insecta,Ephemeroptera,Ephemerellidae,Ephemerella,1
7495,Sugar Run,Sugar Run,29/04/2025,Arthropoda,Insecta,Ephemeroptera,Heptageniidae,Epeorus,2
7496,Sugar Run,Sugar Run,29/04/2025,Arthropoda,Insecta,Ephemeroptera,Heptageniidae,Leucrocuta,10
7497,Sugar Run,Sugar Run,29/04/2025,Arthropoda,Insecta,Ephemeroptera,Heptageniidae,Maccaffertium,10
7498,Sugar Run,Sugar Run,29/04/2025,Arthropoda,Insecta,Ephemeroptera,Isonychiidae,Isonychia,18
7499,Sugar Run,Sugar Run,29/04/2025,Arthropoda,Insecta,Ephemeroptera,Leptophlebiidae,Paraleptophlebia,3
7500,Sugar Run,Sugar Run,29/04/2025,Arthropoda,Insecta,Plecoptera,Perlidae,Acroneuria,13
7501,Sugar Run,Sugar Run,29/04/2025,Arthropoda,Insecta,Trichoptera,Hydropsychidae,Ceratopsyche,26
7502,Sugar Run,Sugar Run,29/04/2025,Arthropoda,Insecta,Trichoptera,Hydropsychidae,Cheumatopsyche,45
7503,Sugar Run,Sugar Run,29/04/2025,Arthropoda,Insecta,Trichoptera,Hydropsychidae,Hydropsyche,1
7504,Sugar Run,Sugar Run,29/04/2025,Arthropoda,Insecta,Trichoptera,Hydroptilidae,Leucotrichia,2
7505,Sugar Run,Sugar Run,29/04/2025,Arthropoda,Insecta,Trichoptera,Philopotamidae,Chimarra,29
7506,Sugar Run,Sugar Run,29/04/2025,Arthropoda,Insecta,Trichoptera,Philopotamidae,Dolophilodes,1
7507,Sugar Run,Sugar Run,29/04/2025,Arthropoda,Insecta,Trichoptera,Rhyacophilidae,Rhyacophila,3
7508,Sugar Run,Sugar Run,29/04/2025,Arthropoda,Insecta,Coleoptera,Elmidae,Optioservus,15
7509,Sugar Run,Sugar Run,29/04/2025,Arthropoda,Insecta,Coleoptera,Elmidae,Stenelmis,8
7510,Sugar Run,Sugar Run,29/04/2025,Arthropoda,Insecta,Coleoptera,Psephenidae,Psephenus,8
7511,Sugar Run,Sugar Run,29/04/2025,Arthropoda,Insecta,Diptera,Athericidae,Atherix,2
7512,Sugar Run,Sugar Run,29/04/2025,Arthropoda,Insecta,Diptera,Chironomidae,,10
7513,Sugar Run,Sugar Run,29/04/2025,Arthropoda,Insecta,Diptera,Tipulidae,Antocha,1
7514,Sugar Run,Sugar Run,29/04/2025,NA,NA,NA,NA,Nemertea,2
7515,Sugar Run,Sugar Run,29/04/2025,Arthropoda,Insecta,Plecoptera,Nemouridae,Amphinemura,12
7516,Sugar Run,Sugar Run,29/04/2025,Arthropoda,Insecta,Diptera,Empididae,Clinocera,2
7517,Sugar Run,Sugar Run,29/04/2025,Arthropoda,Insecta,Ephemeroptera,Isonychiidae,Isonychia,1
7518,Sugar Run,Sugar Run,29/04/2025,Arthropoda,Insecta,Plecoptera,Leuctridae,Leuctra,1
7519,Sugar Run,Sugar Run,29/04/2025,NA,NA,NA,NA,Nematoda,1
7520,Sugar Run,Sugar Run,29/04/2025,Arthropoda,Insecta,Ephemeroptera,Caenidae,Caenis,1
7521,Sugar Run,Sugar Run,29/04/2025,Arthropoda,Insecta,Diptera,Chironomidae,,22
7522,Sugar Run,Sugar Run,29/04/2025,Arthropoda,Insecta,Ephemeroptera,Heptageniidae,Leucrocuta,1
7523,Sugar Run,Sugar Run,29/04/2025,Arthropoda,Insecta,Coleoptera,Elmidae,Optioservus,1
7524,Sugar Run,Sugar Run,29/04/2025,Arthropoda,Insecta,Diptera,Simuliidae,Prosimulium,162
7525,Sugar Run,Sugar Run,29/04/2025,Arthropoda,Insecta,Diptera,Simuliidae,Prosimulium,50
7526,Sugar Run,Sugar Run,29/04/2025,Arthropoda,Insecta,Trichoptera,Uenoidae,Neophylax,3
7527,Sugar Run,Sugar Run,29/04/2025,Arthropoda,Insecta,Trichoptera,Rhyacophilidae,Rhyacophila,2
7528,Sugar Run,Sugar Run,29/04/2025,Arthropoda,Insecta,Trichoptera,Hydropsychidae,Hydropsyche,3
7529,Sugar Run,Sugar Run,29/04/2025,Arthropoda,Insecta,Trichoptera,Hydropsychidae,Cheumatopsyche,5
7530,Sugar Run,Sugar Run,29/04/2025,Arthropoda,Insecta,Coleoptera,Psephenidae,Psephenus,1
7531,Sugar Run,Sugar Run,29/04/2025,Arthropoda,Insecta,Ephemeroptera,Ephemeridae,Ephemera,2
7532,Sugar Run,Sugar Run,29/04/2025,Arthropoda,Insecta,Diptera,Empididae,Clinocera,10
7533,Sugar Run,Sugar Run,29/04/2025,Arthropoda,Insecta,Coleoptera,Elmidae,Stenelmis,2
7534,Sugar Run,Sugar Run,29/04/2025,Arthropoda,Insecta,Diptera,Chironomidae,,17
7535,Sugar Run,Sugar Run,29/04/2025,Annelida,Oligochaeta,,,,1
7536,Sugar Run,Sugar Run,29/04/2025,Arthropoda,Insecta,Plecoptera,Nemouridae,Amphinemura,16
7537,Sugar Run,Sugar Run,29/04/2025,Arthropoda,Insecta,Trichoptera,Limnephilidae,Hydatophylax,1
7538,Sugar Run,Sugar Run,29/04/2025,Arthropoda,Insecta,Ephemeroptera,Caenidae,Caenis,12
7539,Sugar Run,Sugar Run,29/04/2025,Arthropoda,Insecta,Coleoptera,Elmidae,Optioservus,2
7540,Sugar Run,Sugar Run,29/04/2025,Arthropoda,Insecta,Ephemeroptera,Ephemerellidae,Drunella,2
7541,Sugar Run,Sugar Run,29/04/2025,Arthropoda,Insecta,Trichoptera,Polycentropodidae,Polycentropus,1
7542,Sugar Run,Sugar Run,29/04/2025,Arthropoda,Insecta,Diptera,Tabanidae,Chrysops,1
7543,Sugar Run,Sugar Run,29/04/2025,Arthropoda,Insecta,Trichoptera,Philopotamidae,Chimarra,2
7544,Sugar Run,Sugar Run,29/04/2025,Arthropoda,Insecta,Ephemeroptera,Heptageniidae,Leucrocuta,3
7545,Sugar Run,Sugar Run,29/04/2025,Arthropoda,Insecta,Ephemeroptera,Ephemerellidae,Ephemerella,1
7546,Sugar Run,Sugar Run,29/04/2025,Arthropoda,Insecta,Ephemeroptera,Heptageniidae,Maccaffertium,23
7547,Sugar Run,Sugar Run,29/04/2025,Arthropoda,Insecta,Ephemeroptera,Ephemerellidae,Eurylophella,4
7548,Sugar Run,Sugar Run,29/04/2025,Arthropoda,Insecta,Ephemeroptera,Baetidae,Baetis,3
7549,Sugar Run,Sugar Run,29/04/2025,Arthropoda,Insecta,Ephemeroptera,Heptageniidae,Epeorus,2
7550,Sugar Run,Sugar Run,29/04/2025,Arthropoda,Insecta,Ephemeroptera,Leptophlebiidae,Paraleptophlebia,3
7551,Sugar Run,Sugar Run,29/04/2025,Arthropoda,Insecta,Plecoptera,Nemouridae,Ostrocerca,1
7552,Sugar Run,Sugar Run,29/04/2025,Arthropoda,Insecta,Plecoptera,Perlidae,Acroneuria,8
7553,Sugar Run,Sugar Run,29/04/2025,Arthropoda,Insecta,Plecoptera,Leuctridae,Leuctra,1
7554,Sugar Run,Sugar Run,29/04/2025,Arthropoda,Insecta,Ephemeroptera,Heptageniidae,Stenacron,3
7555,Sugar Run,Sugar Run,29/04/2025,Arthropoda,Insecta,Ephemeroptera,Isonychiidae,Isonychia,12
7556,TIOG,Tioga River,17/04/2025,Arthropoda,Insecta,Odonata,Gomphidae,Lanthus,1
7557,TIOG,Tioga River,17/04/2025,Arthropoda,Insecta,Plecoptera,Nemouridae,Ostrocerca,1
7558,TIOG,Tioga River,17/04/2025,Arthropoda,Insecta,Coleoptera,Elmidae,Optioservus,6
7559,TIOG,Tioga River,17/04/2025,NA,NA,NA,NA,Promoresia,3
7560,TIOG,Tioga River,17/04/2025,Annelida,Oligochaeta,,,,1
7561,TIOG,Tioga River,17/04/2025,Arthropoda,Insecta,Diptera,Empididae,Neoplasta,1
7562,TIOG,Tioga River,17/04/2025,Arthropoda,Insecta,Plecoptera,Perlidae,Acroneuria,2
7563,TIOG,Tioga River,17/04/2025,Arthropoda,Insecta,Trichoptera,Uenoidae,Neophylax,1
7564,TIOG,Tioga River,17/04/2025,Arthropoda,Insecta,Coleoptera,Elmidae,Oulimnius,3
7565,TIOG,Tioga River,17/04/2025,Arthropoda,Insecta,Plecoptera,Leuctridae,Leuctra,2
7566,TIOG,Tioga River,17/04/2025,Arthropoda,Insecta,Ephemeroptera,Baetidae,Baetis,3
7567,TIOG,Tioga River,17/04/2025,Arthropoda,Insecta,Plecoptera,Perlodidae,Isoperla,4
7568,TIOG,Tioga River,17/04/2025,Arthropoda,Insecta,Ephemeroptera,Isonychiidae,Isonychia,1
7569,TIOG,Tioga River,17/04/2025,Arthropoda,Insecta,Trichoptera,Hydropsychidae,Hydropsyche,4
7570,TIOG,Tioga River,17/04/2025,Arthropoda,Insecta,Diptera,Tipulidae,Hexatoma,1
7571,TIOG,Tioga River,17/04/2025,Arthropoda,Insecta,Ephemeroptera,Baetidae,Acerpenna,1
7572,TIOG,Tioga River,17/04/2025,Arthropoda,Insecta,Ephemeroptera,Leptophlebiidae,Paraleptophlebia,21
7573,TIOG,Tioga River,17/04/2025,Arthropoda,Insecta,Ephemeroptera,Baetidae,Diphetor,3
7574,TIOG,Tioga River,17/04/2025,Arthropoda,Insecta,Diptera,Simuliidae,Simulium,6
7575,TIOG,Tioga River,17/04/2025,Arthropoda,Insecta,Plecoptera,Chloroperlidae,Sweltsa,1
7576,TIOG,Tioga River,17/04/2025,NA,NA,NA,NA,Leptophlebiidae,4
7577,TIOG,Tioga River,17/04/2025,Arthropoda,Insecta,Ephemeroptera,Ephemerellidae,Teloganopsis,13
7578,TIOG,Tioga River,17/04/2025,Arthropoda,Insecta,Ephemeroptera,Leptophlebiidae,Habrophlebia,1
7579,TIOG,Tioga River,17/04/2025,Arthropoda,Insecta,Ephemeroptera,Ephemerellidae,Ephemerella,15
7580,TIOG,Tioga River,17/04/2025,Arthropoda,Insecta,Plecoptera,Nemouridae,Amphinemura,2
7581,TIOG,Tioga River,17/04/2025,Arthropoda,Insecta,Ephemeroptera,Ephemerellidae,Drunella,1
7582,TIOG,Tioga River,17/04/2025,Arthropoda,Insecta,Trichoptera,Rhyacophilidae,Rhyacophila,7
7583,TIOG,Tioga River,17/04/2025,Arthropoda,Insecta,Plecoptera,Perlodidae,Cultus,1
7584,TIOG,Tioga River,17/04/2025,Arthropoda,Insecta,Ephemeroptera,Heptageniidae,Cinygmula,5
7585,TIOG,Tioga River,17/04/2025,Arthropoda,Insecta,Diptera,Chironomidae,,50
7586,TIOG,Tioga River,17/04/2025,Arthropoda,Insecta,Plecoptera,Chloroperlidae,Haploperla,1
7587,TIOG,Tioga River,17/04/2025,Arthropoda,Insecta,Trichoptera,Hydropsychidae,Cheumatopsyche,8
7588,TIOG,Tioga River,17/04/2025,Arthropoda,Insecta,Diptera,Tipulidae,Antocha,5
7589,TIOG,Tioga River,17/04/2025,Arthropoda,Insecta,Plecoptera,Perlidae,Agnetina,10
7590,TIOG,Tioga River,17/04/2025,Arthropoda,Insecta,Ephemeroptera,Heptageniidae,Epeorus,13
7591,TIOG,Tioga River,17/04/2025,Arthropoda,Insecta,Trichoptera,Brachycentridae,Micrasema,1
7592,TIOG,Tioga River,17/04/2025,Arthropoda,Insecta,Ephemeroptera,Baetidae,Acentrella,15
7593,TIOG,Tioga River,17/04/2025,Arthropoda,Insecta,Plecoptera,Perlidae,Acroneuria,4
7594,TIOG,Tioga River,17/04/2025,Arthropoda,Insecta,Plecoptera,Perlidae,Agnetina,6
7595,TIOG,Tioga River,17/04/2025,Arthropoda,Insecta,Plecoptera,Chloroperlidae,Alloperla,1
7596,TIOG,Tioga River,17/04/2025,Arthropoda,Insecta,Ephemeroptera,Baetidae,Baetis,1
7597,TIOG,Tioga River,17/04/2025,Arthropoda,Insecta,Trichoptera,Hydropsychidae,Cheumatopsyche,2
7598,TIOG,Tioga River,17/04/2025,Arthropoda,Insecta,Diptera,Chironomidae,,4
7599,TIOG,Tioga River,17/04/2025,Arthropoda,Insecta,Diptera,Tipulidae,Dicranota,2
7600,TIOG,Tioga River,17/04/2025,Arthropoda,Insecta,Trichoptera,Philopotamidae,Dolophilodes,41
7601,TIOG,Tioga River,17/04/2025,Arthropoda,Insecta,Ephemeroptera,Heptageniidae,Epeorus,5
7602,TIOG,Tioga River,17/04/2025,Arthropoda,Insecta,Ephemeroptera,Ephemerellidae,Ephemerella,7
7603,TIOG,Tioga River,17/04/2025,Arthropoda,Insecta,Diptera,Tipulidae,Hexatoma,5
7604,TIOG,Tioga River,17/04/2025,Arthropoda,Insecta,Trichoptera,Hydropsychidae,Hydropsyche,9
7605,TIOG,Tioga River,17/04/2025,Arthropoda,Insecta,Plecoptera,Perlodidae,Isogenoides,1
7606,TIOG,Tioga River,17/04/2025,Arthropoda,Insecta,Ephemeroptera,Isonychiidae,Isonychia,1
7607,TIOG,Tioga River,17/04/2025,Arthropoda,Insecta,Plecoptera,Perlodidae,Isoperla,3
7608,TIOG,Tioga River,17/04/2025,Arthropoda,Insecta,Trichoptera,Lepidostomatidae,Lepidostoma,3
7609,TIOG,Tioga River,17/04/2025,Arthropoda,Insecta,Ephemeroptera,Heptageniidae,Leucrocuta,1
7610,TIOG,Tioga River,17/04/2025,Arthropoda,Insecta,Plecoptera,Leuctridae,Leuctra,6
7611,TIOG,Tioga River,17/04/2025,Arthropoda,Insecta,Diptera,Tipulidae,Limnophila,1
7612,TIOG,Tioga River,17/04/2025,Arthropoda,Insecta,Ephemeroptera,Heptageniidae,Maccaffertium,6
7613,TIOG,Tioga River,17/04/2025,Arthropoda,Insecta,Megaloptera,Corydalidae,Nigronia,1
7614,TIOG,Tioga River,17/04/2025,Arthropoda,Insecta,Coleoptera,Elmidae,Optioservus,10
7615,TIOG,Tioga River,17/04/2025,Arthropoda,Insecta,Coleoptera,Elmidae,Oulimnius,3
7616,TIOG,Tioga River,17/04/2025,Arthropoda,Insecta,Plecoptera,Capniidae,Paracapnia,3
7617,TIOG,Tioga River,17/04/2025,Arthropoda,Insecta,Diptera,Tipulidae,Pedicia,1
7618,TIOG,Tioga River,17/04/2025,NA,NA,NA,NA,Plecoptera,1
7619,TIOG,Tioga River,17/04/2025,Arthropoda,Insecta,Trichoptera,Polycentropodidae,Polycentropus,1
7620,TIOG,Tioga River,17/04/2025,NA,NA,NA,NA,Promoresia,1
7621,TIOG,Tioga River,17/04/2025,Arthropoda,Insecta,Plecoptera,Pteronarcyidae,Pteronarcys,2
7622,TIOG,Tioga River,17/04/2025,Arthropoda,Insecta,Trichoptera,Rhyacophilidae,Rhyacophila,6
7623,TIOG,Tioga River,17/04/2025,Arthropoda,Insecta,Ephemeroptera,Ephemerellidae,Serratella,1
7624,TIOG,Tioga River,17/04/2025,Arthropoda,Insecta,Plecoptera,Chloroperlidae,Sweltsa,13
7625,TIOG,Tioga River,17/04/2025,NA,NA,NA,NA,Taeniopterygidae,1
7626,TIOG,Tioga River,17/04/2025,Arthropoda,Insecta,Plecoptera,Taeniopterygidae,Taeniopteryx,28
7627,TIOG,Tioga River,17/04/2025,Arthropoda,Insecta,Ephemeroptera,Baetidae,Acentrella,1
7628,TIOG,Tioga River,17/04/2025,Arthropoda,Insecta,Ephemeroptera,Caenidae,Caenis,1
7629,TIOG,Tioga River,17/04/2025,Arthropoda,Insecta,Ephemeroptera,Ephemerellidae,Ephemerella,63
7630,TIOG,Tioga River,17/04/2025,Arthropoda,Insecta,Ephemeroptera,Ephemerellidae,Serratella,6
7631,TIOG,Tioga River,17/04/2025,Arthropoda,Insecta,Ephemeroptera,Ephemeridae,Ephemera,1
7632,TIOG,Tioga River,17/04/2025,Arthropoda,Insecta,Ephemeroptera,Heptageniidae,Epeorus,1
7633,TIOG,Tioga River,17/04/2025,Arthropoda,Insecta,Ephemeroptera,Heptageniidae,Maccaffertium,6
7634,TIOG,Tioga River,17/04/2025,Arthropoda,Insecta,Ephemeroptera,Heptageniidae,Stenacron,2
7635,TIOG,Tioga River,17/04/2025,Arthropoda,Insecta,Ephemeroptera,Isonychiidae,Isonychia,6
7636,TIOG,Tioga River,17/04/2025,Arthropoda,Insecta,Ephemeroptera,Leptophlebiidae,Paraleptophlebia,27
7637,TIOG,Tioga River,17/04/2025,Arthropoda,Insecta,Plecoptera,Capniidae,Paracapnia,3
7638,TIOG,Tioga River,17/04/2025,Arthropoda,Insecta,Plecoptera,Chloroperlidae,Sweltsa,2
7639,TIOG,Tioga River,17/04/2025,Arthropoda,Insecta,Plecoptera,Leuctridae,Leuctra,10
7640,TIOG,Tioga River,17/04/2025,NA,NA,NA,NA,Perlodidae,3
7641,TIOG,Tioga River,17/04/2025,Arthropoda,Insecta,Plecoptera,Taeniopterygidae,Taeniopteryx,26
7642,TIOG,Tioga River,17/04/2025,Arthropoda,Insecta,Trichoptera,Hydropsychidae,Ceratopsyche,8
7643,TIOG,Tioga River,17/04/2025,Arthropoda,Insecta,Trichoptera,Hydropsychidae,Cheumatopsyche,4
7644,TIOG,Tioga River,17/04/2025,NA,NA,NA,NA,Limnephilidae,1
7645,TIOG,Tioga River,17/04/2025,Arthropoda,Insecta,Trichoptera,Odontoceridae,Psilotreta,1
7646,TIOG,Tioga River,17/04/2025,Arthropoda,Insecta,Trichoptera,Philopotamidae,Chimarra,4
7647,TIOG,Tioga River,17/04/2025,Arthropoda,Insecta,Trichoptera,Philopotamidae,Dolophilodes,4
7648,TIOG,Tioga River,17/04/2025,Arthropoda,Insecta,Trichoptera,Psychomyiidae,Psychomyia,2
7649,TIOG,Tioga River,17/04/2025,Arthropoda,Insecta,Trichoptera,Rhyacophilidae,Rhyacophila,5
7650,TIOG,Tioga River,17/04/2025,Arthropoda,Insecta,Odonata,Aeshnidae,Boyeria,1
7651,TIOG,Tioga River,17/04/2025,Arthropoda,Insecta,Megaloptera,Corydalidae,Nigronia,2
7652,TIOG,Tioga River,17/04/2025,Arthropoda,Insecta,Coleoptera,Dryopidae,Helichus,1
7653,TIOG,Tioga River,17/04/2025,Arthropoda,Insecta,Coleoptera,Elmidae,Optioservus,12
7654,TIOG,Tioga River,17/04/2025,Arthropoda,Insecta,Coleoptera,Elmidae,Oulimnius,1
7655,TIOG,Tioga River,17/04/2025,Arthropoda,Insecta,Diptera,Chironomidae,,16
7656,TIOG,Tioga River,17/04/2025,Arthropoda,Insecta,Diptera,Tipulidae,Antocha,1
7657,TIOG,Tioga River,17/04/2025,Arthropoda,Insecta,Diptera,Tipulidae,Hexatoma,1
7658,TIOG,Tioga River,17/04/2025,Arthropoda,Insecta,Diptera,Tipulidae,Limnophila,1
7659,TIOG,Tioga River,17/04/2025,NA,NA,NA,NA,Nematoda,1
7660,TIOG,Tioga River,17/04/2025,Platyhelminthes,Turbellaria,,,,1
7661,TIOG,Tioga River,17/04/2025,Annelida,Oligochaeta,,,,1
7662,TIOG,Tioga River,17/04/2025,Arthropoda,Arachnida,Hydracarina,,,3
7663,TIOG,Tioga River,17/04/2025,Arthropoda,Insecta,Ephemeroptera,Baetidae,Acerpenna,4
7664,TIOG,Tioga River,17/04/2025,Arthropoda,Insecta,Ephemeroptera,Ephemerellidae,Ephemerella,16
7665,TIOG,Tioga River,17/04/2025,Arthropoda,Insecta,Ephemeroptera,Ephemerellidae,Serratella,17
7666,TIOG,Tioga River,17/04/2025,Arthropoda,Insecta,Ephemeroptera,Heptageniidae,Epeorus,8
7667,TIOG,Tioga River,17/04/2025,Arthropoda,Insecta,Ephemeroptera,Heptageniidae,Leucrocuta,2
7668,TIOG,Tioga River,17/04/2025,Arthropoda,Insecta,Ephemeroptera,Heptageniidae,Maccaffertium,6
7669,TIOG,Tioga River,17/04/2025,Arthropoda,Insecta,Ephemeroptera,Isonychiidae,Isonychia,4
7670,TIOG,Tioga River,17/04/2025,Arthropoda,Insecta,Ephemeroptera,Leptophlebiidae,Paraleptophlebia,30
7671,TIOG,Tioga River,17/04/2025,Arthropoda,Insecta,Plecoptera,Capniidae,Allocapnia,2
7672,TIOG,Tioga River,17/04/2025,Arthropoda,Insecta,Plecoptera,Capniidae,Paracapnia,4
7673,TIOG,Tioga River,17/04/2025,Arthropoda,Insecta,Plecoptera,Leuctridae,Leuctra,6
7674,TIOG,Tioga River,17/04/2025,Arthropoda,Insecta,Plecoptera,Perlidae,Acroneuria,1
7675,TIOG,Tioga River,17/04/2025,Arthropoda,Insecta,Plecoptera,Perlidae,Agnetina,1
7676,TIOG,Tioga River,17/04/2025,Arthropoda,Insecta,Plecoptera,Perlodidae,Isogenoides,2
7677,TIOG,Tioga River,17/04/2025,Arthropoda,Insecta,Plecoptera,Perlodidae,Isoperla,11
7678,TIOG,Tioga River,17/04/2025,Arthropoda,Insecta,Plecoptera,Taeniopterygidae,Taeniopteryx,8
7679,TIOG,Tioga River,17/04/2025,Arthropoda,Insecta,Trichoptera,Brachycentridae,Micrasema,1
7680,TIOG,Tioga River,17/04/2025,Arthropoda,Insecta,Trichoptera,Hydropsychidae,Ceratopsyche,19
7681,TIOG,Tioga River,17/04/2025,Arthropoda,Insecta,Trichoptera,Hydropsychidae,Cheumatopsyche,18
7682,TIOG,Tioga River,17/04/2025,Arthropoda,Insecta,Trichoptera,Hydroptilidae,Hydroptila,2
7683,TIOG,Tioga River,17/04/2025,Arthropoda,Insecta,Trichoptera,Philopotamidae,Dolophilodes,6
7684,TIOG,Tioga River,17/04/2025,Arthropoda,Insecta,Trichoptera,Polycentropodidae,Polycentropus,1
7685,TIOG,Tioga River,17/04/2025,Arthropoda,Insecta,Trichoptera,Psychomyiidae,Psychomyia,2
7686,TIOG,Tioga River,17/04/2025,Arthropoda,Insecta,Trichoptera,Rhyacophilidae,Rhyacophila,6
7687,TIOG,Tioga River,17/04/2025,Arthropoda,Insecta,Trichoptera,Uenoidae,Neophylax,2
7688,TIOG,Tioga River,17/04/2025,Arthropoda,Insecta,Odonata,Aeshnidae,Boyeria,1
7689,TIOG,Tioga River,17/04/2025,Arthropoda,Insecta,Megaloptera,Corydalidae,Nigronia,2
7690,TIOG,Tioga River,17/04/2025,Arthropoda,Insecta,Coleoptera,Elmidae,Optioservus,8
7691,TIOG,Tioga River,17/04/2025,Arthropoda,Insecta,Coleoptera,Elmidae,Stenelmis,1
7692,TIOG,Tioga River,17/04/2025,Arthropoda,Insecta,Diptera,Chironomidae,,34
7693,TIOG,Tioga River,17/04/2025,Arthropoda,Insecta,Diptera,Empididae,Hemerodromia,2
7694,TIOG,Tioga River,17/04/2025,Arthropoda,Insecta,Diptera,Tipulidae,Antocha,2
7695,TIOG,Tioga River,17/04/2025,Arthropoda,Insecta,Diptera,Tipulidae,Dicranota,1
7696,TIOG,Tioga River,17/04/2025,Arthropoda,Insecta,Diptera,Tipulidae,Hexatoma,2
7697,TIOG,Tioga River,17/04/2025,Mollusca,Bivalvia,Sphaeriida,Sphaeriidae,,1
7698,TIOG,Tioga River,17/04/2025,NA,NA,NA,NA,Branchiobdellida,1
7699,TIOG,Tioga River,17/04/2025,Arthropoda,Arachnida,Hydracarina,,,3
7700,TIOG,Tioga River,17/04/2025,Arthropoda,Insecta,Trichoptera,Brachycentridae,Micrasema,2
7701,TIOG,Tioga River,17/04/2025,Arthropoda,Insecta,Trichoptera,Hydropsychidae,Ceratopsyche,6
7702,TIOG,Tioga River,17/04/2025,Arthropoda,Insecta,Trichoptera,Hydropsychidae,Cheumatopsyche,9
7703,TIOG,Tioga River,17/04/2025,Arthropoda,Insecta,Trichoptera,Hydroptilidae,Hydroptila,3
7704,TIOG,Tioga River,17/04/2025,Arthropoda,Insecta,Ephemeroptera,Baetidae,Acerpenna,1
7705,TIOG,Tioga River,17/04/2025,Arthropoda,Insecta,Ephemeroptera,Baetidae,Diphetor,1
7706,TIOG,Tioga River,17/04/2025,NA,NA,NA,NA,Limnephilidae,1
7707,TIOG,Tioga River,17/04/2025,Arthropoda,Insecta,Trichoptera,Philopotamidae,Dolophilodes,3
7708,TIOG,Tioga River,17/04/2025,Arthropoda,Insecta,Trichoptera,Polycentropodidae,Polycentropus,3
7709,TIOG,Tioga River,17/04/2025,Arthropoda,Insecta,Trichoptera,Psychomyiidae,Psychomyia,1
7710,TIOG,Tioga River,17/04/2025,Arthropoda,Insecta,Trichoptera,Rhyacophilidae,Rhyacophila,11
7711,TIOG,Tioga River,17/04/2025,Arthropoda,Insecta,Trichoptera,Uenoidae,Neophylax,2
7712,TIOG,Tioga River,17/04/2025,NA,NA,NA,NA,Gomphidae,1
7713,TIOG,Tioga River,17/04/2025,Arthropoda,Insecta,Megaloptera,Corydalidae,Nigronia,2
7714,TIOG,Tioga River,17/04/2025,Arthropoda,Insecta,Coleoptera,Elmidae,Optioservus,11
7715,TIOG,Tioga River,17/04/2025,NA,NA,NA,NA,Promoresia,2
7716,TIOG,Tioga River,17/04/2025,Arthropoda,Insecta,Coleoptera,Elmidae,Stenelmis,1
7717,TIOG,Tioga River,17/04/2025,Arthropoda,Insecta,Diptera,Ceratopogonidae,,1
7718,TIOG,Tioga River,17/04/2025,Arthropoda,Insecta,Diptera,Chironomidae,,49
7719,TIOG,Tioga River,17/04/2025,Arthropoda,Insecta,Diptera,Empididae,Hemerodromia,2
7720,TIOG,Tioga River,17/04/2025,Arthropoda,Insecta,Diptera,Tipulidae,Antocha,2
7721,TIOG,Tioga River,17/04/2025,Arthropoda,Insecta,Diptera,Tipulidae,Dicranota,2
7722,TIOG,Tioga River,17/04/2025,Arthropoda,Insecta,Diptera,Tipulidae,Hexatoma,1
7723,TIOG,Tioga River,17/04/2025,Platyhelminthes,Turbellaria,,,,2
7724,TIOG,Tioga River,17/04/2025,Mollusca,Bivalvia,Sphaeriida,Sphaeriidae,,3
7725,TIOG,Tioga River,17/04/2025,Annelida,Oligochaeta,,,,1
7726,TIOG,Tioga River,17/04/2025,Arthropoda,Arachnida,Hydracarina,,,1
7727,TIOG,Tioga River,17/04/2025,Arthropoda,Insecta,Ephemeroptera,Ephemerellidae,Ephemerella,7
7728,TIOG,Tioga River,17/04/2025,Arthropoda,Insecta,Ephemeroptera,Ephemerellidae,Eurylophella,1
7729,TIOG,Tioga River,17/04/2025,Arthropoda,Insecta,Ephemeroptera,Ephemerellidae,Serratella,21
7730,TIOG,Tioga River,17/04/2025,Arthropoda,Insecta,Ephemeroptera,Ephemeridae,Ephemera,2
7731,TIOG,Tioga River,17/04/2025,Arthropoda,Insecta,Ephemeroptera,Heptageniidae,Epeorus,3
7732,TIOG,Tioga River,17/04/2025,Arthropoda,Insecta,Ephemeroptera,Heptageniidae,Leucrocuta,5
7733,TIOG,Tioga River,17/04/2025,Arthropoda,Insecta,Ephemeroptera,Heptageniidae,Maccaffertium,6
7734,TIOG,Tioga River,17/04/2025,Arthropoda,Insecta,Ephemeroptera,Heptageniidae,Stenacron,1
7735,TIOG,Tioga River,17/04/2025,Arthropoda,Insecta,Ephemeroptera,Leptophlebiidae,Paraleptophlebia,29
7736,TIOG,Tioga River,17/04/2025,Arthropoda,Insecta,Plecoptera,Capniidae,Paracapnia,2
7737,TIOG,Tioga River,17/04/2025,Arthropoda,Insecta,Plecoptera,Chloroperlidae,Sweltsa,3
7738,TIOG,Tioga River,17/04/2025,Arthropoda,Insecta,Plecoptera,Leuctridae,Leuctra,5
7739,TIOG,Tioga River,17/04/2025,Arthropoda,Insecta,Plecoptera,Perlidae,Acroneuria,2
7740,TIOG,Tioga River,17/04/2025,Arthropoda,Insecta,Plecoptera,Perlidae,Agnetina,2
7741,TIOG,Tioga River,17/04/2025,Arthropoda,Insecta,Plecoptera,Perlodidae,Isoperla,4
7742,TIOG,Tioga River,17/04/2025,Arthropoda,Insecta,Plecoptera,Taeniopterygidae,Taeniopteryx,4
7743,TIOG,Tioga River,17/04/2025,Arthropoda,Arachnida,Hydracarina,,,1
7744,TIOG,Tioga River,17/04/2025,Arthropoda,Insecta,Ephemeroptera,Ephemerellidae,Ephemerella,6
7745,TIOG,Tioga River,17/04/2025,Arthropoda,Insecta,Ephemeroptera,Ephemerellidae,Serratella,15
7746,TIOG,Tioga River,17/04/2025,Arthropoda,Insecta,Ephemeroptera,Heptageniidae,Epeorus,3
7747,TIOG,Tioga River,17/04/2025,Arthropoda,Insecta,Ephemeroptera,Heptageniidae,Leucrocuta,5
7748,TIOG,Tioga River,17/04/2025,Arthropoda,Insecta,Ephemeroptera,Heptageniidae,Maccaffertium,2
7749,TIOG,Tioga River,17/04/2025,Arthropoda,Insecta,Ephemeroptera,Leptophlebiidae,Paraleptophlebia,46
7750,TIOG,Tioga River,17/04/2025,Arthropoda,Insecta,Plecoptera,Capniidae,Paracapnia,9
7751,TIOG,Tioga River,17/04/2025,Arthropoda,Insecta,Plecoptera,Chloroperlidae,Sweltsa,4
7752,TIOG,Tioga River,17/04/2025,Arthropoda,Insecta,Plecoptera,Leuctridae,Leuctra,12
7753,TIOG,Tioga River,17/04/2025,Arthropoda,Insecta,Plecoptera,Perlidae,Acroneuria,1
7754,TIOG,Tioga River,17/04/2025,Arthropoda,Insecta,Plecoptera,Perlidae,Agnetina,1
7755,TIOG,Tioga River,17/04/2025,Arthropoda,Insecta,Plecoptera,Perlodidae,Isoperla,7
7756,TIOG,Tioga River,17/04/2025,Arthropoda,Insecta,Plecoptera,Taeniopterygidae,Taeniopteryx,4
7757,TIOG,Tioga River,17/04/2025,Arthropoda,Insecta,Trichoptera,Glossosomatidae,Glossosoma,2
7758,TIOG,Tioga River,17/04/2025,Arthropoda,Insecta,Trichoptera,Hydropsychidae,Ceratopsyche,28
7759,TIOG,Tioga River,17/04/2025,Arthropoda,Insecta,Trichoptera,Hydropsychidae,Cheumatopsyche,11
7760,TIOG,Tioga River,17/04/2025,Arthropoda,Insecta,Trichoptera,Philopotamidae,Dolophilodes,21
7761,TIOG,Tioga River,17/04/2025,Arthropoda,Insecta,Trichoptera,Polycentropodidae,Polycentropus,1
7762,TIOG,Tioga River,17/04/2025,Arthropoda,Insecta,Trichoptera,Psychomyiidae,Psychomyia,1
7763,TIOG,Tioga River,17/04/2025,Arthropoda,Insecta,Trichoptera,Rhyacophilidae,Rhyacophila,6
7764,TIOG,Tioga River,17/04/2025,Arthropoda,Insecta,Trichoptera,Uenoidae,Neophylax,8
7765,TIOG,Tioga River,17/04/2025,Arthropoda,Insecta,Coleoptera,Elmidae,Optioservus,12
7766,TIOG,Tioga River,17/04/2025,NA,NA,NA,NA,Promoresia,1
7767,TIOG,Tioga River,17/04/2025,Arthropoda,Insecta,Diptera,Chironomidae,,21
7768,TIOG,Tioga River,17/04/2025,Arthropoda,Insecta,Diptera,Tipulidae,Dicranota,2
7769,TIOG,Tioga River,17/04/2025,Arthropoda,Insecta,Diptera,Tipulidae,Hexatoma,1
7770,TIOG,Tioga River,17/04/2025,NA,NA,NA,NA,Nemertea,1
7771,TIOG,Tioga River,17/04/2025,NA,NA,NA,NA,Nematoda,1
7772,TIOG,Tioga River,17/04/2025,Annelida,Oligochaeta,,,,1
7773,TIOG,Tioga River,17/04/2025,Arthropoda,Insecta,Trichoptera,Hydropsychidae,Cheumatopsyche,2
7774,TIOG,Tioga River,17/04/2025,Arthropoda,Insecta,Ephemeroptera,Ephemerellidae,Ephemerella,7
7775,TIOG,Tioga River,17/04/2025,Arthropoda,Arachnida,Hydracarina,,,2
7776,TIOG,Tioga River,17/04/2025,Arthropoda,Insecta,Trichoptera,Lepidostomatidae,Lepidostoma,2
7777,TIOG,Tioga River,17/04/2025,Arthropoda,Insecta,Plecoptera,Perlodidae,Isoperla,1
7778,TIOG,Tioga River,17/04/2025,Arthropoda,Insecta,Plecoptera,Perlidae,Agnetina,2
7779,TIOG,Tioga River,17/04/2025,Arthropoda,Insecta,Plecoptera,Nemouridae,Prostoia,1
7780,TIOG,Tioga River,17/04/2025,Arthropoda,Insecta,Plecoptera,Nemouridae,Amphinemura,2
7781,TIOG,Tioga River,17/04/2025,Arthropoda,Insecta,Plecoptera,Leuctridae,Leuctra,15
7782,TIOG,Tioga River,17/04/2025,Arthropoda,Insecta,Trichoptera,Polycentropodidae,Polycentropus,1
7783,TIOG,Tioga River,17/04/2025,Arthropoda,Insecta,Ephemeroptera,Heptageniidae,Epeorus,10
7784,TIOG,Tioga River,17/04/2025,Arthropoda,Insecta,Ephemeroptera,Heptageniidae,Cinygmula,2
7785,TIOG,Tioga River,17/04/2025,Arthropoda,Insecta,Ephemeroptera,Ephemerellidae,Drunella,3
7786,TIOG,Tioga River,17/04/2025,Arthropoda,Insecta,Diptera,Ceratopogonidae,Bezzia,2
7787,TIOG,Tioga River,17/04/2025,Arthropoda,Insecta,Trichoptera,Leptoceridae,Ceraclea,1
7788,TIOG,Tioga River,17/04/2025,Arthropoda,Insecta,Ephemeroptera,Leptophlebiidae,Habrophlebia,2
7789,TIOG,Tioga River,17/04/2025,Arthropoda,Insecta,Plecoptera,Chloroperlidae,Haploperla,2
7790,TIOG,Tioga River,17/04/2025,Arthropoda,Insecta,Plecoptera,Chloroperlidae,Sweltsa,1
7791,TIOG,Tioga River,17/04/2025,Arthropoda,Insecta,Ephemeroptera,Ephemerellidae,Serratella,13
7792,TIOG,Tioga River,17/04/2025,Arthropoda,Insecta,Diptera,Empididae,Neoplasta,1
7793,TIOG,Tioga River,17/04/2025,Arthropoda,Insecta,Ephemeroptera,Heptageniidae,Leucrocuta,4
7794,TIOG,Tioga River,17/04/2025,Arthropoda,Insecta,Coleoptera,Elmidae,Oulimnius,2
7795,TIOG,Tioga River,17/04/2025,Arthropoda,Insecta,Trichoptera,Rhyacophilidae,Rhyacophila,10
7796,TIOG,Tioga River,17/04/2025,Arthropoda,Insecta,Ephemeroptera,Baetidae,Acerpenna,2
7797,TIOG,Tioga River,17/04/2025,Arthropoda,Insecta,Coleoptera,Elmidae,Optioservus,7
7798,TIOG,Tioga River,17/04/2025,Arthropoda,Insecta,Ephemeroptera,Baetidae,Baetis,5
7799,TIOG,Tioga River,17/04/2025,Arthropoda,Insecta,Diptera,Simuliidae,Simulium,1
7800,TIOG,Tioga River,17/04/2025,Arthropoda,Insecta,Ephemeroptera,Heptageniidae,Maccaffertium,1
7801,TIOG,Tioga River,17/04/2025,Arthropoda,Insecta,Ephemeroptera,Baetidae,Diphetor,3
7802,TIOG,Tioga River,17/04/2025,Arthropoda,Insecta,Diptera,Simuliidae,Prosimulium,3
7803,TIOG,Tioga River,17/04/2025,Arthropoda,Insecta,Diptera,Tipulidae,Dicranota,1
7804,TIOG,Tioga River,17/04/2025,Annelida,Oligochaeta,,,,5
7805,TIOG,Tioga River,17/04/2025,Arthropoda,Insecta,Diptera,Chironomidae,,63
7806,TIOG,Tioga River,17/04/2025,Mollusca,Bivalvia,Sphaeriida,Sphaeriidae,,1
7807,TIOG,Tioga River,17/04/2025,Arthropoda,Insecta,Diptera,Empididae,Hemerodromia,1
7808,TIOG,Tioga River,17/04/2025,Arthropoda,Insecta,Ephemeroptera,Leptophlebiidae,Paraleptophlebia,33
7809,TROT,Trout Run,29/04/2024,Arthropoda,Insecta,Trichoptera,Philopotamidae,Chimarra,2
7810,TROT,Trout Run,29/04/2024,Arthropoda,Insecta,Trichoptera,Hydropsychidae,Cheumatopsyche,3
7811,TROT,Trout Run,29/04/2024,Arthropoda,Insecta,Ephemeroptera,Baetidae,Baetis,9
7812,TROT,Trout Run,29/04/2024,Arthropoda,Insecta,Plecoptera,Nemouridae,Amphinemura,11
7813,TROT,Trout Run,29/04/2024,Arthropoda,Insecta,Plecoptera,Perlidae,Acroneuria,1
7814,TROT,Trout Run,29/04/2024,Arthropoda,Arachnida,Hydracarina,,,1
7815,TROT,Trout Run,29/04/2024,Arthropoda,Insecta,Plecoptera,Chloroperlidae,Haploperla,6
7816,TROT,Trout Run,29/04/2024,Arthropoda,Insecta,Diptera,Simuliidae,Prosimulium,2
7817,TROT,Trout Run,29/04/2024,Arthropoda,Insecta,Coleoptera,Elmidae,Oulimnius,5
7818,TROT,Trout Run,29/04/2024,NA,NA,NA,NA,Promoresia,6
7819,TROT,Trout Run,29/04/2024,Annelida,Oligochaeta,,,,4
7820,TROT,Trout Run,29/04/2024,Arthropoda,Insecta,Trichoptera,Leptoceridae,Mystacides,1
7821,TROT,Trout Run,29/04/2024,NA,NA,NA,NA,Leptophlebiidae,1
7822,TROT,Trout Run,29/04/2024,Arthropoda,Insecta,Ephemeroptera,Baetidae,Acerpenna,9
7823,TROT,Trout Run,29/04/2024,Arthropoda,Insecta,Trichoptera,Philopotamidae,Dolophilodes,3
7824,TROT,Trout Run,29/04/2024,Arthropoda,Insecta,Ephemeroptera,Heptageniidae,Maccaffertium,23
7825,TROT,Trout Run,29/04/2024,Arthropoda,Insecta,Diptera,Chironomidae,,37
7826,TROT,Trout Run,29/04/2024,Arthropoda,Insecta,Ephemeroptera,Ephemerellidae,Ephemerella,1
7827,TROT,Trout Run,29/04/2024,Arthropoda,Insecta,Diptera,Empididae,Hemerodromia,1
7828,TROT,Trout Run,29/04/2024,Arthropoda,Insecta,Diptera,Tipulidae,Hexatoma,1
7829,TROT,Trout Run,29/04/2024,Arthropoda,Insecta,Plecoptera,Perlodidae,Isoperla,3
7830,TROT,Trout Run,29/04/2024,Arthropoda,Insecta,Odonata,Gomphidae,Lanthus,1
7831,TROT,Trout Run,29/04/2024,Arthropoda,Insecta,Trichoptera,Lepidostomatidae,Lepidostoma,4
7832,TROT,Trout Run,29/04/2024,Arthropoda,Insecta,Ephemeroptera,Ephemerellidae,Drunella,2
7833,TROT,Trout Run,29/04/2024,Arthropoda,Insecta,Plecoptera,Leuctridae,Leuctra,58
7834,TROT,Trout Run,29/04/2024,Arthropoda,Insecta,Ephemeroptera,Heptageniidae,Epeorus,9
7835,TROT,Trout Run,29/04/2024,Arthropoda,Insecta,Ephemeroptera,Baetidae,Acerpenna,9
7836,TROT,Trout Run,29/04/2024,Arthropoda,Insecta,Plecoptera,Nemouridae,Amphinemura,2
7837,TROT,Trout Run,29/04/2024,Arthropoda,Insecta,Diptera,Tipulidae,Antocha,2
7838,TROT,Trout Run,29/04/2024,Arthropoda,Malacostraca,Decapoda,Cambaridae,Cambarus,1
7839,TROT,Trout Run,29/04/2024,Arthropoda,Insecta,Trichoptera,Hydropsychidae,Cheumatopsyche,4
7840,TROT,Trout Run,29/04/2024,Arthropoda,Insecta,Diptera,Chironomidae,,72
7841,TROT,Trout Run,29/04/2024,NA,NA,NA,NA,Chloroperlidae,1
7842,TROT,Trout Run,29/04/2024,Arthropoda,Insecta,Trichoptera,Hydropsychidae,Diplectrona,1
7843,TROT,Trout Run,29/04/2024,Arthropoda,Insecta,Ephemeroptera,Ephemerellidae,Drunella,6
7844,TROT,Trout Run,29/04/2024,Arthropoda,Insecta,Ephemeroptera,Heptageniidae,Epeorus,20
7845,TROT,Trout Run,29/04/2024,Arthropoda,Insecta,Ephemeroptera,Ephemerellidae,Ephemerella,4
7846,TROT,Trout Run,29/04/2024,Arthropoda,Insecta,Ephemeroptera,Ephemerellidae,Eurylophella,1
7847,TROT,Trout Run,29/04/2024,NA,NA,NA,NA,Gomphidae,3
7848,TROT,Trout Run,29/04/2024,Arthropoda,Insecta,Plecoptera,Chloroperlidae,Haploperla,8
7849,TROT,Trout Run,29/04/2024,Arthropoda,Insecta,Diptera,Empididae,Hemerodromia,1
7850,TROT,Trout Run,29/04/2024,Arthropoda,Insecta,Diptera,Tipulidae,Hexatoma,6
7851,TROT,Trout Run,29/04/2024,Arthropoda,Insecta,Trichoptera,Hydropsychidae,Hydropsyche,4
7852,TROT,Trout Run,29/04/2024,Arthropoda,Insecta,Plecoptera,Perlodidae,Isoperla,5
7853,TROT,Trout Run,29/04/2024,Arthropoda,Insecta,Trichoptera,Lepidostomatidae,Lepidostoma,1
7854,TROT,Trout Run,29/04/2024,NA,NA,NA,NA,Leptophlebiidae,6
7855,TROT,Trout Run,29/04/2024,Arthropoda,Insecta,Plecoptera,Leuctridae,Leuctra,21
7856,TROT,Trout Run,29/04/2024,Arthropoda,Insecta,Ephemeroptera,Heptageniidae,Maccaffertium,19
7857,TROT,Trout Run,29/04/2024,Annelida,Oligochaeta,,,,3
7858,TROT,Trout Run,29/04/2024,NA,NA,NA,NA,Promoresia,5
7859,TROT,Trout Run,29/04/2024,Arthropoda,Insecta,Coleoptera,Elmidae,Oulimnius,9
7860,TROT,Trout Run,29/04/2024,Arthropoda,Insecta,Plecoptera,Perlidae,Paragnetina,1
7861,TROT,Trout Run,29/04/2024,Arthropoda,Insecta,Ephemeroptera,Leptophlebiidae,Paraleptophlebia,1
7862,TROT,Trout Run,29/04/2024,Arthropoda,Insecta,Diptera,Simuliidae,Simulium,1
7863,TROT,Trout Run,29/04/2024,Arthropoda,Insecta,Ephemeroptera,Heptageniidae,Stenacron,2
7864,TROT,Trout Run,29/04/2024,Arthropoda,Insecta,Trichoptera,Philopotamidae,Wormaldia,1
7865,TROT,Trout Run,29/04/2024,Arthropoda,Insecta,Ephemeroptera,Baetidae,Acerpenna,2
7866,TROT,Trout Run,29/04/2024,Arthropoda,Insecta,Plecoptera,Perlidae,Acroneuria,6
7867,TROT,Trout Run,29/04/2024,Arthropoda,Insecta,Ephemeroptera,Baetidae,Baetis,6
7868,TROT,Trout Run,29/04/2024,Arthropoda,Insecta,Diptera,Ceratopogonidae,Bezzia,1
7869,TROT,Trout Run,29/04/2024,Arthropoda,Insecta,Odonata,Aeshnidae,Boyeria,1
7870,TROT,Trout Run,29/04/2024,Arthropoda,Malacostraca,Decapoda,Cambaridae,Cambarus,2
7871,TROT,Trout Run,29/04/2024,Arthropoda,Insecta,Trichoptera,Philopotamidae,Chimarra,2
7872,TROT,Trout Run,29/04/2024,Arthropoda,Insecta,Diptera,Chironomidae,,55
7873,TROT,Trout Run,29/04/2024,Arthropoda,Insecta,Plecoptera,Perlodidae,Diploperla,1
7874,TROT,Trout Run,29/04/2024,Arthropoda,Insecta,Trichoptera,Philopotamidae,Dolophilodes,39
7875,TROT,Trout Run,29/04/2024,Arthropoda,Insecta,Ephemeroptera,Heptageniidae,Epeorus,1
7876,TROT,Trout Run,29/04/2024,Arthropoda,Insecta,Ephemeroptera,Ephemerellidae,Eurylophella,1
7877,TROT,Trout Run,29/04/2024,NA,NA,NA,NA,Heptageniidae,1
7878,TROT,Trout Run,29/04/2024,Arthropoda,Insecta,Diptera,Tipulidae,Hexatoma,4
7879,TROT,Trout Run,29/04/2024,Arthropoda,Insecta,Trichoptera,Hydropsychidae,Hydropsyche,4
7880,TROT,Trout Run,29/04/2024,NA,NA,NA,NA,Leptophlebiidae,3
7881,TROT,Trout Run,29/04/2024,Arthropoda,Insecta,Plecoptera,Leuctridae,Leuctra,35
7882,TROT,Trout Run,29/04/2024,Annelida,Oligochaeta,,,,13
7883,TROT,Trout Run,29/04/2024,Arthropoda,Insecta,Ephemeroptera,Heptageniidae,Maccaffertium,7
7884,TROT,Trout Run,29/04/2024,Arthropoda,Insecta,Megaloptera,Corydalidae,Nigronia,2
7885,TROT,Trout Run,29/04/2024,Arthropoda,Insecta,Coleoptera,Elmidae,Optioservus,4
7886,TROT,Trout Run,29/04/2024,Arthropoda,Insecta,Coleoptera,Elmidae,Oulimnius,2
7887,TROT,Trout Run,29/04/2024,Arthropoda,Insecta,Plecoptera,Capniidae,Paracapnia,9
7888,TROT,Trout Run,29/04/2024,NA,NA,NA,NA,Promoresia,3
7889,TROT,Trout Run,29/04/2024,Arthropoda,Insecta,Trichoptera,Odontoceridae,Psilotreta,1
7890,TROT,Trout Run,29/04/2024,Arthropoda,Insecta,Hemiptera,Veliidae,Rhagovelia,1
7891,TROT,Trout Run,29/04/2024,Arthropoda,Insecta,Trichoptera,Rhyacophilidae,Rhyacophila,1
7892,TROT,Trout Run,29/04/2024,Arthropoda,Insecta,Diptera,Simuliidae,Simulium,1
7893,TROT,Trout Run,29/04/2024,Arthropoda,Insecta,Ephemeroptera,Heptageniidae,Stenacron,6
7894,TROT,Trout Run,29/04/2024,Arthropoda,Insecta,Plecoptera,Chloroperlidae,Sweltsa,2
7895,TROT,Trout Run,29/04/2024,Arthropoda,Insecta,Ephemeroptera,Baetidae,Baetis,12
7896,TROT,Trout Run,29/04/2024,Arthropoda,Insecta,Ephemeroptera,Heptageniidae,Epeorus,5
7897,TROT,Trout Run,29/04/2024,Arthropoda,Insecta,Ephemeroptera,Heptageniidae,Maccaffertium,25
7898,TROT,Trout Run,29/04/2024,Arthropoda,Insecta,Ephemeroptera,Isonychiidae,Isonychia,1
7899,TROT,Trout Run,29/04/2024,Arthropoda,Insecta,Plecoptera,Capniidae,Paracapnia,3
7900,TROT,Trout Run,29/04/2024,Arthropoda,Insecta,Plecoptera,Leuctridae,Leuctra,1
7901,TROT,Trout Run,29/04/2024,Arthropoda,Insecta,Plecoptera,Perlidae,Acroneuria,1
7902,TROT,Trout Run,29/04/2024,Arthropoda,Insecta,Trichoptera,Hydropsychidae,Ceratopsyche,11
7903,TROT,Trout Run,29/04/2024,Arthropoda,Insecta,Trichoptera,Hydropsychidae,Hydropsyche,2
7904,TROT,Trout Run,29/04/2024,Arthropoda,Insecta,Trichoptera,Philopotamidae,Dolophilodes,73
7905,TROT,Trout Run,29/04/2024,Arthropoda,Insecta,Trichoptera,Rhyacophilidae,Rhyacophila,2
7906,TROT,Trout Run,29/04/2024,Arthropoda,Insecta,Coleoptera,Elmidae,Oulimnius,3
7907,TROT,Trout Run,29/04/2024,Arthropoda,Insecta,Coleoptera,Elmidae,Stenelmis,1
7908,TROT,Trout Run,29/04/2024,Arthropoda,Insecta,Diptera,Chironomidae,,53
7909,TROT,Trout Run,29/04/2024,Arthropoda,Insecta,Diptera,Empididae,Roederiodes,3
7910,TROT,Trout Run,29/04/2024,Arthropoda,Insecta,Diptera,Tipulidae,Hexatoma,3
7911,TROT,Trout Run,29/04/2024,Arthropoda,Insecta,Diptera,Tipulidae,Tipula,1
7912,TROT,Trout Run,29/04/2024,Annelida,Oligochaeta,,,,12
7913,TROT,Trout Run,29/04/2024,Arthropoda,Insecta,Ephemeroptera,Ephemerellidae,Eurylophella,2
7914,TROT,Trout Run,29/04/2024,Arthropoda,Insecta,Ephemeroptera,Heptageniidae,Epeorus,18
7915,TROT,Trout Run,29/04/2024,Arthropoda,Insecta,Ephemeroptera,Heptageniidae,Leucrocuta,1
7916,TROT,Trout Run,29/04/2024,Arthropoda,Insecta,Ephemeroptera,Heptageniidae,Maccaffertium,3
7917,TROT,Trout Run,29/04/2024,Arthropoda,Insecta,Ephemeroptera,Heptageniidae,Stenacron,1
7918,TROT,Trout Run,29/04/2024,Arthropoda,Insecta,Plecoptera,Capniidae,Paracapnia,8
7919,TROT,Trout Run,29/04/2024,NA,NA,NA,NA,Chloroperlidae,1
7920,TROT,Trout Run,29/04/2024,NA,NA,NA,NA,Leuctridae,1
7921,TROT,Trout Run,29/04/2024,Arthropoda,Insecta,Plecoptera,Perlidae,Acroneuria,1
7922,TROT,Trout Run,29/04/2024,NA,NA,NA,NA,Perlodidae,1
7923,TROT,Trout Run,29/04/2024,Arthropoda,Insecta,Trichoptera,Glossosomatidae,Glossosoma,3
7924,TROT,Trout Run,29/04/2024,Arthropoda,Insecta,Trichoptera,Hydropsychidae,Ceratopsyche,5
7925,TROT,Trout Run,29/04/2024,Arthropoda,Insecta,Trichoptera,Hydropsychidae,Cheumatopsyche,2
7926,TROT,Trout Run,29/04/2024,NA,NA,NA,NA,Limnephilidae,1
7927,TROT,Trout Run,29/04/2024,Arthropoda,Insecta,Trichoptera,Philopotamidae,Dolophilodes,8
7928,TROT,Trout Run,29/04/2024,Arthropoda,Insecta,Trichoptera,Rhyacophilidae,Rhyacophila,2
7929,TROT,Trout Run,29/04/2024,Arthropoda,Insecta,Coleoptera,Elmidae,Oulimnius,7
7930,TROT,Trout Run,29/04/2024,NA,NA,NA,NA,Promoresia,8
7931,TROT,Trout Run,29/04/2024,Arthropoda,Insecta,Diptera,Chironomidae,,109
7932,TROT,Trout Run,29/04/2024,Arthropoda,Insecta,Diptera,Empididae,Hemerodromia,3
7933,TROT,Trout Run,29/04/2024,Annelida,Oligochaeta,,,,30
7934,TROT,Trout Run,29/04/2024,Arthropoda,Insecta,Ephemeroptera,Ephemerellidae,Eurylophella,2
7935,TROT,Trout Run,29/04/2024,Arthropoda,Insecta,Ephemeroptera,Heptageniidae,Epeorus,23
7936,TROT,Trout Run,29/04/2024,Arthropoda,Insecta,Ephemeroptera,Heptageniidae,Maccaffertium,4
7937,TROT,Trout Run,29/04/2024,Arthropoda,Insecta,Plecoptera,Capniidae,Paracapnia,11
7938,TROT,Trout Run,29/04/2024,Arthropoda,Insecta,Plecoptera,Leuctridae,Leuctra,6
7939,TROT,Trout Run,29/04/2024,Arthropoda,Insecta,Plecoptera,Perlidae,Acroneuria,3
7940,TROT,Trout Run,29/04/2024,Arthropoda,Insecta,Plecoptera,Perlodidae,Isoperla,1
7941,TROT,Trout Run,29/04/2024,Arthropoda,Insecta,Plecoptera,Taeniopterygidae,Taeniopteryx,1
7942,TROT,Trout Run,29/04/2024,Arthropoda,Insecta,Trichoptera,Glossosomatidae,Glossosoma,2
7943,TROT,Trout Run,29/04/2024,Arthropoda,Insecta,Trichoptera,Hydropsychidae,Ceratopsyche,15
7944,TROT,Trout Run,29/04/2024,Arthropoda,Insecta,Trichoptera,Hydropsychidae,Diplectrona,1
7945,TROT,Trout Run,29/04/2024,Arthropoda,Insecta,Ephemeroptera,Baetidae,Acerpenna,1
7946,TROT,Trout Run,29/04/2024,Arthropoda,Insecta,Trichoptera,Lepidostomatidae,Lepidostoma,1
7947,TROT,Trout Run,29/04/2024,Arthropoda,Insecta,Trichoptera,Philopotamidae,Dolophilodes,15
7948,TROT,Trout Run,29/04/2024,Arthropoda,Insecta,Odonata,Aeshnidae,Boyeria,1
7949,TROT,Trout Run,29/04/2024,Arthropoda,Insecta,Diptera,Chironomidae,,80
7950,TROT,Trout Run,29/04/2024,Arthropoda,Insecta,Diptera,Empididae,Hemerodromia,1
7951,TROT,Trout Run,29/04/2024,Arthropoda,Insecta,Diptera,Tipulidae,Antocha,1
7952,TROT,Trout Run,29/04/2024,Annelida,Oligochaeta,,,,56
7953,TROT,Trout Run,29/04/2024,Arthropoda,Insecta,Ephemeroptera,Baetidae,Acentrella,1
7954,TROT,Trout Run,29/04/2024,Arthropoda,Insecta,Ephemeroptera,Heptageniidae,Epeorus,19
7955,TROT,Trout Run,29/04/2024,Arthropoda,Insecta,Ephemeroptera,Heptageniidae,Maccaffertium,3
7956,TROT,Trout Run,29/04/2024,Arthropoda,Insecta,Plecoptera,Capniidae,Paracapnia,8
7957,TROT,Trout Run,29/04/2024,NA,NA,NA,NA,Chloroperlidae,1
7958,TROT,Trout Run,29/04/2024,Arthropoda,Insecta,Plecoptera,Leuctridae,Leuctra,3
7959,TROT,Trout Run,29/04/2024,Arthropoda,Insecta,Plecoptera,Perlidae,Acroneuria,1
7960,TROT,Trout Run,29/04/2024,Arthropoda,Insecta,Plecoptera,Perlodidae,Isoperla,1
7961,TROT,Trout Run,29/04/2024,Arthropoda,Insecta,Trichoptera,Glossosomatidae,Glossosoma,1
7962,TROT,Trout Run,29/04/2024,Arthropoda,Insecta,Trichoptera,Hydropsychidae,Ceratopsyche,5
7963,TROT,Trout Run,29/04/2024,Arthropoda,Insecta,Trichoptera,Hydropsychidae,Cheumatopsyche,1
7964,TROT,Trout Run,29/04/2024,Arthropoda,Insecta,Trichoptera,Hydropsychidae,Diplectrona,1
7965,TROT,Trout Run,29/04/2024,Arthropoda,Insecta,Trichoptera,Lepidostomatidae,Lepidostoma,1
7966,TROT,Trout Run,29/04/2024,Arthropoda,Insecta,Trichoptera,Philopotamidae,Chimarra,11
7967,TROT,Trout Run,29/04/2024,Arthropoda,Insecta,Trichoptera,Polycentropodidae,Polycentropus,1
7968,TROT,Trout Run,29/04/2024,Arthropoda,Insecta,Coleoptera,Elmidae,Oulimnius,3
7969,TROT,Trout Run,29/04/2024,Arthropoda,Insecta,Diptera,Chironomidae,,113
7970,TROT,Trout Run,29/04/2024,Arthropoda,Insecta,Diptera,Empididae,Hemerodromia,1
7971,TROT,Trout Run,29/04/2024,Arthropoda,Insecta,Diptera,Empididae,Roederiodes,1
7972,TROT,Trout Run,29/04/2024,Arthropoda,Insecta,Diptera,Tipulidae,Dicranota,3
7973,TROT,Trout Run,29/04/2024,Annelida,Oligochaeta,,,,30
7974,TROT,Trout Run,29/04/2024,Arthropoda,Insecta,Trichoptera,Hydropsychidae,Ceratopsyche,4
7975,TROT,Trout Run,29/04/2024,Arthropoda,Insecta,Diptera,Empididae,Neoplasta,3
7976,TROT,Trout Run,29/04/2024,Arthropoda,Insecta,Odonata,Aeshnidae,Boyeria,1
7977,TROT,Trout Run,29/04/2024,Arthropoda,Insecta,Diptera,Simuliidae,Simulium,1
7978,TROT,Trout Run,29/04/2024,Arthropoda,Insecta,Diptera,Tipulidae,Dicranota,4
7979,TROT,Trout Run,29/04/2024,Arthropoda,Insecta,Trichoptera,Rhyacophilidae,Rhyacophila,2
7980,TROT,Trout Run,29/04/2024,Arthropoda,Insecta,Trichoptera,Philopotamidae,Dolophilodes,8
7981,TROT,Trout Run,29/04/2024,Arthropoda,Insecta,Trichoptera,Lepidostomatidae,Lepidostoma,4
7982,TROT,Trout Run,29/04/2024,Arthropoda,Insecta,Ephemeroptera,Heptageniidae,Maccaffertium,2
7983,TROT,Trout Run,29/04/2024,Arthropoda,Insecta,Ephemeroptera,Baetidae,Acerpenna,1
7984,TROT,Trout Run,29/04/2024,Arthropoda,Insecta,Coleoptera,Elmidae,Oulimnius,1
7985,TROT,Trout Run,29/04/2024,Arthropoda,Insecta,Diptera,Chironomidae,,84
7986,TROT,Trout Run,29/04/2024,Arthropoda,Insecta,Ephemeroptera,Heptageniidae,Leucrocuta,1
7987,TROT,Trout Run,29/04/2024,Arthropoda,Insecta,Ephemeroptera,Leptophlebiidae,Paraleptophlebia,1
7988,TROT,Trout Run,29/04/2024,Arthropoda,Insecta,Plecoptera,Chloroperlidae,Haploperla,3
7989,TROT,Trout Run,29/04/2024,Arthropoda,Insecta,Plecoptera,Chloroperlidae,Sweltsa,2
7990,TROT,Trout Run,29/04/2024,Arthropoda,Insecta,Plecoptera,Leuctridae,Leuctra,28
7991,TROT,Trout Run,29/04/2024,Arthropoda,Insecta,Plecoptera,Nemouridae,Amphinemura,10
7992,TROT,Trout Run,29/04/2024,Arthropoda,Insecta,Plecoptera,Perlidae,Acroneuria,5
7993,TROT,Trout Run,29/04/2024,Arthropoda,Insecta,Plecoptera,Perlodidae,Isoperla,19
7994,TROT,Trout Run,29/04/2024,Arthropoda,Insecta,Ephemeroptera,Heptageniidae,Epeorus,39
7995,TROT,Trout Run,29/04/2024,Arthropoda,Insecta,Ephemeroptera,Baetidae,Baetis,6
7996,TROT,Trout Run,29/04/2024,Annelida,Oligochaeta,,,,4
7997,TROT,Trout Run,29/04/2024,Arthropoda,Insecta,Coleoptera,Elmidae,Optioservus,2
7998,TROT,Trout Run,29/04/2024,Arthropoda,Insecta,Ephemeroptera,Heptageniidae,Maccaffertium,2
7999,TROT,Trout Run,29/04/2024,Annelida,Oligochaeta,,,,19
8000,TROT,Trout Run,29/04/2024,Arthropoda,Arachnida,Hydracarina,,,1
8001,TROT,Trout Run,29/04/2024,Arthropoda,Insecta,Diptera,Chironomidae,,109
8002,TROT,Trout Run,29/04/2024,Arthropoda,Insecta,Diptera,Ceratopogonidae,,2
8003,TROT,Trout Run,29/04/2024,Arthropoda,Insecta,Plecoptera,Leuctridae,Leuctra,47
8004,TROT,Trout Run,29/04/2024,Arthropoda,Insecta,Ephemeroptera,Baetidae,Acerpenna,6
8005,TROT,Trout Run,29/04/2024,Arthropoda,Insecta,Ephemeroptera,Heptageniidae,Leucrocuta,1
8006,TROT,Trout Run,29/04/2024,Arthropoda,Insecta,Ephemeroptera,Heptageniidae,Stenacron,1
8007,TROT,Trout Run,29/04/2024,Arthropoda,Insecta,Diptera,Tipulidae,Hexatoma,2
8008,TROT,Trout Run,29/04/2024,Arthropoda,Insecta,Plecoptera,Chloroperlidae,Haploperla,5
8009,TROT,Trout Run,29/04/2024,Arthropoda,Insecta,Ephemeroptera,Baetidae,Baetis,1
8010,TROT,Trout Run,29/04/2024,Arthropoda,Insecta,Plecoptera,Nemouridae,Amphinemura,3
8011,TROT,Trout Run,29/04/2024,Arthropoda,Insecta,Plecoptera,Perlodidae,Isoperla,2
8012,TROT,Trout Run,29/04/2024,Arthropoda,Insecta,Trichoptera,Hydropsychidae,Ceratopsyche,1
8013,TROT,Trout Run,29/04/2024,Arthropoda,Insecta,Trichoptera,Lepidostomatidae,Lepidostoma,1
8014,TROT,Trout Run,29/04/2024,Arthropoda,Insecta,Trichoptera,Philopotamidae,Dolophilodes,4
8015,TROT,Trout Run,29/04/2024,Arthropoda,Insecta,Coleoptera,Elmidae,Oulimnius,11
8016,TROT,Trout Run,29/04/2024,NA,NA,NA,NA,Promoresia,2
8017,TROT,Trout Run,29/04/2024,Arthropoda,Insecta,Ephemeroptera,Leptophlebiidae,Habrophlebia,2
8018,TROT,Trout Run,29/04/2024,Arthropoda,Insecta,Ephemeroptera,Heptageniidae,Epeorus,9
8019,TROT,Trout Run,29/04/2024,Arthropoda,Insecta,Diptera,Tipulidae,Dicranota,1
8020,TROT,Trout Run,29/04/2024,Arthropoda,Insecta,Ephemeroptera,Baetidae,Acerpenna,1
8021,TROT,Trout Run,29/04/2024,Arthropoda,Insecta,Plecoptera,Nemouridae,Amphinemura,4
8022,TROT,Trout Run,29/04/2024,Arthropoda,Insecta,Trichoptera,Hydropsychidae,Ceratopsyche,1
8023,TROT,Trout Run,29/04/2024,Arthropoda,Insecta,Diptera,Tipulidae,Dicranota,2
8024,TROT,Trout Run,29/04/2024,Arthropoda,Insecta,Ephemeroptera,Heptageniidae,Epeorus,8
8025,TROT,Trout Run,29/04/2024,Arthropoda,Insecta,Ephemeroptera,Ephemerellidae,Eurylophella,3
8026,TROT,Trout Run,29/04/2024,Arthropoda,Insecta,Plecoptera,Perlodidae,Isoperla,2
8027,TROT,Trout Run,29/04/2024,Arthropoda,Insecta,Plecoptera,Leuctridae,Leuctra,21
8028,TROT,Trout Run,29/04/2024,Arthropoda,Insecta,Ephemeroptera,Heptageniidae,Maccaffertium,4
8029,TROT,Trout Run,29/04/2024,Arthropoda,Insecta,Diptera,Empididae,Neoplasta,2
8030,TROT,Trout Run,29/04/2024,Annelida,Oligochaeta,,,,3
8031,TROT,Trout Run,29/04/2024,Arthropoda,Insecta,Plecoptera,Capniidae,Paracapnia,1
8032,TROT,Trout Run,29/04/2024,Arthropoda,Insecta,Trichoptera,Rhyacophilidae,Rhyacophila,1
8033,TROT,Trout Run,29/04/2024,Arthropoda,Insecta,Plecoptera,Chloroperlidae,Sweltsa,1
8034,TROT,Trout Run,29/04/2024,Arthropoda,Insecta,Plecoptera,Perlidae,Acroneuria,5
8035,TROT,Trout Run,29/04/2024,Arthropoda,Insecta,Diptera,Ceratopogonidae,,1
8036,TROT,Trout Run,29/04/2024,Arthropoda,Insecta,Trichoptera,Hydropsychidae,Cheumatopsyche,1
8037,TROT,Trout Run,29/04/2024,Arthropoda,Insecta,Diptera,Chironomidae,,113
8038,TROT,Trout Run,29/04/2024,NA,NA,NA,NA,Chloroperlidae,7
8039,TROT,Trout Run,29/04/2024,Arthropoda,Insecta,Trichoptera,Philopotamidae,Dolophilodes,1
8040,TROT,Trout Run,29/04/2024,Arthropoda,Insecta,Trichoptera,Lepidostomatidae,Lepidostoma,1
8041,TROT,Trout Run,29/04/2024,Arthropoda,Insecta,Diptera,Tipulidae,Molophilus,1
8042,TROT,Trout Run,29/04/2024,Arthropoda,Insecta,Diptera,Simuliidae,Prosimulium,10
8043,TROT,Trout Run,29/04/2024,Arthropoda,Insecta,Plecoptera,Peltoperlidae,Tallaperla,1
8044,Tuscarora,Tuscarora Creek,10/04/2018,Arthropoda,Insecta,Odonata,Coenagrionidae,Argia,12
8045,Tuscarora,Tuscarora Creek,10/04/2018,Arthropoda,Insecta,Diptera,Athericidae,Atherix,6
8046,Tuscarora,Tuscarora Creek,10/04/2018,Arthropoda,Insecta,Coleoptera,Hydrophilidae,Berosus,1
8047,Tuscarora,Tuscarora Creek,10/04/2018,Arthropoda,Insecta,Ephemeroptera,Caenidae,Caenis,11
8048,Tuscarora,Tuscarora Creek,10/04/2018,Arthropoda,Insecta,Trichoptera,Hydropsychidae,Cheumatopsyche,21
8049,Tuscarora,Tuscarora Creek,10/04/2018,Arthropoda,Insecta,Trichoptera,Philopotamidae,Chimarra,38
8050,Tuscarora,Tuscarora Creek,10/04/2018,Arthropoda,Insecta,Diptera,Chironomidae,,39
8051,Tuscarora,Tuscarora Creek,10/04/2018,NA,NA,NA,NA,Gomphidae,1
8052,Tuscarora,Tuscarora Creek,10/04/2018,Arthropoda,Insecta,Odonata,Gomphidae,Gomphus,1
8053,Tuscarora,Tuscarora Creek,10/04/2018,Arthropoda,Arachnida,Hydracarina,,,1
8054,Tuscarora,Tuscarora Creek,10/04/2018,Arthropoda,Insecta,Trichoptera,Hydropsychidae,Hydropsyche,6
8055,Tuscarora,Tuscarora Creek,10/04/2018,Arthropoda,Insecta,Ephemeroptera,Isonychiidae,Isonychia,23
8056,Tuscarora,Tuscarora Creek,10/04/2018,Arthropoda,Insecta,Ephemeroptera,Heptageniidae,Leucrocuta,10
8057,Tuscarora,Tuscarora Creek,10/04/2018,Arthropoda,Insecta,Ephemeroptera,Heptageniidae,Maccaffertium,23
8058,Tuscarora,Tuscarora Creek,10/04/2018,Arthropoda,Insecta,Trichoptera,Uenoidae,Neophylax,1
8059,Tuscarora,Tuscarora Creek,10/04/2018,Arthropoda,Insecta,Coleoptera,Elmidae,Optioservus,4
8060,Tuscarora,Tuscarora Creek,10/04/2018,Arthropoda,Insecta,Coleoptera,Psephenidae,Psephenus,13
8061,Tuscarora,Tuscarora Creek,10/04/2018,Arthropoda,Insecta,Ephemeroptera,Ephemerellidae,Serratella,3
8062,Tuscarora,Tuscarora Creek,10/04/2018,Arthropoda,Insecta,Megaloptera,Sialidae,Sialis,1
8063,Tuscarora,Tuscarora Creek,10/04/2018,Arthropoda,Insecta,Ephemeroptera,Heptageniidae,Stenacron,1
8064,Tuscarora,Tuscarora Creek,10/04/2018,Arthropoda,Insecta,Coleoptera,Elmidae,Stenelmis,4
8065,Tuscarora,Tuscarora Creek,10/04/2018,Arthropoda,Insecta,Plecoptera,Taeniopterygidae,Taeniopteryx,9
8066,Tuscarora,Tuscarora Creek,10/04/2018,Arthropoda,Insecta,Diptera,Tipulidae,Tipula,1
8067,Tuscarora,Tuscarora Creek,10/04/2018,Arthropoda,Insecta,Ephemeroptera,Leptohyphidae,Tricorythodes,2
8068,Tuscarora,Tuscarora Creek,10/04/2018,Arthropoda,Insecta,Ephemeroptera,Baetidae,Baetis,1
8069,Tuscarora,Tuscarora Creek,10/04/2018,Arthropoda,Insecta,Ephemeroptera,Caenidae,Caenis,21
8070,Tuscarora,Tuscarora Creek,10/04/2018,Arthropoda,Insecta,Ephemeroptera,Ephemerellidae,Ephemerella,6
8071,Tuscarora,Tuscarora Creek,10/04/2018,Arthropoda,Insecta,Ephemeroptera,Ephemerellidae,Eurylophella,3
8072,Tuscarora,Tuscarora Creek,10/04/2018,Arthropoda,Insecta,Ephemeroptera,Ephemerellidae,Serratella,3
8073,Tuscarora,Tuscarora Creek,10/04/2018,Arthropoda,Insecta,Ephemeroptera,Ephemeridae,Ephemera,1
8074,Tuscarora,Tuscarora Creek,10/04/2018,Arthropoda,Insecta,Ephemeroptera,Heptageniidae,Leucrocuta,1
8075,Tuscarora,Tuscarora Creek,10/04/2018,Arthropoda,Insecta,Ephemeroptera,Heptageniidae,Maccaffertium,10
8076,Tuscarora,Tuscarora Creek,10/04/2018,Arthropoda,Insecta,Ephemeroptera,Isonychiidae,Isonychia,20
8077,Tuscarora,Tuscarora Creek,10/04/2018,Arthropoda,Insecta,Ephemeroptera,Leptohyphidae,Tricorythodes,2
8078,Tuscarora,Tuscarora Creek,10/04/2018,Arthropoda,Insecta,Ephemeroptera,Leptophlebiidae,Paraleptophlebia,2
8079,Tuscarora,Tuscarora Creek,10/04/2018,Arthropoda,Insecta,Plecoptera,Perlidae,Acroneuria,1
8080,Tuscarora,Tuscarora Creek,10/04/2018,Arthropoda,Insecta,Plecoptera,Taeniopterygidae,Taeniopteryx,7
8081,Tuscarora,Tuscarora Creek,10/04/2018,Arthropoda,Insecta,Trichoptera,Helicopsychidae,Helicopsyche,2
8082,Tuscarora,Tuscarora Creek,10/04/2018,Arthropoda,Insecta,Trichoptera,Hydropsychidae,Ceratopsyche,11
8083,Tuscarora,Tuscarora Creek,10/04/2018,Arthropoda,Insecta,Trichoptera,Hydropsychidae,Cheumatopsyche,17
8084,Tuscarora,Tuscarora Creek,10/04/2018,Arthropoda,Insecta,Trichoptera,Hydropsychidae,Hydropsyche,1
8085,Tuscarora,Tuscarora Creek,10/04/2018,Arthropoda,Insecta,Trichoptera,Philopotamidae,Chimarra,6
8086,Tuscarora,Tuscarora Creek,10/04/2018,Arthropoda,Insecta,Trichoptera,Polycentropodidae,Polycentropus,2
8087,Tuscarora,Tuscarora Creek,10/04/2018,Arthropoda,Insecta,Trichoptera,Psychomyiidae,Psychomyia,1
8088,Tuscarora,Tuscarora Creek,10/04/2018,Arthropoda,Insecta,Odonata,Coenagrionidae,Argia,7
8089,Tuscarora,Tuscarora Creek,10/04/2018,NA,NA,NA,NA,Gomphidae,3
8090,Tuscarora,Tuscarora Creek,10/04/2018,Arthropoda,Insecta,Coleoptera,Elmidae,Optioservus,8
8091,Tuscarora,Tuscarora Creek,10/04/2018,Arthropoda,Insecta,Coleoptera,Elmidae,Stenelmis,5
8092,Tuscarora,Tuscarora Creek,10/04/2018,Arthropoda,Insecta,Coleoptera,Hydrophilidae,Berosus,1
8093,Tuscarora,Tuscarora Creek,10/04/2018,Arthropoda,Insecta,Coleoptera,Psephenidae,Psephenus,39
8094,Tuscarora,Tuscarora Creek,10/04/2018,Arthropoda,Insecta,Diptera,Chironomidae,,35
8095,Tuscarora,Tuscarora Creek,10/04/2018,Arthropoda,Insecta,Diptera,Empididae,Hemerodromia,1
8096,Tuscarora,Tuscarora Creek,10/04/2018,Mollusca,Bivalvia,Sphaeriida,Sphaeriidae,,4
8097,Tuscarora,Tuscarora Creek,10/04/2018,Arthropoda,Arachnida,Hydracarina,,,5
8098,Tuscarora,Tuscarora Creek,10/04/2018,Arthropoda,Insecta,Ephemeroptera,Caenidae,Caenis,110
8099,Tuscarora,Tuscarora Creek,10/04/2018,Arthropoda,Insecta,Ephemeroptera,Ephemerellidae,Eurylophella,6
8100,Tuscarora,Tuscarora Creek,10/04/2018,Arthropoda,Insecta,Ephemeroptera,Ephemeridae,Ephemera,2
8101,Tuscarora,Tuscarora Creek,10/04/2018,Arthropoda,Insecta,Ephemeroptera,Heptageniidae,Leucrocuta,1
8102,Tuscarora,Tuscarora Creek,10/04/2018,Arthropoda,Insecta,Ephemeroptera,Heptageniidae,Maccaffertium,13
8103,Tuscarora,Tuscarora Creek,10/04/2018,Arthropoda,Insecta,Ephemeroptera,Heptageniidae,Stenacron,6
8104,Tuscarora,Tuscarora Creek,10/04/2018,Arthropoda,Insecta,Ephemeroptera,Leptophlebiidae,Paraleptophlebia,7
8105,Tuscarora,Tuscarora Creek,10/04/2018,Arthropoda,Insecta,Trichoptera,Polycentropodidae,Polycentropus,1
8106,Tuscarora,Tuscarora Creek,10/04/2018,Arthropoda,Insecta,Trichoptera,Uenoidae,Neophylax,2
8107,Tuscarora,Tuscarora Creek,10/04/2018,Arthropoda,Insecta,Coleoptera,Elmidae,Stenelmis,6
8108,Tuscarora,Tuscarora Creek,10/04/2018,Arthropoda,Insecta,Coleoptera,Psephenidae,Psephenus,22
8109,Tuscarora,Tuscarora Creek,10/04/2018,Arthropoda,Insecta,Diptera,Ceratopogonidae,Dasyhelea,1
8110,Tuscarora,Tuscarora Creek,10/04/2018,Arthropoda,Insecta,Diptera,Chironomidae,,40
8111,Tuscarora,Tuscarora Creek,10/04/2018,Arthropoda,Insecta,Diptera,Empididae,Hemerodromia,2
8112,Tuscarora,Tuscarora Creek,10/04/2018,Platyhelminthes,Turbellaria,,,,1
8113,Tuscarora,Tuscarora Creek,10/04/2018,Annelida,Oligochaeta,,,,7
8114,Tuscarora,Tuscarora Creek,10/04/2018,Arthropoda,Insecta,Ephemeroptera,Caenidae,Caenis,10
8115,Tuscarora,Tuscarora Creek,10/04/2018,Arthropoda,Insecta,Ephemeroptera,Ephemerellidae,Ephemerella,2
8116,Tuscarora,Tuscarora Creek,10/04/2018,Arthropoda,Insecta,Ephemeroptera,Ephemerellidae,Eurylophella,9
8117,Tuscarora,Tuscarora Creek,10/04/2018,Arthropoda,Insecta,Ephemeroptera,Heptageniidae,Leucrocuta,32
8118,Tuscarora,Tuscarora Creek,10/04/2018,Arthropoda,Insecta,Ephemeroptera,Heptageniidae,Maccaffertium,66
8119,Tuscarora,Tuscarora Creek,10/04/2018,Arthropoda,Insecta,Ephemeroptera,Isonychiidae,Isonychia,30
8120,Tuscarora,Tuscarora Creek,10/04/2018,Arthropoda,Insecta,Ephemeroptera,Leptophlebiidae,Paraleptophlebia,8
8121,Tuscarora,Tuscarora Creek,10/04/2018,Arthropoda,Insecta,Plecoptera,Capniidae,Paracapnia,1
8122,Tuscarora,Tuscarora Creek,10/04/2018,Arthropoda,Insecta,Plecoptera,Taeniopterygidae,Strophopteryx,3
8123,Tuscarora,Tuscarora Creek,10/04/2018,Arthropoda,Insecta,Trichoptera,Hydropsychidae,Ceratopsyche,8
8124,Tuscarora,Tuscarora Creek,10/04/2018,Arthropoda,Insecta,Trichoptera,Hydropsychidae,Cheumatopsyche,3
8125,Tuscarora,Tuscarora Creek,10/04/2018,Arthropoda,Insecta,Trichoptera,Philopotamidae,Chimarra,3
8126,Tuscarora,Tuscarora Creek,10/04/2018,Arthropoda,Insecta,Trichoptera,Uenoidae,Neophylax,2
8127,Tuscarora,Tuscarora Creek,10/04/2018,Arthropoda,Insecta,Odonata,Coenagrionidae,Argia,3
8128,Tuscarora,Tuscarora Creek,10/04/2018,Arthropoda,Insecta,Coleoptera,Elmidae,Optioservus,3
8129,Tuscarora,Tuscarora Creek,10/04/2018,Arthropoda,Insecta,Coleoptera,Psephenidae,Psephenus,10
8130,Tuscarora,Tuscarora Creek,10/04/2018,Arthropoda,Insecta,Diptera,Athericidae,Atherix,1
8131,Tuscarora,Tuscarora Creek,10/04/2018,Arthropoda,Insecta,Diptera,Chironomidae,,20
8132,Tuscarora,Tuscarora Creek,10/04/2018,Arthropoda,Insecta,Diptera,Empididae,Hemerodromia,3
8133,Tuscarora,Tuscarora Creek,10/04/2018,Arthropoda,Insecta,Diptera,Tipulidae,Antocha,5
8134,Tuscarora,Tuscarora Creek,10/04/2018,Annelida,Oligochaeta,,,,2
8135,Tuscarora,Tuscarora Creek,10/04/2018,Arthropoda,Arachnida,Hydracarina,,,3
8136,Tuscarora,Tuscarora Creek,10/04/2018,Arthropoda,Arachnida,Hydracarina,,,7
8137,Tuscarora,Tuscarora Creek,10/04/2018,Arthropoda,Insecta,Ephemeroptera,Caenidae,Caenis,13
8138,Tuscarora,Tuscarora Creek,10/04/2018,Arthropoda,Insecta,Ephemeroptera,Ephemerellidae,Eurylophella,2
8139,Tuscarora,Tuscarora Creek,10/04/2018,Arthropoda,Insecta,Ephemeroptera,Heptageniidae,Leucrocuta,34
8140,Tuscarora,Tuscarora Creek,10/04/2018,Arthropoda,Insecta,Ephemeroptera,Heptageniidae,Maccaffertium,23
8141,Tuscarora,Tuscarora Creek,10/04/2018,Arthropoda,Insecta,Ephemeroptera,Isonychiidae,Isonychia,21
8142,Tuscarora,Tuscarora Creek,10/04/2018,Arthropoda,Insecta,Ephemeroptera,Leptophlebiidae,Paraleptophlebia,4
8143,Tuscarora,Tuscarora Creek,10/04/2018,Arthropoda,Insecta,Plecoptera,Perlidae,Acroneuria,1
8144,Tuscarora,Tuscarora Creek,10/04/2018,Arthropoda,Insecta,Trichoptera,Helicopsychidae,Helicopsyche,2
8145,Tuscarora,Tuscarora Creek,10/04/2018,Arthropoda,Insecta,Trichoptera,Hydropsychidae,Cheumatopsyche,7
8146,Tuscarora,Tuscarora Creek,10/04/2018,Arthropoda,Insecta,Trichoptera,Hydroptilidae,Hydroptila,1
8147,Tuscarora,Tuscarora Creek,10/04/2018,Arthropoda,Insecta,Trichoptera,Philopotamidae,Chimarra,25
8148,Tuscarora,Tuscarora Creek,10/04/2018,Arthropoda,Insecta,Odonata,Coenagrionidae,Argia,2
8149,Tuscarora,Tuscarora Creek,10/04/2018,Arthropoda,Insecta,Odonata,Gomphidae,Ophiogomphus,1
8150,Tuscarora,Tuscarora Creek,10/04/2018,Arthropoda,Insecta,Coleoptera,Elmidae,Optioservus,12
8151,Tuscarora,Tuscarora Creek,10/04/2018,Arthropoda,Insecta,Coleoptera,Elmidae,Stenelmis,3
8152,Tuscarora,Tuscarora Creek,10/04/2018,Arthropoda,Insecta,Coleoptera,Hydrophilidae,Berosus,1
8153,Tuscarora,Tuscarora Creek,10/04/2018,Arthropoda,Insecta,Coleoptera,Psephenidae,Psephenus,21
8154,Tuscarora,Tuscarora Creek,10/04/2018,Arthropoda,Insecta,Diptera,Athericidae,Atherix,2
8155,Tuscarora,Tuscarora Creek,10/04/2018,Arthropoda,Insecta,Diptera,Chironomidae,,18
8156,Tuscarora,Tuscarora Creek,10/04/2018,Arthropoda,Insecta,Diptera,Empididae,Hemerodromia,4
8157,Tuscarora,Tuscarora Creek,10/04/2018,Platyhelminthes,Turbellaria,,,,2
8158,Tuscarora,Tuscarora Creek,10/04/2018,Annelida,Oligochaeta,,,,2
8159,Tuscarora,Tuscarora Creek,10/04/2018,Arthropoda,Insecta,Diptera,Tipulidae,Antocha,2
8160,Tuscarora,Tuscarora Creek,10/04/2018,Arthropoda,Insecta,Odonata,Coenagrionidae,Argia,1
8161,Tuscarora,Tuscarora Creek,10/04/2018,Arthropoda,Insecta,Trichoptera,Hydropsychidae,Ceratopsyche,4
8162,Tuscarora,Tuscarora Creek,10/04/2018,Arthropoda,Insecta,Trichoptera,Philopotamidae,Chimarra,3
8163,Tuscarora,Tuscarora Creek,10/04/2018,Arthropoda,Insecta,Diptera,Empididae,Clinocera,2
8164,Tuscarora,Tuscarora Creek,10/04/2018,Arthropoda,Insecta,Ephemeroptera,Isonychiidae,Isonychia,3
8165,Tuscarora,Tuscarora Creek,10/04/2018,NA,NA,NA,NA,Leptophlebiidae,4
8166,Tuscarora,Tuscarora Creek,10/04/2018,Arthropoda,Insecta,Ephemeroptera,Heptageniidae,Maccaffertium,16
8167,Tuscarora,Tuscarora Creek,10/04/2018,Arthropoda,Insecta,Coleoptera,Psephenidae,Psephenus,8
8168,Tuscarora,Tuscarora Creek,10/04/2018,Arthropoda,Insecta,Ephemeroptera,Heptageniidae,Stenacron,4
8169,Tuscarora,Tuscarora Creek,10/04/2018,Arthropoda,Insecta,Plecoptera,Capniidae,Allocapnia,2
8170,Tuscarora,Tuscarora Creek,10/04/2018,Arthropoda,Insecta,Ephemeroptera,Caenidae,Caenis,1
8171,Tuscarora,Tuscarora Creek,10/04/2018,Arthropoda,Insecta,Trichoptera,Hydropsychidae,Cheumatopsyche,4
8172,Tuscarora,Tuscarora Creek,10/04/2018,Arthropoda,Insecta,Diptera,Chironomidae,,88
8173,Tuscarora,Tuscarora Creek,10/04/2018,Arthropoda,Arachnida,Hydracarina,,,6
8174,Tuscarora,Tuscarora Creek,10/04/2018,Arthropoda,Insecta,Ephemeroptera,Heptageniidae,Leucrocuta,37
8175,Tuscarora,Tuscarora Creek,10/04/2018,Arthropoda,Insecta,Trichoptera,Uenoidae,Neophylax,3
8176,Tuscarora,Tuscarora Creek,10/04/2018,Arthropoda,Insecta,Coleoptera,Elmidae,Optioservus,1
8177,Tuscarora,Tuscarora Creek,10/04/2018,Arthropoda,Insecta,Diptera,Simuliidae,Prosimulium,3
8178,Tuscarora,Tuscarora Creek,10/04/2018,Arthropoda,Insecta,Plecoptera,Nemouridae,Prostoia,3
8179,Tuscarora,Tuscarora Creek,10/04/2018,Arthropoda,Insecta,Ephemeroptera,Heptageniidae,Stenonema,1
8180,WBOT 3.3,West Branch Octoraro Creek,29/04/2025,NA,NA,NA,NA,Nematoda,2
8181,WBOT 3.3,West Branch Octoraro Creek,29/04/2025,Mollusca,Bivalvia,Veneroida,Corbiculidae,Corbicula,1
8182,WBOT 3.3,West Branch Octoraro Creek,29/04/2025,Arthropoda,Insecta,Diptera,Chironomidae,,36
8183,WBOT 3.3,West Branch Octoraro Creek,29/04/2025,Arthropoda,Insecta,Trichoptera,Philopotamidae,Chimarra,7
8184,WBOT 3.3,West Branch Octoraro Creek,29/04/2025,Arthropoda,Insecta,Trichoptera,Hydropsychidae,Cheumatopsyche,2
8185,WBOT 3.3,West Branch Octoraro Creek,29/04/2025,Arthropoda,Insecta,Ephemeroptera,Baetidae,Baetis,1
8186,WBOT 3.3,West Branch Octoraro Creek,29/04/2025,Arthropoda,Insecta,Diptera,Tipulidae,Antocha,3
8187,WBOT 3.3,West Branch Octoraro Creek,29/04/2025,Arthropoda,Insecta,Trichoptera,Helicopsychidae,Helicopsyche,3
8188,WBOT 3.3,West Branch Octoraro Creek,29/04/2025,Arthropoda,Insecta,Ephemeroptera,Ephemerellidae,Teloganopsis,17
8189,WBOT 3.3,West Branch Octoraro Creek,29/04/2025,Platyhelminthes,Turbellaria,,,,1
8190,WBOT 3.3,West Branch Octoraro Creek,29/04/2025,Arthropoda,Insecta,Ephemeroptera,Baetidae,Acentrella,1
8191,WBOT 3.3,West Branch Octoraro Creek,29/04/2025,Arthropoda,Insecta,Ephemeroptera,Isonychiidae,Isonychia,2
8192,WBOT 3.3,West Branch Octoraro Creek,29/04/2025,Arthropoda,Insecta,Diptera,Simuliidae,Simulium,2
8193,WBOT 3.3,West Branch Octoraro Creek,29/04/2025,Arthropoda,Insecta,Diptera,Empididae,Hemerodromia,3
8194,WBOT 3.3,West Branch Octoraro Creek,29/04/2025,Arthropoda,Insecta,Plecoptera,Perlidae,Perlesta,2
8195,WBOT 3.3,West Branch Octoraro Creek,29/04/2025,Arthropoda,Insecta,Coleoptera,Elmidae,Oulimnius,2
8196,WBOT 3.3,West Branch Octoraro Creek,29/04/2025,Annelida,Oligochaeta,,,,63
8197,WBOT 3.3,West Branch Octoraro Creek,29/04/2025,Arthropoda,Insecta,Ephemeroptera,Heptageniidae,Maccaffertium,14
8198,WBOT 3.3,West Branch Octoraro Creek,29/04/2025,Arthropoda,Insecta,Trichoptera,Hydropsychidae,Hydropsyche,4
8199,WBOT 3.3,West Branch Octoraro Creek,29/04/2025,Arthropoda,Arachnida,Hydracarina,,,2
8200,WBOT 3.3,West Branch Octoraro Creek,29/04/2025,Arthropoda,Insecta,Coleoptera,Elmidae,Stenelmis,53
8201,WBOT 3.3,West Branch Octoraro Creek,29/04/2025,Annelida,Oligochaeta,,,,12
8202,WBOT 3.3,West Branch Octoraro Creek,29/04/2025,Arthropoda,Insecta,Coleoptera,Elmidae,Optioservus,1
8203,WBOT 3.3,West Branch Octoraro Creek,29/04/2025,Arthropoda,Insecta,Coleoptera,Elmidae,Oulimnius,3
8204,WBOT 3.3,West Branch Octoraro Creek,29/04/2025,Arthropoda,Insecta,Ephemeroptera,Heptageniidae,Maccaffertium,6
8205,WBOT 3.3,West Branch Octoraro Creek,29/04/2025,Arthropoda,Insecta,Plecoptera,Perlidae,Perlesta,1
8206,WBOT 3.3,West Branch Octoraro Creek,29/04/2025,Arthropoda,Insecta,Trichoptera,Glossosomatidae,Protoptila,1
8207,WBOT 3.3,West Branch Octoraro Creek,29/04/2025,Arthropoda,Insecta,Coleoptera,Psephenidae,Psephenus,3
8208,WBOT 3.3,West Branch Octoraro Creek,29/04/2025,Arthropoda,Insecta,Ephemeroptera,Heptageniidae,Leucrocuta,2
8209,WBOT 3.3,West Branch Octoraro Creek,29/04/2025,Arthropoda,Insecta,Ephemeroptera,Ephemerellidae,Teloganopsis,16
8210,WBOT 3.3,West Branch Octoraro Creek,29/04/2025,Arthropoda,Insecta,Trichoptera,Philopotamidae,Chimarra,2
8211,WBOT 3.3,West Branch Octoraro Creek,29/04/2025,Platyhelminthes,Turbellaria,,,,4
8212,WBOT 3.3,West Branch Octoraro Creek,29/04/2025,Arthropoda,Insecta,Coleoptera,Elmidae,Stenelmis,56
8213,WBOT 3.3,West Branch Octoraro Creek,29/04/2025,Arthropoda,Insecta,Ephemeroptera,Isonychiidae,Isonychia,1
8214,WBOT 3.3,West Branch Octoraro Creek,29/04/2025,Arthropoda,Insecta,Trichoptera,Hydropsychidae,Hydropsyche,5
8215,WBOT 3.3,West Branch Octoraro Creek,29/04/2025,Arthropoda,Insecta,Diptera,Empididae,Hemerodromia,4
8216,WBOT 3.3,West Branch Octoraro Creek,29/04/2025,Arthropoda,Malacostraca,Amphipoda,Gammaridae,Gammarus,2
8217,WBOT 3.3,West Branch Octoraro Creek,29/04/2025,Arthropoda,Insecta,Diptera,Chironomidae,,52
8218,WBOT 3.3,West Branch Octoraro Creek,29/04/2025,Arthropoda,Insecta,Trichoptera,Hydropsychidae,Cheumatopsyche,1
8219,WBOT 3.3,West Branch Octoraro Creek,29/04/2025,Arthropoda,Insecta,Ephemeroptera,Baetidae,Baetis,38
8220,WBOT 3.3,West Branch Octoraro Creek,29/04/2025,Arthropoda,Insecta,Diptera,Tipulidae,Antocha,1
8221,WBOT 3.3,West Branch Octoraro Creek,29/04/2025,Arthropoda,Insecta,Ephemeroptera,Baetidae,Acentrella,4
8222,WBOT 3.3,West Branch Octoraro Creek,29/04/2025,Arthropoda,Arachnida,Hydracarina,,,2
8223,WBOT 3.3,West Branch Octoraro Creek,29/04/2025,Arthropoda,Malacostraca,Amphipoda,Crangonyctidae,Crangonyx,1
8224,WBOT 3.3,West Branch Octoraro Creek,29/04/2025,Arthropoda,Insecta,Ephemeroptera,Baetidae,Acentrella,14
8225,WBOT 3.3,West Branch Octoraro Creek,29/04/2025,Arthropoda,Insecta,Odonata,Coenagrionidae,Argia,1
8226,WBOT 3.3,West Branch Octoraro Creek,29/04/2025,Arthropoda,Insecta,Trichoptera,Hydropsychidae,Cheumatopsyche,1
8227,WBOT 3.3,West Branch Octoraro Creek,29/04/2025,Arthropoda,Insecta,Trichoptera,Philopotamidae,Chimarra,2
8228,WBOT 3.3,West Branch Octoraro Creek,29/04/2025,Arthropoda,Insecta,Diptera,Chironomidae,,53
8229,WBOT 3.3,West Branch Octoraro Creek,29/04/2025,Arthropoda,Insecta,Diptera,Empididae,Hemerodromia,1
8230,WBOT 3.3,West Branch Octoraro Creek,29/04/2025,Arthropoda,Insecta,Trichoptera,Hydropsychidae,Hydropsyche,4
8231,WBOT 3.3,West Branch Octoraro Creek,29/04/2025,Arthropoda,Insecta,Ephemeroptera,Isonychiidae,Isonychia,11
8232,WBOT 3.3,West Branch Octoraro Creek,29/04/2025,Arthropoda,Insecta,Plecoptera,Perlodidae,Isoperla,2
8233,WBOT 3.3,West Branch Octoraro Creek,29/04/2025,Arthropoda,Insecta,Ephemeroptera,Heptageniidae,Maccaffertium,5
8234,WBOT 3.3,West Branch Octoraro Creek,29/04/2025,Annelida,Oligochaeta,,,,12
8235,WBOT 3.3,West Branch Octoraro Creek,29/04/2025,Arthropoda,Insecta,Coleoptera,Elmidae,Oulimnius,3
8236,WBOT 3.3,West Branch Octoraro Creek,29/04/2025,Arthropoda,Insecta,Plecoptera,Perlidae,Perlesta,9
8237,WBOT 3.3,West Branch Octoraro Creek,29/04/2025,Nemertea,Enopla,Hoplonemertea,Tetrastemmatidae,Prostoma,1
8238,WBOT 3.3,West Branch Octoraro Creek,29/04/2025,Arthropoda,Insecta,Coleoptera,Psephenidae,Psephenus,12
8239,WBOT 3.3,West Branch Octoraro Creek,29/04/2025,Arthropoda,Insecta,Diptera,Simuliidae,Simulium,2
8240,WBOT 3.3,West Branch Octoraro Creek,29/04/2025,Arthropoda,Insecta,Coleoptera,Elmidae,Stenelmis,84
8241,WBOT 3.3,West Branch Octoraro Creek,29/04/2025,Arthropoda,Insecta,Ephemeroptera,Ephemerellidae,Teloganopsis,2
8242,WBOT 3.3,West Branch Octoraro Creek,29/04/2025,Arthropoda,Insecta,Diptera,Empididae,Trichoclinocera,3
8243,WBOT 3.3,West Branch Octoraro Creek,29/04/2025,Arthropoda,Arachnida,Hydracarina,,,3
8244,WEST 2.0,West Creek,15/04/2024,Arthropoda,Insecta,Diptera,Tipulidae,Antocha,1
8245,WEST 2.0,West Creek,15/04/2024,Arthropoda,Insecta,Ephemeroptera,Heptageniidae,Leucrocuta,2
8246,WEST 2.0,West Creek,15/04/2024,Arthropoda,Insecta,Coleoptera,Elmidae,Stenelmis,6
8247,WEST 2.0,West Creek,15/04/2024,Arthropoda,Insecta,Coleoptera,Psephenidae,Psephenus,4
8248,WEST 2.0,West Creek,15/04/2024,Arthropoda,Insecta,Diptera,Simuliidae,Prosimulium,1
8249,WEST 2.0,West Creek,15/04/2024,Arthropoda,Insecta,Trichoptera,Polycentropodidae,Polycentropus,2
8250,WEST 2.0,West Creek,15/04/2024,Arthropoda,Insecta,Ephemeroptera,Baetidae,Plauditus,1
8251,WEST 2.0,West Creek,15/04/2024,Arthropoda,Insecta,Coleoptera,Elmidae,Optioservus,2
8252,WEST 2.0,West Creek,15/04/2024,Annelida,Oligochaeta,,,,2
8253,WEST 2.0,West Creek,15/04/2024,Arthropoda,Insecta,Diptera,Empididae,Neoplasta,1
8254,WEST 2.0,West Creek,15/04/2024,Arthropoda,Insecta,Trichoptera,Uenoidae,Neophylax,2
8255,WEST 2.0,West Creek,15/04/2024,Arthropoda,Insecta,Ephemeroptera,Caenidae,Caenis,1
8256,WEST 2.0,West Creek,15/04/2024,Arthropoda,Insecta,Plecoptera,Leuctridae,Leuctra,1
8257,WEST 2.0,West Creek,15/04/2024,Arthropoda,Insecta,Diptera,Empididae,Trichoclinocera,1
8258,WEST 2.0,West Creek,15/04/2024,Arthropoda,Insecta,Plecoptera,Perlodidae,Isoperla,5
8259,WEST 2.0,West Creek,15/04/2024,Arthropoda,Insecta,Ephemeroptera,Isonychiidae,Isonychia,2
8260,WEST 2.0,West Creek,15/04/2024,Arthropoda,Insecta,Trichoptera,Hydropsychidae,Hydropsyche,7
8261,WEST 2.0,West Creek,15/04/2024,NA,NA,NA,NA,Gomphidae,1
8262,WEST 2.0,West Creek,15/04/2024,Arthropoda,Insecta,Ephemeroptera,Ephemerellidae,Ephemerella,43
8263,WEST 2.0,West Creek,15/04/2024,Arthropoda,Insecta,Ephemeroptera,Ephemerellidae,Drunella,3
8264,WEST 2.0,West Creek,15/04/2024,Arthropoda,Insecta,Trichoptera,Philopotamidae,Dolophilodes,2
8265,WEST 2.0,West Creek,15/04/2024,Arthropoda,Insecta,Ephemeroptera,Heptageniidae,Cinygmula,7
8266,WEST 2.0,West Creek,15/04/2024,Arthropoda,Insecta,Diptera,Chironomidae,,24
8267,WEST 2.0,West Creek,15/04/2024,Arthropoda,Insecta,Trichoptera,Philopotamidae,Chimarra,1
8268,WEST 2.0,West Creek,15/04/2024,Arthropoda,Insecta,Trichoptera,Hydropsychidae,Cheumatopsyche,1
8269,WEST 2.0,West Creek,15/04/2024,Arthropoda,Insecta,Ephemeroptera,Heptageniidae,Maccaffertium,12
8270,WEST 2.0,West Creek,15/04/2024,Arthropoda,Insecta,Plecoptera,Nemouridae,Amphinemura,1
8271,WEST 2.0,West Creek,15/04/2024,Arthropoda,Insecta,Plecoptera,Perlidae,Acroneuria,2
8272,WEST 2.0,West Creek,15/04/2024,Arthropoda,Insecta,Trichoptera,Glossosomatidae,Agapetus,1
8273,WEST 2.0,West Creek,15/04/2024,Arthropoda,Insecta,Ephemeroptera,Baetidae,Acentrella,51
8274,WEST 2.0,West Creek,15/04/2024,Arthropoda,Insecta,Diptera,Simuliidae,Simulium,18
8275,WEST 2.0,West Creek,15/04/2024,Arthropoda,Insecta,Ephemeroptera,Baetidae,Acerpenna,3
8276,WEST 2.0,West Creek,15/04/2024,Arthropoda,Insecta,Plecoptera,Perlidae,Acroneuria,2
8277,WEST 2.0,West Creek,15/04/2024,Arthropoda,Insecta,Plecoptera,Chloroperlidae,Alloperla,2
8278,WEST 2.0,West Creek,15/04/2024,Arthropoda,Insecta,Diptera,Tipulidae,Antocha,8
8279,WEST 2.0,West Creek,15/04/2024,Arthropoda,Insecta,Ephemeroptera,Baetidae,Baetis,2
8280,WEST 2.0,West Creek,15/04/2024,Arthropoda,Insecta,Odonata,Aeshnidae,Boyeria,1
8281,WEST 2.0,West Creek,15/04/2024,Arthropoda,Insecta,Ephemeroptera,Caenidae,Caenis,1
8282,WEST 2.0,West Creek,15/04/2024,Arthropoda,Insecta,Diptera,Ceratopogonidae,,1
8283,WEST 2.0,West Creek,15/04/2024,Arthropoda,Insecta,Trichoptera,Hydropsychidae,Cheumatopsyche,7
8284,WEST 2.0,West Creek,15/04/2024,Arthropoda,Insecta,Trichoptera,Philopotamidae,Chimarra,2
8285,WEST 2.0,West Creek,15/04/2024,Arthropoda,Insecta,Diptera,Chironomidae,,31
8286,WEST 2.0,West Creek,15/04/2024,Arthropoda,Insecta,Ephemeroptera,Heptageniidae,Cinygmula,9
8287,WEST 2.0,West Creek,15/04/2024,Arthropoda,Insecta,Plecoptera,Perlodidae,Cultus,1
8288,WEST 2.0,West Creek,15/04/2024,Arthropoda,Insecta,Ephemeroptera,Ephemerellidae,Drunella,10
8289,WEST 2.0,West Creek,15/04/2024,Arthropoda,Insecta,Ephemeroptera,Heptageniidae,Epeorus,7
8290,WEST 2.0,West Creek,15/04/2024,Arthropoda,Insecta,Ephemeroptera,Ephemerellidae,Ephemerella,10
8291,WEST 2.0,West Creek,15/04/2024,Arthropoda,Malacostraca,Decapoda,Cambaridae,Orconectes,1
8292,WEST 2.0,West Creek,15/04/2024,NA,NA,NA,NA,Gomphidae,1
8293,WEST 2.0,West Creek,15/04/2024,Arthropoda,Insecta,Diptera,Empididae,Hemerodromia,4
8294,WEST 2.0,West Creek,15/04/2024,Arthropoda,Insecta,Trichoptera,Hydropsychidae,Hydropsyche,8
8295,WEST 2.0,West Creek,15/04/2024,Arthropoda,Insecta,Ephemeroptera,Isonychiidae,Isonychia,3
8296,WEST 2.0,West Creek,15/04/2024,Arthropoda,Insecta,Plecoptera,Perlodidae,Isoperla,10
8297,WEST 2.0,West Creek,15/04/2024,NA,NA,NA,NA,Leptophlebiidae,2
8298,WEST 2.0,West Creek,15/04/2024,Arthropoda,Insecta,Ephemeroptera,Heptageniidae,Leucrocuta,11
8299,WEST 2.0,West Creek,15/04/2024,Arthropoda,Insecta,Plecoptera,Leuctridae,Leuctra,3
8300,WEST 2.0,West Creek,15/04/2024,Arthropoda,Insecta,Ephemeroptera,Heptageniidae,Maccaffertium,23
8301,WEST 2.0,West Creek,15/04/2024,Arthropoda,Insecta,Trichoptera,Uenoidae,Neophylax,3
8302,WEST 2.0,West Creek,15/04/2024,Arthropoda,Insecta,Diptera,Empididae,Neoplasta,1
8303,WEST 2.0,West Creek,15/04/2024,Annelida,Oligochaeta,,,,11
8304,WEST 2.0,West Creek,15/04/2024,Arthropoda,Insecta,Coleoptera,Elmidae,Optioservus,4
8305,WEST 2.0,West Creek,15/04/2024,Arthropoda,Insecta,Coleoptera,Psephenidae,Psephenus,5
8306,WEST 2.0,West Creek,15/04/2024,Arthropoda,Insecta,Trichoptera,Rhyacophilidae,Rhyacophila,2
8307,WEST 2.0,West Creek,15/04/2024,Arthropoda,Insecta,Diptera,Simuliidae,Simulium,2
8308,WEST 2.0,West Creek,15/04/2024,Mollusca,Bivalvia,Sphaeriida,Sphaeriidae,,1
8309,WEST 2.0,West Creek,15/04/2024,Arthropoda,Insecta,Ephemeroptera,Heptageniidae,Stenacron,3
8310,WEST 2.0,West Creek,15/04/2024,Arthropoda,Insecta,Coleoptera,Elmidae,Stenelmis,1
8311,WEST 2.0,West Creek,15/04/2024,Arthropoda,Insecta,Diptera,Empididae,Trichoclinocera,7
8312,WEST 2.0,West Creek,15/04/2024,Arthropoda,Arachnida,Hydracarina,,,1
8313,WEST 2.0,West Creek,15/04/2024,Arthropoda,Insecta,Ephemeroptera,Baetidae,Baetis,1
8314,WEST 2.0,West Creek,15/04/2024,Arthropoda,Insecta,Trichoptera,Rhyacophilidae,Rhyacophila,1
8315,WEST 2.0,West Creek,15/04/2024,Arthropoda,Insecta,Ephemeroptera,Baetidae,Acentrella,19
8316,WEST 2.0,West Creek,15/04/2024,Arthropoda,Insecta,Ephemeroptera,Heptageniidae,Leucrocuta,1
8317,WEST 2.0,West Creek,15/04/2024,Arthropoda,Insecta,Ephemeroptera,Heptageniidae,Epeorus,9
8318,WEST 2.0,West Creek,15/04/2024,Arthropoda,Insecta,Ephemeroptera,Ephemerellidae,Drunella,6
8319,WEST 2.0,West Creek,15/04/2024,Arthropoda,Insecta,Ephemeroptera,Ephemerellidae,Ephemerella,25
8320,WEST 2.0,West Creek,15/04/2024,Arthropoda,Insecta,Ephemeroptera,Ephemerellidae,Eurylophella,1
8321,WEST 2.0,West Creek,15/04/2024,Arthropoda,Insecta,Ephemeroptera,Ephemerellidae,Serratella,1
8322,WEST 2.0,West Creek,15/04/2024,Arthropoda,Insecta,Ephemeroptera,Heptageniidae,Cinygmula,15
8323,WEST 2.0,West Creek,15/04/2024,Arthropoda,Insecta,Ephemeroptera,Baetidae,Diphetor,1
8324,WEST 2.0,West Creek,15/04/2024,Arthropoda,Arachnida,Hydracarina,,,1
8325,WEST 2.0,West Creek,15/04/2024,Arthropoda,Insecta,Plecoptera,Nemouridae,Amphinemura,1
8326,WEST 2.0,West Creek,15/04/2024,Arthropoda,Insecta,Diptera,Empididae,Trichoclinocera,2
8327,WEST 2.0,West Creek,15/04/2024,Arthropoda,Insecta,Coleoptera,Elmidae,Oulimnius,2
8328,WEST 2.0,West Creek,15/04/2024,Arthropoda,Insecta,Diptera,Simuliidae,Simulium,2
8329,WEST 2.0,West Creek,15/04/2024,Arthropoda,Insecta,Diptera,Chironomidae,,99
8330,WEST 2.0,West Creek,15/04/2024,Arthropoda,Insecta,Diptera,Ceratopogonidae,,1
8331,WEST 2.0,West Creek,15/04/2024,Arthropoda,Insecta,Coleoptera,Psephenidae,Psephenus,3
8332,WEST 2.0,West Creek,15/04/2024,Arthropoda,Insecta,Ephemeroptera,Isonychiidae,Isonychia,1
8333,WEST 2.0,West Creek,15/04/2024,Arthropoda,Insecta,Coleoptera,Elmidae,Optioservus,1
8334,WEST 2.0,West Creek,15/04/2024,Arthropoda,Insecta,Ephemeroptera,Heptageniidae,Maccaffertium,9
8335,WEST 2.0,West Creek,15/04/2024,Arthropoda,Insecta,Plecoptera,Perlodidae,Isoperla,1
8336,WEST 2.0,West Creek,15/04/2024,Arthropoda,Insecta,Trichoptera,Philopotamidae,Dolophilodes,3
8337,WEST 2.0,West Creek,15/04/2024,Arthropoda,Insecta,Trichoptera,Philopotamidae,Chimarra,1
8338,WEST 2.0,West Creek,15/04/2024,Arthropoda,Insecta,Trichoptera,Hydroptilidae,Stactobiella,1
8339,WEST 2.0,West Creek,15/04/2024,Arthropoda,Insecta,Plecoptera,Chloroperlidae,Haploperla,3
8340,WEST 2.0,West Creek,15/04/2024,Arthropoda,Insecta,Trichoptera,Hydropsychidae,Hydropsyche,1
8341,WEST 2.0,West Creek,15/04/2024,Annelida,Oligochaeta,,,,10
8342,WEST 2.0,West Creek,15/04/2024,Arthropoda,Insecta,Diptera,Tipulidae,Antocha,1
8343,WEST 2.0,West Creek,15/04/2024,Arthropoda,Insecta,Trichoptera,Polycentropodidae,Polycentropus,1
8344,WEST 2.0,West Creek,15/04/2024,Annelida,Oligochaeta,,,,4
8345,WEST 2.0,West Creek,15/04/2024,Arthropoda,Insecta,Diptera,Ceratopogonidae,,1
8346,WEST 2.0,West Creek,15/04/2024,Arthropoda,Insecta,Ephemeroptera,Baetidae,Acerpenna,1
8347,WEST 2.0,West Creek,15/04/2024,NA,NA,NA,NA,Ephemerellidae,1
8348,WEST 2.0,West Creek,15/04/2024,Arthropoda,Insecta,Ephemeroptera,Heptageniidae,Epeorus,10
8349,WEST 2.0,West Creek,15/04/2024,Arthropoda,Insecta,Ephemeroptera,Heptageniidae,Maccaffertium,4
8350,WEST 2.0,West Creek,15/04/2024,Arthropoda,Insecta,Ephemeroptera,Isonychiidae,Isonychia,5
8351,WEST 2.0,West Creek,15/04/2024,Arthropoda,Insecta,Ephemeroptera,Leptophlebiidae,Paraleptophlebia,2
8352,WEST 2.0,West Creek,15/04/2024,Arthropoda,Insecta,Plecoptera,Perlidae,Acroneuria,1
8353,WEST 2.0,West Creek,15/04/2024,Arthropoda,Insecta,Megaloptera,Corydalidae,Nigronia,1
8354,WEST 2.0,West Creek,15/04/2024,Arthropoda,Insecta,Diptera,Chironomidae,,31
8355,WEST 2.0,West Creek,15/04/2024,Arthropoda,Insecta,Trichoptera,Hydropsychidae,Cheumatopsyche,2
8356,WEST 2.0,West Creek,15/04/2024,Arthropoda,Insecta,Diptera,Tipulidae,Antocha,5
8357,WEST 2.0,West Creek,15/04/2024,Arthropoda,Insecta,Ephemeroptera,Ephemerellidae,Drunella,6
8358,WEST 2.0,West Creek,15/04/2024,Arthropoda,Insecta,Coleoptera,Psephenidae,Psephenus,1
8359,WEST 2.0,West Creek,15/04/2024,Arthropoda,Insecta,Plecoptera,Perlodidae,Isoperla,10
8360,WEST 2.0,West Creek,15/04/2024,Arthropoda,Insecta,Coleoptera,Elmidae,Optioservus,6
8361,WEST 2.0,West Creek,15/04/2024,Arthropoda,Insecta,Plecoptera,Taeniopterygidae,Taenionema,4
8362,WEST 2.0,West Creek,15/04/2024,NA,NA,NA,NA,Gomphidae,2
8363,WEST 2.0,West Creek,15/04/2024,Arthropoda,Insecta,Trichoptera,Rhyacophilidae,Rhyacophila,2
8364,WEST 2.0,West Creek,15/04/2024,Arthropoda,Insecta,Trichoptera,Polycentropodidae,Polycentropus,1
8365,WEST 2.0,West Creek,15/04/2024,Arthropoda,Insecta,Trichoptera,Hydropsychidae,Hydropsyche,6
8366,WEST 2.0,West Creek,15/04/2024,Arthropoda,Insecta,Trichoptera,Hydropsychidae,Diplectrona,1
8367,WEST 2.0,West Creek,15/04/2024,Arthropoda,Insecta,Ephemeroptera,Baetidae,Baetis,4
8368,WEST 2.0,West Creek,15/04/2024,Arthropoda,Insecta,Coleoptera,Elmidae,Oulimnius,1
8369,WEST 2.0,West Creek,15/04/2024,Arthropoda,Insecta,Ephemeroptera,Ephemerellidae,Ephemerella,68
8370,WEST 2.0,West Creek,15/04/2024,Arthropoda,Insecta,Diptera,Simuliidae,Prosimulium,1
8371,WEST 2.0,West Creek,15/04/2024,Arthropoda,Insecta,Ephemeroptera,Heptageniidae,Cinygmula,47
8372,WEST 2.0,West Creek,15/04/2024,Arthropoda,Insecta,Ephemeroptera,Baetidae,Acentrella,4
8373,WEST 2.0,West Creek,15/04/2024,Arthropoda,Insecta,Ephemeroptera,Baetidae,Plauditus,2
8374,WEST 2.0,West Creek,15/04/2024,Arthropoda,Insecta,Ephemeroptera,Ephemerellidae,Ephemerella,1
8375,WEST 2.0,West Creek,15/04/2024,Arthropoda,Insecta,Ephemeroptera,Ephemerellidae,Serratella,3
8376,WEST 2.0,West Creek,15/04/2024,Arthropoda,Insecta,Ephemeroptera,Heptageniidae,Epeorus,5
8377,WEST 2.0,West Creek,15/04/2024,Arthropoda,Insecta,Ephemeroptera,Heptageniidae,Leucrocuta,8
8378,WEST 2.0,West Creek,15/04/2024,Arthropoda,Insecta,Ephemeroptera,Heptageniidae,Maccaffertium,36
8379,WEST 2.0,West Creek,15/04/2024,Arthropoda,Insecta,Ephemeroptera,Isonychiidae,Isonychia,19
8380,WEST 2.0,West Creek,15/04/2024,Arthropoda,Insecta,Ephemeroptera,Leptophlebiidae,Paraleptophlebia,1
8381,WEST 2.0,West Creek,15/04/2024,Arthropoda,Insecta,Plecoptera,Perlidae,Acroneuria,1
8382,WEST 2.0,West Creek,15/04/2024,Arthropoda,Insecta,Plecoptera,Perlidae,Paragnetina,6
8383,WEST 2.0,West Creek,15/04/2024,NA,NA,NA,NA,Taeniopterygidae,15
8384,WEST 2.0,West Creek,15/04/2024,Arthropoda,Insecta,Plecoptera,Taeniopterygidae,Taeniopteryx,28
8385,WEST 2.0,West Creek,15/04/2024,Arthropoda,Insecta,Trichoptera,Apataniidae,Apatania,1
8386,WEST 2.0,West Creek,15/04/2024,Arthropoda,Insecta,Trichoptera,Glossosomatidae,Glossosoma,2
8387,WEST 2.0,West Creek,15/04/2024,Arthropoda,Insecta,Trichoptera,Hydropsychidae,Ceratopsyche,27
8388,WEST 2.0,West Creek,15/04/2024,Arthropoda,Insecta,Trichoptera,Hydropsychidae,Cheumatopsyche,4
8389,WEST 2.0,West Creek,15/04/2024,Arthropoda,Insecta,Trichoptera,Philopotamidae,Chimarra,20
8390,WEST 2.0,West Creek,15/04/2024,Arthropoda,Insecta,Trichoptera,Polycentropodidae,Polycentropus,1
8391,WEST 2.0,West Creek,15/04/2024,NA,NA,NA,NA,Gomphidae,4
8392,WEST 2.0,West Creek,15/04/2024,Arthropoda,Insecta,Coleoptera,Elmidae,Optioservus,5
8393,WEST 2.0,West Creek,15/04/2024,Arthropoda,Insecta,Coleoptera,Elmidae,Oulimnius,1
8394,WEST 2.0,West Creek,15/04/2024,Arthropoda,Insecta,Coleoptera,Elmidae,Stenelmis,1
8395,WEST 2.0,West Creek,15/04/2024,Arthropoda,Insecta,Coleoptera,Psephenidae,Psephenus,13
8396,WEST 2.0,West Creek,15/04/2024,Arthropoda,Insecta,Diptera,Athericidae,Atherix,1
8397,WEST 2.0,West Creek,15/04/2024,Arthropoda,Insecta,Diptera,Chironomidae,,19
8398,WEST 2.0,West Creek,15/04/2024,Arthropoda,Insecta,Diptera,Empididae,Hemerodromia,2
8399,WEST 2.0,West Creek,15/04/2024,Arthropoda,Insecta,Diptera,Simuliidae,Simulium,1
8400,WEST 2.0,West Creek,15/04/2024,Arthropoda,Insecta,Diptera,Tipulidae,Antocha,1
8401,WEST 2.0,West Creek,15/04/2024,Arthropoda,Insecta,Diptera,Tipulidae,Dicranota,1
8402,WEST 2.0,West Creek,15/04/2024,NA,NA,NA,NA,Nemertea,2
8403,WEST 2.0,West Creek,15/04/2024,Arthropoda,Arachnida,Hydracarina,,,4
8404,WEST 2.0,West Creek,15/04/2024,Arthropoda,Insecta,Ephemeroptera,Caenidae,Caenis,1
8405,WEST 2.0,West Creek,15/04/2024,Arthropoda,Insecta,Ephemeroptera,Ephemerellidae,Eurylophella,2
8406,WEST 2.0,West Creek,15/04/2024,Arthropoda,Insecta,Ephemeroptera,Heptageniidae,Epeorus,11
8407,WEST 2.0,West Creek,15/04/2024,Arthropoda,Insecta,Ephemeroptera,Heptageniidae,Leucrocuta,20
8408,WEST 2.0,West Creek,15/04/2024,Arthropoda,Insecta,Ephemeroptera,Heptageniidae,Maccaffertium,37
8409,WEST 2.0,West Creek,15/04/2024,Arthropoda,Insecta,Ephemeroptera,Isonychiidae,Isonychia,15
8410,WEST 2.0,West Creek,15/04/2024,Arthropoda,Insecta,Ephemeroptera,Leptophlebiidae,Paraleptophlebia,1
8411,WEST 2.0,West Creek,15/04/2024,Arthropoda,Insecta,Plecoptera,Perlidae,Acroneuria,1
8412,WEST 2.0,West Creek,15/04/2024,Arthropoda,Insecta,Plecoptera,Perlidae,Agnetina,1
8413,WEST 2.0,West Creek,15/04/2024,Arthropoda,Insecta,Plecoptera,Perlidae,Paragnetina,4
8414,WEST 2.0,West Creek,15/04/2024,NA,NA,NA,NA,Taeniopterygidae,7
8415,WEST 2.0,West Creek,15/04/2024,Arthropoda,Insecta,Plecoptera,Taeniopterygidae,Taeniopteryx,12
8416,WEST 2.0,West Creek,15/04/2024,Arthropoda,Insecta,Trichoptera,Glossosomatidae,Glossosoma,2
8417,WEST 2.0,West Creek,15/04/2024,Arthropoda,Insecta,Trichoptera,Hydropsychidae,Ceratopsyche,9
8418,WEST 2.0,West Creek,15/04/2024,Arthropoda,Insecta,Trichoptera,Hydropsychidae,Cheumatopsyche,2
8419,WEST 2.0,West Creek,15/04/2024,Arthropoda,Insecta,Trichoptera,Philopotamidae,Chimarra,2
8420,WEST 2.0,West Creek,15/04/2024,Arthropoda,Insecta,Trichoptera,Philopotamidae,Dolophilodes,1
8421,WEST 2.0,West Creek,15/04/2024,Arthropoda,Insecta,Trichoptera,Rhyacophilidae,Rhyacophila,3
8422,WEST 2.0,West Creek,15/04/2024,Arthropoda,Insecta,Trichoptera,Uenoidae,Neophylax,4
8423,WEST 2.0,West Creek,15/04/2024,NA,NA,NA,NA,Gomphidae,5
8424,WEST 2.0,West Creek,15/04/2024,Arthropoda,Insecta,Odonata,Gomphidae,Ophiogomphus,2
8425,WEST 2.0,West Creek,15/04/2024,Arthropoda,Insecta,Megaloptera,Corydalidae,Corydalus,2
8426,WEST 2.0,West Creek,15/04/2024,Arthropoda,Insecta,Coleoptera,Elmidae,Optioservus,15
8427,WEST 2.0,West Creek,15/04/2024,Arthropoda,Insecta,Coleoptera,Psephenidae,Psephenus,3
8428,WEST 2.0,West Creek,15/04/2024,Arthropoda,Insecta,Diptera,Athericidae,Atherix,2
8429,WEST 2.0,West Creek,15/04/2024,Arthropoda,Insecta,Diptera,Chironomidae,,47
8430,WEST 2.0,West Creek,15/04/2024,Arthropoda,Insecta,Diptera,Empididae,Hemerodromia,1
8431,WEST 2.0,West Creek,15/04/2024,Arthropoda,Insecta,Diptera,Tipulidae,Antocha,2
8432,WEST 2.0,West Creek,15/04/2024,NA,NA,NA,NA,Nemertea,5
8433,WEST 2.0,West Creek,15/04/2024,NA,NA,NA,NA,Nematoda,1
8434,WEST 2.0,West Creek,15/04/2024,Platyhelminthes,Turbellaria,,,,1
8435,WEST 2.0,West Creek,15/04/2024,Annelida,Oligochaeta,,,,5
8436,WEST 2.0,West Creek,15/04/2024,Arthropoda,Arachnida,Hydracarina,,,1
8437,WEST 2.0,West Creek,15/04/2024,Arthropoda,Insecta,Ephemeroptera,Ephemerellidae,Ephemerella,1
8438,WEST 2.0,West Creek,15/04/2024,Arthropoda,Insecta,Ephemeroptera,Heptageniidae,Epeorus,9
8439,WEST 2.0,West Creek,15/04/2024,Arthropoda,Insecta,Ephemeroptera,Heptageniidae,Leucrocuta,5
8440,WEST 2.0,West Creek,15/04/2024,Arthropoda,Insecta,Ephemeroptera,Heptageniidae,Maccaffertium,8
8441,WEST 2.0,West Creek,15/04/2024,Arthropoda,Insecta,Ephemeroptera,Isonychiidae,Isonychia,7
8442,WEST 2.0,West Creek,15/04/2024,Arthropoda,Insecta,Plecoptera,Capniidae,Allocapnia,4
8443,WEST 2.0,West Creek,15/04/2024,Arthropoda,Insecta,Plecoptera,Leuctridae,Leuctra,1
8444,WEST 2.0,West Creek,15/04/2024,Arthropoda,Insecta,Plecoptera,Perlidae,Acroneuria,2
8445,WEST 2.0,West Creek,15/04/2024,Arthropoda,Insecta,Plecoptera,Perlidae,Paragnetina,2
8446,WEST 2.0,West Creek,15/04/2024,Arthropoda,Insecta,Plecoptera,Perlodidae,Isogenoides,1
8447,WEST 2.0,West Creek,15/04/2024,Arthropoda,Insecta,Plecoptera,Perlodidae,Isoperla,5
8448,WEST 2.0,West Creek,15/04/2024,NA,NA,NA,NA,Taeniopterygidae,20
8449,WEST 2.0,West Creek,15/04/2024,Arthropoda,Insecta,Plecoptera,Taeniopterygidae,Taeniopteryx,13
8450,WEST 2.0,West Creek,15/04/2024,Arthropoda,Insecta,Trichoptera,Hydropsychidae,Ceratopsyche,14
8451,WEST 2.0,West Creek,15/04/2024,Arthropoda,Insecta,Trichoptera,Hydropsychidae,Cheumatopsyche,5
8452,WEST 2.0,West Creek,15/04/2024,Arthropoda,Insecta,Trichoptera,Lepidostomatidae,Lepidostoma,2
8453,WEST 2.0,West Creek,15/04/2024,Arthropoda,Insecta,Trichoptera,Philopotamidae,Chimarra,18
8454,WEST 2.0,West Creek,15/04/2024,Arthropoda,Insecta,Trichoptera,Philopotamidae,Dolophilodes,2
8455,WEST 2.0,West Creek,15/04/2024,Arthropoda,Insecta,Trichoptera,Polycentropodidae,Polycentropus,4
8456,WEST 2.0,West Creek,15/04/2024,Arthropoda,Insecta,Trichoptera,Uenoidae,Neophylax,1
8457,WEST 2.0,West Creek,15/04/2024,Arthropoda,Insecta,Odonata,Coenagrionidae,Argia,1
8458,WEST 2.0,West Creek,15/04/2024,NA,NA,NA,NA,Gomphidae,1
8459,WEST 2.0,West Creek,15/04/2024,Arthropoda,Insecta,Megaloptera,Corydalidae,Corydalus,1
8460,WEST 2.0,West Creek,15/04/2024,Arthropoda,Insecta,Coleoptera,Elmidae,Optioservus,6
8461,WEST 2.0,West Creek,15/04/2024,Arthropoda,Insecta,Coleoptera,Psephenidae,Psephenus,13
8462,WEST 2.0,West Creek,15/04/2024,Arthropoda,Insecta,Diptera,Athericidae,Atherix,2
8463,WEST 2.0,West Creek,15/04/2024,Arthropoda,Insecta,Diptera,Chironomidae,,92
8464,WEST 2.0,West Creek,15/04/2024,Arthropoda,Insecta,Diptera,Empididae,Hemerodromia,1
8465,WEST 2.0,West Creek,15/04/2024,Arthropoda,Insecta,Diptera,Tipulidae,Antocha,1
8466,WEST 2.0,West Creek,15/04/2024,NA,NA,NA,NA,Nemertea,1
8467,WEST 2.0,West Creek,15/04/2024,Platyhelminthes,Turbellaria,,,,1
8468,WEST 2.0,West Creek,15/04/2024,Annelida,Oligochaeta,,,,6
8469,WEST 2.0,West Creek,15/04/2024,Arthropoda,Arachnida,Hydracarina,,,3
8470,WEST 2.0,West Creek,15/04/2024,Arthropoda,Arachnida,Hydracarina,,,4
8471,WEST 2.0,West Creek,15/04/2024,Arthropoda,Insecta,Ephemeroptera,Baetidae,Acentrella,2
8472,WEST 2.0,West Creek,15/04/2024,Arthropoda,Insecta,Ephemeroptera,Ephemerellidae,Ephemerella,2
8473,WEST 2.0,West Creek,15/04/2024,Arthropoda,Insecta,Ephemeroptera,Ephemerellidae,Eurylophella,4
8474,WEST 2.0,West Creek,15/04/2024,Arthropoda,Insecta,Ephemeroptera,Ephemerellidae,Serratella,2
8475,WEST 2.0,West Creek,15/04/2024,Arthropoda,Insecta,Ephemeroptera,Ephemeridae,Ephemera,1
8476,WEST 2.0,West Creek,15/04/2024,Arthropoda,Insecta,Ephemeroptera,Heptageniidae,Epeorus,3
8477,WEST 2.0,West Creek,15/04/2024,Arthropoda,Insecta,Ephemeroptera,Heptageniidae,Leucrocuta,2
8478,WEST 2.0,West Creek,15/04/2024,Arthropoda,Insecta,Ephemeroptera,Heptageniidae,Maccaffertium,29
8479,WEST 2.0,West Creek,15/04/2024,Arthropoda,Insecta,Ephemeroptera,Isonychiidae,Isonychia,4
8480,WEST 2.0,West Creek,15/04/2024,Arthropoda,Insecta,Ephemeroptera,Leptophlebiidae,Paraleptophlebia,6
8481,WEST 2.0,West Creek,15/04/2024,Arthropoda,Insecta,Plecoptera,Chloroperlidae,Haploperla,1
8482,WEST 2.0,West Creek,15/04/2024,Arthropoda,Insecta,Plecoptera,Peltoperlidae,Peltoperla,1
8483,WEST 2.0,West Creek,15/04/2024,Arthropoda,Insecta,Plecoptera,Perlidae,Acroneuria,2
8484,WEST 2.0,West Creek,15/04/2024,Arthropoda,Insecta,Plecoptera,Perlidae,Paragnetina,1
8485,WEST 2.0,West Creek,15/04/2024,Arthropoda,Insecta,Plecoptera,Perlodidae,Isogenoides,1
8486,WEST 2.0,West Creek,15/04/2024,Arthropoda,Insecta,Plecoptera,Taeniopterygidae,Taeniopteryx,6
8487,WEST 2.0,West Creek,15/04/2024,Arthropoda,Insecta,Trichoptera,Apataniidae,Apatania,2
8488,WEST 2.0,West Creek,15/04/2024,Arthropoda,Insecta,Trichoptera,Helicopsychidae,Helicopsyche,1
8489,WEST 2.0,West Creek,15/04/2024,Arthropoda,Insecta,Trichoptera,Hydropsychidae,Ceratopsyche,1
8490,WEST 2.0,West Creek,15/04/2024,Arthropoda,Insecta,Trichoptera,Hydropsychidae,Cheumatopsyche,2
8491,WEST 2.0,West Creek,15/04/2024,Arthropoda,Insecta,Trichoptera,Hydropsychidae,Diplectrona,6
8492,WEST 2.0,West Creek,15/04/2024,Arthropoda,Insecta,Trichoptera,Lepidostomatidae,Lepidostoma,1
8493,WEST 2.0,West Creek,15/04/2024,Arthropoda,Insecta,Trichoptera,Philopotamidae,Chimarra,4
8494,WEST 2.0,West Creek,15/04/2024,Arthropoda,Insecta,Trichoptera,Philopotamidae,Dolophilodes,1
8495,WEST 2.0,West Creek,15/04/2024,Arthropoda,Insecta,Trichoptera,Philopotamidae,Wormaldia,1
8496,WEST 2.0,West Creek,15/04/2024,Arthropoda,Insecta,Trichoptera,Rhyacophilidae,Rhyacophila,3
8497,WEST 2.0,West Creek,15/04/2024,NA,NA,NA,NA,Gomphidae,2
8498,WEST 2.0,West Creek,15/04/2024,Arthropoda,Insecta,Megaloptera,Sialidae,Sialis,1
8499,WEST 2.0,West Creek,15/04/2024,Arthropoda,Insecta,Coleoptera,Elmidae,Dubiraphia,1
8500,WEST 2.0,West Creek,15/04/2024,Arthropoda,Insecta,Coleoptera,Elmidae,Macronychus,1
8501,WEST 2.0,West Creek,15/04/2024,Arthropoda,Insecta,Coleoptera,Elmidae,Optioservus,23
8502,WEST 2.0,West Creek,15/04/2024,Arthropoda,Insecta,Coleoptera,Elmidae,Oulimnius,3
8503,WEST 2.0,West Creek,15/04/2024,Arthropoda,Insecta,Coleoptera,Psephenidae,Psephenus,14
8504,WEST 2.0,West Creek,15/04/2024,Arthropoda,Insecta,Diptera,Athericidae,Atherix,4
8505,WEST 2.0,West Creek,15/04/2024,Arthropoda,Insecta,Diptera,Ceratopogonidae,Bezzia,3
8506,WEST 2.0,West Creek,15/04/2024,Arthropoda,Insecta,Diptera,Chironomidae,,29
8507,WEST 2.0,West Creek,15/04/2024,Arthropoda,Insecta,Diptera,Empididae,Hemerodromia,2
8508,WEST 2.0,West Creek,15/04/2024,Arthropoda,Insecta,Diptera,Simuliidae,Simulium,3
8509,WEST 2.0,West Creek,15/04/2024,Arthropoda,Insecta,Diptera,Tipulidae,Antocha,2
8510,WEST 2.0,West Creek,15/04/2024,Arthropoda,Insecta,Diptera,Tipulidae,Dicranota,1
8511,WEST 2.0,West Creek,15/04/2024,Arthropoda,Insecta,Diptera,Tipulidae,Hexatoma,1
8512,WEST 2.0,West Creek,15/04/2024,Arthropoda,Insecta,Diptera,Tipulidae,Pseudolimnophila,1
8513,WEST 2.0,West Creek,15/04/2024,NA,NA,NA,NA,Nemertea,1
8514,WEST 2.0,West Creek,15/04/2024,NA,NA,NA,NA,Ancylidae,2
8515,WEST 2.0,West Creek,15/04/2024,NA,NA,NA,NA,Physidae,1
8516,WEST 2.0,West Creek,15/04/2024,Platyhelminthes,Turbellaria,,,,1
8517,WEST 2.0,West Creek,15/04/2024,Mollusca,Bivalvia,Sphaeriida,Sphaeriidae,,4
8518,WEST 2.0,West Creek,15/04/2024,Annelida,Oligochaeta,,,,11
8519,WEST 2.0,West Creek,15/04/2024,NA,NA,NA,NA,Cambaridae,1
8520,WEST 2.0,West Creek,15/04/2024,Arthropoda,Arachnida,Hydracarina,,,4
8521,WEST 2.0,West Creek,15/04/2024,Arthropoda,Insecta,Ephemeroptera,Ephemerellidae,Ephemerella,30
8522,WEST 2.0,West Creek,15/04/2024,Arthropoda,Insecta,Ephemeroptera,Ephemerellidae,Serratella,1
8523,WEST 2.0,West Creek,15/04/2024,Arthropoda,Insecta,Ephemeroptera,Heptageniidae,Cinygmula,6
8524,WEST 2.0,West Creek,15/04/2024,Arthropoda,Insecta,Ephemeroptera,Heptageniidae,Epeorus,5
8525,WEST 2.0,West Creek,15/04/2024,Arthropoda,Insecta,Plecoptera,Leuctridae,Leuctra,2
8526,WEST 2.0,West Creek,15/04/2024,Arthropoda,Insecta,Plecoptera,Perlidae,Paragnetina,2
8527,WEST 2.0,West Creek,15/04/2024,Arthropoda,Insecta,Plecoptera,Perlodidae,Isoperla,1
8528,WEST 2.0,West Creek,15/04/2024,Arthropoda,Insecta,Ephemeroptera,Baetidae,Baetis,1
8529,WEST 2.0,West Creek,15/04/2024,Arthropoda,Insecta,Ephemeroptera,Baetidae,Acerpenna,1
8530,WEST 2.0,West Creek,15/04/2024,Arthropoda,Insecta,Diptera,Empididae,Neoplasta,2
8531,WEST 2.0,West Creek,15/04/2024,Annelida,Oligochaeta,,,,3
8532,WEST 2.0,West Creek,15/04/2024,Arthropoda,Insecta,Plecoptera,Perlidae,Acroneuria,2
8533,WEST 2.0,West Creek,15/04/2024,Arthropoda,Insecta,Ephemeroptera,Baetidae,Acentrella,20
8534,WEST 2.0,West Creek,15/04/2024,Arthropoda,Insecta,Diptera,Tipulidae,Antocha,2
8535,WEST 2.0,West Creek,15/04/2024,Arthropoda,Insecta,Diptera,Simuliidae,Simulium,1
8536,WEST 2.0,West Creek,15/04/2024,Arthropoda,Insecta,Diptera,Simuliidae,Prosimulium,57
8537,WEST 2.0,West Creek,15/04/2024,Arthropoda,Insecta,Coleoptera,Elmidae,Optioservus,2
8538,WEST 2.0,West Creek,15/04/2024,Arthropoda,Insecta,Diptera,Empididae,Clinocera,2
8539,WEST 2.0,West Creek,15/04/2024,Arthropoda,Insecta,Diptera,Chironomidae,,51
8540,WEST 2.0,West Creek,15/04/2024,Arthropoda,Insecta,Ephemeroptera,Ephemerellidae,Drunella,13
8541,WEST 2.0,West Creek,15/04/2024,Arthropoda,Insecta,Ephemeroptera,Leptophlebiidae,Paraleptophlebia,5
8542,WEST 2.0,West Creek,15/04/2024,Arthropoda,Insecta,Plecoptera,Nemouridae,Amphinemura,2
8543,WEST 2.0,West Creek,15/04/2024,Arthropoda,Insecta,Ephemeroptera,Isonychiidae,Isonychia,1
8544,WEST 2.0,West Creek,15/04/2024,Arthropoda,Insecta,Coleoptera,Elmidae,Stenelmis,1
8545,WEST 2.0,West Creek,15/04/2024,Arthropoda,Insecta,Ephemeroptera,Heptageniidae,Maccaffertium,2
8546,WEST 2.0,West Creek,15/04/2024,Arthropoda,Insecta,Ephemeroptera,Ephemerellidae,Drunella,10
8547,WEST 2.0,West Creek,15/04/2024,Arthropoda,Insecta,Ephemeroptera,Baetidae,Baetis,1
8548,WEST 2.0,West Creek,15/04/2024,Arthropoda,Insecta,Ephemeroptera,Baetidae,Diphetor,1
8549,WEST 2.0,West Creek,15/04/2024,Arthropoda,Insecta,Ephemeroptera,Baetidae,Plauditus,55
8550,WEST 2.0,West Creek,15/04/2024,Arthropoda,Insecta,Ephemeroptera,Ephemerellidae,Ephemerella,13
8551,WEST 2.0,West Creek,15/04/2024,Arthropoda,Insecta,Ephemeroptera,Heptageniidae,Maccaffertium,5
8552,WEST 2.0,West Creek,15/04/2024,NA,NA,NA,NA,Leptophlebiidae,1
8553,WEST 2.0,West Creek,15/04/2024,Arthropoda,Insecta,Plecoptera,Perlodidae,Isoperla,1
8554,WEST 2.0,West Creek,15/04/2024,Arthropoda,Insecta,Trichoptera,Glossosomatidae,Agapetus,1
8555,WEST 2.0,West Creek,15/04/2024,Arthropoda,Insecta,Coleoptera,Elmidae,Stenelmis,30
8556,WEST 2.0,West Creek,15/04/2024,Arthropoda,Insecta,Ephemeroptera,Baetidae,Acentrella,29
8557,WEST 2.0,West Creek,15/04/2024,Arthropoda,Insecta,Plecoptera,Taeniopterygidae,Taeniopteryx,3
8558,WEST 2.0,West Creek,15/04/2024,Arthropoda,Insecta,Diptera,Chironomidae,,42
8559,WEST 2.0,West Creek,15/04/2024,Arthropoda,Insecta,Ephemeroptera,Heptageniidae,Leucrocuta,4
8560,WEST 2.0,West Creek,15/04/2024,Annelida,Oligochaeta,,,,8
8561,WEST 2.0,West Creek,15/04/2024,Arthropoda,Insecta,Diptera,Ceratopogonidae,,1
8562,WEST 2.0,West Creek,15/04/2024,Arthropoda,Insecta,Diptera,Empididae,Clinocera,3
8563,WEST 2.0,West Creek,15/04/2024,Arthropoda,Insecta,Coleoptera,Elmidae,Optioservus,9
8564,WEST 2.0,West Creek,15/04/2024,Arthropoda,Insecta,Ephemeroptera,Heptageniidae,Cinygmula,1
8565,WEST 2.0,West Creek,15/04/2024,NA,NA,NA,NA,Nematoda,2
8566,WEST 2.0,West Creek,15/04/2024,Arthropoda,Insecta,Trichoptera,Philopotamidae,Dolophilodes,1
8567,WEST 2.0,West Creek,15/04/2024,Arthropoda,Arachnida,Hydracarina,,,2
8568,WEST 2.0,West Creek,15/04/2024,Arthropoda,Insecta,Diptera,Simuliidae,Simulium,2
8569,WEST 2.0,West Creek,15/04/2024,Arthropoda,Insecta,Coleoptera,Psephenidae,Psephenus,2
8570,WEST 2.0,West Creek,15/04/2024,Arthropoda,Insecta,Plecoptera,Perlidae,Acroneuria,1
8571,WEST 2.0,West Creek,15/04/2024,Arthropoda,Insecta,Diptera,Ceratopogonidae,,1
8572,WEST 2.0,West Creek,15/04/2024,Arthropoda,Insecta,Trichoptera,Hydropsychidae,Cheumatopsyche,1
8573,WEST 2.0,West Creek,15/04/2024,Arthropoda,Insecta,Diptera,Chironomidae,,36
8574,WEST 2.0,West Creek,15/04/2024,Arthropoda,Insecta,Ephemeroptera,Heptageniidae,Cinygmula,25
8575,WEST 2.0,West Creek,15/04/2024,Arthropoda,Insecta,Ephemeroptera,Ephemerellidae,Ephemerella,18
8576,WEST 2.0,West Creek,15/04/2024,Arthropoda,Insecta,Diptera,Tipulidae,Hexatoma,1
8577,WEST 2.0,West Creek,15/04/2024,Arthropoda,Insecta,Ephemeroptera,Heptageniidae,Leucrocuta,1
8578,WEST 2.0,West Creek,15/04/2024,NA,NA,NA,NA,Nemertea,1
8579,WEST 2.0,West Creek,15/04/2024,Arthropoda,Insecta,Trichoptera,Uenoidae,Neophylax,1
8580,WEST 2.0,West Creek,15/04/2024,Arthropoda,Insecta,Coleoptera,Elmidae,Optioservus,4
8581,WEST 2.0,West Creek,15/04/2024,Arthropoda,Insecta,Diptera,Simuliidae,Prosimulium,49
8582,WEST 2.0,West Creek,15/04/2024,Arthropoda,Insecta,Plecoptera,Nemouridae,Prostoia,2
8583,WEST 2.0,West Creek,15/04/2024,Arthropoda,Insecta,Plecoptera,Taeniopterygidae,Taenionema,18
8584,WEST 2.0,West Creek,15/04/2024,Arthropoda,Insecta,Diptera,Tipulidae,Antocha,2
8585,WEST 2.0,West Creek,15/04/2024,Arthropoda,Insecta,Trichoptera,Hydropsychidae,Ceratopsyche,3
8586,WEST 2.0,West Creek,15/04/2024,Arthropoda,Insecta,Diptera,Empididae,Clinocera,1
8587,WEST 2.0,West Creek,15/04/2024,Arthropoda,Insecta,Trichoptera,Hydropsychidae,Diplectrona,1
8588,WEST 2.0,West Creek,15/04/2024,Arthropoda,Insecta,Ephemeroptera,Ephemerellidae,Drunella,3
8589,WEST 2.0,West Creek,15/04/2024,Arthropoda,Insecta,Ephemeroptera,Heptageniidae,Epeorus,12
8590,WEST 2.0,West Creek,15/04/2024,Arthropoda,Insecta,Ephemeroptera,Ephemerellidae,Eurylophella,2
8591,WEST 2.0,West Creek,15/04/2024,Arthropoda,Insecta,Ephemeroptera,Isonychiidae,Isonychia,3
8592,WEST 2.0,West Creek,15/04/2024,Arthropoda,Insecta,Plecoptera,Perlodidae,Isoperla,2
8593,WEST 2.0,West Creek,15/04/2024,Arthropoda,Insecta,Odonata,Gomphidae,Lanthus,1
8594,WEST 2.0,West Creek,15/04/2024,NA,NA,NA,NA,Leptophlebiidae,3
8595,WEST 2.0,West Creek,15/04/2024,Arthropoda,Insecta,Ephemeroptera,Heptageniidae,Maccaffertium,6
8596,WEST 2.0,West Creek,15/04/2024,Annelida,Oligochaeta,,,,9
8597,WEST 2.0,West Creek,15/04/2024,Arthropoda,Insecta,Coleoptera,Psephenidae,Psephenus,6
8598,WEST 2.0,West Creek,15/04/2024,Arthropoda,Insecta,Trichoptera,Rhyacophilidae,Rhyacophila,3
8599,WEST 2.0,West Creek,15/04/2024,Mollusca,Bivalvia,Sphaeriida,Sphaeriidae,,1
