ITIS_TSN,ITIS_RANK,DEP_LABORATORY_ID,DEP_ASSESSMENT_ID,DEP_LAB_ID_TV,DEP_ASSESS_ID_TV,DEP_LAB_ID_FFG,DEP_ASSESS_ID_FFG,DEP_LAB_ID_BCG_WARM,DEP_ASSESS_ID_BCG_WARM,DEP_LAB_ID_BCG_COLD,DEP_ASSESS_ID_BCG_COLD,DEP_LAB_ID_ETV,DEP_ASSESS_ID_ETV,DEP_LAB_ID_ATV,DEP_ASSESS_ID_ATV,DEP_BUG_CODE,ITIS_PHYLUM,ITIS_CLASS,ITIS_SUBCLASS,ITIS_SUPERORDER,ITIS_ORDER,ITIS_FAMILY,ITIS_GENUS
68423,Family,Aeolosomatidae,Polychaeta,10,10,FC,FC,,,,,,,,,12020000000,Annelida,,,,,Aeolosomatidae,
568832,Class,Clitellata,Clitellata,10,10,CG,CG,5,5,5,5,8,8,5,5,11000000001,Annelida,Clitellata,,,,,
68510,Family,Enchytraeidae,Clitellata,10,10,CG,CG,5,5,5,5,,8,,5,11010300000,Annelida,Clitellata,,,,Enchytraeidae,
69165,Family,Lumbricidae,Clitellata,8,10,CG,CG,5,5,5,5,,8,,5,11010200000,Annelida,Clitellata,,Metagynophora,Opisthopora,Lumbricidae,
1048704,Subclass,Lumbriculata,Lumbriculata,8,8,PR,PR,5,5,5,5,,,,,10000000001,Annelida,Clitellata,Lumbriculata,,,,
69168,Order,Branchiobdellida,Clitellata,6,10,CG,CG,4,4,4,5,,8,,5,11040000000,Annelida,Clitellata,Lumbriculata,,Branchiobdellida,,
69169,Family,Branchiobdellidae,Clitellata,6,10,CG,CG,4,4,4,5,,8,,5,11040000100,Annelida,Clitellata,Lumbriculata,,Branchiobdellida,Branchiobdellidae,
568835,Suborder,Arhynchobdellida,Lumbriculata,,8,PR,PR,,,,5,,,,,10010000100,Annelida,Clitellata,Lumbriculata,,Hirudinida,,
69295,Suborder,Rhynchobdellida,Lumbriculata,,8,PR,PR,,,,5,,,,,10020000000,Annelida,Clitellata,Lumbriculata,,Hirudinida,,
69438,Family,Erpobdellidae,Lumbriculata,,8,PR,PR,5,5,5,5,,,,,10010300000,Annelida,Clitellata,Lumbriculata,,Hirudinida,Erpobdellidae,
69444,Genus,Erpobdella,Lumbriculata,8,8,PR,PR,5,5,5,5,,,,,10010300100,Annelida,Clitellata,Lumbriculata,,Hirudinida,Erpobdellidae,Erpobdella
69449,Genus,Mooreobdella,Lumbriculata,8,8,PR,PR,5,5,5,5,,,,,10010300200,Annelida,Clitellata,Lumbriculata,,Hirudinida,Erpobdellidae,Mooreobdella
69455,Genus,Nephelopsis,Lumbriculata,,8,PR,PR,,,,5,,,,,10010300300,Annelida,Clitellata,Lumbriculata,,Hirudinida,Erpobdellidae,Nephelopsis
69357,Family,Glossiphoniidae,Lumbriculata,,8,PR,PR,5,5,5,5,,,,,10020100000,Annelida,Clitellata,Lumbriculata,,Hirudinida,Glossiphoniidae,
69384,Genus,Actinobdella,Lumbriculata,,8,PR,PR,5,5,5,5,,,,,10020100100,Annelida,Clitellata,Lumbriculata,,Hirudinida,Glossiphoniidae,Actinobdella
69388,Genus,Alboglossiphonia,Lumbriculata,,8,PR,PR,5,5,5,5,,,,,10020100200,Annelida,Clitellata,Lumbriculata,,Hirudinida,Glossiphoniidae,Alboglossiphonia
69358,Genus,Batracobdella,Lumbriculata,,8,PR,PR,5,5,5,5,,,,,10020100300,Annelida,Clitellata,Lumbriculata,,Hirudinida,Glossiphoniidae,Batracobdella
568863,Genus,Gloiobdella,Lumbriculata,,8,PR,PR,,,,5,,,,,10020100400,Annelida,Clitellata,Lumbriculata,,Hirudinida,Glossiphoniidae,Gloiobdella
69380,Genus,Glossiphonia,Lumbriculata,8,8,PR,PR,,,,5,,,,,10020100500,Annelida,Clitellata,Lumbriculata,,Hirudinida,Glossiphoniidae,Glossiphonia
69396,Genus,Helobdella,Lumbriculata,8,8,PR,PR,5,5,5,5,,,,,10020100600,Annelida,Clitellata,Lumbriculata,,Hirudinida,Glossiphoniidae,Helobdella
69382,Genus,Marvinmeyeria,Lumbriculata,,8,PR,PR,,,,5,,,,,10020100700,Annelida,Clitellata,Lumbriculata,,Hirudinida,Glossiphoniidae,Marvinmeyeria
69363,Genus,Placobdella,Lumbriculata,8,8,PR,PR,5,5,5,5,,,,,10020100800,Annelida,Clitellata,Lumbriculata,,Hirudinida,Glossiphoniidae,Placobdella
69375,Genus,Theromyzon,Lumbriculata,,8,PR,PR,,,,5,,,,,10020100900,Annelida,Clitellata,Lumbriculata,,Hirudinida,Glossiphoniidae,Theromyzon
568839,Family,Haemopidae,Lumbriculata,,8,PR,PR,,,,5,,,,,10010100000,Annelida,Clitellata,Lumbriculata,,Hirudinida,Haemopidae,
69408,Genus,Haemopis,Lumbriculata,,8,PR,PR,,,,5,,,,,10010100100,Annelida,Clitellata,Lumbriculata,,Hirudinida,Haemopidae,Haemopis
69407,Family,Hirudinidae,Lumbriculata,,8,PR,PR,,,,5,,,,,10010200000,Annelida,Clitellata,Lumbriculata,,Hirudinida,Hirudinidae,
69418,Genus,Macrobdella,Lumbriculata,,8,PR,PR,,,,5,,,,,10010200100,Annelida,Clitellata,Lumbriculata,,Hirudinida,Macrobdellidae,Macrobdella
69296,Family,Piscicolidae,Lumbriculata,,8,PR,PR,5,5,5,5,,,,,10020200000,Annelida,Clitellata,Lumbriculata,,Hirudinida,Piscicolidae,
69339,Genus,Cystobranchus,Lumbriculata,,8,PR,PR,,,,5,,,,,10020200100,Annelida,Clitellata,Lumbriculata,,Hirudinida,Piscicolidae,Cystobranchus
69315,Genus,Myzobdella,Lumbriculata,,8,PR,PR,5,5,5,5,,,,,10020200200,Annelida,Clitellata,Lumbriculata,,Hirudinida,Piscicolidae,Myzobdella
69304,Genus,Piscicola,Lumbriculata,,8,PR,PR,5,5,5,5,,,,,10020200300,Annelida,Clitellata,Lumbriculata,,Hirudinida,Piscicolidae,Piscicola
69337,Genus,Piscicolaria,Lumbriculata,,8,PR,PR,,,,5,,,,,10020200400,Annelida,Clitellata,Lumbriculata,,Hirudinida,Piscicolidae,Piscicolaria
68439,Order,Lumbriculida,Clitellata,,10,CG,CG,,,,5,,8,,5,11020000000,Annelida,Clitellata,Lumbriculata,,Lumbriculida,,
68440,Family,Lumbriculidae,Clitellata,8,10,CG,CG,5,5,5,5,,8,,5,11020100000,Annelida,Clitellata,Lumbriculata,,Lumbriculida,Lumbriculidae,
68473,Genus,Eclipidrilus,Clitellata,,10,CG,CG,4,4,4,5,,8,,5,11020100100,Annelida,Clitellata,Lumbriculata,,Lumbriculida,Lumbriculidae,Eclipidrilus
68441,Genus,Lumbriculus,Clitellata,8,10,CG,CG,4,4,4,5,,8,,5,11020100200,Annelida,Clitellata,Lumbriculata,,Lumbriculida,Lumbriculidae,Lumbriculus
68450,Genus,Stylodrilus,Clitellata,10,10,CG,CG,,,,5,,8,,5,11020100300,Annelida,Clitellata,Lumbriculata,,Lumbriculida,Lumbriculidae,Stylodrilus
974252,Order,Tubificida,Clitellata,,10,CG,CG,,,,5,,8,,5,11030000000,Annelida,Clitellata,Tubificata,,Tubificida,,
68504,Family,Haplotaxidae,Clitellata,,10,CG,CG,,,,5,,8,,5,11010100000,Annelida,Clitellata,Tubificata,,Tubificida,Haplotaxidae,
68505,Genus,Haplotaxis,Clitellata,,10,CG,CG,,,,5,,8,,5,11010100100,Annelida,Clitellata,Tubificata,,Tubificida,Haplotaxidae,Haplotaxis
68854,Family,Naididae,Clitellata,8,10,CG,CG,5,5,5,5,,8,,5,11030100000,Annelida,Clitellata,Tubificata,,Tubificida,Naididae,
68967,Genus,Allonais,Clitellata,,10,CG,CG,,,,5,,8,,5,11030100100,Annelida,Clitellata,Tubificata,,Tubificida,Naididae,Allonais
68979,Genus,Amphichaeta,Clitellata,,10,CG,CG,,,,5,,8,,5,11030100200,Annelida,Clitellata,Tubificata,,Tubificida,Naididae,Amphichaeta
68975,Genus,Arcteonais,Clitellata,,10,CG,CG,4,4,4,5,,8,,5,11030100300,Annelida,Clitellata,Tubificata,,Tubificida,Naididae,Arcteonais
68679,Genus,Aulodrilus,Clitellata,10,10,CG,CG,5,5,5,5,,8,,5,11030200100,Annelida,Clitellata,Tubificata,,Tubificida,Naididae,Aulodrilus
68778,Genus,Bothrioneurum,Clitellata,,10,CG,CG,,,,5,,8,,5,11030200200,Annelida,Clitellata,Tubificata,,Tubificida,Naididae,Bothrioneurum
68619,Genus,Branchiura,Clitellata,,10,CG,CG,,,,5,,8,,5,11030200300,Annelida,Clitellata,Tubificata,,Tubificida,Naididae,Branchiura
69021,Genus,Bratislavia,Clitellata,,10,CG,CG,,,,5,,8,,5,11030100400,Annelida,Clitellata,Tubificata,,Tubificida,Naididae,Bratislavia
68934,Genus,Chaetogaster,Clitellata,6,10,PR,CG,4,4,4,5,,8,,5,11030100500,Annelida,Clitellata,Tubificata,,Tubificida,Naididae,Chaetogaster
68898,Genus,Dero,Clitellata,,10,CG,CG,4,4,4,5,,8,,5,11030100600,Annelida,Clitellata,Tubificata,,Tubificida,Naididae,Dero
68745,Genus,Haber,Clitellata,,10,CG,CG,,,,5,,8,,5,11030200400,Annelida,Clitellata,Tubificata,,Tubificida,Naididae,Haber
69003,Genus,Haemonais,Clitellata,,10,CG,CG,,,,5,,8,,5,11030100700,Annelida,Clitellata,Tubificata,,Tubificida,Naididae,Haemonais
68660,Genus,Ilyodrilus,Clitellata,,10,CG,CG,,,,5,,8,,5,11030200500,Annelida,Clitellata,Tubificata,,Tubificida,Naididae,Ilyodrilus
68808,Genus,Isochaetides,Clitellata,10,10,CG,CG,,,,5,,8,,5,11030200600,Annelida,Clitellata,Tubificata,,Tubificida,Naididae,Isochaetides
68638,Genus,Limnodrilus,Clitellata,10,10,CG,CG,5,5,5,5,,8,,5,11030200700,Annelida,Clitellata,Tubificata,,Tubificida,Naididae,Limnodrilus
68946,Genus,Nais,Clitellata,8,10,CG,CG,4,4,4,5,,8,,5,11030100800,Annelida,Clitellata,Tubificata,,Tubificida,Naididae,Nais
68995,Genus,Ophidonais,Clitellata,9,10,CG,CG,,,,5,,8,,5,11030100900,Annelida,Clitellata,Tubificata,,Tubificida,Naididae,Ophidonais
68862,Genus,Paranais,Clitellata,,10,CG,CG,,,,5,,8,,5,11030101000,Annelida,Clitellata,Tubificata,,Tubificida,Naididae,Paranais
68703,Genus,Phallodrilus,Clitellata,,10,CG,CG,,,,5,,8,,5,11030200800,Annelida,Clitellata,Tubificata,,Tubificida,Naididae,Phallodrilus
68992,Genus,Piguetiella,Clitellata,,10,CG,CG,,,,5,,8,,5,11030101100,Annelida,Clitellata,Tubificata,,Tubificida,Naididae,Piguetiella
68786,Genus,Potamothrix,Clitellata,,10,CG,CG,,,,5,,8,,5,11030200900,Annelida,Clitellata,Tubificata,,Tubificida,Naididae,Potamothrix
68876,Genus,Pristina,Clitellata,,10,CG,CG,4,4,4,5,,8,,5,11030101200,Annelida,Clitellata,Tubificata,,Tubificida,Naididae,Pristina
68751,Genus,Psammoryctides,Clitellata,,10,CG,CG,,,,5,,8,,5,11030201000,Annelida,Clitellata,Tubificata,,Tubificida,Naididae,Psammoryctides
974307,Genus,Quistadrilus,Clitellata,,10,CG,CG,,,,5,,8,,5,11030201100,Annelida,Clitellata,Tubificata,,Tubificida,Naididae,Quistadrilus
68839,Genus,Rhyacodrilus,Clitellata,10,10,CG,CG,5,5,5,5,,8,,5,11030201200,Annelida,Clitellata,Tubificata,,Tubificida,Naididae,Rhyacodrilus
68963,Genus,Ripistes,Clitellata,,10,CG,CG,,,,5,,8,,5,11030101300,Annelida,Clitellata,Tubificata,,Tubificida,Naididae,Ripistes
68855,Genus,Slavina,Clitellata,9,10,CG,CG,4,4,4,5,,8,,5,11030101400,Annelida,Clitellata,Tubificata,,Tubificida,Naididae,Slavina
68984,Genus,Specaria,Clitellata,9,10,CG,CG,,,,5,,8,,5,11030101500,Annelida,Clitellata,Tubificata,,Tubificida,Naididae,Specaria
68780,Genus,Spirosperma,Clitellata,10,10,CG,CG,5,5,5,5,,8,,5,11030201300,Annelida,Clitellata,Tubificata,,Tubificida,Naididae,Spirosperma
69017,Genus,Stephensoniana,Clitellata,,10,CG,CG,,,,5,,8,,5,11030101600,Annelida,Clitellata,Tubificata,,Tubificida,Naididae,Stephensoniana
68871,Genus,Stylaria,Clitellata,,10,CG,CG,4,4,4,5,,8,,5,11030101700,Annelida,Clitellata,Tubificata,,Tubificida,Naididae,Stylaria
974309,Genus,Tasserkidrilus,Clitellata,,10,CG,CG,,,,5,,8,,5,11030201400,Annelida,Clitellata,Tubificata,,Tubificida,Naididae,Tasserkidrilus
68622,Genus,Tubifex,Clitellata,,10,CG,CG,5,5,5,5,,8,,5,11030201500,Annelida,Clitellata,Tubificata,,Tubificida,Naididae,Tubifex
68989,Genus,Uncinais,Clitellata,,10,CG,CG,,,,5,,8,,5,11030101800,Annelida,Clitellata,Tubificata,,Tubificida,Naididae,Uncinais
69009,Genus,Vejdovskyella,Clitellata,,10,CG,CG,4,4,4,5,,8,,5,11030101900,Annelida,Clitellata,Tubificata,,Tubificida,Naididae,Vejdovskyella
64358,Class,Polychaeta,Polychaeta,,10,FC,FC,,,,,,,,,12000000000,Annelida,Polychaeta,,,,,
555671,Order,Sabellida,Polychaeta,,10,FC,FC,,,,,,,,,12010000100,Annelida,Polychaeta,Sedentaria,,Sabellida,,
68169,Genus,Manayunkia,Polychaeta,,10,FC,FC,,,,,,,,,12010100100,Annelida,Polychaeta,Sedentaria,,Sabellida,Fabriciidae,Manayunkia
68076,Family,Sabellidae,Polychaeta,,10,FC,FC,,,,,,,,,12010100000,Annelida,Polychaeta,Sedentaria,,Sabellida,Sabellidae,
83832,Suborder,Cladocera,Cladocera,5,5,FC,FC,,,,,,,,,13070000000,Arthropoda,Branchiopoda,,,Diplostraca,,
99237,Order,Collembola,Collembola,9,9,CG,CG,,,,,,,,,1010000000,Arthropoda,Collembola,,,Collembola,,
99245,Family,Isotomidae,Isotomidae,,,,,,,,,,,,,1010300000,Arthropoda,Collembola,,,Collembola,Isotomidae,
99246,Genus,Isotomurus,Isotomurus,,,,,,,,,,,,,1010300100,Arthropoda,Collembola,,,Collembola,Isotomidae,Isotomurus
99546,Family,Onychiuridae,Onychiuridae,9,9,CG,CG,,,,,,,,,1010100000,Arthropoda,Collembola,,,Collembola,Onychiuridae,
99579,Genus,Onychiurus,Onychiurus,9,9,CG,CG,,,,,,,,,1010100100,Arthropoda,Collembola,,,Collembola,Onychiuridae,Onychiurus
99239,Family,Poduridae,Poduridae,9,9,CG,CG,,,,,,,,,1010200000,Arthropoda,Collembola,,,Collembola,Poduridae,
99240,Genus,Podura,Podura,9,9,CG,CG,,,,,,,,,1010200100,Arthropoda,Collembola,,,Collembola,Poduridae,Podura
690740,Superorder,Acariformes,Acariformes,7,7,PR,PR,4,4,4,4,6,6,2,2,15000000002,Arthropoda,Euchelicerata,Arachnida,Acariformes,,,
100502,Order,Ephemeroptera,Ephemeroptera,,,,,,,,,,,,,1020000000,Arthropoda,Insecta,Pterygota,,Ephemeroptera,,
568544,Family,Ameletidae,Ameletidae,0,0,CG,CG,,,,,,,,,1020100000,Arthropoda,Insecta,Pterygota,,Ephemeroptera,Ameletidae,
100996,Genus,Ameletus,Ameletus,0,0,CG,CG,2,2,2,2,,,6,6,1020100100,Arthropoda,Insecta,Pterygota,,Ephemeroptera,Ameletidae,Ameletus
609508,Family,Arthropleidae,Arthropleidae,3,3,SC,SC,,,,,,,,,1020700000,Arthropoda,Insecta,Pterygota,,Ephemeroptera,Arthropleidae,
100505,Genus,Arthroplea,Arthroplea,3,3,SC,SC,,,,,,,,,1020700100,Arthropoda,Insecta,Pterygota,,Ephemeroptera,Arthropleidae,Arthroplea
100755,Family,Baetidae,Baetidae,6,6,CG,CG,3,3,3,3,,,,,1020400000,Arthropoda,Insecta,Pterygota,,Ephemeroptera,Baetidae,
100801,Genus,Acentrella,Acentrella,4,4,SC,SC,3,3,3,3,3,3,2,2,1020400100,Arthropoda,Insecta,Pterygota,,Ephemeroptera,Baetidae,Acentrella
568546,Genus,Acerpenna,Acerpenna,6,6,CG,CG,3,3,3,3,9,9,3,3,1020400200,Arthropoda,Insecta,Pterygota,,Ephemeroptera,Baetidae,Acerpenna
100800,Genus,Baetis,Baetis,6,6,CG,CG,5,4,4,4,8,8,1,1,1020400300,Arthropoda,Insecta,Pterygota,,Ephemeroptera,Baetidae,Baetis
568560,Genus,Barbaetis,Barbaetis,6,6,CG,CG,,,,,,,,,1020400400,Arthropoda,Insecta,Pterygota,,Ephemeroptera,Baetidae,Barbaetis
100903,Genus,Callibaetis,Callibaetis,9,9,CG,CG,4,4,4,4,,,,,1020400500,Arthropoda,Insecta,Pterygota,,Ephemeroptera,Baetidae,Callibaetis
100873,Genus,Centroptilum,Centroptilum,2,2,CG,CG,3,3,3,3,,,,,1020400600,Arthropoda,Insecta,Pterygota,,Ephemeroptera,Baetidae,Centroptilum
100756,Genus,Cloeon,Cloeon,4,4,CG,CG,3,3,3,3,,,,,1020400700,Arthropoda,Insecta,Pterygota,,Ephemeroptera,Baetidae,Cloeon
568550,Genus,Diphetor,Diphetor,6,6,CG,CG,2,2,2,2,3,3,2,2,1020400800,Arthropoda,Insecta,Pterygota,,Ephemeroptera,Baetidae,Diphetor
568551,Genus,Fallceon,Fallceon,6,6,CG,CG,,,,,,,,,1020400900,Arthropoda,Insecta,Pterygota,,Ephemeroptera,Baetidae,Fallceon
100794,Genus,Heterocloeon,Heterocloeon,2,2,SC,SC,3,3,3,3,,,,,1020401200,Arthropoda,Insecta,Pterygota,,Ephemeroptera,Baetidae,Heterocloeon
776928,Genus,Iswaeon,Iswaeon,2,2,SC,SC,3,3,3,3,,,,,1020401500,Arthropoda,Insecta,Pterygota,,Ephemeroptera,Baetidae,Iswaeon
568552,Genus,Labiobaetis,Labiobaetis,4,4,CG,CG,3,3,3,3,,,,,1020401400,Arthropoda,Insecta,Pterygota,,Ephemeroptera,Baetidae,Labiobaetis
568553,Genus,Plauditus,Plauditus,4,4,CG,CG,,,,,,,,,1020401300,Arthropoda,Insecta,Pterygota,,Ephemeroptera,Baetidae,Plauditus
206622,Genus,Procloeon,Procloeon,6,6,CG,CG,4,4,4,4,,,,,1020401100,Arthropoda,Insecta,Pterygota,,Ephemeroptera,Baetidae,Procloeon
101493,Family,Baetiscidae,Baetiscidae,3,3,CG,CG,,,,,,,,,1021100000,Arthropoda,Insecta,Pterygota,,Ephemeroptera,Baetiscidae,
101494,Genus,Baetisca,Baetisca,4,4,CG,CG,2,2,2,2,,,,,1021100100,Arthropoda,Insecta,Pterygota,,Ephemeroptera,Baetiscidae,Baetisca
101467,Family,Caenidae,Caenidae,7,7,CG,CG,,,,,,,,,1021000000,Arthropoda,Insecta,Pterygota,,Ephemeroptera,Caenidae,
101468,Genus,Brachycercus,Brachycercus,3,3,CG,CG,,,,,,,,,1021000100,Arthropoda,Insecta,Pterygota,,Ephemeroptera,Caenidae,Brachycercus
101478,Genus,Caenis,Caenis,7,7,CG,CG,5,5,5,5,10,10,5,5,1021000200,Arthropoda,Insecta,Pterygota,,Ephemeroptera,Caenidae,Caenis
776922,Genus,Sparbarus,Sparbarus,,,,,,,,,,,,,1021000300,Arthropoda,Insecta,Pterygota,,Ephemeroptera,Caenidae,Sparbarus
776923,Genus,Susperatus,Susperatus,,,,,,,,,,,,,1021000400,Arthropoda,Insecta,Pterygota,,Ephemeroptera,Caenidae,Susperatus
101232,Family,Ephemerellidae,Ephemerellidae,2,2,CG,CG,,,,,,,,,1020800000,Arthropoda,Insecta,Pterygota,,Ephemeroptera,Ephemerellidae,
101338,Genus,Attenella,Attenella,2,2,SC,SC,2,2,2,2,,,,,1020800100,Arthropoda,Insecta,Pterygota,,Ephemeroptera,Ephemerellidae,Attenella
101360,Genus,Dannella,Dannella,3,3,CG,CG,3,3,3,3,,,,,1020800700,Arthropoda,Insecta,Pterygota,,Ephemeroptera,Ephemerellidae,Dannella
101365,Genus,Drunella,Drunella,1,1,SC,SC,2,2,2,2,,,1,1,1020800200,Arthropoda,Insecta,Pterygota,,Ephemeroptera,Ephemerellidae,Drunella
101233,Genus,Ephemerella,Ephemerella,1,1,CG,CG,2,3,3,3,6,6,2,2,1020800300,Arthropoda,Insecta,Pterygota,,Ephemeroptera,Ephemerellidae,Ephemerella
101324,Genus,Eurylophella,Eurylophella,4,4,SC,SC,2,3,3,3,3,3,5,5,1020800400,Arthropoda,Insecta,Pterygota,,Ephemeroptera,Ephemerellidae,Eurylophella
776925,Genus,Penelomax,Penelomax,2,2,CG,CG,,,,,,,,,1020800800,Arthropoda,Insecta,Pterygota,,Ephemeroptera,Ephemerellidae,Penelomax
101395,Genus,Serratella,Serratella,2,2,CG,CG,3,3,3,3,7,7,1,1,1020800500,Arthropoda,Insecta,Pterygota,,Ephemeroptera,Ephemerellidae,Serratella
776926,Genus,Teloganopsis,Teloganopsis,2,2,CG,CG,3,3,3,3,5,5,1,1,1020800900,Arthropoda,Insecta,Pterygota,,Ephemeroptera,Ephemerellidae,Teloganopsis
101525,Family,Ephemeridae,Ephemeridae,4,4,CG,CG,,,,,,,,,1021400000,Arthropoda,Insecta,Pterygota,,Ephemeroptera,Ephemeridae,
101526,Genus,Ephemera,Ephemera,2,2,CG,CG,2,3,3,3,,,2,2,1021400100,Arthropoda,Insecta,Pterygota,,Ephemeroptera,Ephemeridae,Ephemera
101537,Genus,Hexagenia,Hexagenia,6,6,CG,CG,4,4,4,4,,,,,1021400200,Arthropoda,Insecta,Pterygota,,Ephemeroptera,Ephemeridae,Hexagenia
101566,Genus,Litobrancha,Litobrancha,6,6,CG,CG,1,1,1,1,,,,,1021400300,Arthropoda,Insecta,Pterygota,,Ephemeroptera,Ephemeridae,Litobrancha
100504,Family,Heptageniidae,Heptageniidae,3,3,SC,SC,,,,,,,,,1020600000,Arthropoda,Insecta,Pterygota,,Ephemeroptera,Heptageniidae,
100557,Genus,Cinygmula,Cinygmula,1,1,CG,CG,1,1,1,1,,,0,0,1020600800,Arthropoda,Insecta,Pterygota,,Ephemeroptera,Heptageniidae,Cinygmula
100626,Genus,Epeorus,Epeorus,0,0,SC,SC,2,2,2,2,2,2,1,1,1020600100,Arthropoda,Insecta,Pterygota,,Ephemeroptera,Heptageniidae,Epeorus
100602,Genus,Heptagenia,Heptagenia,4,4,SC,SC,3,2,2,2,,,,,1020600200,Arthropoda,Insecta,Pterygota,,Ephemeroptera,Heptageniidae,Heptagenia
100676,Genus,Leucrocuta,Leucrocuta,1,1,SC,SC,3,3,3,3,8,8,1,1,1020600300,Arthropoda,Insecta,Pterygota,,Ephemeroptera,Heptageniidae,Leucrocuta
697957,Genus,Maccaffertium,Maccaffertium,3,3,SC,SC,3,3,3,3,6,6,3,3,1020600702,Arthropoda,Insecta,Pterygota,,Ephemeroptera,Heptageniidae,Maccaffertium
100692,Genus,Nixe,Nixe,2,2,SC,SC,1,1,1,1,,,,,1020600400,Arthropoda,Insecta,Pterygota,,Ephemeroptera,Heptageniidae,Nixe
100572,Genus,Rhithrogena,Rhithrogena,0,0,CG,CG,2,2,2,2,,,0,0,1020600500,Arthropoda,Insecta,Pterygota,,Ephemeroptera,Heptageniidae,Rhithrogena
100713,Genus,Stenacron,Stenacron,4,4,SC,SC,4,4,4,4,8,8,5,5,1020600600,Arthropoda,Insecta,Pterygota,,Ephemeroptera,Heptageniidae,Stenacron
100507,Genus,Stenonema,Stenonema,4,4,SC,SC,4,4,4,4,,,,,1020600701,Arthropoda,Insecta,Pterygota,,Ephemeroptera,Heptageniidae,Stenonema
609506,Family,Isonychiidae,Isonychiidae,3,3,CG,CG,,,,,,,,,1020500000,Arthropoda,Insecta,Pterygota,,Ephemeroptera,Isonychiidae,
101041,Genus,Isonychia,Isonychia,3,3,CG,CG,3,3,3,3,7,7,0,0,1020500100,Arthropoda,Insecta,Pterygota,,Ephemeroptera,Isonychiidae,Isonychia
568545,Family,Leptohyphidae,Leptohyphidae,4,4,CG,CG,,,,,,,,,1021600001,Arthropoda,Insecta,Pterygota,,Ephemeroptera,Leptohyphidae,
609512,Genus,Homoleptohyphes,Homoleptohyphes,,,,,,,,,,,,,1021600300,Arthropoda,Insecta,Pterygota,,Ephemeroptera,Leptohyphidae,Homoleptohyphes
101429,Genus,Leptohyphes,Leptohyphes,4,4,CG,CG,,,,,,,,,1021600200,Arthropoda,Insecta,Pterygota,,Ephemeroptera,Leptohyphidae,Leptohyphes
609513,Genus,Tricoryhyphes,Tricoryhyphes,,,,,,,,,,,,,1021600400,Arthropoda,Insecta,Pterygota,,Ephemeroptera,Leptohyphidae,Tricoryhyphes
101405,Genus,Tricorythodes,Tricorythodes,4,4,CG,CG,5,5,5,5,,,,,1021600100,Arthropoda,Insecta,Pterygota,,Ephemeroptera,Leptohyphidae,Tricorythodes
101095,Family,Leptophlebiidae,Leptophlebiidae,4,4,CG,CG,2,2,2,2,,,,,1021200000,Arthropoda,Insecta,Pterygota,,Ephemeroptera,Leptophlebiidae,
101108,Genus,Choroterpes,Choroterpes,2,2,CG,CG,2,2,2,2,,,,,1021200100,Arthropoda,Insecta,Pterygota,,Ephemeroptera,Leptophlebiidae,Choroterpes
101183,Genus,Habrophlebia,Habrophlebia,4,4,CG,CG,3,3,3,3,,,,,1021200200,Arthropoda,Insecta,Pterygota,,Ephemeroptera,Leptophlebiidae,Habrophlebia
101122,Genus,Habrophlebiodes,Habrophlebiodes,6,6,SC,SC,2,2,2,2,,,2,2,1021200300,Arthropoda,Insecta,Pterygota,,Ephemeroptera,Leptophlebiidae,Habrophlebiodes
101148,Genus,Leptophlebia,Leptophlebia,4,4,CG,CG,3,3,3,3,,,,,1021200400,Arthropoda,Insecta,Pterygota,,Ephemeroptera,Leptophlebiidae,Leptophlebia
101187,Genus,Paraleptophlebia,Paraleptophlebia,1,1,CG,CG,2,2,2,2,3,3,1,1,1021200500,Arthropoda,Insecta,Pterygota,,Ephemeroptera,Leptophlebiidae,Paraleptophlebia
101079,Genus,Siphloplecton,Siphloplecton,2,2,CG,CG,2,2,2,2,,,,,1020300200,Arthropoda,Insecta,Pterygota,,Ephemeroptera,Metretopodidae,Siphloplecton
101460,Family,Neoephemeridae,Neoephemeridae,3,3,CG,CG,,,,,,,,,1020900000,Arthropoda,Insecta,Pterygota,,Ephemeroptera,Neoephemeridae,
101461,Genus,Neoephemera,Neoephemera,3,3,CG,CG,,,,,,,,,1020900100,Arthropoda,Insecta,Pterygota,,Ephemeroptera,Neoephemeridae,Neoephemera
101588,Genus,Pentagenia,Pentagenia,4,4,CG,CG,,,,,,,,,1021400400,Arthropoda,Insecta,Pterygota,,Ephemeroptera,Palingeniidae,Pentagenia
101569,Family,Polymitarcyidae,Polymitarcyidae,2,2,CG,CG,,,,,,,,,1021500000,Arthropoda,Insecta,Pterygota,,Ephemeroptera,Polymitarcyidae,
101570,Genus,Ephoron,Ephoron,2,2,CG,CG,3,3,3,3,,,,,1021500100,Arthropoda,Insecta,Pterygota,,Ephemeroptera,Polymitarcyidae,Ephoron
568559,Genus,Anthopotamus,Anthopotamus,4,4,CG,CG,3,3,3,3,,,,,1021300100,Arthropoda,Insecta,Pterygota,,Ephemeroptera,Potamanthidae,Anthopotamus
100953,Genus,Siphlonurus,Siphlonurus,7,7,CG,CG,,,,,,,,,1020200200,Arthropoda,Insecta,Pterygota,,Ephemeroptera,Siphlonuridae,Siphlonurus
101593,Order,Odonata,Odonata,,,PR,PR,,,,,,,,,1030000000,Arthropoda,Insecta,Pterygota,,Odonata,,
101596,Family,Aeshnidae,Aeshnidae,3,3,PR,PR,,,,,,,,,1030300000,Arthropoda,Insecta,Pterygota,,Odonata,Aeshnidae,
101603,Genus,Aeshna,Aeshna,5,5,PR,PR,4,4,4,4,,,,,1030300100,Arthropoda,Insecta,Pterygota,,Odonata,Aeshnidae,Aeshna
101597,Genus,Anax,Anax,5,5,PR,PR,4,4,4,4,,,,,1030300200,Arthropoda,Insecta,Pterygota,,Odonata,Aeshnidae,Anax
101648,Genus,Basiaeschna,Basiaeschna,2,2,PR,PR,4,4,4,4,,,,,1030300300,Arthropoda,Insecta,Pterygota,,Odonata,Aeshnidae,Basiaeschna
101645,Genus,Boyeria,Boyeria,2,2,PR,PR,3,3,3,3,,,5,5,1030300400,Arthropoda,Insecta,Pterygota,,Odonata,Aeshnidae,Boyeria
101637,Genus,Epiaeschna,Epiaeschna,1,2,PR,PR,,,,,,,,,1030300500,Arthropoda,Insecta,Pterygota,,Odonata,Aeshnidae,Epiaeschna
101634,Genus,Gomphaeschna,Gomphaeschna,2,2,PR,PR,4,4,4,4,,,,,1030300600,Arthropoda,Insecta,Pterygota,,Odonata,Aeshnidae,Gomphaeschna
101653,Genus,Nasiaeschna,Nasiaeschna,2,2,PR,PR,,,,,,,,,1030300700,Arthropoda,Insecta,Pterygota,,Odonata,Aeshnidae,Nasiaeschna
102043,Family,Calopterygidae,Calopterygidae,5,5,PR,PR,4,4,4,4,,,,,1030700000,Arthropoda,Insecta,Pterygota,,Odonata,Calopterygidae,
102052,Genus,Calopteryx,Calopteryx,6,6,PR,PR,4,4,4,4,,,,,1030700100,Arthropoda,Insecta,Pterygota,,Odonata,Calopterygidae,Calopteryx
102048,Genus,Hetaerina,Hetaerina,6,6,PR,PR,4,4,4,4,,,,,1030700200,Arthropoda,Insecta,Pterygota,,Odonata,Calopterygidae,Hetaerina
102077,Family,Coenagrionidae,Coenagrionidae,8,8,PR,PR,4,4,4,4,,,,,1030800000,Arthropoda,Insecta,Pterygota,,Odonata,Coenagrionidae,
102093,Genus,Amphiagrion,Amphiagrion,5,5,PR,PR,,,,,,,,,1030800100,Arthropoda,Insecta,Pterygota,,Odonata,Coenagrionidae,Amphiagrion
102139,Genus,Argia,Argia,6,6,PR,PR,4,4,4,4,10,10,,,1030800200,Arthropoda,Insecta,Pterygota,,Odonata,Coenagrionidae,Argia
102133,Genus,Chromagrion,Chromagrion,4,4,PR,PR,,,,,,,,,1030800300,Arthropoda,Insecta,Pterygota,,Odonata,Coenagrionidae,Chromagrion
102102,Genus,Enallagma,Enallagma,8,8,PR,PR,4,4,4,4,,,,,1030800500,Arthropoda,Insecta,Pterygota,,Odonata,Coenagrionidae,Enallagma
102078,Genus,Ischnura,Ischnura,9,9,PR,PR,4,4,4,4,,,,,1030800600,Arthropoda,Insecta,Pterygota,,Odonata,Coenagrionidae,Ischnura
102135,Genus,Nehalennia,Nehalennia,7,7,PR,PR,,,,,,,,,1030800700,Arthropoda,Insecta,Pterygota,,Odonata,Coenagrionidae,Nehalennia
102026,Family,Cordulegastridae,Cordulegastridae,3,3,PR,PR,,,,,,,,,1030400000,Arthropoda,Insecta,Pterygota,,Odonata,Cordulegastridae,
102027,Genus,Cordulegaster,Cordulegaster,3,3,PR,PR,3,3,3,3,,,1,1,1030400100,Arthropoda,Insecta,Pterygota,,Odonata,Cordulegastridae,Cordulegaster
102020,Family,Corduliidae,Corduliidae,5,5,PR,PR,,,,,,,,,1030500000,Arthropoda,Insecta,Pterygota,,Odonata,Corduliidae,
102014,Genus,Cordulia,Cordulia,4,4,PR,PR,,,,,,,,,1030500200,Arthropoda,Insecta,Pterygota,,Odonata,Corduliidae,Cordulia
101851,Genus,Didymops,Didymops,4,4,PR,PR,4,4,4,4,,,,,1030500100,Arthropoda,Insecta,Pterygota,,Odonata,Corduliidae,Didymops
101854,Genus,Dorocordulia,Dorocordulia,4,4,PR,PR,,,,,,,,,1030500300,Arthropoda,Insecta,Pterygota,,Odonata,Corduliidae,Dorocordulia
102035,Genus,Epitheca,Epitheca,4,4,PR,PR,,,,,,,,,1030500400,Arthropoda,Insecta,Pterygota,,Odonata,Corduliidae,Epitheca
101878,Genus,Helocordulia,Helocordulia,2,2,PR,PR,,,,,,,,,1030500500,Arthropoda,Insecta,Pterygota,,Odonata,Corduliidae,Helocordulia
101918,Genus,Macromia,Macromia,2,2,PR,PR,4,4,4,4,,,,,1030500800,Arthropoda,Insecta,Pterygota,,Odonata,Corduliidae,Macromia
101934,Genus,Neurocordulia,Neurocordulia,3,3,PR,PR,,,,,,,,,1030500900,Arthropoda,Insecta,Pterygota,,Odonata,Corduliidae,Neurocordulia
101947,Genus,Somatochlora,Somatochlora,1,1,PR,PR,2,2,2,2,,,,,1030500600,Arthropoda,Insecta,Pterygota,,Odonata,Corduliidae,Somatochlora
101827,Genus,Williamsonia,Williamsonia,4,4,PR,PR,,,,,,,,,1030500700,Arthropoda,Insecta,Pterygota,,Odonata,Corduliidae,Williamsonia
101664,Family,Gomphidae,Gomphidae,4,4,PR,PR,3,3,3,3,,,1,1,1030200000,Arthropoda,Insecta,Pterygota,,Odonata,Gomphidae,
101715,Genus,Aphylla,Aphylla,4,4,PR,PR,,,,,,,,,1030200100,Arthropoda,Insecta,Pterygota,,Odonata,Gomphidae,Aphylla
101770,Genus,Arigomphus,Arigomphus,4,4,PR,PR,4,4,4,4,,,,,1030200200,Arthropoda,Insecta,Pterygota,,Odonata,Gomphidae,Arigomphus
101730,Genus,Dromogomphus,Dromogomphus,4,4,PR,PR,4,4,4,4,,,,,1030200300,Arthropoda,Insecta,Pterygota,,Odonata,Gomphidae,Dromogomphus
101665,Genus,Gomphus,Gomphus,5,5,PR,PR,4,4,4,4,,,,,1030200500,Arthropoda,Insecta,Pterygota,,Odonata,Gomphidae,Gomphus
101734,Genus,Hagenius,Hagenius,3,3,PR,PR,3,3,3,3,,,,,1030200600,Arthropoda,Insecta,Pterygota,,Odonata,Gomphidae,Hagenius
101766,Genus,Lanthus,Lanthus,5,5,PR,PR,2,2,2,2,1,1,3,3,1030200700,Arthropoda,Insecta,Pterygota,,Odonata,Gomphidae,Lanthus
101738,Genus,Ophiogomphus,Ophiogomphus,1,1,PR,PR,3,3,3,3,,,,,1030200800,Arthropoda,Insecta,Pterygota,,Odonata,Gomphidae,Ophiogomphus
101718,Genus,Progomphus,Progomphus,5,5,PR,PR,3,3,3,3,,,,,1030200900,Arthropoda,Insecta,Pterygota,,Odonata,Gomphidae,Progomphus
101761,Genus,Stylogomphus,Stylogomphus,4,4,PR,PR,4,4,4,4,,,3,3,1030201000,Arthropoda,Insecta,Pterygota,,Odonata,Gomphidae,Stylogomphus
101666,Genus,Stylurus,Stylurus,4,4,PR,PR,4,4,4,4,,,,,1030201100,Arthropoda,Insecta,Pterygota,,Odonata,Gomphidae,Stylurus
102061,Genus,Lestes,Lestes,9,9,PR,PR,,,,,,,,,1030700300,Arthropoda,Insecta,Pterygota,,Odonata,Lestidae,Lestes
101797,Family,Libellulidae,Libellulidae,9,9,PR,PR,,,,,,,,,1030600000,Arthropoda,Insecta,Pterygota,,Odonata,Libellulidae,
101840,Genus,Celithemis,Celithemis,2,2,PR,PR,,,,,,,,,1030600100,Arthropoda,Insecta,Pterygota,,Odonata,Libellulidae,Celithemis
101865,Genus,Erythemis,Erythemis,5,5,PR,PR,,,,,,,,,1030600200,Arthropoda,Insecta,Pterygota,,Odonata,Libellulidae,Erythemis
101870,Genus,Erythrodiplax,Erythrodiplax,5,5,PR,PR,,,,,,,,,1030600300,Arthropoda,Insecta,Pterygota,,Odonata,Libellulidae,Erythrodiplax
101881,Genus,Ladona,Ladona,6,6,PR,PR,,,,,,,,,1030600400,Arthropoda,Insecta,Pterygota,,Odonata,Libellulidae,Ladona
101885,Genus,Leucorrhinia,Leucorrhinia,6,6,PR,PR,,,,,,,,,1030600500,Arthropoda,Insecta,Pterygota,,Odonata,Libellulidae,Leucorrhinia
101893,Genus,Libellula,Libellula,8,8,PR,PR,,,,,,,,,1030600600,Arthropoda,Insecta,Pterygota,,Odonata,Libellulidae,Libellula
101932,Genus,Nannothemis,Nannothemis,6,6,PR,PR,,,,,,,,,1030600700,Arthropoda,Insecta,Pterygota,,Odonata,Libellulidae,Nannothemis
101798,Genus,Pachydiplax,Pachydiplax,8,8,PR,PR,,,,,,,,,1030600800,Arthropoda,Insecta,Pterygota,,Odonata,Libellulidae,Pachydiplax
101800,Genus,Pantala,Pantala,7,7,PR,PR,,,,,,,,,1030600900,Arthropoda,Insecta,Pterygota,,Odonata,Libellulidae,Pantala
101803,Genus,Perithemis,Perithemis,4,4,PR,PR,,,,,,,,,1030601000,Arthropoda,Insecta,Pterygota,,Odonata,Libellulidae,Perithemis
101808,Genus,Plathemis,Plathemis,3,3,PR,PR,,,,,,,,,1030601100,Arthropoda,Insecta,Pterygota,,Odonata,Libellulidae,Plathemis
101976,Genus,Sympetrum,Sympetrum,4,4,PR,PR,,,,,,,,,1030601200,Arthropoda,Insecta,Pterygota,,Odonata,Libellulidae,Sympetrum
101818,Genus,Tramea,Tramea,4,4,PR,PR,,,,,,,,,1030601300,Arthropoda,Insecta,Pterygota,,Odonata,Libellulidae,Tramea
101659,Family,Petaluridae,Petaluridae,5,5,PR,PR,,,,,,,,,1030100000,Arthropoda,Insecta,Pterygota,,Odonata,Petaluridae,
101660,Genus,Tachopteryx,Tachopteryx,5,5,PR,PR,,,,,,,,,1030100100,Arthropoda,Insecta,Pterygota,,Odonata,Petaluridae,Tachopteryx
109216,Order,Coleoptera,Coleoptera,,,,,,,,,,,,,1100000000,Arthropoda,Insecta,Pterygota,Holometabola,Coleoptera,,
114509,Family,Chrysomelidae,Chrysomelidae,5,5,SH,SH,,,,,,,,,1101600000,Arthropoda,Insecta,Pterygota,Holometabola,Coleoptera,Chrysomelidae,
114615,Genus,Disonycha,Disonycha,5,5,SH,SH,,,,,,,,,1101600100,Arthropoda,Insecta,Pterygota,Holometabola,Coleoptera,Chrysomelidae,Disonycha
114510,Genus,Donacia,Donacia,5,5,SH,SH,,,,,,,,,1101600200,Arthropoda,Insecta,Pterygota,Holometabola,Coleoptera,Chrysomelidae,Donacia
114544,Genus,Neohaemonia,Neohaemonia,5,5,SH,SH,,,,,,,,,1101600400,Arthropoda,Insecta,Pterygota,Holometabola,Coleoptera,Chrysomelidae,Neohaemonia
114590,Genus,Prasocuris,Prasocuris,5,5,SH,SH,,,,,,,,,1101600500,Arthropoda,Insecta,Pterygota,Holometabola,Coleoptera,Chrysomelidae,Prasocuris
114546,Genus,Pyrrhalta,Pyrrhalta,5,5,SH,SH,,,,,,,,,1101600600,Arthropoda,Insecta,Pterygota,Holometabola,Coleoptera,Chrysomelidae,Pyrrhalta
114666,Family,Curculionidae,Curculionidae,6,6,SH,SH,,,,,,,,,1101700000,Arthropoda,Insecta,Pterygota,Holometabola,Coleoptera,Curculionidae,
114875,Genus,Auleutes,Auleutes,6,6,SH,SH,,,,,,,,,1101700100,Arthropoda,Insecta,Pterygota,Holometabola,Coleoptera,Curculionidae,Auleutes
114779,Genus,Bagous,Bagous,6,6,SH,SH,,,,,,,,,1101700200,Arthropoda,Insecta,Pterygota,Holometabola,Coleoptera,Curculionidae,Bagous
616861,Genus,Euhrychiopsis,Euhrychiopsis,6,6,SH,SH,,,,,,,,,1101700400,Arthropoda,Insecta,Pterygota,Holometabola,Coleoptera,Curculionidae,Euhrychiopsis
114690,Genus,Listronotus,Listronotus,6,6,SH,SH,,,,,,,,,1101700600,Arthropoda,Insecta,Pterygota,Holometabola,Coleoptera,Curculionidae,Listronotus
114688,Genus,Lixellus,Lixellus,6,6,SH,SH,,,,,,,,,1101700700,Arthropoda,Insecta,Pterygota,Holometabola,Coleoptera,Curculionidae,Lixellus
114838,Genus,Lixus,Lixus,6,6,SH,SH,,,,,,,,,1101700800,Arthropoda,Insecta,Pterygota,Holometabola,Coleoptera,Curculionidae,Lixus
114676,Genus,Phytobius,Phytobius,6,6,SH,SH,,,,,,,,,1101701300,Arthropoda,Insecta,Pterygota,Holometabola,Coleoptera,Curculionidae,Phytobius
188024,Genus,Rhinoncus,Rhinoncus,6,6,SH,SH,,,,,,,,,1101701200,Arthropoda,Insecta,Pterygota,Holometabola,Coleoptera,Curculionidae,Rhinoncus
114871,Genus,Steremnius,Steremnius,6,6,SH,SH,,,,,,,,,1101701500,Arthropoda,Insecta,Pterygota,Holometabola,Coleoptera,Curculionidae,Steremnius
113999,Family,Dryopidae,Dryopidae,5,5,SC,SC,,,,,,,,,1101100000,Arthropoda,Insecta,Pterygota,Holometabola,Coleoptera,Dryopidae,
114025,Genus,Dryops,Dryops,5,5,SC,SC,,,,,,,,,1101100100,Arthropoda,Insecta,Pterygota,Holometabola,Coleoptera,Dryopidae,Dryops
114006,Genus,Helichus,Helichus,5,5,SC,SC,4,4,4,4,,,,,1101100200,Arthropoda,Insecta,Pterygota,Holometabola,Coleoptera,Dryopidae,Helichus
111963,Family,Dytiscidae,Dytiscidae,5,5,PR,PR,4,4,4,4,,,,,1100300000,Arthropoda,Insecta,Pterygota,Holometabola,Coleoptera,Dytiscidae,
112074,Genus,Acilius,Acilius,5,5,PR,PR,4,4,4,4,,,,,1100300100,Arthropoda,Insecta,Pterygota,Holometabola,Coleoptera,Dytiscidae,Acilius
112072,Genus,Agabetes,Agabetes,5,5,PR,PR,4,4,4,4,,,,,1100300200,Arthropoda,Insecta,Pterygota,Holometabola,Coleoptera,Dytiscidae,Agabetes
111966,Genus,Agabus,Agabus,5,5,PR,PR,4,4,4,4,,,,,1100300300,Arthropoda,Insecta,Pterygota,Holometabola,Coleoptera,Dytiscidae,Agabus
112319,Genus,Bidessonotus,Bidessonotus,5,5,PR,PR,,,,,,,,,1100300400,Arthropoda,Insecta,Pterygota,Holometabola,Coleoptera,Dytiscidae,Bidessonotus
112362,Genus,Brachyvatus,Brachyvatus,5,5,PR,PR,,,,,,,,,1100300500,Arthropoda,Insecta,Pterygota,Holometabola,Coleoptera,Dytiscidae,Brachyvatus
112136,Genus,Celina,Celina,5,5,PR,PR,,,,,,,,,1100300600,Arthropoda,Insecta,Pterygota,Holometabola,Coleoptera,Dytiscidae,Celina
112379,Genus,Colymbetes,Colymbetes,5,5,PR,PR,,,,,,,,,1100300800,Arthropoda,Insecta,Pterygota,Holometabola,Coleoptera,Dytiscidae,Colymbetes
112561,Genus,Copelatus,Copelatus,5,5,PR,PR,4,4,4,4,,,,,1100300700,Arthropoda,Insecta,Pterygota,Holometabola,Coleoptera,Dytiscidae,Copelatus
112371,Genus,Coptotomus,Coptotomus,5,5,PR,PR,,,,,,,,,1100300900,Arthropoda,Insecta,Pterygota,Holometabola,Coleoptera,Dytiscidae,Coptotomus
112364,Genus,Cybister,Cybister,5,5,PR,PR,4,4,4,4,,,,,1100301000,Arthropoda,Insecta,Pterygota,Holometabola,Coleoptera,Dytiscidae,Cybister
112145,Genus,Desmopachria,Desmopachria,5,5,PR,PR,,,,,,,,,1100301100,Arthropoda,Insecta,Pterygota,Holometabola,Coleoptera,Dytiscidae,Desmopachria
112118,Genus,Dytiscus,Dytiscus,5,5,PR,PR,,,,,,,,,1100301200,Arthropoda,Insecta,Pterygota,Holometabola,Coleoptera,Dytiscidae,Dytiscus
112165,Genus,Graphoderus,Graphoderus,5,5,PR,PR,,,,,,,,,1100301300,Arthropoda,Insecta,Pterygota,Holometabola,Coleoptera,Dytiscidae,Graphoderus
112172,Genus,Hydaticus,Hydaticus,5,5,PR,PR,,,,,,,,,1100301400,Arthropoda,Insecta,Pterygota,Holometabola,Coleoptera,Dytiscidae,Hydaticus
112390,Genus,Hydroporus,Hydroporus,5,5,PR,PR,4,4,4,4,,,,,1100302800,Arthropoda,Insecta,Pterygota,Holometabola,Coleoptera,Dytiscidae,Hydroporus
112257,Genus,Hydrovatus,Hydrovatus,5,5,PR,PR,4,4,4,4,,,,,1100301500,Arthropoda,Insecta,Pterygota,Holometabola,Coleoptera,Dytiscidae,Hydrovatus
112200,Genus,Hygrotus,Hygrotus,5,5,PR,PR,,,,,,,,,1100301600,Arthropoda,Insecta,Pterygota,Holometabola,Coleoptera,Dytiscidae,Hygrotus
112181,Genus,Ilybius,Ilybius,5,5,PR,PR,4,4,4,4,,,,,1100301700,Arthropoda,Insecta,Pterygota,Holometabola,Coleoptera,Dytiscidae,Ilybius
112278,Genus,Laccophilus,Laccophilus,5,5,PR,PR,4,4,4,4,,,,,1100301800,Arthropoda,Insecta,Pterygota,Holometabola,Coleoptera,Dytiscidae,Laccophilus
112270,Genus,Laccornis,Laccornis,5,5,PR,PR,,,,,,,,,1100301900,Arthropoda,Insecta,Pterygota,Holometabola,Coleoptera,Dytiscidae,Laccornis
112580,Genus,Liodessus,Liodessus,5,5,PR,PR,,,,,,,,,1100302000,Arthropoda,Insecta,Pterygota,Holometabola,Coleoptera,Dytiscidae,Liodessus
112303,Genus,Matus,Matus,5,5,PR,PR,,,,,,,,,1100302200,Arthropoda,Insecta,Pterygota,Holometabola,Coleoptera,Dytiscidae,Matus
728251,Genus,Nebrioporus,Nebrioporus,5,5,PR,PR,,,,,,,,,1100302300,Arthropoda,Insecta,Pterygota,Holometabola,Coleoptera,Dytiscidae,Nebrioporus
112314,Genus,Oreodytes,Oreodytes,5,5,PR,PR,,,,,,,,,1100302400,Arthropoda,Insecta,Pterygota,Holometabola,Coleoptera,Dytiscidae,Oreodytes
112086,Genus,Rhantus,Rhantus,5,5,PR,PR,,,,,,,,,1100302500,Arthropoda,Insecta,Pterygota,Holometabola,Coleoptera,Dytiscidae,Rhantus
568826,Genus,Stictotarsus,Stictotarsus,5,5,PR,PR,,,,,,,,,1100302600,Arthropoda,Insecta,Pterygota,Holometabola,Coleoptera,Dytiscidae,Stictotarsus
112575,Genus,Uvarus,Uvarus,5,5,PR,PR,4,4,4,4,,,,,1100302700,Arthropoda,Insecta,Pterygota,Holometabola,Coleoptera,Dytiscidae,Uvarus
114093,Family,Elmidae,Elmidae,5,5,CG,CG,,,,,,,,,1101300000,Arthropoda,Insecta,Pterygota,Holometabola,Coleoptera,Elmidae,
114193,Genus,Ancyronyx,Ancyronyx,2,2,CG,CG,4,4,4,4,,,,,1101300100,Arthropoda,Insecta,Pterygota,Holometabola,Coleoptera,Elmidae,Ancyronyx
114126,Genus,Dubiraphia,Dubiraphia,6,6,SC,SC,4,4,4,4,10,10,,,1101300200,Arthropoda,Insecta,Pterygota,Holometabola,Coleoptera,Elmidae,Dubiraphia
114216,Genus,Gonielmis,Gonielmis,5,5,SC,SC,,,,,,,,,1101300300,Arthropoda,Insecta,Pterygota,Holometabola,Coleoptera,Elmidae,Gonielmis
114212,Genus,Macronychus,Macronychus,2,2,SC,SC,4,4,4,4,,,,,1101300400,Arthropoda,Insecta,Pterygota,Holometabola,Coleoptera,Elmidae,Macronychus
114146,Genus,Microcylloepus,Microcylloepus,2,2,SC,SC,4,4,4,4,,,,,1101300500,Arthropoda,Insecta,Pterygota,Holometabola,Coleoptera,Elmidae,Microcylloepus
114177,Genus,Optioservus,Optioservus,4,4,SC,SC,4,4,4,4,7,7,7,7,1101300600,Arthropoda,Insecta,Pterygota,Holometabola,Coleoptera,Elmidae,Optioservus
114229,Genus,Promoresia,Promoresia,2,2,SC,SC,2,3,3,3,4,4,3,3,1101300900,Arthropoda,Insecta,Pterygota,Holometabola,Coleoptera,Elmidae,Optioservus
114235,Genus,Ordobrevia,Ordobrevia,5,5,SC,SC,,,,,,,,,1101300700,Arthropoda,Insecta,Pterygota,Holometabola,Coleoptera,Elmidae,Ordobrevia
114244,Genus,Oulimnius,Oulimnius,5,5,SC,SC,2,3,3,3,4,4,2,2,1101300800,Arthropoda,Insecta,Pterygota,Holometabola,Coleoptera,Elmidae,Oulimnius
114095,Genus,Stenelmis,Stenelmis,5,5,SC,SC,5,5,5,5,9,9,5,5,1101301000,Arthropoda,Insecta,Pterygota,Holometabola,Coleoptera,Elmidae,Stenelmis
114814,Genus,Brachybamus,Brachybamus,6,6,SH,SH,,,,,,,,,1101700300,Arthropoda,Insecta,Pterygota,Holometabola,Coleoptera,Erirhinidae,Brachybamus
114681,Genus,Lissorhoptrus,Lissorhoptrus,6,6,SH,SH,,,,,,,,,1101700500,Arthropoda,Insecta,Pterygota,Holometabola,Coleoptera,Erirhinidae,Lissorhoptrus
114823,Genus,Notiodes,Notiodes,6,6,SH,SH,,,,,,,,,1101700900,Arthropoda,Insecta,Pterygota,Holometabola,Coleoptera,Erirhinidae,Notiodes
114774,Genus,Onychylis,Onychylis,6,6,SH,SH,,,,,,,,,1101701000,Arthropoda,Insecta,Pterygota,Holometabola,Coleoptera,Erirhinidae,Onychylis
114679,Genus,Stenopelmus,Stenopelmus,6,6,SH,SH,,,,,,,,,1101701400,Arthropoda,Insecta,Pterygota,Holometabola,Coleoptera,Erirhinidae,Stenopelmus
114896,Genus,Tanysphyrus,Tanysphyrus,6,6,SH,SH,,,,,,,,,1101701600,Arthropoda,Insecta,Pterygota,Holometabola,Coleoptera,Erirhinidae,Tanysphyrus
112653,Family,Gyrinidae,Gyrinidae,4,4,PR,PR,4,4,4,4,,,,,1100100000,Arthropoda,Insecta,Pterygota,Holometabola,Coleoptera,Gyrinidae,
112711,Genus,Dineutus,Dineutus,4,4,PR,PR,4,4,4,4,,,,,1100100100,Arthropoda,Insecta,Pterygota,Holometabola,Coleoptera,Gyrinidae,Dineutus
112654,Genus,Gyrinus,Gyrinus,4,4,PR,PR,4,4,4,4,,,,,1100100200,Arthropoda,Insecta,Pterygota,Holometabola,Coleoptera,Gyrinidae,Gyrinus
112735,Genus,Spanglerogyrus,Spanglerogyrus,4,4,PR,PR,,,,,,,,,1100100300,Arthropoda,Insecta,Pterygota,Holometabola,Coleoptera,Gyrinidae,Spanglerogyrus
111857,Family,Haliplidae,Haliplidae,5,5,SH,SH,,,,,,,,,1100200000,Arthropoda,Insecta,Pterygota,Holometabola,Coleoptera,Haliplidae,
111858,Genus,Haliplus,Haliplus,5,5,SH,SH,,,,,,,,,1100200100,Arthropoda,Insecta,Pterygota,Holometabola,Coleoptera,Haliplidae,Haliplus
111923,Genus,Peltodytes,Peltodytes,5,5,SH,SH,,,,,,,,,1100200200,Arthropoda,Insecta,Pterygota,Holometabola,Coleoptera,Haliplidae,Peltodytes
193642,Family,Helophoridae,Helophoridae,5,5,SH,SH,,,,,,,,,1100500000,Arthropoda,Insecta,Pterygota,Holometabola,Coleoptera,Helophoridae,
113106,Genus,Helophorus,Helophorus,5,5,SH,SH,,,,,,,,,1100500100,Arthropoda,Insecta,Pterygota,Holometabola,Coleoptera,Helophoridae,Helophorus
114959,Family,Histeridae,Histeridae,5,5,SH,SH,,,,,,,,,1101800000,Arthropoda,Insecta,Pterygota,Holometabola,Coleoptera,Histeridae,
112756,Family,Hydraenidae,Hydraenidae,6,6,CG,CG,,,,,,,,,1100900000,Arthropoda,Insecta,Pterygota,Holometabola,Coleoptera,Hydraenidae,
112757,Genus,Hydraena,Hydraena,6,6,CG,CG,,,,,,,,,1100900100,Arthropoda,Insecta,Pterygota,Holometabola,Coleoptera,Hydraenidae,Hydraena
112768,Genus,Limnebius,Limnebius,6,6,CG,CG,,,,,,,,,1100900200,Arthropoda,Insecta,Pterygota,Holometabola,Coleoptera,Hydraenidae,Limnebius
112777,Genus,Ochthebius,Ochthebius,6,6,CG,CG,,,,,,,,,1100900300,Arthropoda,Insecta,Pterygota,Holometabola,Coleoptera,Hydraenidae,Ochthebius
722226,Family,Hydrochidae,Hydrochidae,5,5,SH,SH,,,,,,,,,1100600000,Arthropoda,Insecta,Pterygota,Holometabola,Coleoptera,Hydrochidae,
113166,Genus,Hydrochus,Hydrochus,5,5,SH,SH,,,,,,,,,1100600100,Arthropoda,Insecta,Pterygota,Holometabola,Coleoptera,Hydrochidae,Hydrochus
112811,Family,Hydrophilidae,Hydrophilidae,5,5,PR,PR,,,,,,,,,1100700000,Arthropoda,Insecta,Pterygota,Holometabola,Coleoptera,Hydrophilidae,
112878,Genus,Anacaena,Anacaena,5,5,PR,PR,,,,,,,,,1100700100,Arthropoda,Insecta,Pterygota,Holometabola,Coleoptera,Hydrophilidae,Anacaena
112812,Genus,Berosus,Berosus,5,5,PR,PR,5,5,5,5,,,,,1100700200,Arthropoda,Insecta,Pterygota,Holometabola,Coleoptera,Hydrophilidae,Berosus
112845,Genus,Chaetarthria,Chaetarthria,5,5,PR,PR,,,,,,,,,1100700300,Arthropoda,Insecta,Pterygota,Holometabola,Coleoptera,Hydrophilidae,Chaetarthria
113220,Genus,Crenitis,Crenitis,5,5,PR,PR,,,,,,,,,1100700400,Arthropoda,Insecta,Pterygota,Holometabola,Coleoptera,Hydrophilidae,Crenitis
113017,Genus,Cymbiodyta,Cymbiodyta,5,5,PR,PR,,,,,,,,,1100700500,Arthropoda,Insecta,Pterygota,Holometabola,Coleoptera,Hydrophilidae,Cymbiodyta
113087,Genus,Derallus,Derallus,5,5,PR,PR,,,,,,,,,1100700600,Arthropoda,Insecta,Pterygota,Holometabola,Coleoptera,Hydrophilidae,Derallus
112973,Genus,Enochrus,Enochrus,5,5,PR,PR,,,,,,,,,1100700800,Arthropoda,Insecta,Pterygota,Holometabola,Coleoptera,Hydrophilidae,Enochrus
113150,Genus,Helochares,Helochares,5,5,PR,PR,,,,,,,,,1100700900,Arthropoda,Insecta,Pterygota,Holometabola,Coleoptera,Hydrophilidae,Helochares
113148,Genus,Helocombus,Helocombus,5,5,PR,PR,,,,,,,,,1100701000,Arthropoda,Insecta,Pterygota,Holometabola,Coleoptera,Hydrophilidae,Helocombus
113196,Genus,Hydrobius,Hydrobius,5,5,PR,PR,,,,,,,,,1100701100,Arthropoda,Insecta,Pterygota,Holometabola,Coleoptera,Hydrophilidae,Hydrobius
113190,Genus,Hydrochara,Hydrochara,5,5,PR,PR,,,,,,,,,1100701200,Arthropoda,Insecta,Pterygota,Holometabola,Coleoptera,Hydrophilidae,Hydrochara
113204,Genus,Hydrophilus,Hydrophilus,5,5,PR,PR,,,,,,,,,1100701300,Arthropoda,Insecta,Pterygota,Holometabola,Coleoptera,Hydrophilidae,Hydrophilus
112858,Genus,Laccobius,Laccobius,5,5,PR,PR,,,,,,,,,1100701400,Arthropoda,Insecta,Pterygota,Holometabola,Coleoptera,Hydrophilidae,Laccobius
112909,Genus,Paracymus,Paracymus,5,5,PR,PR,,,,,,,,,1100701500,Arthropoda,Insecta,Pterygota,Holometabola,Coleoptera,Hydrophilidae,Paracymus
112931,Genus,Sperchopsis,Sperchopsis,5,5,PR,PR,,,,,,,,,1100701600,Arthropoda,Insecta,Pterygota,Holometabola,Coleoptera,Hydrophilidae,Sperchopsis
112938,Genus,Tropisternus,Tropisternus,5,5,PR,PR,,,,,,,,,1100701700,Arthropoda,Insecta,Pterygota,Holometabola,Coleoptera,Hydrophilidae,Tropisternus
678328,Family,Lutrochidae,Lutrochidae,6,6,UK,UK,,,,,,,,,1101500000,Arthropoda,Insecta,Pterygota,Holometabola,Coleoptera,Lutrochidae,
114037,Genus,Lutrochus,Lutrochus,6,6,UK,UK,,,,,,,,,1101500100,Arthropoda,Insecta,Pterygota,Holometabola,Coleoptera,Lutrochidae,Lutrochus
112606,Family,Noteridae,Noteridae,5,5,PR,PR,,,,,,,,,1100400000,Arthropoda,Insecta,Pterygota,Holometabola,Coleoptera,Noteridae,
112623,Genus,Hydrocanthus,Hydrocanthus,5,5,PR,PR,,,,,,,,,1100400100,Arthropoda,Insecta,Pterygota,Holometabola,Coleoptera,Noteridae,Hydrocanthus
112617,Genus,Pronoterus,Pronoterus,5,5,PR,PR,,,,,,,,,1100400200,Arthropoda,Insecta,Pterygota,Holometabola,Coleoptera,Noteridae,Pronoterus
112636,Genus,Suphis,Suphis,5,5,PR,PR,,,,,,,,,1100400300,Arthropoda,Insecta,Pterygota,Holometabola,Coleoptera,Noteridae,Suphis
112607,Genus,Suphisellus,Suphisellus,5,5,PR,PR,,,,,,,,,1100400400,Arthropoda,Insecta,Pterygota,Holometabola,Coleoptera,Noteridae,Suphisellus
678374,Family,Prostomidae,Nemertea,,6,,PR,,,,4,,,,,5010100000,Arthropoda,Insecta,Pterygota,Holometabola,Coleoptera,Prostomidae,
114069,Family,Psephenidae,Psephenidae,4,4,SC,SC,,,,,,,,,1101000000,Arthropoda,Insecta,Pterygota,Holometabola,Coleoptera,Psephenidae,
114091,Genus,Dicranopselaphus,Dicranopselaphus,4,4,SC,SC,,,,,,,,,1101000300,Arthropoda,Insecta,Pterygota,Holometabola,Coleoptera,Psephenidae,Dicranopselaphus
114087,Genus,Ectopria,Ectopria,5,5,SC,SC,3,3,3,3,,,2,2,1101000400,Arthropoda,Insecta,Pterygota,Holometabola,Coleoptera,Psephenidae,Ectopria
114085,Genus,Eubrianax,Eubrianax,4,4,SC,SC,,,,,,,,,1101000100,Arthropoda,Insecta,Pterygota,Holometabola,Coleoptera,Psephenidae,Eubrianax
114070,Genus,Psephenus,Psephenus,4,4,SC,SC,4,4,4,4,9,9,1,1,1101000200,Arthropoda,Insecta,Pterygota,Holometabola,Coleoptera,Psephenidae,Psephenus
114667,Genus,Anchytarsus,Anchytarsus,5,5,SH,SH,2,3,3,3,,,3,3,1101400100,Arthropoda,Insecta,Pterygota,Holometabola,Coleoptera,Ptilodactylidae,Anchytarsus
113924,Family,Scirtidae,Scirtidae,8,8,SC,SC,,,,,,,,,1101200000,Arthropoda,Insecta,Pterygota,Holometabola,Coleoptera,Scirtidae,
113948,Genus,Cyphon,Cyphon,8,8,SC,SC,,,,,,,,,1101200100,Arthropoda,Insecta,Pterygota,Holometabola,Coleoptera,Scirtidae,Elodes
113969,Genus,Elodes,Elodes,8,8,SC,SC,,,,,,,,,1101200200,Arthropoda,Insecta,Pterygota,Holometabola,Coleoptera,Scirtidae,Elodes
113971,Genus,Sacodes,Sacodes,8,8,SC,SC,,,,,,,,,1101200300,Arthropoda,Insecta,Pterygota,Holometabola,Coleoptera,Scirtidae,Sacodes
113929,Genus,Scirtes,Scirtes,8,8,SC,SC,,,,,,,,,1101200400,Arthropoda,Insecta,Pterygota,Holometabola,Coleoptera,Scirtidae,Scirtes
113265,Family,Staphylinidae,Staphylinidae,5,5,PR,PR,,,,,,,,,1100800000,Arthropoda,Insecta,Pterygota,Holometabola,Coleoptera,Staphylinidae,
113304,Genus,Bledius,Bledius,5,5,PR,PR,,,,,,,,,1100800100,Arthropoda,Insecta,Pterygota,Holometabola,Coleoptera,Staphylinidae,Bledius
113442,Genus,Carpelimus,Carpelimus,5,5,PR,PR,,,,,,,,,1100800200,Arthropoda,Insecta,Pterygota,Holometabola,Coleoptera,Staphylinidae,Carpelimus
113564,Genus,Psephidonus,Psephidonus,5,5,PR,PR,,,,,,,,,1100800300,Arthropoda,Insecta,Pterygota,Holometabola,Coleoptera,Staphylinidae,Psephidonus
113576,Genus,Stenus,Stenus,5,5,PR,PR,,,,,,,,,1100800500,Arthropoda,Insecta,Pterygota,Holometabola,Coleoptera,Staphylinidae,Stenus
113777,Genus,Thinobius,Thinobius,5,5,PR,PR,,,,,,,,,1100800400,Arthropoda,Insecta,Pterygota,Holometabola,Coleoptera,Staphylinidae,Thinobius
118831,Order,Diptera,Diptera,,,,,,,,,,,,,1120000000,Arthropoda,Insecta,Pterygota,Holometabola,Diptera,,
130928,Family,Athericidae,Athericidae,2,2,PR,PR,,,,,,,,,1120900000,Arthropoda,Insecta,Pterygota,Holometabola,Diptera,Athericidae,
130929,Genus,Atherix,Atherix,2,2,PR,PR,3,3,3,3,2,2,0,0,1120900100,Arthropoda,Insecta,Pterygota,Holometabola,Diptera,Athericidae,Atherix
121227,Family,Blephariceridae,Blephariceridae,0,0,SC,SC,,,,,,,,,1120100000,Arthropoda,Insecta,Pterygota,Holometabola,Diptera,Blephariceridae,
121255,Genus,Blepharicera,Blepharicera,0,0,SC,SC,1,1,1,1,,,0,0,1120100100,Arthropoda,Insecta,Pterygota,Holometabola,Diptera,Blephariceridae,Blepharicera
127076,Family,Ceratopogonidae,Ceratopogonidae,6,6,PR,PR,4,4,4,4,,,2,2,1120200000,Arthropoda,Insecta,Pterygota,Holometabola,Diptera,Ceratopogonidae,
127533,Genus,Alluaudomyia,Alluaudomyia,6,6,PR,PR,4,4,4,4,,,,,1120200400,Arthropoda,Insecta,Pterygota,Holometabola,Diptera,Ceratopogonidae,Alluaudomyia
127113,Genus,Atrichopogon,Atrichopogon,2,2,PR,PR,4,4,4,4,,,,,1120200200,Arthropoda,Insecta,Pterygota,Holometabola,Diptera,Ceratopogonidae,Atrichopogon
127778,Genus,Bezzia,Bezzia,6,6,PR,PR,4,4,4,4,,,5,5,1120200500,Arthropoda,Insecta,Pterygota,Holometabola,Diptera,Ceratopogonidae,Bezzia
127548,Genus,Brachypogon,Brachypogon,6,6,PR,PR,,,,,,,,,1120200600,Arthropoda,Insecta,Pterygota,Holometabola,Diptera,Ceratopogonidae,Brachypogon
127564,Genus,Ceratopogon,Ceratopogon,6,6,PR,PR,4,4,4,4,,,4,4,1120200700,Arthropoda,Insecta,Pterygota,Holometabola,Diptera,Ceratopogonidae,Ceratopogon
127649,Genus,Clinohelea,Clinohelea,6,6,PR,PR,,,,,,,,,1120200800,Arthropoda,Insecta,Pterygota,Holometabola,Diptera,Ceratopogonidae,Clinohelea
127340,Genus,Culicoides,Culicoides,10,10,PR,PR,4,4,4,4,,,,,1120200900,Arthropoda,Insecta,Pterygota,Holometabola,Diptera,Ceratopogonidae,Culicoides
127278,Genus,Dasyhelea,Dasyhelea,6,6,CG,CG,4,4,4,4,,,,,1120200100,Arthropoda,Insecta,Pterygota,Holometabola,Diptera,Ceratopogonidae,Dasyhelea
127152,Genus,Forcipomyia,Forcipomyia,6,6,SC,SC,4,4,4,4,,,,,1120200300,Arthropoda,Insecta,Pterygota,Holometabola,Diptera,Ceratopogonidae,Forcipomyia
127693,Genus,Johannsenomyia,Johannsenomyia,6,6,PR,PR,,,,,,,,,1120201000,Arthropoda,Insecta,Pterygota,Holometabola,Diptera,Ceratopogonidae,Johannsenomyia
127079,Genus,Leptoconops,Leptoconops,6,6,PR,PR,,,,,,,,,1120201900,Arthropoda,Insecta,Pterygota,Holometabola,Diptera,Ceratopogonidae,Leptoconops
127702,Genus,Mallochohelea,Mallochohelea,6,6,PR,PR,4,4,4,4,,,,,1120201100,Arthropoda,Insecta,Pterygota,Holometabola,Diptera,Ceratopogonidae,Mallochohelea
127575,Genus,Monohelea,Monohelea,6,6,PR,PR,,,,,,,,,1120201200,Arthropoda,Insecta,Pterygota,Holometabola,Diptera,Ceratopogonidae,Monohelea
127720,Genus,Nilobezzia,Nilobezzia,6,6,PR,PR,,,,,,,,,1120201300,Arthropoda,Insecta,Pterygota,Holometabola,Diptera,Ceratopogonidae,Nilobezzia
127859,Genus,Palpomyia,Palpomyia,6,6,PR,PR,4,4,4,4,,,,,1120201400,Arthropoda,Insecta,Pterygota,Holometabola,Diptera,Ceratopogonidae,Palpomyia
127729,Genus,Probezzia,Probezzia,6,6,PR,PR,4,4,4,4,,,2,2,1120201500,Arthropoda,Insecta,Pterygota,Holometabola,Diptera,Ceratopogonidae,Probezzia
127614,Genus,Serromyia,Serromyia,6,6,PR,PR,,,,,,,,,1120201600,Arthropoda,Insecta,Pterygota,Holometabola,Diptera,Ceratopogonidae,Serromyia
127761,Genus,Sphaeromias,Sphaeromias,6,6,PR,PR,,,,,,,,,1120201700,Arthropoda,Insecta,Pterygota,Holometabola,Diptera,Ceratopogonidae,Sphaeromias
127619,Genus,Stilobezzia,Stilobezzia,6,6,PR,PR,4,4,4,4,,,,,1120201800,Arthropoda,Insecta,Pterygota,Holometabola,Diptera,Ceratopogonidae,Stilobezzia
125886,Family,Chaoboridae,Chaoboridae,8,8,PR,PR,,,,,,,,,1120300000,Arthropoda,Insecta,Pterygota,Holometabola,Diptera,Chaoboridae,
125904,Genus,Chaoborus,Chaoborus,8,8,PR,PR,,,,,,,,,1120300100,Arthropoda,Insecta,Pterygota,Holometabola,Diptera,Chaoboridae,Chaoborus
125893,Genus,Mochlonyx,Mochlonyx,8,8,PR,PR,,,,,,,,,1120300200,Arthropoda,Insecta,Pterygota,Holometabola,Diptera,Chaoboridae,Mochlonyx
127917,Family,Chironomidae,Chironomidae,6,6,CG,CG,5,5,5,5,9,9,4,4,1122200000,Arthropoda,Insecta,Pterygota,Holometabola,Diptera,Chironomidae,
127994,Subfamily,Tanypodinae,Chironomidae,,6,,CG,,,,5,,9,,4,1122200100,Arthropoda,Insecta,Pterygota,Holometabola,Diptera,Chironomidae,
128457,Subfamily,Orthocladiinae,Chironomidae,,6,,CG,5,5,5,5,,9,,4,1122204001,Arthropoda,Insecta,Pterygota,Holometabola,Diptera,Chironomidae,
129228,Subfamily,Chironominae,Chironomidae,,6,,CG,,,,5,,9,,4,1122209000,Arthropoda,Insecta,Pterygota,Holometabola,Diptera,Chironomidae,
129229,Tribe,Chironomini,Chironomidae,,6,,CG,,,,5,,9,,4,1122209001,Arthropoda,Insecta,Pterygota,Holometabola,Diptera,Chironomidae,
129872,Tribe,Tanytarsini,Chironomidae,,,,CG,,,,5,,9,,4,1122213000,Arthropoda,Insecta,Pterygota,Holometabola,Diptera,Chironomidae,
128079,Genus,Ablabesmyia,Chironomidae,8,6,PR,CG,5,5,5,5,,9,,4,1122201000,Arthropoda,Insecta,Pterygota,Holometabola,Diptera,Chironomidae,Ablabesmyia
129230,Genus,Acalcarella,Chironomidae,,6,,CG,,,,5,,9,,4,1122209002,Arthropoda,Insecta,Pterygota,Holometabola,Diptera,Chironomidae,Acalcarella
206646,Genus,Alotanypus,Chironomidae,,6,,CG,,,,5,,9,,4,1122200300,Arthropoda,Insecta,Pterygota,Holometabola,Diptera,Chironomidae,Alotanypus
128470,Genus,Antillocladius,Chironomidae,,6,,CG,,,,5,,9,,4,1122204400,Arthropoda,Insecta,Pterygota,Holometabola,Diptera,Chironomidae,Antillocladius
206655,Genus,Apedilum,Chironomidae,,6,,CG,,,,5,,9,,4,1122209100,Arthropoda,Insecta,Pterygota,Holometabola,Diptera,Chironomidae,Apedilum
128021,Genus,Apsectrotanypus,Chironomidae,,6,,CG,3,3,3,5,,9,,4,1122200400,Arthropoda,Insecta,Pterygota,Holometabola,Diptera,Chironomidae,Apsectrotanypus
129236,Genus,Axarus,Chironomidae,,6,,CG,,,,5,,9,,4,1122209200,Arthropoda,Insecta,Pterygota,Holometabola,Diptera,Chironomidae,Axarus
127954,Genus,Boreochlus,Chironomidae,,6,,CG,,,,5,,9,,4,1122202800,Arthropoda,Insecta,Pterygota,Holometabola,Diptera,Chironomidae,Boreochlus
128343,Genus,Boreoheptagyia,Chironomidae,,6,,CG,,,,5,,9,,4,1122203100,Arthropoda,Insecta,Pterygota,Holometabola,Diptera,Chironomidae,Boreoheptagyia
128477,Genus,Brillia,Chironomidae,5,6,SH,CG,4,4,4,5,,9,,4,1122204500,Arthropoda,Insecta,Pterygota,Holometabola,Diptera,Chironomidae,Brillia
128026,Genus,Brundiniella,Chironomidae,9,6,PR,CG,,,,5,,9,,4,1122200500,Arthropoda,Insecta,Pterygota,Holometabola,Diptera,Chironomidae,Brundiniella
128488,Genus,Bryophaenocladius,Chironomidae,,6,,CG,,,,5,,9,,4,1122204600,Arthropoda,Insecta,Pterygota,Holometabola,Diptera,Chironomidae,Bryophaenocladius
128126,Genus,Cantopelopia,Chironomidae,,6,,CG,,,,5,,9,,4,1122201100,Arthropoda,Insecta,Pterygota,Holometabola,Diptera,Chironomidae,Cantopelopia
128511,Genus,Cardiocladius,Chironomidae,5,6,PR,CG,5,5,5,5,,9,,4,1122204700,Arthropoda,Insecta,Pterygota,Holometabola,Diptera,Chironomidae,Cardiocladius
128520,Genus,Chaetocladius,Chironomidae,6,6,CG,CG,,,,5,,9,,4,1122204800,Arthropoda,Insecta,Pterygota,Holometabola,Diptera,Chironomidae,Chaetocladius
129249,Genus,Chernovskiia,Chironomidae,,6,,CG,,,,5,,9,,4,1122209300,Arthropoda,Insecta,Pterygota,Holometabola,Diptera,Chironomidae,Chernovskiia
129254,Genus,Chironomus,Chironomidae,10,6,CG,CG,5,5,5,5,,9,,4,1122209400,Arthropoda,Insecta,Pterygota,Holometabola,Diptera,Chironomidae,Chironomus
129350,Genus,Cladopelma,Chironomidae,9,6,CG,CG,,,,5,,9,,4,1122209500,Arthropoda,Insecta,Pterygota,Holometabola,Diptera,Chironomidae,Cladopelma
129873,Genus,Cladotanytarsus,Chironomidae,7,6,FC,CG,5,5,5,5,,9,,4,1122213001,Arthropoda,Insecta,Pterygota,Holometabola,Diptera,Chironomidae,Cladotanytarsus
127996,Genus,Clinotanypus,Chironomidae,,6,,CG,5,5,5,5,,9,,4,1122200101,Arthropoda,Insecta,Pterygota,Holometabola,Diptera,Chironomidae,Clinotanypus
128542,Genus,Clunio,Chironomidae,,6,,CG,,,,5,,9,,4,1122204101,Arthropoda,Insecta,Pterygota,Holometabola,Diptera,Chironomidae,Clunio
128010,Genus,Coelotanypus,Chironomidae,4,6,PR,CG,,,,5,,9,,4,1122200200,Arthropoda,Insecta,Pterygota,Holometabola,Diptera,Chironomidae,Coelotanypus
128130,Genus,Conchapelopia,Chironomidae,6,6,PR,CG,5,5,5,5,,9,,4,1122201200,Arthropoda,Insecta,Pterygota,Holometabola,Diptera,Chironomidae,Conchapelopia
129884,Genus,Constempellina,Chironomidae,4,6,CG,CG,2,2,2,5,,9,,4,1122213100,Arthropoda,Insecta,Pterygota,Holometabola,Diptera,Chironomidae,Constempellina
128563,Genus,Corynoneura,Chironomidae,4,6,CG,CG,5,5,5,5,,9,,4,1122204200,Arthropoda,Insecta,Pterygota,Holometabola,Diptera,Chironomidae,Corynoneura
128575,Genus,Cricotopus,Chironomidae,7,6,CG,CG,5,5,5,5,,9,,4,1122204900,Arthropoda,Insecta,Pterygota,Holometabola,Diptera,Chironomidae,Cricotopus
129368,Genus,Cryptochironomus,Chironomidae,8,6,PR,CG,5,5,5,5,,9,,4,1122209600,Arthropoda,Insecta,Pterygota,Holometabola,Diptera,Chironomidae,Cryptochironomus
129394,Genus,Cryptotendipes,Chironomidae,6,6,CG,CG,5,5,5,5,,9,,4,1122209700,Arthropoda,Insecta,Pterygota,Holometabola,Diptera,Chironomidae,Cryptotendipes
129405,Genus,Cyphomella,Chironomidae,,6,,CG,,,,5,,9,,4,1122209800,Arthropoda,Insecta,Pterygota,Holometabola,Diptera,Chironomidae,Cyphomella
129412,Genus,Demeijerea,Chironomidae,,6,,CG,,,,5,,9,,4,1122209900,Arthropoda,Insecta,Pterygota,Holometabola,Diptera,Chironomidae,Demeijerea
129421,Genus,Demicryptochironomus,Chironomidae,8,6,CG,CG,5,5,5,5,,9,,4,1122210000,Arthropoda,Insecta,Pterygota,Holometabola,Diptera,Chironomidae,Demicryptochironomus
128355,Genus,Diamesa,Chironomidae,5,6,CG,CG,2,2,2,5,,9,,4,1122203200,Arthropoda,Insecta,Pterygota,Holometabola,Diptera,Chironomidae,Diamesa
129428,Genus,Dicrotendipes,Chironomidae,8,6,CG,CG,5,5,5,5,,9,,4,1122210100,Arthropoda,Insecta,Pterygota,Holometabola,Diptera,Chironomidae,Dicrotendipes
128670,Genus,Diplocladius,Chironomidae,8,6,CG,CG,5,5,5,5,,9,,4,1122205000,Arthropoda,Insecta,Pterygota,Holometabola,Diptera,Chironomidae,Diplocladius
128271,Genus,Djalmabatista,Chironomidae,,6,,CG,,,,5,,9,,4,1122200700,Arthropoda,Insecta,Pterygota,Holometabola,Diptera,Chironomidae,Djalmabatista
128674,Genus,Doithrix,Chironomidae,4,6,UK,CG,,,,5,,9,,4,1122205100,Arthropoda,Insecta,Pterygota,Holometabola,Diptera,Chironomidae,Doithrix
129459,Genus,Einfeldia,Chironomidae,,6,,CG,5,5,5,5,,9,,4,1122210200,Arthropoda,Insecta,Pterygota,Holometabola,Diptera,Chironomidae,Einfeldia
129470,Genus,Endochironomus,Chironomidae,10,6,SH,CG,5,5,5,5,,9,,4,1122210300,Arthropoda,Insecta,Pterygota,Holometabola,Diptera,Chironomidae,Endochironomus
128682,Genus,Epoicocladius,Chironomidae,4,6,CG,CG,,,,5,,9,,4,1122205200,Arthropoda,Insecta,Pterygota,Holometabola,Diptera,Chironomidae,Epoicocladius
128689,Genus,Eukiefferiella,Chironomidae,8,6,CG,CG,5,5,5,5,,9,,4,1122205300,Arthropoda,Insecta,Pterygota,Holometabola,Diptera,Chironomidae,Eukiefferiella
128712,Genus,Georthocladius,Chironomidae,6,6,UK,CG,,,,5,,9,,4,1122205400,Arthropoda,Insecta,Pterygota,Holometabola,Diptera,Chironomidae,Georthocladius
129483,Genus,Glyptotendipes,Chironomidae,10,6,SH,CG,5,5,5,5,,9,,4,1122210400,Arthropoda,Insecta,Pterygota,Holometabola,Diptera,Chironomidae,Glyptotendipes
129506,Genus,Goeldichironomus,Chironomidae,,6,,CG,,,,5,,9,,4,1122210500,Arthropoda,Insecta,Pterygota,Holometabola,Diptera,Chironomidae,Goeldichironomus
128161,Genus,Guttipelopia,Chironomidae,,6,,CG,,,,5,,9,,4,1122201300,Arthropoda,Insecta,Pterygota,Holometabola,Diptera,Chironomidae,Guttipelopia
128718,Genus,Gymnometriocnemus,Chironomidae,,6,,CG,,,,5,,9,,4,1122205500,Arthropoda,Insecta,Pterygota,Holometabola,Diptera,Chironomidae,Gymnometriocnemus
129516,Genus,Harnischia,Chironomidae,8,6,CG,CG,5,5,5,5,,9,,4,1122210600,Arthropoda,Insecta,Pterygota,Holometabola,Diptera,Chironomidae,Harnischia
128730,Genus,Heleniella,Chironomidae,,6,,CG,,,,5,,9,,4,1122205600,Arthropoda,Insecta,Pterygota,Holometabola,Diptera,Chironomidae,Heleniella
128734,Genus,Heterotanytarsus,Chironomidae,,6,,CG,,,,5,,9,,4,1122205700,Arthropoda,Insecta,Pterygota,Holometabola,Diptera,Chironomidae,Heterotanytarsus
128737,Genus,Heterotrissocladius,Chironomidae,0,6,CG,CG,4,4,4,5,,9,,4,1122205800,Arthropoda,Insecta,Pterygota,Holometabola,Diptera,Chironomidae,Heterotrissocladius
128167,Genus,Hudsonimyia,Chironomidae,,6,,CG,,,,5,,9,,4,1122201600,Arthropoda,Insecta,Pterygota,Holometabola,Diptera,Chironomidae,Hudsonimyia
128750,Genus,Hydrobaenus,Chironomidae,8,6,SC,CG,5,5,5,5,,9,,4,1122205900,Arthropoda,Insecta,Pterygota,Holometabola,Diptera,Chironomidae,Hydrobaenus
129522,Genus,Kiefferulus,Chironomidae,,6,,CG,,,,5,,9,,4,1122210700,Arthropoda,Insecta,Pterygota,Holometabola,Diptera,Chironomidae,Kiefferulus
128771,Genus,Krenosmittia,Chironomidae,,6,,CG,,,,5,,9,,4,1122206000,Arthropoda,Insecta,Pterygota,Holometabola,Diptera,Chironomidae,Krenosmittia
128173,Genus,Labrundinia,Chironomidae,7,6,PR,CG,4,4,4,5,,9,,4,1122201700,Arthropoda,Insecta,Pterygota,Holometabola,Diptera,Chironomidae,Labrundinia
128183,Genus,Larsia,Chironomidae,6,6,UK,CG,,,,5,,9,,4,1122201800,Arthropoda,Insecta,Pterygota,Holometabola,Diptera,Chironomidae,Larsia
129525,Genus,Lauterborniella,Chironomidae,6,6,CG,CG,,,,5,,9,,4,1122210800,Arthropoda,Insecta,Pterygota,Holometabola,Diptera,Chironomidae,Lauterborniella
128776,Genus,Limnophyes,Chironomidae,8,6,CG,CG,,,,5,,9,,4,1122206100,Arthropoda,Insecta,Pterygota,Holometabola,Diptera,Chironomidae,Limnophyes
128811,Genus,Lopescladius,Chironomidae,6,6,CG,CG,,,,5,,9,,4,1122206200,Arthropoda,Insecta,Pterygota,Holometabola,Diptera,Chironomidae,Lopescladius
128818,Genus,Mesosmittia,Chironomidae,,6,,CG,,,,5,,9,,4,1122206300,Arthropoda,Insecta,Pterygota,Holometabola,Diptera,Chironomidae,Mesosmittia
128821,Genus,Metriocnemus,Chironomidae,6,6,CG,CG,,,,5,,9,,4,1122206400,Arthropoda,Insecta,Pterygota,Holometabola,Diptera,Chironomidae,Metriocnemus
129532,Genus,Microchironomus,Chironomidae,,6,,CG,,,,5,,9,,4,1122211000,Arthropoda,Insecta,Pterygota,Holometabola,Diptera,Chironomidae,Microchironomus
129890,Genus,Micropsectra,Chironomidae,7,6,CG,CG,5,5,5,5,,9,,4,1122213200,Arthropoda,Insecta,Pterygota,Holometabola,Diptera,Chironomidae,Micropsectra
129535,Genus,Microtendipes,Chironomidae,6,6,CG,CG,5,5,5,5,,9,,4,1122210900,Arthropoda,Insecta,Pterygota,Holometabola,Diptera,Chironomidae,Microtendipes
128440,Genus,Monodiamesa,Chironomidae,,6,,CG,2,2,2,5,,9,,4,1122203800,Arthropoda,Insecta,Pterygota,Holometabola,Diptera,Chironomidae,Monodiamesa
128199,Genus,Monopelopia,Chironomidae,,6,,CG,,,,5,,9,,4,1122202000,Arthropoda,Insecta,Pterygota,Holometabola,Diptera,Chironomidae,Monopelopia
128844,Genus,Nanocladius,Chironomidae,3,6,CG,CG,5,5,5,5,,9,,4,1122206500,Arthropoda,Insecta,Pterygota,Holometabola,Diptera,Chironomidae,Nanocladius
128070,Genus,Natarsia,Chironomidae,8,6,PR,CG,5,5,5,5,,9,,4,1122200900,Arthropoda,Insecta,Pterygota,Holometabola,Diptera,Chironomidae,Natarsia
130042,Genus,Neozavrelia,Chironomidae,,6,,CG,,,,5,,9,,4,1122213300,Arthropoda,Insecta,Pterygota,Holometabola,Diptera,Chironomidae,Neozavrelia
128202,Genus,Nilotanypus,Chironomidae,6,6,PR,CG,,,,5,,9,,4,1122202100,Arthropoda,Insecta,Pterygota,Holometabola,Diptera,Chironomidae,Nilotanypus
129548,Genus,Nilothauma,Chironomidae,2,6,UK,CG,,,,5,,9,,4,1122211100,Arthropoda,Insecta,Pterygota,Holometabola,Diptera,Chironomidae,Nilothauma
128446,Genus,Odontomesa,Chironomidae,,6,,CG,,,,5,,9,,4,1122203900,Arthropoda,Insecta,Pterygota,Holometabola,Diptera,Chironomidae,Odontomesa
129556,Genus,Omisus,Chironomidae,,6,,CG,,,,5,,9,,4,1122211200,Arthropoda,Insecta,Pterygota,Holometabola,Diptera,Chironomidae,Omisus
128874,Genus,Orthocladius,Chironomidae,6,6,CG,CG,5,5,5,5,,9,,4,1122206600,Arthropoda,Insecta,Pterygota,Holometabola,Diptera,Chironomidae,Orthocladius
129561,Genus,Pagastiella,Chironomidae,,6,,CG,,,,5,,9,,4,1122211300,Arthropoda,Insecta,Pterygota,Holometabola,Diptera,Chironomidae,Pagastiella
128951,Genus,Parachaetocladius,Chironomidae,2,6,CG,CG,3,3,3,5,,9,,4,1122206700,Arthropoda,Insecta,Pterygota,Holometabola,Diptera,Chironomidae,Parachaetocladius
129564,Genus,Parachironomus,Chironomidae,8,6,PR,CG,5,5,5,5,,9,,4,1122211400,Arthropoda,Insecta,Pterygota,Holometabola,Diptera,Chironomidae,Parachironomus
129597,Genus,Paracladopelma,Chironomidae,7,6,UK,CG,,,,5,,9,,4,1122211500,Arthropoda,Insecta,Pterygota,Holometabola,Diptera,Chironomidae,Paracladopelma
128962,Genus,Paracricotopus,Chironomidae,6,6,CG,CG,,,,5,,9,,4,1122206800,Arthropoda,Insecta,Pterygota,Holometabola,Diptera,Chironomidae,Paracricotopus
128968,Genus,Parakiefferiella,Chironomidae,4,6,CG,CG,5,5,5,5,,9,,4,1122206900,Arthropoda,Insecta,Pterygota,Holometabola,Diptera,Chironomidae,Parakiefferiella
129616,Genus,Paralauterborniella,Chironomidae,8,6,CG,CG,,,,5,,9,,4,1122211600,Arthropoda,Insecta,Pterygota,Holometabola,Diptera,Chironomidae,Paralauterborniella
128207,Genus,Paramerina,Chironomidae,6,6,UK,CG,,,,5,,9,,4,1122202200,Arthropoda,Insecta,Pterygota,Holometabola,Diptera,Chironomidae,Paramerina
128978,Genus,Parametriocnemus,Chironomidae,5,6,CG,CG,3,3,3,5,,9,,4,1122207000,Arthropoda,Insecta,Pterygota,Holometabola,Diptera,Chironomidae,Parametriocnemus
128989,Genus,Paraphaenocladius,Chironomidae,4,6,UK,CG,5,5,5,5,,9,,4,1122207100,Arthropoda,Insecta,Pterygota,Holometabola,Diptera,Chironomidae,Paraphaenocladius
129934,Genus,Parapsectra,Chironomidae,,6,,CG,,,,5,,9,,4,1122213400,Arthropoda,Insecta,Pterygota,Holometabola,Diptera,Chironomidae,Parapsectra
129003,Genus,Parasmittia,Chironomidae,,6,,CG,,,,5,,9,,4,1122207200,Arthropoda,Insecta,Pterygota,Holometabola,Diptera,Chironomidae,Parasmittia
129935,Genus,Paratanytarsus,Chironomidae,6,6,CG,CG,5,5,5,5,,9,,4,1122213500,Arthropoda,Insecta,Pterygota,Holometabola,Diptera,Chironomidae,Paratanytarsus
129623,Genus,Paratendipes,Chironomidae,8,6,CG,CG,5,5,5,5,,9,,4,1122211700,Arthropoda,Insecta,Pterygota,Holometabola,Diptera,Chironomidae,Paratendipes
129005,Genus,Paratrichocladius,Chironomidae,6,6,CG,CG,,,,5,,9,,4,1122207300,Arthropoda,Insecta,Pterygota,Holometabola,Diptera,Chironomidae,Paratrichocladius
129010,Genus,Paratrissocladius,Chironomidae,,6,,CG,,,,5,,9,,4,1122207400,Arthropoda,Insecta,Pterygota,Holometabola,Diptera,Chironomidae,Paratrissocladius
127987,Genus,Parochlus,Chironomidae,,6,,CG,,,,5,,9,,4,1122203000,Arthropoda,Insecta,Pterygota,Holometabola,Diptera,Chironomidae,Parochlus
128215,Genus,Pentaneura,Chironomidae,6,6,CG,CG,5,5,5,5,,9,,4,1122202300,Arthropoda,Insecta,Pterygota,Holometabola,Diptera,Chironomidae,Pentaneura
129637,Genus,Phaenopsectra,Chironomidae,7,6,SC,CG,5,5,5,5,,9,,4,1122211800,Arthropoda,Insecta,Pterygota,Holometabola,Diptera,Chironomidae,Phaenopsectra
129016,Genus,Plhudsonia,Chironomidae,,6,,CG,,,,5,,9,,4,1122207500,Arthropoda,Insecta,Pterygota,Holometabola,Diptera,Chironomidae,Plhudsonia
129657,Genus,Polypedilum,Chironomidae,6,6,SH,CG,5,5,5,5,,9,,4,1122211900,Arthropoda,Insecta,Pterygota,Holometabola,Diptera,Chironomidae,Polypedilum
128408,Genus,Potthastia,Chironomidae,2,6,CG,CG,,,,5,,9,,4,1122203300,Arthropoda,Insecta,Pterygota,Holometabola,Diptera,Chironomidae,Potthastia
128277,Genus,Procladius,Chironomidae,9,6,PR,CG,5,5,5,5,,9,,4,1122200800,Arthropoda,Insecta,Pterygota,Holometabola,Diptera,Chironomidae,Procladius
128452,Genus,Prodiamesa,Chironomidae,3,6,CG,CG,2,2,2,5,,9,,4,1122204000,Arthropoda,Insecta,Pterygota,Holometabola,Diptera,Chironomidae,Prodiamesa
128431,Genus,Protanypus,Chironomidae,,6,,CG,,,,5,,9,,4,1122203700,Arthropoda,Insecta,Pterygota,Holometabola,Diptera,Chironomidae,Protanypus
129018,Genus,Psectrocladius,Chironomidae,8,6,SH,CG,5,5,5,5,,9,,4,1122207600,Arthropoda,Insecta,Pterygota,Holometabola,Diptera,Chironomidae,Psectrocladius
128048,Genus,Psectrotanypus,Chironomidae,10,6,PR,CG,,,,5,,9,,4,1122200600,Arthropoda,Insecta,Pterygota,Holometabola,Diptera,Chironomidae,Psectrotanypus
129851,Genus,Pseudochironomus,Chironomidae,5,6,CG,CG,5,5,5,5,,9,,4,1122212900,Arthropoda,Insecta,Pterygota,Holometabola,Diptera,Chironomidae,Pseudochironomus
128416,Genus,Pseudodiamesa,Chironomidae,1,6,CG,CG,,,,5,,9,,4,1122203400,Arthropoda,Insecta,Pterygota,Holometabola,Diptera,Chironomidae,Pseudodiamesa
129052,Genus,Pseudorthocladius,Chironomidae,0,6,CG,CG,2,2,2,5,,9,,4,1122207700,Arthropoda,Insecta,Pterygota,Holometabola,Diptera,Chironomidae,Pseudorthocladius
129071,Genus,Pseudosmittia,Chironomidae,,6,,CG,,,,5,,9,,4,1122207800,Arthropoda,Insecta,Pterygota,Holometabola,Diptera,Chironomidae,Pseudosmittia
129083,Genus,Psilometriocnemus,Chironomidae,6,6,CG,CG,,,,5,,9,,4,1122207900,Arthropoda,Insecta,Pterygota,Holometabola,Diptera,Chironomidae,Psilometriocnemus
129086,Genus,Rheocricotopus,Chironomidae,6,6,CG,CG,4,4,4,5,,9,,4,1122208000,Arthropoda,Insecta,Pterygota,Holometabola,Diptera,Chironomidae,Rheocricotopus
128226,Genus,Rheopelopia,Chironomidae,4,6,PR,CG,4,4,4,5,,9,,4,1122202400,Arthropoda,Insecta,Pterygota,Holometabola,Diptera,Chironomidae,Rheopelopia
129107,Genus,Rheosmittia,Chironomidae,6,6,UK,CG,4,4,4,5,,9,,4,1122208100,Arthropoda,Insecta,Pterygota,Holometabola,Diptera,Chironomidae,Rheosmittia
129952,Genus,Rheotanytarsus,Chironomidae,6,6,FC,CG,4,4,4,5,,9,,4,1122213600,Arthropoda,Insecta,Pterygota,Holometabola,Diptera,Chironomidae,Rheotanytarsus
129730,Genus,Robackia,Chironomidae,,6,,CG,,,,5,,9,,4,1122212000,Arthropoda,Insecta,Pterygota,Holometabola,Diptera,Chironomidae,Robackia
129735,Genus,Saetheria,Chironomidae,4,6,CG,CG,,,,5,,9,,4,1122212100,Arthropoda,Insecta,Pterygota,Holometabola,Diptera,Chironomidae,Saetheria
129739,Genus,Sergentia,Chironomidae,,6,,CG,,,,5,,9,,4,1122212200,Arthropoda,Insecta,Pterygota,Holometabola,Diptera,Chironomidae,Sergentia
129110,Genus,Smittia,Chironomidae,,6,,CG,4,4,4,5,,9,,4,1122208200,Arthropoda,Insecta,Pterygota,Holometabola,Diptera,Chironomidae,Smittia
129743,Genus,Stelechomyia,Chironomidae,,6,,CG,5,5,5,5,,9,,4,1122212300,Arthropoda,Insecta,Pterygota,Holometabola,Diptera,Chironomidae,Stelechomyia
129962,Genus,Stempellina,Chironomidae,2,6,CG,CG,3,3,3,5,,9,,4,1122213700,Arthropoda,Insecta,Pterygota,Holometabola,Diptera,Chironomidae,Stempellina
129969,Genus,Stempellinella,Chironomidae,4,6,CG,CG,3,3,3,5,,9,,4,1122215000,Arthropoda,Insecta,Pterygota,Holometabola,Diptera,Chironomidae,Stempellinella
129746,Genus,Stenochironomus,Chironomidae,5,6,CG,CG,5,5,5,5,,9,,4,1122212400,Arthropoda,Insecta,Pterygota,Holometabola,Diptera,Chironomidae,Stenochironomus
129785,Genus,Stictochironomus,Chironomidae,9,6,CG,CG,5,5,5,5,,9,,4,1122212500,Arthropoda,Insecta,Pterygota,Holometabola,Diptera,Chironomidae,Stictochironomus
129152,Genus,Stilocladius,Chironomidae,,6,,CG,,,,5,,9,,4,1122208300,Arthropoda,Insecta,Pterygota,Holometabola,Diptera,Chironomidae,Stilocladius
129975,Genus,Sublettea,Chironomidae,6,6,FC,CG,3,3,3,5,,9,,4,1122213800,Arthropoda,Insecta,Pterygota,Holometabola,Diptera,Chironomidae,Sublettea
129156,Genus,Symbiocladius,Chironomidae,,6,,CG,4,4,4,5,,9,,4,1122208400,Arthropoda,Insecta,Pterygota,Holometabola,Diptera,Chironomidae,Symbiocladius
128426,Genus,Sympotthastia,Chironomidae,2,6,CG,CG,2,2,2,5,,9,,4,1122203500,Arthropoda,Insecta,Pterygota,Holometabola,Diptera,Chironomidae,Sympotthastia
128429,Genus,Syndiamesa,Chironomidae,,6,,CG,,,,5,,9,,4,1122203600,Arthropoda,Insecta,Pterygota,Holometabola,Diptera,Chironomidae,Syndiamesa
129161,Genus,Synorthocladius,Chironomidae,2,6,CG,CG,,,,5,,9,,4,1122208410,Arthropoda,Insecta,Pterygota,Holometabola,Diptera,Chironomidae,Synorthocladius
128324,Genus,Tanypus,Chironomidae,,6,,CG,5,5,5,5,,9,,4,1122202700,Arthropoda,Insecta,Pterygota,Holometabola,Diptera,Chironomidae,Tanypus
129978,Genus,Tanytarsus,Chironomidae,6,6,FC,CG,5,5,5,5,,9,,4,1122213900,Arthropoda,Insecta,Pterygota,Holometabola,Diptera,Chironomidae,Tanytarsus
129182,Genus,Thienemanniella,Chironomidae,6,6,CG,CG,5,5,5,5,,9,,4,1122204300,Arthropoda,Insecta,Pterygota,Holometabola,Diptera,Chironomidae,Thienemanniella
128236,Genus,Thienemannimyia,Chironomidae,6,6,PR,CG,2,2,2,5,,9,,4,1122202500,Arthropoda,Insecta,Pterygota,Holometabola,Diptera,Chironomidae,Thienemannimyia
129194,Genus,Tokunagaia,Chironomidae,6,6,CG,CG,,,,5,,9,,4,1122208500,Arthropoda,Insecta,Pterygota,Holometabola,Diptera,Chironomidae,Tokunagaia
129820,Genus,Tribelos,Chironomidae,5,6,CG,CG,5,5,5,5,,9,,4,1122212600,Arthropoda,Insecta,Pterygota,Holometabola,Diptera,Chironomidae,Tribelos
127979,Genus,Trichotanypus,Chironomidae,,6,,CG,,,,5,,9,,4,1122202900,Arthropoda,Insecta,Pterygota,Holometabola,Diptera,Chironomidae,Trichotanypus
128251,Genus,Trissopelopia,Chironomidae,6,6,PR,CG,,,,5,,9,,4,1122202501,Arthropoda,Insecta,Pterygota,Holometabola,Diptera,Chironomidae,Trissopelopia
129197,Genus,Tvetenia,Chironomidae,5,6,CG,CG,5,5,5,5,,9,,4,1122208700,Arthropoda,Insecta,Pterygota,Holometabola,Diptera,Chironomidae,Tvetenia
129206,Genus,Unniella,Chironomidae,,6,,CG,4,4,4,5,,9,,4,1122208800,Arthropoda,Insecta,Pterygota,Holometabola,Diptera,Chironomidae,Unniella
129837,Genus,Xenochironomus,Chironomidae,0,6,PR,CG,2,2,2,5,,9,,4,1122212700,Arthropoda,Insecta,Pterygota,Holometabola,Diptera,Chironomidae,Xenochironomus
129208,Genus,Xylotopus,Chironomidae,,6,,CG,4,4,4,5,,9,,4,1122208900,Arthropoda,Insecta,Pterygota,Holometabola,Diptera,Chironomidae,Xylotopus
130038,Genus,Zavrelia,Chironomidae,4,6,UK,CG,4,4,4,5,,9,,4,1122214000,Arthropoda,Insecta,Pterygota,Holometabola,Diptera,Chironomidae,Zavrelia
130040,Genus,Zavreliella,Chironomidae,,6,,CG,,,,5,,9,,4,1122212800,Arthropoda,Insecta,Pterygota,Holometabola,Diptera,Chironomidae,Zavreliella
128259,Genus,Zavrelimyia,Chironomidae,8,6,PR,CG,,,,5,,9,,4,1122202600,Arthropoda,Insecta,Pterygota,Holometabola,Diptera,Chironomidae,Zavrelimyia
125930,Family,Culicidae,Culicidae,8,8,FC,FC,,,,,,,,,1122000000,Arthropoda,Insecta,Pterygota,Holometabola,Diptera,Culicidae,
126234,Genus,Aedes,Aedes,8,8,FC,FC,,,,,,,,,1122000100,Arthropoda,Insecta,Pterygota,Holometabola,Diptera,Culicidae,Aedes
125956,Genus,Anopheles,Anopheles,8,8,FC,FC,,,,,,,,,1122000200,Arthropoda,Insecta,Pterygota,Holometabola,Diptera,Culicidae,Anopheles
126455,Genus,Culex,Culex,8,8,FC,FC,,,,,,,,,1122000300,Arthropoda,Insecta,Pterygota,Holometabola,Diptera,Culicidae,Culex
126429,Genus,Culiseta,Culiseta,8,8,FC,FC,,,,,,,,,1122000400,Arthropoda,Insecta,Pterygota,Holometabola,Diptera,Culicidae,Culiseta
126527,Genus,Mansonia,Mansonia,8,8,FC,FC,,,,,,,,,1122000500,Arthropoda,Insecta,Pterygota,Holometabola,Diptera,Culicidae,Mansonia
126532,Genus,Orthopodomyia,Orthopodomyia,8,8,FC,FC,,,,,,,,,1122000600,Arthropoda,Insecta,Pterygota,Holometabola,Diptera,Culicidae,Orthopodomyia
126538,Genus,Psorophora,Psorophora,8,8,PR,PR,,,,,,,,,1122000700,Arthropoda,Insecta,Pterygota,Holometabola,Diptera,Culicidae,Psorophora
125932,Genus,Toxorhynchites,Toxorhynchites,8,,PR,PR,,,,,,,,,1122000800,Arthropoda,Insecta,Pterygota,Holometabola,Diptera,Culicidae,Toxorhynchites
126575,Genus,Uranotaenia,Uranotaenia,8,8,FC,FC,,,,,,,,,1122000900,Arthropoda,Insecta,Pterygota,Holometabola,Diptera,Culicidae,Uranotaenia
126089,Genus,Wyeomyia,Wyeomyia,8,8,FC,FC,,,,,,,,,1122001000,Arthropoda,Insecta,Pterygota,Holometabola,Diptera,Culicidae,Wyeomyia
125809,Family,Dixidae,Dixidae,1,1,CG,CG,2,2,2,2,,,,,1120400000,Arthropoda,Insecta,Pterygota,Holometabola,Diptera,Dixidae,
125810,Genus,Dixa,Dixa,1,1,CG,CG,2,2,2,2,,,,,1120400100,Arthropoda,Insecta,Pterygota,Holometabola,Diptera,Dixidae,Dixa
125854,Genus,Dixella,Dixella,1,1,CG,CG,,,,,,,,,1120400200,Arthropoda,Insecta,Pterygota,Holometabola,Diptera,Dixidae,Dixella
136824,Family,Dolichopodidae,Dolichopodidae,4,4,PR,PR,,,,,,,,,1121100000,Arthropoda,Insecta,Pterygota,Holometabola,Diptera,Dolichopodidae,
137250,Genus,Argyra,Argyra,4,4,PR,PR,,,,,,,,,1121100100,Arthropoda,Insecta,Pterygota,Holometabola,Diptera,Dolichopodidae,Argyra
137300,Genus,Asyndetus,Asyndetus,4,4,PR,PR,,,,,,,,,1121100200,Arthropoda,Insecta,Pterygota,Holometabola,Diptera,Dolichopodidae,Asyndetus
137632,Genus,Campsicnemus,Campsicnemus,4,4,CG,CG,,,,,,,,,1121100300,Arthropoda,Insecta,Pterygota,Holometabola,Diptera,Dolichopodidae,Campsicnemus
137953,Genus,Dolichopus,Dolichopus,4,4,PR,PR,,,,,,,,,1121100400,Arthropoda,Insecta,Pterygota,Holometabola,Diptera,Dolichopodidae,Dolichopus
138399,Genus,Hercostomus,Hercostomus,4,4,PR,PR,,,,,,,,,1121100500,Arthropoda,Insecta,Pterygota,Holometabola,Diptera,Dolichopodidae,Hercostomus
138606,Genus,Hydrophorus,Hydrophorus,4,4,PR,PR,,,,,,,,,1121100600,Arthropoda,Insecta,Pterygota,Holometabola,Diptera,Dolichopodidae,Hydrophorus
138724,Genus,Hypocharassus,Hypocharassus,4,4,PR,PR,,,,,,,,,1121100700,Arthropoda,Insecta,Pterygota,Holometabola,Diptera,Dolichopodidae,Hypocharassus
138729,Genus,Liancalus,Liancalus,4,4,PR,PR,,,,,,,,,1121100800,Arthropoda,Insecta,Pterygota,Holometabola,Diptera,Dolichopodidae,Liancalus
138465,Genus,Pelastoneurus,Pelastoneurus,4,4,PR,PR,,,,,,,,,1121100900,Arthropoda,Insecta,Pterygota,Holometabola,Diptera,Dolichopodidae,Pelastoneurus
137813,Genus,Sympycnus,Sympycnus,4,4,PR,PR,,,,,,,,,1121101000,Arthropoda,Insecta,Pterygota,Holometabola,Diptera,Dolichopodidae,Sympycnus
138523,Genus,Tachytrechus,Tachytrechus,4,4,PR,PR,,,,,,,,,1121101100,Arthropoda,Insecta,Pterygota,Holometabola,Diptera,Dolichopodidae,Tachytrechus
137896,Genus,Telmaturgus,Telmaturgus,4,4,PR,PR,,,,,,,,,1121101200,Arthropoda,Insecta,Pterygota,Holometabola,Diptera,Dolichopodidae,Telmaturgus
138756,Genus,Thinophilus,Thinophilus,4,4,PR,PR,,,,,,,,,1121101300,Arthropoda,Insecta,Pterygota,Holometabola,Diptera,Dolichopodidae,Thinophilus
135830,Family,Empididae,Empididae,6,6,PR,PR,4,4,4,4,,,,,1121200000,Arthropoda,Insecta,Pterygota,Holometabola,Diptera,Empididae,
136305,Genus,Chelifera,Chelifera,6,6,PR,PR,4,4,4,4,,,2,2,1121200100,Arthropoda,Insecta,Pterygota,Holometabola,Diptera,Empididae,Chelifera
136292,Genus,Chelipoda,Chelipoda,6,6,PR,PR,,,,,,,,,1121200200,Arthropoda,Insecta,Pterygota,Holometabola,Diptera,Empididae,Chelipoda
135849,Genus,Clinocera,Clinocera,6,6,PR,PR,4,4,4,4,,,2,2,1121200300,Arthropoda,Insecta,Pterygota,Holometabola,Diptera,Empididae,Clinocera
135871,Genus,Dolichocephala,Dolichocephala,5,5,PR,PR,,,,,,,,,1121200400,Arthropoda,Insecta,Pterygota,Holometabola,Diptera,Empididae,Dolichocephala
136327,Genus,Hemerodromia,Hemerodromia,6,6,PR,PR,4,4,4,4,7,7,2,2,1121200500,Arthropoda,Insecta,Pterygota,Holometabola,Diptera,Empididae,Hemerodromia
136347,Genus,Metachela,Metachela,6,6,PR,PR,,,,,,,,,1121200600,Arthropoda,Insecta,Pterygota,Holometabola,Diptera,Empididae,Metachela
136352,Genus,Neoplasta,Neoplasta,6,6,PR,PR,,,,,,,3,3,1121200700,Arthropoda,Insecta,Pterygota,Holometabola,Diptera,Empididae,Neoplasta
136377,Genus,Oreogeton,Oreogeton,6,6,PR,PR,,,,,,,,,1121201400,Arthropoda,Insecta,Pterygota,Holometabola,Diptera,Empididae,Oreogeton
135881,Genus,Oreothalia,Oreothalia,6,6,PR,PR,,,,,,,,,1121200800,Arthropoda,Insecta,Pterygota,Holometabola,Diptera,Empididae,Oreothalia
135887,Genus,Proclinopyga,Proclinopyga,6,6,PR,PR,,,,,,,,,1121200900,Arthropoda,Insecta,Pterygota,Holometabola,Diptera,Empididae,Proclinopyga
136123,Genus,Rhamphomyia,Rhamphomyia,6,6,PR,PR,,,,,,,,,1121201000,Arthropoda,Insecta,Pterygota,Holometabola,Diptera,Empididae,Rhamphomyia
135893,Genus,Roederiodes,Roederiodes,6,6,PR,PR,,,,,,,,,1121201100,Arthropoda,Insecta,Pterygota,Holometabola,Diptera,Empididae,Roederiodes
135903,Genus,Trichoclinocera,Trichoclinocera,6,6,PR,PR,,,,,,,,,1121201300,Arthropoda,Insecta,Pterygota,Holometabola,Diptera,Empididae,Trichoclinocera
146893,Family,Ephydridae,Ephydridae,6,6,PI,PI,5,5,5,5,,,,,1121410000,Arthropoda,Insecta,Pterygota,Holometabola,Diptera,Ephydridae,
147075,Genus,Leptopsilopa,Leptopsilopa,6,6,CG,CG,,,,,,,,,1121410100,Arthropoda,Insecta,Pterygota,Holometabola,Diptera,Ephydridae,Leptopsilopa
147096,Genus,Psilopa,Psilopa,6,6,CG,CG,,,,,,,,,1121410200,Arthropoda,Insecta,Pterygota,Holometabola,Diptera,Ephydridae,Psilopa
147107,Genus,Rhysophora,Rhysophora,6,6,SH,SH,,,,,,,,,1121410300,Arthropoda,Insecta,Pterygota,Holometabola,Diptera,Ephydridae,Rhysophora
136732,Genus,Stilpon,Stilpon,6,6,PR,PR,,,,,,,,,1121201200,Arthropoda,Insecta,Pterygota,Holometabola,Diptera,Hybotidae,Stilpon
150025,Family,Muscidae,Muscidae,6,6,PR,PR,,,,,,,,,1121500000,Arthropoda,Insecta,Pterygota,Holometabola,Diptera,Muscidae,
151086,Genus,Caricea,Caricea,6,6,PR,PR,,,,,,,,,1121500100,Arthropoda,Insecta,Pterygota,Holometabola,Diptera,Muscidae,Caricea
150730,Genus,Limnophora,Limnophora,6,6,PR,PR,,,,,,,,,1121500200,Arthropoda,Insecta,Pterygota,Holometabola,Diptera,Muscidae,Limnophora
150756,Genus,Lispe,Lispe,6,6,PR,PR,,,,,,,,,1121500300,Arthropoda,Insecta,Pterygota,Holometabola,Diptera,Muscidae,Lispe
150805,Genus,Lispoides,Lispoides,6,6,PR,PR,,,,,,,,,1121500400,Arthropoda,Insecta,Pterygota,Holometabola,Diptera,Muscidae,Lispoides
150480,Genus,Phaonia,Phaonia,6,6,PR,PR,,,,,,,,,1121500500,Arthropoda,Insecta,Pterygota,Holometabola,Diptera,Muscidae,Phaonia
150808,Genus,Spilogona,Spilogona,6,6,PR,PR,,,,,,,,,1121500600,Arthropoda,Insecta,Pterygota,Holometabola,Diptera,Muscidae,Spilogona
121292,Family,Nymphomyiidae,Nymphomyiidae,6,6,SC,SC,,,,,,,,,1120500000,Arthropoda,Insecta,Pterygota,Holometabola,Diptera,Nymphomyiidae,
121293,Genus,Palaeodipteron,Palaeodipteron,6,6,SC,SC,,,,,,,,,1120500100,Arthropoda,Insecta,Pterygota,Holometabola,Diptera,Nymphomyiidae,Palaeodipteron
130914,Family,Pelecorhynchidae,Pelecorhynchidae,5,5,PR,PR,,,,,,,,,1121000000,Arthropoda,Insecta,Pterygota,Holometabola,Diptera,Pelecorhynchidae,
130915,Genus,Glutops,Glutops,5,5,PR,PR,,,,,,,,,1121000100,Arthropoda,Insecta,Pterygota,Holometabola,Diptera,Pelecorhynchidae,Glutops
138921,Family,Phoridae,Phoridae,6,6,CG,CG,,,,,,,,,1121600000,Arthropoda,Insecta,Pterygota,Holometabola,Diptera,Phoridae,
139013,Genus,Dohrniphora,Dohrniphora,6,6,CG,CG,,,,,,,,,1121600100,Arthropoda,Insecta,Pterygota,Holometabola,Diptera,Phoridae,Dohrniphora
139191,Genus,Megaselia,Megaselia,6,6,CG,CG,,,,,,,,,1121600200,Arthropoda,Insecta,Pterygota,Holometabola,Diptera,Phoridae,Megaselia
125351,Family,Psychodidae,Psychodidae,10,10,CG,CG,5,5,5,5,,,,,1120600000,Arthropoda,Insecta,Pterygota,Holometabola,Diptera,Psychodidae,
125514,Genus,Pericoma,Pericoma,4,4,CG,CG,5,5,5,5,,,,,1120600100,Arthropoda,Insecta,Pterygota,Holometabola,Diptera,Psychodidae,Pericoma
125446,Genus,Philosepedon,Philosepedon,10,10,CG,CG,,,,,,,,,1120600200,Arthropoda,Insecta,Pterygota,Holometabola,Diptera,Psychodidae,Philosepedon
125468,Genus,Psychoda,Psychoda,10,10,CG,CG,5,5,5,5,,,,,1120600300,Arthropoda,Insecta,Pterygota,Holometabola,Diptera,Psychodidae,Psychoda
125399,Genus,Telmatoscopus,Telmatoscopus,10,10,CG,CG,5,5,5,5,,,,,1120600400,Arthropoda,Insecta,Pterygota,Holometabola,Diptera,Psychodidae,Telmatoscopus
125459,Genus,Threticus,Threticus,10,10,CG,CG,,,,,,,,,1120600500,Arthropoda,Insecta,Pterygota,Holometabola,Diptera,Psychodidae,Threticus
125763,Family,Ptychopteridae,Ptychopteridae,8,8,CG,CG,,,,,,,,,1120700000,Arthropoda,Insecta,Pterygota,Holometabola,Diptera,Ptychopteridae,
125765,Genus,Bittacomorpha,Bittacomorpha,8,8,CG,CG,,,,,,,,,1120700100,Arthropoda,Insecta,Pterygota,Holometabola,Diptera,Ptychopteridae,Bittacomorpha
125778,Genus,Bittacomorphella,Bittacomorphella,8,8,CG,CG,,,,,,,,,1120700200,Arthropoda,Insecta,Pterygota,Holometabola,Diptera,Ptychopteridae,Bittacomorphella
125786,Genus,Ptychoptera,Ptychoptera,8,8,CG,CG,,,,,,,,,1120700300,Arthropoda,Insecta,Pterygota,Holometabola,Diptera,Ptychopteridae,Ptychoptera
678096,Family,Scathophagidae,Scathophagidae,7,6,SH,SH,,,,,,,,,1121700000,Arthropoda,Insecta,Pterygota,Holometabola,Diptera,Scathophagidae,
148376,Genus,Acanthocnema,Acanthocnema,7,6,SH,SH,,,,,,,,,1121700100,Arthropoda,Insecta,Pterygota,Holometabola,Diptera,Scathophagidae,Acanthocnema
148410,Genus,Cordilura,Cordilura,7,6,SH,SH,,,,,,,,,1121700200,Arthropoda,Insecta,Pterygota,Holometabola,Diptera,Scathophagidae,Cordilura
148516,Genus,Hydromyza,Hydromyza,7,6,SH,SH,,,,,,,,,1121700300,Arthropoda,Insecta,Pterygota,Holometabola,Diptera,Scathophagidae,Hydromyza
148572,Genus,Orthacheta,Orthacheta,7,6,PR,PR,,,,,,,,,1121700400,Arthropoda,Insecta,Pterygota,Holometabola,Diptera,Scathophagidae,Orthacheta
148672,Genus,Spaziphora,Spaziphora,7,6,SC,SC,,,,,,,,,1121700500,Arthropoda,Insecta,Pterygota,Holometabola,Diptera,Scathophagidae,Spaziphora
144653,Family,Sciomyzidae,Sciomyzidae,10,10,PR,PR,,,,,,,,,1122220000,Arthropoda,Insecta,Pterygota,Holometabola,Diptera,Sciomyzidae,
126640,Family,Simuliidae,Simuliidae,6,6,FC,FC,,,,,,,,,1122100000,Arthropoda,Insecta,Pterygota,Holometabola,Diptera,Simuliidae,
126649,Genus,Cnephia,Cnephia,4,4,FC,FC,3,3,3,3,,,,,1122100100,Arthropoda,Insecta,Pterygota,Holometabola,Diptera,Simuliidae,Cnephia
126660,Genus,Ectemnia,Ectemnia,1,1,FC,FC,,,,,,,,,1122100200,Arthropoda,Insecta,Pterygota,Holometabola,Diptera,Simuliidae,Ectemnia
126667,Genus,Greniera,Greniera,6,6,FC,FC,,,,,,,,,1122100300,Arthropoda,Insecta,Pterygota,Holometabola,Diptera,Simuliidae,Greniera
126703,Genus,Prosimulium,Prosimulium,2,2,FC,FC,3,3,3,3,4,4,5,5,1122100400,Arthropoda,Insecta,Pterygota,Holometabola,Diptera,Simuliidae,Prosimulium
126774,Genus,Simulium,Simulium,6,6,FC,FC,5,5,5,5,10,10,4,4,1122100500,Arthropoda,Insecta,Pterygota,Holometabola,Diptera,Simuliidae,Simulium
126761,Genus,Stegopterna,Stegopterna,6,6,FC,FC,,,,,,,5,5,1122100600,Arthropoda,Insecta,Pterygota,Holometabola,Diptera,Simuliidae,Stegopterna
126767,Genus,Twinnia,Twinnia,6,6,FC,FC,,,,,,,,,1122100700,Arthropoda,Insecta,Pterygota,Holometabola,Diptera,Simuliidae,Twinnia
130150,Family,Stratiomyidae,Stratiomyidae,8,8,CG,CG,6,6,6,6,,,,,1121300000,Arthropoda,Insecta,Pterygota,Holometabola,Diptera,Stratiomyidae,
130409,Genus,Caloparyphus,Caloparyphus,8,8,CG,CG,,,,,,,,,1121300100,Arthropoda,Insecta,Pterygota,Holometabola,Diptera,Stratiomyidae,Caloparyphus
130436,Genus,Euparyphus,Euparyphus,8,8,CG,CG,,,,,,,,,1121300200,Arthropoda,Insecta,Pterygota,Holometabola,Diptera,Stratiomyidae,Euparyphus
130488,Genus,Hedriodiscus,Hedriodiscus,8,8,SC,SC,,,,,,,,,1121300300,Arthropoda,Insecta,Pterygota,Holometabola,Diptera,Stratiomyidae,Hedriodiscus
130694,Genus,Nemotelus,Nemotelus,8,8,CG,CG,,,,,,,,,1121300500,Arthropoda,Insecta,Pterygota,Holometabola,Diptera,Stratiomyidae,Nemotelus
130573,Genus,Odontomyia,Odontomyia,8,8,CG,CG,,,,,,,,,1121300600,Arthropoda,Insecta,Pterygota,Holometabola,Diptera,Stratiomyidae,Odontomyia
130461,Genus,Oxycera,Oxycera,8,8,SC,SC,,,,,,,,,1121300700,Arthropoda,Insecta,Pterygota,Holometabola,Diptera,Stratiomyidae,Oxycera
625655,Genus,Psellidotus,Psellidotus,8,8,CG,CG,,,,,,,,,1121300400,Arthropoda,Insecta,Pterygota,Holometabola,Diptera,Stratiomyidae,Psellidotus
130366,Genus,Sargus,Sargus,8,8,CG,CG,,,,,,,,,1121300800,Arthropoda,Insecta,Pterygota,Holometabola,Diptera,Stratiomyidae,Sargus
130627,Genus,Stratiomys,Stratiomys,5,5,CG,CG,,,,,,,,,1121300900,Arthropoda,Insecta,Pterygota,Holometabola,Diptera,Stratiomyidae,Stratiomys
139621,Family,Syrphidae,Syrphidae,10,10,CG,CG,,,,,,,,,1121800000,Arthropoda,Insecta,Pterygota,Holometabola,Diptera,Syrphidae,
141302,Genus,Blera,Blera,10,10,CG,CG,,,,,,,,,1121800100,Arthropoda,Insecta,Pterygota,Holometabola,Diptera,Syrphidae,Blera
140737,Genus,Callicera,Callicera,10,10,CG,CG,,,,,,,,,1121800200,Arthropoda,Insecta,Pterygota,Holometabola,Diptera,Syrphidae,Callicera
141182,Genus,Ceriana,Ceriana,10,10,CG,CG,,,,,,,,,1121800300,Arthropoda,Insecta,Pterygota,Holometabola,Diptera,Syrphidae,Ceriana
141454,Genus,Chalcosyrphus,Chalcosyrphus,10,10,CG,CG,,,,,,,,,1121800400,Arthropoda,Insecta,Pterygota,Holometabola,Diptera,Syrphidae,Chalcosyrphus
141049,Genus,Chrysogaster,Chrysogaster,10,10,CG,CG,,,,,,,,,1121800500,Arthropoda,Insecta,Pterygota,Holometabola,Diptera,Syrphidae,Chrysogaster
140897,Genus,Eristalinus,Eristalinus,10,10,CG,CG,,,,,,,,,1121800600,Arthropoda,Insecta,Pterygota,Holometabola,Diptera,Syrphidae,Eristalinus
140779,Genus,Helophilus,Helophilus,10,10,CG,CG,,,,,,,,,1121800700,Arthropoda,Insecta,Pterygota,Holometabola,Diptera,Syrphidae,Helophilus
140854,Genus,Mallota,Mallota,10,10,CG,CG,,,,,,,,,1121800800,Arthropoda,Insecta,Pterygota,Holometabola,Diptera,Syrphidae,Mallota
141079,Genus,Myolepta,Myolepta,10,10,CG,CG,,,,,,,,,1121800900,Arthropoda,Insecta,Pterygota,Holometabola,Diptera,Syrphidae,Myolepta
141096,Genus,Neoascia,Neoascia,10,10,CG,CG,,,,,,,,,1121801000,Arthropoda,Insecta,Pterygota,Holometabola,Diptera,Syrphidae,Neoascia
140750,Genus,Sericomyia,Sericomyia,10,10,CG,CG,,,,,,,,,1121801100,Arthropoda,Insecta,Pterygota,Holometabola,Diptera,Syrphidae,Sericomyia
141397,Genus,Spilomyia,Spilomyia,10,10,CG,CG,,,,,,,,,1121801200,Arthropoda,Insecta,Pterygota,Holometabola,Diptera,Syrphidae,Spilomyia
130934,Family,Tabanidae,Tabanidae,6,6,PI,PI,5,5,5,5,,,,,1121400000,Arthropoda,Insecta,Pterygota,Holometabola,Diptera,Tabanidae,
131476,Genus,Atylotus,Atylotus,6,6,PI,PI,,,,,,,,,1121400100,Arthropoda,Insecta,Pterygota,Holometabola,Diptera,Tabanidae,Atylotus
131078,Genus,Chrysops,Chrysops,7,7,PI,PI,5,5,5,5,,,,,1121400200,Arthropoda,Insecta,Pterygota,Holometabola,Diptera,Tabanidae,Chrysops
131263,Genus,Diachlorus,Diachlorus,6,6,PR,PR,,,,,,,,,1121400700,Arthropoda,Insecta,Pterygota,Holometabola,Diptera,Tabanidae,Diachlorus
131310,Genus,Haematopota,Haematopota,6,6,PR,PR,,,,,,,,,1121400300,Arthropoda,Insecta,Pterygota,Holometabola,Diptera,Tabanidae,Haematopota
131321,Genus,Hybomitra,Hybomitra,6,6,PR,PR,,,,,,,,,1121400400,Arthropoda,Insecta,Pterygota,Holometabola,Diptera,Tabanidae,Hybomitra
131055,Genus,Merycomyia,Merycomyia,6,6,PR,PR,,,,,,,,,1121400500,Arthropoda,Insecta,Pterygota,Holometabola,Diptera,Tabanidae,Merycomyia
131527,Genus,Tabanus,Tabanus,5,5,PR,PR,5,5,5,5,,,,,1121400600,Arthropoda,Insecta,Pterygota,Holometabola,Diptera,Tabanidae,Tabanus
125800,Genus,Protoplasa,Protoplasa,6,6,CG,CG,,,,,,,,,1120800100,Arthropoda,Insecta,Pterygota,Holometabola,Diptera,Tanyderidae,Protoplasa
126629,Genus,Thaumalea,Thaumalea,6,6,SC,SC,,,,,,,,,1120800200,Arthropoda,Insecta,Pterygota,Holometabola,Diptera,Thaumaleidae,Thaumalea
126636,Genus,Trichothaumalea,Trichothaumalea,6,6,SC,SC,,,,,,,,,1120800300,Arthropoda,Insecta,Pterygota,Holometabola,Diptera,Thaumaleidae,Trichothaumalea
118840,Family,Tipulidae,Tipulidae,4,4,SH,SH,4,4,4,4,,,,,1121900000,Arthropoda,Insecta,Pterygota,Holometabola,Diptera,Tipulidae,
119656,Genus,Antocha,Antocha,3,3,CG,CG,4,4,4,4,6,6,2,2,1121900700,Arthropoda,Insecta,Pterygota,Holometabola,Diptera,Tipulidae,Antocha
120398,Genus,Arctoconopa,Arctoconopa,4,4,SH,SH,,,,,,,,,1121900800,Arthropoda,Insecta,Pterygota,Holometabola,Diptera,Tipulidae,Arctoconopa
118842,Genus,Brachypremna,Brachypremna,4,4,SH,SH,,,,,,,,,1121900100,Arthropoda,Insecta,Pterygota,Holometabola,Diptera,Tipulidae,Brachypremna
120488,Genus,Cryptolabis,Cryptolabis,4,4,CG,CG,3,3,3,3,,,,,1121900900,Arthropoda,Insecta,Pterygota,Holometabola,Diptera,Tipulidae,Cryptolabis
120049,Genus,Dactylolabis,Dactylolabis,4,4,SH,SH,,,,,,,,,1121901000,Arthropoda,Insecta,Pterygota,Holometabola,Diptera,Tipulidae,Dactylolabis
121027,Genus,Dicranota,Dicranota,3,3,PR,PR,3,3,3,3,2,2,4,4,1121901100,Arthropoda,Insecta,Pterygota,Holometabola,Diptera,Tipulidae,Dicranota
118861,Genus,Dolichopeza,Dolichopeza,,,,,,,,,,,,,1121902900,Arthropoda,Insecta,Pterygota,Holometabola,Diptera,Tipulidae,Dolichopeza
119697,Genus,Elliptera,Elliptera,4,4,SH,SH,,,,,,,,,1121901200,Arthropoda,Insecta,Pterygota,Holometabola,Diptera,Tipulidae,Elliptera
120503,Genus,Erioptera,Erioptera,7,7,CG,CG,4,4,4,4,,,,,1121902600,Arthropoda,Insecta,Pterygota,Holometabola,Diptera,Tipulidae,Erioptera
120640,Genus,Gonomyia,Gonomyia,4,4,SH,SH,,,,,,,,,1121901300,Arthropoda,Insecta,Pterygota,Holometabola,Diptera,Tipulidae,Gonomyia
119690,Genus,Helius,Helius,4,4,SH,SH,,,,,,,,,1121901400,Arthropoda,Insecta,Pterygota,Holometabola,Diptera,Tipulidae,Helius
120094,Genus,Hexatoma,Hexatoma,2,2,PR,PR,3,3,3,3,4,4,3,3,1121901500,Arthropoda,Insecta,Pterygota,Holometabola,Diptera,Tipulidae,Hexatoma
118894,Genus,Leptotarsus,Leptotarsus,4,4,SH,SH,,,,,,,,,1121900200,Arthropoda,Insecta,Pterygota,Holometabola,Diptera,Tipulidae,Leptotarsus
120164,Genus,Limnophila,Limnophila,3,3,PR,PR,4,4,4,4,,,5,5,1121901600,Arthropoda,Insecta,Pterygota,Holometabola,Diptera,Tipulidae,Limnophila
119704,Genus,Limonia,Limonia,6,6,SH,SH,4,4,4,4,,,,,1121901700,Arthropoda,Insecta,Pterygota,Holometabola,Diptera,Tipulidae,Limonia
120749,Genus,Lipsothrix,Lipsothrix,4,4,SH,SH,4,4,4,4,,,,,1121902700,Arthropoda,Insecta,Pterygota,Holometabola,Diptera,Tipulidae,Lipsothrix
120758,Genus,Molophilus,Molophilus,4,4,SH,SH,3,3,3,3,,,4,4,1121901800,Arthropoda,Insecta,Pterygota,Holometabola,Diptera,Tipulidae,Molophilus
120830,Genus,Ormosia,Ormosia,6,6,CG,CG,3,3,3,3,,,,,1121901900,Arthropoda,Insecta,Pterygota,Holometabola,Diptera,Tipulidae,Ormosia
120298,Genus,Paradelphomyia,Paradelphomyia,4,4,SH,SH,,,,,,,,,1121902000,Arthropoda,Insecta,Pterygota,Holometabola,Diptera,Tipulidae,Paradelphomyia
121118,Genus,Pedicia,Pedicia,6,6,PR,PR,3,3,3,3,,,,,1121902100,Arthropoda,Insecta,Pterygota,Holometabola,Diptera,Tipulidae,Pedicia
119645,Genus,Phalacrocera,Phalacrocera,4,4,SH,SH,,,,,,,,,1121900500,Arthropoda,Insecta,Pterygota,Holometabola,Diptera,Tipulidae,Phalacrocera
120967,Genus,Phantolabis,Phantolabis,,,,,,,,,,,,,1121902800,Arthropoda,Insecta,Pterygota,Holometabola,Diptera,Tipulidae,Phantolabis
120335,Genus,Pilaria,Pilaria,7,7,PR,PR,4,4,4,4,,,,,1121902200,Arthropoda,Insecta,Pterygota,Holometabola,Diptera,Tipulidae,Pilaria
119008,Genus,Prionocera,Prionocera,4,4,SH,SH,,,,,,,,,1121900300,Arthropoda,Insecta,Pterygota,Holometabola,Diptera,Tipulidae,Prionocera
120365,Genus,Pseudolimnophila,Pseudolimnophila,2,2,PR,PR,4,4,4,4,,,,,1121902300,Arthropoda,Insecta,Pterygota,Holometabola,Diptera,Tipulidae,Pseudolimnophila
120968,Genus,Rhabdomastix,Rhabdomastix,4,4,SH,SH,,,,,,,,,1121902400,Arthropoda,Insecta,Pterygota,Holometabola,Diptera,Tipulidae,Rhabdomastix
119037,Genus,Tipula,Tipula,4,4,SH,SH,5,5,5,5,7,7,5,5,1121900400,Arthropoda,Insecta,Pterygota,Holometabola,Diptera,Tipulidae,Tipula
119652,Genus,Triogma,Triogma,4,4,SH,SH,,,,,,,,,1121900600,Arthropoda,Insecta,Pterygota,Holometabola,Diptera,Tipulidae,Triogma
120387,Genus,Ulomorpha,Ulomorpha,4,4,PR,PR,,,,,,,,,1121902500,Arthropoda,Insecta,Pterygota,Holometabola,Diptera,Tipulidae,Ulomorpha
152867,Family,Braconidae,Braconidae,5,5,UK,UK,,,,,,,,,1110500000,Arthropoda,Insecta,Pterygota,Holometabola,Hymenoptera,Braconidae,
152931,Genus,Ademon,Ademon,5,5,UK,UK,,,,,,,,,1110500100,Arthropoda,Insecta,Pterygota,Holometabola,Hymenoptera,Braconidae,Ademon
152924,Genus,Asobara,Asobara,5,5,UK,UK,,,,,,,,,1110500300,Arthropoda,Insecta,Pterygota,Holometabola,Hymenoptera,Braconidae,Asobara
153257,Genus,Bracon,Bracon,5,5,UK,UK,,,,,,,,,1110500400,Arthropoda,Insecta,Pterygota,Holometabola,Hymenoptera,Braconidae,Bracon
153359,Genus,Chaenusa,Chaenusa,5,5,UK,UK,,,,,,,,,1110500500,Arthropoda,Insecta,Pterygota,Holometabola,Hymenoptera,Braconidae,Chaenusa
152894,Genus,Chorebus,Chorebus,5,5,UK,UK,,,,,,,,,1110500700,Arthropoda,Insecta,Pterygota,Holometabola,Hymenoptera,Braconidae,Chorebus
152879,Genus,Dacnusa,Dacnusa,5,5,UK,UK,,,,,,,,,1110500800,Arthropoda,Insecta,Pterygota,Holometabola,Hymenoptera,Braconidae,Dacnusa
152938,Genus,Opius,Opius,5,5,UK,UK,,,,,,,,,1110500900,Arthropoda,Insecta,Pterygota,Holometabola,Hymenoptera,Braconidae,Opius
153174,Genus,Phaenocarpa,Phaenocarpa,5,5,UK,UK,,,,,,,,,1110501000,Arthropoda,Insecta,Pterygota,Holometabola,Hymenoptera,Braconidae,Phaenocarpa
154067,Family,Diapriidae,Diapriidae,5,5,UK,UK,,,,,,,,,1110300000,Arthropoda,Insecta,Pterygota,Holometabola,Hymenoptera,Diapriidae,
153770,Family,Eulophidae,Eulophidae,5,5,UK,UK,,,,,,,,,1110800000,Arthropoda,Insecta,Pterygota,Holometabola,Hymenoptera,Eulophidae,
153917,Genus,Aprostocetus,Aprostocetus,5,5,UK,UK,,,,,,,,,1110800100,Arthropoda,Insecta,Pterygota,Holometabola,Hymenoptera,Eulophidae,Aprostocetus
153938,Genus,Mestocharis,Mestocharis,5,5,UK,UK,,,,,,,,,1110800200,Arthropoda,Insecta,Pterygota,Holometabola,Hymenoptera,Eulophidae,Mestocharis
153771,Genus,Tetrastichus,Tetrastichus,5,5,UK,UK,,,,,,,,,1110800300,Arthropoda,Insecta,Pterygota,Holometabola,Hymenoptera,Eulophidae,Tetrastichus
154032,Genus,Hexacola,Hexacola,5,5,UK,UK,,,,,,,,,1111000100,Arthropoda,Insecta,Pterygota,Holometabola,Hymenoptera,Figitidae,Hexacola
153360,Family,Ichneumonidae,Ichneumonidae,5,5,UK,UK,,,,,,,,,1110400000,Arthropoda,Insecta,Pterygota,Holometabola,Hymenoptera,Ichneumonidae,
153555,Genus,Apsilops,Apsilops,5,5,UK,UK,,,,,,,,,1110400100,Arthropoda,Insecta,Pterygota,Holometabola,Hymenoptera,Ichneumonidae,Apsilops
153449,Genus,Cremastus,Cremastus,5,5,UK,UK,,,,,,,,,1110400200,Arthropoda,Insecta,Pterygota,Holometabola,Hymenoptera,Ichneumonidae,Cremastus
153430,Genus,Mesoleptus,Mesoleptus,5,5,UK,UK,,,,,,,,,1110400400,Arthropoda,Insecta,Pterygota,Holometabola,Hymenoptera,Ichneumonidae,Mesoleptus
153379,Genus,Phygadeuon,Phygadeuon,5,5,UK,UK,,,,,,,,,1110400500,Arthropoda,Insecta,Pterygota,Holometabola,Hymenoptera,Ichneumonidae,Phygadeuon
153493,Genus,Trichopria,Trichopria,5,5,UK,UK,,,,,,,,,1110300100,Arthropoda,Insecta,Pterygota,Holometabola,Hymenoptera,Ichneumonidae,Trichopria
153659,Family,Mymaridae,Mymaridae,5,5,UK,UK,,,,,,,,,1110600000,Arthropoda,Insecta,Pterygota,Holometabola,Hymenoptera,Mymaridae,
153676,Genus,Caraphractus,Caraphractus,5,5,UK,UK,,,,,,,,,1110600100,Arthropoda,Insecta,Pterygota,Holometabola,Hymenoptera,Mymaridae,Caraphractus
154286,Family,Pompilidae,Pompilidae,5,5,UK,UK,,,,,,,,,1110100000,Arthropoda,Insecta,Pterygota,Holometabola,Hymenoptera,Pompilidae,
154287,Genus,Anoplius,Anoplius,5,5,UK,UK,,,,,,,,,1110100100,Arthropoda,Insecta,Pterygota,Holometabola,Hymenoptera,Pompilidae,Anoplius
153974,Family,Pteromalidae,Pteromalidae,5,5,UK,UK,,,,,,,,,1110900000,Arthropoda,Insecta,Pterygota,Holometabola,Hymenoptera,Pteromalidae,
153977,Genus,Gyrinophagus,Gyrinophagus,5,5,UK,UK,,,,,,,,,1110900100,Arthropoda,Insecta,Pterygota,Holometabola,Hymenoptera,Pteromalidae,Gyrinophagus
153976,Species,Sisridivora,Sisridivora,5,5,UK,UK,,,,,,,,,1110900200,Arthropoda,Insecta,Pterygota,Holometabola,Hymenoptera,Pteromalidae,Sisyridivora
154068,Family,Scelionidae,Scelionidae,5,5,UK,UK,,,,,,,,,1110200000,Arthropoda,Insecta,Pterygota,Holometabola,Hymenoptera,Scelionidae,
154133,Genus,Pseudanteris,Pseudanteris,5,5,UK,UK,,,,,,,,,1110200100,Arthropoda,Insecta,Pterygota,Holometabola,Hymenoptera,Scelionidae,Pseudanteris
154069,Genus,Telenomus,Telenomus,5,5,UK,UK,,,,,,,,,1110200200,Arthropoda,Insecta,Pterygota,Holometabola,Hymenoptera,Scelionidae,Telenomus
154143,Genus,Thoron,Thoron,5,5,UK,UK,,,,,,,,,1110200300,Arthropoda,Insecta,Pterygota,Holometabola,Hymenoptera,Scelionidae,Thoron
154135,Genus,Tiphodytes,Tiphodytes,5,5,UK,UK,,,,,,,,,1110200400,Arthropoda,Insecta,Pterygota,Holometabola,Hymenoptera,Scelionidae,Tiphodytes
153729,Genus,Hydrophylita,Hydrophylita,5,5,UK,UK,,,,,,,,,1110700100,Arthropoda,Insecta,Pterygota,Holometabola,Hymenoptera,Trichogrammatidae,Hydrophylita
153733,Genus,Lathromeroidea,Lathromeroidea,5,5,UK,UK,,,,,,,,,1110700200,Arthropoda,Insecta,Pterygota,Holometabola,Hymenoptera,Trichogrammatidae,Lathromeroidea
153739,Genus,Paracentrobia,Paracentrobia,5,5,UK,UK,,,,,,,,,1110700300,Arthropoda,Insecta,Pterygota,Holometabola,Hymenoptera,Trichogrammatidae,Paracentrobia
153756,Genus,Trichogramma,Trichogramma,5,5,UK,UK,,,,,,,,,1110700400,Arthropoda,Insecta,Pterygota,Holometabola,Hymenoptera,Trichogrammatidae,Trichogramma
117232,Order,Lepidoptera,Lepidoptera,5,5,SH,SH,,,,,,,,,1090000000,Arthropoda,Insecta,Pterygota,Holometabola,Lepidoptera,,
118725,Family,Coleophoridae,Coleophoridae,6,6,SH,SH,,,,,,,,,1090600000,Arthropoda,Insecta,Pterygota,Holometabola,Lepidoptera,Coleophoridae,
693962,Family,Cosmopterigidae,Cosmopterigidae,5,5,SH,SH,,,,,,,,,1090300000,Arthropoda,Insecta,Pterygota,Holometabola,Lepidoptera,Cosmopterigidae,
117916,Genus,Cosmopterix,Cosmopterix,5,5,SH,SH,,,,,,,,,1090300100,Arthropoda,Insecta,Pterygota,Holometabola,Lepidoptera,Cosmopterigidae,Cosmopterix
117954,Genus,Limnaecia,Limnaecia,5,5,SH,SH,,,,,,,,,1090300200,Arthropoda,Insecta,Pterygota,Holometabola,Lepidoptera,Cosmopterigidae,Limnaecia
693963,Family,Crambidae,Crambidae,,,,,,,,,,,,,1090700000,Arthropoda,Insecta,Pterygota,Holometabola,Lepidoptera,Crambidae,
117741,Genus,Acentria,Acentria,5,5,SH,SH,,,,,,,,,1090101000,Arthropoda,Insecta,Pterygota,Holometabola,Lepidoptera,Crambidae,Acentria
117704,Genus,Chilo,Chilo,5,5,SH,SH,,,,,,,,,1090101200,Arthropoda,Insecta,Pterygota,Holometabola,Lepidoptera,Crambidae,Chilo
117695,Genus,Eoparargyractis,Eoparargyractis,5,5,SH,SH,,,,,,,,,1090100800,Arthropoda,Insecta,Pterygota,Holometabola,Lepidoptera,Crambidae,Eoparargyractis
117670,Genus,Langessa,Langessa,5,5,SH,SH,,,,,,,,,1090100100,Arthropoda,Insecta,Pterygota,Holometabola,Lepidoptera,Crambidae,Langessa
117672,Genus,Munroessa,Munroessa,5,5,SH,SH,,,,,,,,,1090100200,Arthropoda,Insecta,Pterygota,Holometabola,Lepidoptera,Crambidae,Munroessa
117727,Genus,Neocataclysta,Neocataclysta,5,5,SH,SH,,,,,,,,,1090100300,Arthropoda,Insecta,Pterygota,Holometabola,Lepidoptera,Crambidae,Neocataclysta
117659,Genus,Nymphula,Nymphula,7,7,SH,SH,,,,,,,,,1090100400,Arthropoda,Insecta,Pterygota,Holometabola,Lepidoptera,Crambidae,Nymphula
117758,Genus,Nymphuliella,Nymphuliella,5,5,SH,SH,,,,,,,,,1090100500,Arthropoda,Insecta,Pterygota,Holometabola,Lepidoptera,Crambidae,Nymphuliella
117710,Genus,Occidentalia,Occidentalia,5,5,SH,SH,,,,,,,,,1090700100,Arthropoda,Insecta,Pterygota,Holometabola,Lepidoptera,Crambidae,Occidentalia
117730,Genus,Ostrinia,Ostrinia,5,5,SH,SH,,,,,,,,,1090101400,Arthropoda,Insecta,Pterygota,Holometabola,Lepidoptera,Crambidae,Ostrinia
117714,Genus,Parapoynx,Parapoynx,5,5,SH,SH,,,,,,,,,1090100600,Arthropoda,Insecta,Pterygota,Holometabola,Lepidoptera,Crambidae,Parapoynx
117682,Genus,Petrophila,Petrophila,5,5,SC,SC,5,5,5,5,10,10,,,1090100900,Arthropoda,Insecta,Pterygota,Holometabola,Lepidoptera,Crambidae,Petrophila
117699,Genus,Schoenobius,Schoenobius,5,5,SH,SH,,,,,,,,,1090101100,Arthropoda,Insecta,Pterygota,Holometabola,Lepidoptera,Crambidae,Schoenobius
117654,Genus,Synclita,Synclita,5,5,FC,FC,,,,,,,,,1090100700,Arthropoda,Insecta,Pterygota,Holometabola,Lepidoptera,Crambidae,Synclita
118745,Family,Nepticulidae,Nepticulidae,5,5,SH,SH,,,,,,,,,1090200000,Arthropoda,Insecta,Pterygota,Holometabola,Lepidoptera,Nepticulidae,
118746,Genus,Nepticula,Nepticula,5,5,SH,SH,,,,,,,,,1090200100,Arthropoda,Insecta,Pterygota,Holometabola,Lepidoptera,Nepticulidae,Nepticula
117318,Family,Noctuidae,Noctuidae,5,5,SH,SH,,,,,,,,,1090400000,Arthropoda,Insecta,Pterygota,Holometabola,Lepidoptera,Noctuidae,
117331,Genus,Archanara,Archanara,5,5,SH,SH,,,,,,,,,1090400100,Arthropoda,Insecta,Pterygota,Holometabola,Lepidoptera,Noctuidae,Archanara
117321,Genus,Bellura,Bellura,5,5,SH,SH,,,,,,,,,1090400200,Arthropoda,Insecta,Pterygota,Holometabola,Lepidoptera,Noctuidae,Bellura
117482,Genus,Simyra,Simyra,5,5,SH,SH,,,,,,,,,1090400300,Arthropoda,Insecta,Pterygota,Holometabola,Lepidoptera,Noctuidae,Simyra
117641,Family,Pyralidae,Pyralidae,5,5,SH,SH,,,,,,,,,1090100000,Arthropoda,Insecta,Pterygota,Holometabola,Lepidoptera,Pyralidae,
117856,Family,Tortricidae,Tortricidae,5,5,SH,SH,,,,,,,,,1090500000,Arthropoda,Insecta,Pterygota,Holometabola,Lepidoptera,Tortricidae,
117857,Genus,Archips,Archips,5,5,SH,SH,,,,,,,,,1090500100,Arthropoda,Insecta,Pterygota,Holometabola,Lepidoptera,Tortricidae,Archips
115095,Order,Trichoptera,Trichoptera,,,,,,,,,,,,,1080000000,Arthropoda,Insecta,Pterygota,Holometabola,Trichoptera,,
115935,Genus,Apatania,Apatania,3,3,SC,SC,2,2,2,2,4,4,1,1,1081000300,Arthropoda,Insecta,Pterygota,Holometabola,Trichoptera,Apataniidae,Apatania
116344,Genus,Manophylax,Manophylax,4,4,SH,SH,,,,,,,,,1081001700,Arthropoda,Insecta,Pterygota,Holometabola,Trichoptera,Apataniidae,Manophylax
116489,Family,Beraeidae,Beraeidae,3,3,SC,SC,,,,,,,,,1081200000,Arthropoda,Insecta,Pterygota,Holometabola,Trichoptera,Beraeidae,
116490,Genus,Beraea,Beraea,3,3,SC,SC,,,,,,,,,1081200100,Arthropoda,Insecta,Pterygota,Holometabola,Trichoptera,Beraeidae,Beraea
116905,Family,Brachycentridae,Brachycentridae,1,1,FC,FC,2,2,2,2,,,,,1080900000,Arthropoda,Insecta,Pterygota,Holometabola,Trichoptera,Brachycentridae,
116956,Genus,Adicrophleps,Adicrophleps,2,2,SH,SH,1,1,1,1,,,9,9,1080900100,Arthropoda,Insecta,Pterygota,Holometabola,Trichoptera,Brachycentridae,Adicrophleps
116906,Genus,Brachycentrus,Brachycentrus,1,1,FC,FC,3,3,3,3,4,4,,,1080900200,Arthropoda,Insecta,Pterygota,Holometabola,Trichoptera,Brachycentridae,Brachycentrus
116958,Genus,Micrasema,Micrasema,2,2,SH,SH,3,3,3,3,,,3,3,1080900300,Arthropoda,Insecta,Pterygota,Holometabola,Trichoptera,Brachycentridae,Micrasema
116529,Family,Calamoceratidae,Calamoceratidae,5,5,SH,SH,,,,,,,,,1081600000,Arthropoda,Insecta,Pterygota,Holometabola,Trichoptera,Calamoceratidae,
116530,Genus,Anisocentropus,Anisocentropus,1,1,SH,SH,,,,,,,,,1081600200,Arthropoda,Insecta,Pterygota,Holometabola,Trichoptera,Calamoceratidae,Anisocentropus
116537,Genus,Heteroplectron,Heteroplectron,5,5,SH,SH,1,1,1,1,,,,,1081600100,Arthropoda,Insecta,Pterygota,Holometabola,Trichoptera,Calamoceratidae,Heteroplectron
115361,Genus,Phylocentropus,Phylocentropus,5,5,FC,FC,4,4,4,4,,,,,1080300600,Arthropoda,Insecta,Pterygota,Holometabola,Trichoptera,Dipseudopsidae,Phylocentropus
117120,Family,Glossosomatidae,Glossosomatidae,0,0,SC,SC,3,3,3,3,,,,,1080600000,Arthropoda,Insecta,Pterygota,Holometabola,Trichoptera,Glossosomatidae,
117121,Genus,Agapetus,Agapetus,0,0,SC,SC,3,3,3,3,,,0,0,1080600200,Arthropoda,Insecta,Pterygota,Holometabola,Trichoptera,Glossosomatidae,Agapetus
115236,Genus,Culoptila,Culoptila,1,1,SC,SC,3,3,3,3,,,,,1080600300,Arthropoda,Insecta,Pterygota,Holometabola,Trichoptera,Glossosomatidae,Culoptila
117159,Genus,Glossosoma,Glossosoma,0,0,SC,SC,3,3,3,3,4,4,1,1,1080600100,Arthropoda,Insecta,Pterygota,Holometabola,Trichoptera,Glossosomatidae,Glossosoma
115221,Genus,Protoptila,Protoptila,1,1,SC,SC,2,2,2,2,,,,,1080600400,Arthropoda,Insecta,Pterygota,Holometabola,Trichoptera,Glossosomatidae,Protoptila
116423,Genus,Goera,Goera,0,0,SC,SC,1,1,1,1,,,,,1081001600,Arthropoda,Insecta,Pterygota,Holometabola,Trichoptera,Goeridae,Goera
117015,Family,Helicopsychidae,Helicopsychidae,3,3,SC,SC,,,,,,,,,1081500000,Arthropoda,Insecta,Pterygota,Holometabola,Trichoptera,Helicopsychidae,
117016,Genus,Helicopsyche,Helicopsyche,3,3,SC,SC,3,3,3,3,,,,,1081500100,Arthropoda,Insecta,Pterygota,Holometabola,Trichoptera,Helicopsychidae,Helicopsyche
115398,Family,Hydropsychidae,Hydropsychidae,5,5,FC,FC,,,,,,,,,1080400000,Arthropoda,Insecta,Pterygota,Holometabola,Trichoptera,Hydropsychidae,
115529,Genus,Arctopsyche,Arctopsyche,1,1,FC,FC,,,,,,,,,1080400100,Arthropoda,Insecta,Pterygota,Holometabola,Trichoptera,Hydropsychidae,Arctopsyche
115570,Genus,Ceratopsyche,Ceratopsyche,5,5,FC,FC,4,4,4,4,7,7,2,2,1080400500,Arthropoda,Insecta,Pterygota,Holometabola,Trichoptera,Hydropsychidae,Ceratopsyche
115408,Genus,Cheumatopsyche,Cheumatopsyche,6,6,FC,FC,5,5,5,5,8,8,1,1,1080400600,Arthropoda,Insecta,Pterygota,Holometabola,Trichoptera,Hydropsychidae,Cheumatopsyche
115399,Genus,Diplectrona,Diplectrona,0,0,FC,FC,2,2,2,2,1,1,5,5,1080400300,Arthropoda,Insecta,Pterygota,Holometabola,Trichoptera,Hydropsychidae,Diplectrona
115618,Genus,Homoplectra,Homoplectra,5,5,FC,FC,,,,,,,,,1080400400,Arthropoda,Insecta,Pterygota,Holometabola,Trichoptera,Hydropsychidae,Homoplectra
115453,Genus,Hydropsyche,Hydropsyche,5,5,FC,FC,5,5,5,5,8,8,1,1,1080400700,Arthropoda,Insecta,Pterygota,Holometabola,Trichoptera,Hydropsychidae,Hydropsyche
115603,Genus,Macrostemum,Macrostemum,3,3,FC,FC,4,4,4,4,,,,,1080400900,Arthropoda,Insecta,Pterygota,Holometabola,Trichoptera,Hydropsychidae,Macrostemum
115556,Genus,Parapsyche,Parapsyche,0,0,FC,FC,1,1,1,1,,,7,7,1080400200,Arthropoda,Insecta,Pterygota,Holometabola,Trichoptera,Hydropsychidae,Parapsyche
115551,Genus,Potamyia,Potamyia,5,5,FC,FC,3,3,3,3,,,,,1080400800,Arthropoda,Insecta,Pterygota,Holometabola,Trichoptera,Hydropsychidae,Potamyia
115629,Family,Hydroptilidae,Hydroptilidae,4,4,PI,PI,,,,,,,,,1080700000,Arthropoda,Insecta,Pterygota,Holometabola,Trichoptera,Hydroptilidae,
115635,Genus,Agraylea,Agraylea,8,8,CG,CG,4,4,4,4,,,,,1080700200,Arthropoda,Insecta,Pterygota,Holometabola,Trichoptera,Hydroptilidae,Agraylea
115826,Genus,Dibusa,Dibusa,4,4,SC,SC,,,,,,,,,1080700300,Arthropoda,Insecta,Pterygota,Holometabola,Trichoptera,Hydroptilidae,Dibusa
115641,Genus,Hydroptila,Hydroptila,6,6,SC,SC,5,5,5,5,6,6,1,1,1080700400,Arthropoda,Insecta,Pterygota,Holometabola,Trichoptera,Hydroptilidae,Hydroptila
115823,Genus,Ithytrichia,Ithytrichia,6,6,SC,SC,,,,,,,,,1080700900,Arthropoda,Insecta,Pterygota,Holometabola,Trichoptera,Hydroptilidae,Ithytrichia
115630,Genus,Leucotrichia,Leucotrichia,6,6,SC,SC,4,4,4,4,8,8,,,1080700800,Arthropoda,Insecta,Pterygota,Holometabola,Trichoptera,Hydroptilidae,Leucotrichia
115811,Genus,Mayatrichia,Mayatrichia,4,4,SC,SC,,,,,,,,,1080701200,Arthropoda,Insecta,Pterygota,Holometabola,Trichoptera,Hydroptilidae,Mayatrichia
115833,Genus,Neotrichia,Neotrichia,2,2,SC,SC,,,,,,,,,1080701100,Arthropoda,Insecta,Pterygota,Holometabola,Trichoptera,Hydroptilidae,Neotrichia
115714,Genus,Ochrotrichia,Ochrotrichia,4,4,SC,SC,,,,,,,,,1080700500,Arthropoda,Insecta,Pterygota,Holometabola,Trichoptera,Hydroptilidae,Ochrotrichia
115828,Genus,Orthotrichia,Orthotrichia,6,6,SH,SH,,,,,,,,,1080701000,Arthropoda,Insecta,Pterygota,Holometabola,Trichoptera,Hydroptilidae,Orthotrichia
115779,Genus,Oxyethira,Oxyethira,3,3,CG,CG,2,2,2,2,,,,,1080700600,Arthropoda,Insecta,Pterygota,Holometabola,Trichoptera,Hydroptilidae,Oxyethira
115849,Genus,Palaeagapetus,Palaeagapetus,1,1,SH,SH,1,1,1,1,,,6,6,1080700100,Arthropoda,Insecta,Pterygota,Holometabola,Trichoptera,Hydroptilidae,Palaeagapetus
115817,Genus,Stactobiella,Stactobiella,2,2,SC,SC,,,,,,,,,1080700700,Arthropoda,Insecta,Pterygota,Holometabola,Trichoptera,Hydroptilidae,Stactobiella
116793,Family,Lepidostomatidae,Lepidostomatidae,1,1,SH,SH,2,2,2,2,,,,,1080910000,Arthropoda,Insecta,Pterygota,Holometabola,Trichoptera,Lepidostomatidae,
116794,Genus,Lepidostoma,Lepidostoma,1,1,SH,SH,2,2,2,2,4,4,4,4,1080910100,Arthropoda,Insecta,Pterygota,Holometabola,Trichoptera,Lepidostomatidae,Lepidostoma
116547,Family,Leptoceridae,Leptoceridae,4,4,PR,PR,,,,,,,,,1081700000,Arthropoda,Insecta,Pterygota,Holometabola,Trichoptera,Leptoceridae,
116684,Genus,Ceraclea,Ceraclea,3,3,CG,CG,3,3,3,3,,,,,1081700100,Arthropoda,Insecta,Pterygota,Holometabola,Trichoptera,Leptoceridae,Ceraclea
116677,Genus,Leptocerus,Leptocerus,3,3,SH,SH,,,,,,,,,1081700200,Arthropoda,Insecta,Pterygota,Holometabola,Trichoptera,Leptoceridae,Leptocerus
116598,Genus,Mystacides,Mystacides,4,4,CG,CG,3,3,3,3,,,,,1081700300,Arthropoda,Insecta,Pterygota,Holometabola,Trichoptera,Leptoceridae,Mystacides
116651,Genus,Nectopsyche,Nectopsyche,3,3,SH,SH,3,3,3,3,,,,,1081700400,Arthropoda,Insecta,Pterygota,Holometabola,Trichoptera,Leptoceridae,Nectopsyche
116607,Genus,Oecetis,Oecetis,8,8,PR,PR,3,3,3,3,,,,,1081700500,Arthropoda,Insecta,Pterygota,Holometabola,Trichoptera,Leptoceridae,Oecetis
116548,Genus,Setodes,Setodes,2,2,CG,CG,2,2,2,2,,,,,1081700600,Arthropoda,Insecta,Pterygota,Holometabola,Trichoptera,Leptoceridae,Setodes
116565,Genus,Triaenodes,Triaenodes,6,6,SH,SH,3,3,3,3,,,,,1081700700,Arthropoda,Insecta,Pterygota,Holometabola,Trichoptera,Leptoceridae,Triaenodes
115933,Family,Limnephilidae,Limnephilidae,4,4,SH,SH,3,3,3,3,,,,,1081000000,Arthropoda,Insecta,Pterygota,Holometabola,Trichoptera,Limnephilidae,
115956,Genus,Anabolia,Anabolia,5,5,SH,SH,,,,,,,,,1081000500,Arthropoda,Insecta,Pterygota,Holometabola,Trichoptera,Limnephilidae,Anabolia
116247,Genus,Arctopora,Arctopora,5,5,SH,SH,,,,,,,,,1081000600,Arthropoda,Insecta,Pterygota,Holometabola,Trichoptera,Limnephilidae,Arctopora
116013,Genus,Clostoeca,Clostoeca,5,5,SH,SH,,,,,,,,,1081000700,Arthropoda,Insecta,Pterygota,Holometabola,Trichoptera,Limnephilidae,Clostoeca
116303,Genus,Frenesia,Frenesia,4,4,SH,SH,,,,,,,,,1081000800,Arthropoda,Insecta,Pterygota,Holometabola,Trichoptera,Limnephilidae,Frenesia
116030,Genus,Glyphopsyche,Glyphopsyche,3,3,SH,SH,,,,,,,,,1081001800,Arthropoda,Insecta,Pterygota,Holometabola,Trichoptera,Limnephilidae,Glyphopsyche
116001,Genus,Hesperophylax,Hesperophylax,4,4,CG,CG,3,3,3,3,,,,,1081000900,Arthropoda,Insecta,Pterygota,Holometabola,Trichoptera,Limnephilidae,Hesperophylax
115995,Genus,Hydatophylax,Hydatophylax,2,2,SH,SH,2,2,2,2,,,,,1081001000,Arthropoda,Insecta,Pterygota,Holometabola,Trichoptera,Limnephilidae,Hydatophylax
116382,Genus,Ironoquia,Ironoquia,3,3,SH,SH,,,,,,,,,1081000100,Arthropoda,Insecta,Pterygota,Holometabola,Trichoptera,Limnephilidae,Ironoquia
116345,Genus,Leptophylax,Leptophylax,2,2,SH,SH,,,,,,,,,1081001100,Arthropoda,Insecta,Pterygota,Holometabola,Trichoptera,Limnephilidae,Leptophylax
116069,Genus,Limnephilus,Limnephilus,3,3,SH,SH,3,3,3,3,,,,,1081001200,Arthropoda,Insecta,Pterygota,Holometabola,Trichoptera,Limnephilidae,Limnephilus
116315,Genus,Onocosmoecus,Onocosmoecus,3,3,SH,SH,,,,,,,,,1081000200,Arthropoda,Insecta,Pterygota,Holometabola,Trichoptera,Limnephilidae,Onocosmoecus
116394,Genus,Philarctus,Philarctus,3,3,SH,SH,,,,,,,,,1081001300,Arthropoda,Insecta,Pterygota,Holometabola,Trichoptera,Limnephilidae,Philarctus
116407,Genus,Platycentropus,Platycentropus,4,4,SH,SH,3,3,3,3,,,,,1081001400,Arthropoda,Insecta,Pterygota,Holometabola,Trichoptera,Limnephilidae,Platycentropus
115989,Genus,Pseudostenophylax,Pseudostenophylax,0,0,SH,SH,3,3,3,3,,,,,1081000400,Arthropoda,Insecta,Pterygota,Holometabola,Trichoptera,Limnephilidae,Pseudostenophylax
116409,Genus,Pycnopsyche,Pycnopsyche,4,4,SH,SH,3,3,3,3,1,1,4,4,1081001500,Arthropoda,Insecta,Pterygota,Holometabola,Trichoptera,Limnephilidae,Pycnopsyche
116473,Family,Molannidae,Molannidae,6,6,SC,SC,,,,,,,,,1081400000,Arthropoda,Insecta,Pterygota,Holometabola,Trichoptera,Molannidae,
116474,Genus,Molanna,Molanna,6,6,SC,SC,2,2,2,2,,,,,1081400100,Arthropoda,Insecta,Pterygota,Holometabola,Trichoptera,Molannidae,Molanna
116496,Family,Odontoceridae,Odontoceridae,0,0,SH,SH,1,1,1,1,,,,,1081800000,Arthropoda,Insecta,Pterygota,Holometabola,Trichoptera,Odontoceridae,
116497,Genus,Psilotreta,Psilotreta,0,0,SC,SC,1,1,1,1,8,8,3,3,1081300200,Arthropoda,Insecta,Pterygota,Holometabola,Trichoptera,Odontoceridae,Psilotreta
115257,Family,Philopotamidae,Philopotamidae,3,3,FC,FC,,,,,,,,,1080100000,Arthropoda,Insecta,Pterygota,Holometabola,Trichoptera,Philopotamidae,
115273,Genus,Chimarra,Chimarra,4,4,FC,FC,4,4,4,4,9,9,3,3,1080100100,Arthropoda,Insecta,Pterygota,Holometabola,Trichoptera,Philopotamidae,Chimarra
115319,Genus,Dolophilodes,Dolophilodes,0,0,FC,FC,2,2,2,2,1,1,2,2,1080100200,Arthropoda,Insecta,Pterygota,Holometabola,Trichoptera,Philopotamidae,Dolophilodes
115258,Genus,Wormaldia,Wormaldia,0,0,FC,FC,1,1,1,1,,,10,10,1080100300,Arthropoda,Insecta,Pterygota,Holometabola,Trichoptera,Philopotamidae,Wormaldia
115867,Family,Phryganeidae,Phryganeidae,4,4,SH,SH,,,,,,,,,1080800000,Arthropoda,Insecta,Pterygota,Holometabola,Trichoptera,Phryganeidae,
115882,Genus,Agrypnia,Agrypnia,7,7,SH,SH,,,,,,,,,1080800100,Arthropoda,Insecta,Pterygota,Holometabola,Trichoptera,Phryganeidae,Agrypnia
115911,Genus,Banksiola,Banksiola,2,2,SH,SH,,,,,,,,,1080800200,Arthropoda,Insecta,Pterygota,Holometabola,Trichoptera,Phryganeidae,Banksiola
598591,Genus,Beothukus,Banksiola,2,2,SH,SH,,,,,,,,,1080800300,Arthropoda,Insecta,Pterygota,Holometabola,Trichoptera,Phryganeidae,Beothukus
115887,Genus,Fabria,Fabria,4,4,SH,SH,,,,,,,,,1080800400,Arthropoda,Insecta,Pterygota,Holometabola,Trichoptera,Phryganeidae,Fabria
115903,Genus,Hagenella,Hagenella,5,5,SH,SH,,,,,,,,,1080800500,Arthropoda,Insecta,Pterygota,Holometabola,Trichoptera,Phryganeidae,Hagenella
115900,Genus,Oligostomis,Oligostomis,5,5,SH,SH,,,,,,,,,1080800600,Arthropoda,Insecta,Pterygota,Holometabola,Trichoptera,Phryganeidae,Oligostomis
115892,Genus,Phryganea,Phryganea,8,8,SH,SH,,,,,,,,,1080800700,Arthropoda,Insecta,Pterygota,Holometabola,Trichoptera,Phryganeidae,Phryganea
115868,Genus,Ptilostomis,Ptilostomis,5,5,SH,SH,2,2,2,2,,,,,1080800800,Arthropoda,Insecta,Pterygota,Holometabola,Trichoptera,Phryganeidae,Ptilostomis
117043,Family,Polycentropodidae,Polycentropodidae,6,6,FC,FC,,,,,,,,,1080300000,Arthropoda,Insecta,Pterygota,Holometabola,Trichoptera,Polycentropodidae,
115373,Genus,Cernotina,Cernotina,6,6,PR,PR,,,,,,,,,1080300100,Arthropoda,Insecta,Pterygota,Holometabola,Trichoptera,Polycentropodidae,Cernotina
117091,Genus,Cyrnellus,Cyrnellus,8,8,FC,FC,5,5,5,5,,,,,1080300200,Arthropoda,Insecta,Pterygota,Holometabola,Trichoptera,Polycentropodidae,Cyrnellus
568770,Genus,Holocentropus,Holocentropus,6,6,FC,FC,4,4,4,4,,,,,1080300800,Arthropoda,Insecta,Pterygota,Holometabola,Trichoptera,Polycentropodidae,Holocentropus
117095,Genus,Neureclipsis,Neureclipsis,7,7,FC,FC,3,3,3,3,,,,,1080300300,Arthropoda,Insecta,Pterygota,Holometabola,Trichoptera,Polycentropodidae,Neureclipsis
117104,Genus,Nyctiophylax,Nyctiophylax,5,5,PR,PR,4,4,4,4,,,5,5,1080300700,Arthropoda,Insecta,Pterygota,Holometabola,Trichoptera,Polycentropodidae,Nyctiophylax
568776,Genus,Plectrocnemia,Plectrocnemia,6,6,FC,FC,4,4,4,4,,,,,1080300900,Arthropoda,Insecta,Pterygota,Holometabola,Trichoptera,Polycentropodidae,Plectrocnemia
117044,Genus,Polycentropus,Polycentropus,6,6,FC,FC,4,4,4,4,6,6,5,5,1080300500,Arthropoda,Insecta,Pterygota,Holometabola,Trichoptera,Polycentropodidae,Polycentropus
115334,Family,Psychomyiidae,Psychomyiidae,2,2,CG,CG,3,3,3,3,,,,,1080200000,Arthropoda,Insecta,Pterygota,Holometabola,Trichoptera,Psychomyiidae,
115391,Genus,Lype,Lype,2,2,CG,CG,2,2,2,2,,,2,2,1080200100,Arthropoda,Insecta,Pterygota,Holometabola,Trichoptera,Psychomyiidae,Lype
115335,Genus,Psychomyia,Psychomyia,2,2,CG,CG,3,3,3,3,,,1,1,1080200200,Arthropoda,Insecta,Pterygota,Holometabola,Trichoptera,Psychomyiidae,Psychomyia
115096,Family,Rhyacophilidae,Rhyacophilidae,1,1,SC,SC,,,,,,,,,1080500000,Arthropoda,Insecta,Pterygota,Holometabola,Trichoptera,Rhyacophilidae,
115097,Genus,Rhyacophila,Rhyacophila,1,1,PR,PR,2,2,2,2,2,2,5,5,1080500100,Arthropoda,Insecta,Pterygota,Holometabola,Trichoptera,Rhyacophilidae,Rhyacophila
116982,Family,Sericostomatidae,Sericostomatidae,3,3,SH,SH,,,,,,,,,1081300000,Arthropoda,Insecta,Pterygota,Holometabola,Trichoptera,Sericostomatidae,
116983,Genus,Agarodes,Agarodes,3,3,SH,SH,2,2,2,2,,,,,1081300100,Arthropoda,Insecta,Pterygota,Holometabola,Trichoptera,Sericostomatidae,Agarodes
568757,Family,Uenoidae,Uenoidae,3,3,SC,SC,,,,,,,,,1081100000,Arthropoda,Insecta,Pterygota,Holometabola,Trichoptera,Uenoidae,
116046,Genus,Neophylax,Neophylax,3,3,SC,SC,3,3,3,3,5,5,4,4,1081100100,Arthropoda,Insecta,Pterygota,Holometabola,Trichoptera,Uenoidae,Neophylax
115000,Order,Megaloptera,Megaloptera,8,8,PR,PR,,,,,,,,,1060000000,Arthropoda,Insecta,Pterygota,Neuropterida,Megaloptera,,
115023,Family,Corydalidae,Corydalidae,3,3,PR,PR,,,,,,,,,1060200000,Arthropoda,Insecta,Pterygota,Neuropterida,Megaloptera,Corydalidae,
115024,Genus,Chauliodes,Chauliodes,4,4,PR,PR,4,4,4,4,,,,,1060200200,Arthropoda,Insecta,Pterygota,Neuropterida,Megaloptera,Corydalidae,Chauliodes
115033,Genus,Corydalus,Corydalus,4,4,PR,PR,4,4,4,4,7,7,,,1060200100,Arthropoda,Insecta,Pterygota,Neuropterida,Megaloptera,Corydalidae,Corydalus
115048,Genus,Neohermes,Neohermes,2,2,PR,PR,,,,,,,,,1060200300,Arthropoda,Insecta,Pterygota,Neuropterida,Megaloptera,Corydalidae,Neohermes
115028,Genus,Nigronia,Nigronia,2,2,PR,PR,3,3,3,3,3,3,3,3,1060200400,Arthropoda,Insecta,Pterygota,Neuropterida,Megaloptera,Corydalidae,Nigronia
115002,Genus,Sialis,Sialis,6,6,PR,PR,5,5,5,5,6,6,6,6,1060100100,Arthropoda,Insecta,Pterygota,Neuropterida,Megaloptera,Sialidae,Sialis
114999,Order,Neuroptera,Neuroptera,3,3,PR,PR,,,,,,,,,1070000000,Arthropoda,Insecta,Pterygota,Neuropterida,Neuroptera,,
115085,Family,Sisyridae,Sisyridae,1,1,PI,PI,,,,,,,,,1070100000,Arthropoda,Insecta,Pterygota,Neuropterida,Neuroptera,Sisyridae,
115086,Genus,Climacia,Climacia,1,1,PI,PI,,,,,,,,,1070100100,Arthropoda,Insecta,Pterygota,Neuropterida,Neuroptera,Sisyridae,Climacia
115090,Genus,Sisyra,Sisyra,1,1,PI,PI,,,,,,,,,1070100200,Arthropoda,Insecta,Pterygota,Neuropterida,Neuroptera,Sisyridae,Sisyra
103359,Order,Hemiptera,Hemiptera,,,,,,,,,,,,,1050000000,Arthropoda,Insecta,Pterygota,Paraneoptera,Hemiptera,,
103683,Family,Belostomatidae,Belostomatidae,9,9,PR,PR,,,,,,,,,1050500000,Arthropoda,Insecta,Pterygota,Paraneoptera,Hemiptera,Belostomatidae,
103684,Genus,Belostoma,Belostoma,9,9,PR,PR,,,,,,,,,1050500100,Arthropoda,Insecta,Pterygota,Paraneoptera,Hemiptera,Belostomatidae,Belostoma
103699,Genus,Lethocerus,Lethocerus,9,9,PR,PR,,,,,,,,,1050500200,Arthropoda,Insecta,Pterygota,Paraneoptera,Hemiptera,Belostomatidae,Lethocerus
104019,Family,Ceratocombidae,Ceratocombidae,9,9,PR,PR,,,,,,,,,1050300000,Arthropoda,Insecta,Pterygota,Paraneoptera,Hemiptera,Ceratocombidae,
104020,Genus,Ceratocombus,Ceratocombus,9,9,PR,PR,,,,,,,,,1050300100,Arthropoda,Insecta,Pterygota,Paraneoptera,Hemiptera,Ceratocombidae,Ceratocombus
103364,Family,Corixidae,Corixidae,8,8,PR,PR,5,5,5,5,,,,,1050900000,Arthropoda,Insecta,Pterygota,Paraneoptera,Hemiptera,Corixidae,
103444,Genus,Hesperocorixa,Hesperocorixa,5,5,PR,PR,5,5,5,5,,,,,1050900100,Arthropoda,Insecta,Pterygota,Paraneoptera,Hemiptera,Corixidae,Hesperocorixa
103491,Genus,Palmacorixa,Palmacorixa,8,8,PR,PR,4,4,4,4,,,,,1050900200,Arthropoda,Insecta,Pterygota,Paraneoptera,Hemiptera,Corixidae,Palmacorixa
103365,Genus,Ramphocorixa,Ramphocorixa,8,8,PR,PR,4,4,4,4,,,,,1050900300,Arthropoda,Insecta,Pterygota,Paraneoptera,Hemiptera,Corixidae,Ramphocorixa
103369,Genus,Sigara,Sigara,8,8,PR,PR,4,4,4,4,,,,,1050900400,Arthropoda,Insecta,Pterygota,Paraneoptera,Hemiptera,Corixidae,Sigara
103423,Genus,Trichocorixa,Trichocorixa,8,8,PR,PR,5,5,5,5,,,,,1050900500,Arthropoda,Insecta,Pterygota,Paraneoptera,Hemiptera,Corixidae,Trichocorixa
103768,Family,Gelastocoridae,Gelastocoridae,8,8,PR,PR,,,,,,,,,1051400000,Arthropoda,Insecta,Pterygota,Paraneoptera,Hemiptera,Gelastocoridae,
103769,Genus,Gelastocoris,Gelastocoris,8,8,PR,PR,,,,,,,,,1051400100,Arthropoda,Insecta,Pterygota,Paraneoptera,Hemiptera,Gelastocoridae,Gelastocoris
103801,Family,Gerridae,Gerridae,9,9,PR,PR,,,,,,,,,1050400000,Arthropoda,Insecta,Pterygota,Paraneoptera,Hemiptera,Gerridae,
717547,Genus,Aquarius,Aquarius,9,9,PR,PR,,,,,,,,,1050400100,Arthropoda,Insecta,Pterygota,Paraneoptera,Hemiptera,Gerridae,Aquarius
103829,Genus,Gerris,Gerris,9,9,PR,PR,,,,,,,,,1050400200,Arthropoda,Insecta,Pterygota,Paraneoptera,Hemiptera,Gerridae,Gerris
103825,Genus,Halobates,Halobates,9,9,PR,PR,,,,,,,,,1050400300,Arthropoda,Insecta,Pterygota,Paraneoptera,Hemiptera,Gerridae,Halobates
103872,Genus,Limnoporus,Limnoporus,9,9,PR,PR,,,,,,,,,1050400700,Arthropoda,Insecta,Pterygota,Paraneoptera,Hemiptera,Gerridae,Limnoporus
103857,Genus,Metrobates,Metrobates,9,9,PR,PR,,,,,,,,,1050400500,Arthropoda,Insecta,Pterygota,Paraneoptera,Hemiptera,Gerridae,Metrobates
103802,Genus,Rheumatobates,Rheumatobates,9,9,PR,PR,,,,,,,,,1050400400,Arthropoda,Insecta,Pterygota,Paraneoptera,Hemiptera,Gerridae,Rheumatobates
103811,Genus,Trepobates,Trepobates,9,9,PR,PR,,,,,,,,,1050400600,Arthropoda,Insecta,Pterygota,Paraneoptera,Hemiptera,Gerridae,Trepobates
103964,Family,Hebridae,Hebridae,8,8,PR,PR,,,,,,,,,1051200000,Arthropoda,Insecta,Pterygota,Paraneoptera,Hemiptera,Hebridae,
103965,Genus,Hebrus,Hebrus,8,8,PR,PR,,,,,,,,,1051200100,Arthropoda,Insecta,Pterygota,Paraneoptera,Hemiptera,Hebridae,Hebrus
103983,Genus,Merragata,Merragata,8,8,PR,PR,,,,,,,,,1051200200,Arthropoda,Insecta,Pterygota,Paraneoptera,Hemiptera,Hebridae,Merragata
103938,Family,Hydrometridae,Hydrometridae,9,9,PR,PR,,,,,,,,,1050100000,Arthropoda,Insecta,Pterygota,Paraneoptera,Hemiptera,Hydrometridae,
103939,Genus,Hydrometra,Hydrometridae,9,9,PR,PR,,,,,,,,,1050100100,Arthropoda,Insecta,Pterygota,Paraneoptera,Hemiptera,Hydrometridae,Hydrometra
103953,Family,Mesoveliidae,Mesoveliidae,9,9,PR,PR,,,,,,,,,1051100000,Arthropoda,Insecta,Pterygota,Paraneoptera,Hemiptera,Mesoveliidae,
103954,Genus,Mesovelia,Mesovelia,9,9,PR,PR,,,,,,,,,1051100100,Arthropoda,Insecta,Pterygota,Paraneoptera,Hemiptera,Mesoveliidae,Mesovelia
103613,Family,Naucoridae,Naucoridae,8,8,PR,PR,,,,,,,,,1050800000,Arthropoda,Insecta,Pterygota,Paraneoptera,Hemiptera,Naucoridae,
103665,Genus,Pelocoris,Pelocoris,8,8,PR,PR,,,,,,,,,1050800100,Arthropoda,Insecta,Pterygota,Paraneoptera,Hemiptera,Naucoridae,Pelocoris
103747,Family,Nepidae,Nepidae,8,8,PR,PR,,,,,,,,,1050600000,Arthropoda,Insecta,Pterygota,Paraneoptera,Hemiptera,Nepidae,
103765,Genus,Nepa,Nepa,8,8,PR,PR,,,,,,,,,1050600100,Arthropoda,Insecta,Pterygota,Paraneoptera,Hemiptera,Nepidae,Nepa
103748,Genus,Ranatra,Ranatra,8,8,PR,PR,,,,,,,,,1050600200,Arthropoda,Insecta,Pterygota,Paraneoptera,Hemiptera,Nepidae,Ranatra
103557,Family,Notonectidae,Notonectidae,8,8,PR,PR,,,,,,,,,1051000000,Arthropoda,Insecta,Pterygota,Paraneoptera,Hemiptera,Notonectidae,
103583,Genus,Buenoa,Buenoa,8,8,PR,PR,,,,,,,,,1051000100,Arthropoda,Insecta,Pterygota,Paraneoptera,Hemiptera,Notonectidae,Buenoa
103558,Genus,Notonecta,Notonecta,8,8,PR,PR,,,,,,,,,1051000200,Arthropoda,Insecta,Pterygota,Paraneoptera,Hemiptera,Notonectidae,Notonecta
103787,Family,Ochteridae,Ochteridae,8,8,PR,PR,,,,,,,,,1051500000,Arthropoda,Insecta,Pterygota,Paraneoptera,Hemiptera,Ochteridae,
103788,Genus,Ochterus,Ochterus,8,8,PR,PR,,,,,,,,,1051500100,Arthropoda,Insecta,Pterygota,Paraneoptera,Hemiptera,Ochteridae,Ochterus
103602,Family,Pleidae,Pleidae,8,8,PR,PR,,,,,,,,,1050700000,Arthropoda,Insecta,Pterygota,Paraneoptera,Hemiptera,Pleidae,
103603,Genus,Neoplea,Neoplea,8,8,PR,PR,,,,,,,,,1050700100,Arthropoda,Insecta,Pterygota,Paraneoptera,Hemiptera,Pleidae,Neoplea
104063,Family,Saldidae,Saldidae,8,8,PR,PR,,,,,,,,,1051300000,Arthropoda,Insecta,Pterygota,Paraneoptera,Hemiptera,Saldidae,
104115,Genus,Micracanthia,Micracanthia,8,8,PR,PR,,,,,,,,,1051300100,Arthropoda,Insecta,Pterygota,Paraneoptera,Hemiptera,Saldidae,Micracanthia
104069,Genus,Pentacora,Pentacora,8,8,PR,PR,,,,,,,,,1051300200,Arthropoda,Insecta,Pterygota,Paraneoptera,Hemiptera,Saldidae,Pentacora
104080,Genus,Salda,Salda,8,8,PR,PR,,,,,,,,,1051300300,Arthropoda,Insecta,Pterygota,Paraneoptera,Hemiptera,Saldidae,Salda
104140,Genus,Saldula,Saldula,8,8,PR,PR,,,,,,,,,1051300400,Arthropoda,Insecta,Pterygota,Paraneoptera,Hemiptera,Saldidae,Saldula
103885,Family,Veliidae,Veliidae,8,8,PR,PR,,,,,,,,,1050200000,Arthropoda,Insecta,Pterygota,Paraneoptera,Hemiptera,Veliidae,
103900,Genus,Microvelia,Microvelia,9,9,PR,PR,,,,,,,,,1050200100,Arthropoda,Insecta,Pterygota,Paraneoptera,Hemiptera,Veliidae,Microvelia
103886,Genus,Rhagovelia,Rhagovelia,9,9,PR,PR,,,,,,,,,1050200200,Arthropoda,Insecta,Pterygota,Paraneoptera,Hemiptera,Veliidae,Rhagovelia
721778,Genus,Steinovelia,Steinovelia,9,9,PR,PR,,,,,,,,,1050200300,Arthropoda,Insecta,Pterygota,Paraneoptera,Hemiptera,Veliidae,Steinovelia
102467,Order,Plecoptera,Plecoptera,,,PR,PR,,,,,,,,,1040000000,Arthropoda,Insecta,Pterygota,Polyneoptera,Plecoptera,,
102643,Family,Capniidae,Capniidae,3,3,SH,SH,3,3,3,3,,,,,1040600000,Arthropoda,Insecta,Pterygota,Polyneoptera,Plecoptera,Capniidae,
102644,Genus,Allocapnia,Allocapnia,3,3,SH,SH,3,3,3,3,5,5,1,1,1040600100,Arthropoda,Insecta,Pterygota,Polyneoptera,Plecoptera,Capniidae,Allocapnia
102688,Genus,Capnia,Capnia,1,1,SH,SH,,,,,,,,,1040600200,Arthropoda,Insecta,Pterygota,Polyneoptera,Plecoptera,Capniidae,Capnia
102690,Genus,Capnura,Capnura,1,1,SH,SH,,,,,,,,,1040600600,Arthropoda,Insecta,Pterygota,Polyneoptera,Plecoptera,Capniidae,Capnura
102737,Genus,Nemocapnia,Nemocapnia,1,1,SH,SH,,,,,,,,,1040600300,Arthropoda,Insecta,Pterygota,Polyneoptera,Plecoptera,Capniidae,Nemocapnia
102804,Genus,Paracapnia,Paracapnia,1,1,SH,SH,2,2,2,2,3,3,7,7,1040600400,Arthropoda,Insecta,Pterygota,Polyneoptera,Plecoptera,Capniidae,Paracapnia
102752,Genus,Utacapnia,Utacapnia,1,1,SH,SH,,,,,,,,,1040600500,Arthropoda,Insecta,Pterygota,Polyneoptera,Plecoptera,Capniidae,Utacapnia
103202,Family,Chloroperlidae,Chloroperlidae,0,0,PR,PR,2,2,2,2,,,4,4,1040900000,Arthropoda,Insecta,Pterygota,Polyneoptera,Plecoptera,Chloroperlidae,
103203,Genus,Alloperla,Alloperla,0,0,CG,CG,1,1,1,1,1,1,1,1,1040900200,Arthropoda,Insecta,Pterygota,Polyneoptera,Plecoptera,Chloroperlidae,Alloperla
103260,Genus,Haploperla,Haploperla,0,0,PR,PR,3,3,3,3,,,3,3,1040900300,Arthropoda,Insecta,Pterygota,Polyneoptera,Plecoptera,Chloroperlidae,Haploperla
103270,Genus,Rasvena,Rasvena,0,0,PR,PR,1,1,1,1,,,,,1040900400,Arthropoda,Insecta,Pterygota,Polyneoptera,Plecoptera,Chloroperlidae,Rasvena
103254,Genus,Suwallia,Suwallia,0,0,CG,CG,1,1,1,1,,,,,1040900500,Arthropoda,Insecta,Pterygota,Polyneoptera,Plecoptera,Chloroperlidae,Suwallia
103273,Genus,Sweltsa,Sweltsa,0,0,PR,PR,3,3,3,3,4,4,5,5,1040900600,Arthropoda,Insecta,Pterygota,Polyneoptera,Plecoptera,Chloroperlidae,Sweltsa
103297,Genus,Utaperla,Utaperla,0,0,PR,PR,,,,,,,,,1040900100,Arthropoda,Insecta,Pterygota,Polyneoptera,Plecoptera,Chloroperlidae,Utaperla
102844,Genus,Leuctra,Leuctra,0,0,SH,SH,2,2,2,2,2,2,9,9,1040500200,Arthropoda,Insecta,Pterygota,Polyneoptera,Plecoptera,Leuctridae,Leuctra
102877,Genus,Megaleuctra,Megaleuctra,0,0,SH,SH,,,,,,,,,1040500100,Arthropoda,Insecta,Pterygota,Polyneoptera,Plecoptera,Leuctridae,Megaleuctra
102887,Genus,Paraleuctra,Paraleuctra,0,0,SH,SH,1,1,1,1,,,,,1040500300,Arthropoda,Insecta,Pterygota,Polyneoptera,Plecoptera,Leuctridae,Paraleuctra
102900,Genus,Zealeuctra,Zealeuctra,0,0,SH,SH,,,,,,,,,1040500400,Arthropoda,Insecta,Pterygota,Polyneoptera,Plecoptera,Leuctridae,Zealeuctra
102517,Family,Nemouridae,Nemouridae,2,2,SH,SH,3,3,3,3,,,,,1040400000,Arthropoda,Insecta,Pterygota,Polyneoptera,Plecoptera,Nemouridae,
102540,Genus,Amphinemura,Amphinemura,3,3,SH,SH,3,3,3,3,,,9,9,1040400100,Arthropoda,Insecta,Pterygota,Polyneoptera,Plecoptera,Nemouridae,Amphinemura
102526,Genus,Nemoura,Nemoura,1,1,SH,SH,1,1,1,1,,,,,1040400900,Arthropoda,Insecta,Pterygota,Polyneoptera,Plecoptera,Nemouridae,Nemoura
102622,Genus,Ostrocerca,Ostrocerca,2,2,SH,SH,1,1,1,1,,,9,9,1040400200,Arthropoda,Insecta,Pterygota,Polyneoptera,Plecoptera,Nemouridae,Ostrocerca
102619,Genus,Paranemoura,Paranemoura,2,2,SH,SH,,,,,,,,,1040400300,Arthropoda,Insecta,Pterygota,Polyneoptera,Plecoptera,Nemouridae,Paranemoura
102605,Genus,Podmosta,Podmosta,2,2,SH,SH,,,,,,,,,1040400400,Arthropoda,Insecta,Pterygota,Polyneoptera,Plecoptera,Nemouridae,Podmosta
102584,Genus,Prostoia,Prostoia,2,2,SH,SH,3,3,3,3,2,2,1,1,1040400500,Arthropoda,Insecta,Pterygota,Polyneoptera,Plecoptera,Nemouridae,Prostoia
102640,Genus,Shipsa,Shipsa,2,2,SH,SH,1,1,1,1,,,,,1040400600,Arthropoda,Insecta,Pterygota,Polyneoptera,Plecoptera,Nemouridae,Shipsa
102556,Genus,Soyedina,Soyedina,0,0,SH,SH,1,1,1,1,,,,,1040400700,Arthropoda,Insecta,Pterygota,Polyneoptera,Plecoptera,Nemouridae,Soyedina
102591,Genus,Zapada,Zapada,2,2,SH,SH,,,,,,,,,1040400800,Arthropoda,Insecta,Pterygota,Polyneoptera,Plecoptera,Nemouridae,Zapada
102488,Family,Peltoperlidae,Peltoperlidae,2,2,SH,SH,2,2,2,2,,,,,1040200000,Arthropoda,Insecta,Pterygota,Polyneoptera,Plecoptera,Peltoperlidae,
102489,Genus,Peltoperla,Peltoperla,2,2,SH,SH,1,1,1,1,,,10,10,1040200100,Arthropoda,Insecta,Pterygota,Polyneoptera,Plecoptera,Peltoperlidae,Peltoperla
102500,Genus,Tallaperla,Tallaperla,0,0,SH,SH,1,1,1,1,,,4,4,1040200200,Arthropoda,Insecta,Pterygota,Polyneoptera,Plecoptera,Peltoperlidae,Tallaperla
102496,Genus,Viehoperla,Viehoperla,2,2,SH,SH,,,,,,,,,1040200300,Arthropoda,Insecta,Pterygota,Polyneoptera,Plecoptera,Peltoperlidae,Viehoperla
102914,Family,Perlidae,Perlidae,3,3,PR,PR,3,3,3,3,,,,,1040700000,Arthropoda,Insecta,Pterygota,Polyneoptera,Plecoptera,Perlidae,
102917,Genus,Acroneuria,Acroneuria,0,0,PR,PR,3,3,3,3,3,3,2,2,1040700400,Arthropoda,Insecta,Pterygota,Polyneoptera,Plecoptera,Perlidae,Acroneuria
102975,Genus,Agnetina,Agnetina,2,2,PR,PR,3,3,3,3,6,6,1,1,1040700100,Arthropoda,Insecta,Pterygota,Polyneoptera,Plecoptera,Perlidae,Agnetina
102954,Genus,Attaneuria,Attaneuria,3,3,PR,PR,2,2,2,2,,,,,1040700500,Arthropoda,Insecta,Pterygota,Polyneoptera,Plecoptera,Perlidae,Attaneuria
102939,Genus,Eccoptura,Eccoptura,2,2,PR,PR,2,2,2,2,,,9,9,1040700600,Arthropoda,Insecta,Pterygota,Polyneoptera,Plecoptera,Perlidae,Eccoptura
102988,Genus,Hansonoperla,Hansonoperla,3,3,PR,PR,,,,,,,,,1040700110,Arthropoda,Insecta,Pterygota,Polyneoptera,Plecoptera,Perlidae,Hansonoperla
102942,Genus,Neoperla,Neoperla,3,3,PR,PR,2,2,2,2,,,,,1040700200,Arthropoda,Insecta,Pterygota,Polyneoptera,Plecoptera,Perlidae,Neoperla
102962,Genus,Paragnetina,Paragnetina,1,1,PR,PR,2,2,2,2,1,1,1,1,1040700300,Arthropoda,Insecta,Pterygota,Polyneoptera,Plecoptera,Perlidae,Paragnetina
103251,Genus,Perlesta,Perlesta,4,4,PR,PR,3,3,3,3,,,,,1040700700,Arthropoda,Insecta,Pterygota,Polyneoptera,Plecoptera,Perlidae,Perlesta
103244,Genus,Perlinella,Perlinella,2,2,PR,PR,2,2,2,2,,,,,1040700900,Arthropoda,Insecta,Pterygota,Polyneoptera,Plecoptera,Perlidae,Perlinella
102994,Family,Perlodidae,Perlodidae,2,2,PR,PR,2,2,2,2,,,,,1040800000,Arthropoda,Insecta,Pterygota,Polyneoptera,Plecoptera,Perlodidae,
103090,Genus,Arcynopteryx,Arcynopteryx,2,2,PR,PR,,,,,,,,,1040801300,Arthropoda,Insecta,Pterygota,Polyneoptera,Plecoptera,Perlodidae,Arcynopteryx
103118,Genus,Clioperla,Clioperla,2,2,PR,PR,,,,,,,,,1040801100,Arthropoda,Insecta,Pterygota,Polyneoptera,Plecoptera,Perlodidae,Clioperla
103137,Genus,Cultus,Cultus,2,2,PR,PR,1,1,1,1,,,1,1,1040800100,Arthropoda,Insecta,Pterygota,Polyneoptera,Plecoptera,Perlodidae,Cultus
103166,Genus,Diploperla,Diploperla,2,2,PR,PR,2,2,2,2,,,2,2,1040800200,Arthropoda,Insecta,Pterygota,Polyneoptera,Plecoptera,Perlodidae,Diploperla
103084,Genus,Helopicus,Helopicus,2,2,PR,PR,3,3,3,3,,,,,1040800400,Arthropoda,Insecta,Pterygota,Polyneoptera,Plecoptera,Perlodidae,Helopicus
103106,Genus,Hydroperla,Hydroperla,1,1,PR,PR,,,,,,,,,1040800500,Arthropoda,Insecta,Pterygota,Polyneoptera,Plecoptera,Perlodidae,Hydroperla
103124,Genus,Isogenoides,Isogenoides,0,0,PR,PR,1,1,1,1,,,,,1040800600,Arthropoda,Insecta,Pterygota,Polyneoptera,Plecoptera,Perlodidae,Isogenoides
102995,Genus,Isoperla,Isoperla,2,2,PR,PR,2,2,2,2,3,3,3,3,1040801200,Arthropoda,Insecta,Pterygota,Polyneoptera,Plecoptera,Perlodidae,Isoperla
103174,Genus,Malirekus,Malirekus,2,2,PR,PR,1,1,1,1,,,5,5,1040800700,Arthropoda,Insecta,Pterygota,Polyneoptera,Plecoptera,Perlodidae,Malirekus
103178,Genus,Oconoperla,Oconoperla,2,2,PR,PR,,,,,,,,,1040800800,Arthropoda,Insecta,Pterygota,Polyneoptera,Plecoptera,Perlodidae,Oconoperla
103099,Genus,Remenus,Remenus,2,2,PR,PR,1,1,1,1,,,1,1,1040800900,Arthropoda,Insecta,Pterygota,Polyneoptera,Plecoptera,Perlodidae,Remenus
103197,Genus,Yugus,Yugus,2,2,PR,PR,1,1,1,1,,,,,1040801000,Arthropoda,Insecta,Pterygota,Polyneoptera,Plecoptera,Perlodidae,Yugus
102470,Family,Pteronarcyidae,Pteronarcyidae,0,0,SH,SH,,,,,,,,,1040100000,Arthropoda,Insecta,Pterygota,Polyneoptera,Plecoptera,Pteronarcyidae,
102471,Genus,Pteronarcys,Pteronarcys,0,0,SH,SH,2,1,1,1,,,1,1,1040100100,Arthropoda,Insecta,Pterygota,Polyneoptera,Plecoptera,Pteronarcyidae,Pteronarcys
102788,Family,Taeniopterygidae,Taeniopterygidae,2,2,SH,SH,3,3,3,3,,,0,0,1040300000,Arthropoda,Insecta,Pterygota,Polyneoptera,Plecoptera,Taeniopterygidae,
102836,Genus,Bolotoperla,Bolotoperla,3,2,SH,SH,,,,,,,,,1040300200,Arthropoda,Insecta,Pterygota,Polyneoptera,Plecoptera,Taeniopterygidae,Bolotoperla
102830,Genus,Oemopteryx,Oemopteryx,3,3,SH,SH,2,2,2,2,,,7,7,1040300300,Arthropoda,Insecta,Pterygota,Polyneoptera,Plecoptera,Taeniopterygidae,Oemopteryx
102808,Genus,Strophopteryx,Strophopteryx,3,3,SH,SH,3,3,3,3,5,5,3,3,1040300400,Arthropoda,Insecta,Pterygota,Polyneoptera,Plecoptera,Taeniopterygidae,Strophopteryx
102519,Genus,Taenionema,Taenionema,3,3,SH,SH,1,1,1,1,3,3,,,1040300500,Arthropoda,Insecta,Pterygota,Polyneoptera,Plecoptera,Taeniopterygidae,Taenionema
102789,Genus,Taeniopteryx,Taeniopteryx,2,2,SH,SH,3,3,3,3,5,5,1,1,1040300100,Arthropoda,Insecta,Pterygota,Polyneoptera,Plecoptera,Taeniopterygidae,Taeniopteryx
95599,Order,Decapoda,Decapoda,,,UK,UK,4,4,4,4,,,,,13040000000,Arthropoda,Malacostraca,Eumalacostraca,Eucarida,Decapoda,,
97336,Family,Cambaridae,Cambaridae,6,6,CG,CG,4,4,4,4,,,,,13040100000,Arthropoda,Malacostraca,Eumalacostraca,Eucarida,Decapoda,Cambaridae,
97337,Genus,Cambarus,Cambarus,6,6,CG,CG,4,4,4,4,,,7,7,13040100100,Arthropoda,Malacostraca,Eumalacostraca,Eucarida,Decapoda,Cambaridae,Cambarus
97603,Genus,Fallicambarus,Fallicambarus,6,6,CG,CG,,,,,,,,,13040100200,Arthropoda,Malacostraca,Eumalacostraca,Eucarida,Decapoda,Cambaridae,Fallicambarus
1133539,Genus,Faxonius,Faxonius,6,6,CG,CG,4,4,4,4,,,,,13040100500,Arthropoda,Malacostraca,Eumalacostraca,Eucarida,Decapoda,Cambaridae,Faxonius
97421,Genus,Orconectes,Orconectes,6,6,CG,CG,4,4,4,4,,,,,13040100300,Arthropoda,Malacostraca,Eumalacostraca,Eucarida,Decapoda,Cambaridae,Orconectes
97490,Genus,Procambarus,Procambarus,6,6,SH,SH,,,,,,,,,13040100400,Arthropoda,Malacostraca,Eumalacostraca,Eucarida,Decapoda,Cambaridae,Procambarus
93294,Order,Amphipoda,Amphipoda,6,6,CG,CG,4,4,4,4,,,,,13030000000,Arthropoda,Malacostraca,Eumalacostraca,Peracarida,Amphipoda,,
95080,Family,Crangonyctidae,Crangonyctidae,4,4,CG,CG,,,,,,,,,13030100000,Arthropoda,Malacostraca,Eumalacostraca,Peracarida,Amphipoda,Crangonyctidae,
95081,Genus,Crangonyx,Crangonyx,4,4,CG,CG,4,4,4,4,9,9,,,13030100100,Arthropoda,Malacostraca,Eumalacostraca,Peracarida,Amphipoda,Crangonyctidae,Crangonyx
93861,Genus,Stygobromus,Stygobromus,6,4,CG,CG,,,,,,,10,10,13030100200,Arthropoda,Malacostraca,Eumalacostraca,Peracarida,Amphipoda,Crangonyctidae,Stygobromus
93745,Family,Gammaridae,Gammaridae,4,4,CG,CG,,,,,,,,,13030200000,Arthropoda,Malacostraca,Eumalacostraca,Peracarida,Amphipoda,Gammaridae,
93773,Genus,Gammarus,Gammarus,4,4,CG,CG,4,4,4,4,9,9,,,13030200100,Arthropoda,Malacostraca,Eumalacostraca,Peracarida,Amphipoda,Gammaridae,Gammarus
93959,Family,Haustoriidae,Haustoriidae,5,5,CG,CG,,,,,,,,,13030300000,Arthropoda,Malacostraca,Eumalacostraca,Peracarida,Amphipoda,Haustoriidae,
94025,Genus,Hyalella,Hyalella,8,8,CG,CG,4,4,4,4,,,,,13030500100,Arthropoda,Malacostraca,Eumalacostraca,Peracarida,Amphipoda,Hyalellidae,Hyalella
621421,Family,Pontoporeiidae,Pontoporeiidae,5,5,CG,CG,,,,,,,,,13030300200,Arthropoda,Malacostraca,Eumalacostraca,Peracarida,Amphipoda,Pontoporeiidae,
656584,Genus,Monoporeia,Monoporeia,5,5,CG,CG,,,,,,,,,13030300100,Arthropoda,Malacostraca,Eumalacostraca,Peracarida,Amphipoda,Pontoporeiidae,Monoporeia
92120,Order,Isopoda,Isopoda,8,8,CG,CG,5,5,5,5,,,,,13050000000,Arthropoda,Malacostraca,Eumalacostraca,Peracarida,Isopoda,,
92657,Family,Asellidae,Asellidae,8,8,CG,CG,5,5,5,5,,,,,13050100000,Arthropoda,Malacostraca,Eumalacostraca,Peracarida,Isopoda,Asellidae,
92686,Genus,Caecidotea,Caecidotea,6,6,CG,CG,5,5,5,5,10,10,,,13050100100,Arthropoda,Malacostraca,Eumalacostraca,Peracarida,Isopoda,Asellidae,Caecidotea
92666,Genus,Lirceus,Lirceus,8,8,CG,CG,6,6,6,6,,,,,13050100200,Arthropoda,Malacostraca,Eumalacostraca,Peracarida,Isopoda,Asellidae,Lirceus
84195,Class,Ostracoda,Ostracoda,8,8,CG,CG,,,,,,,,,13060000000,Arthropoda,Ostracoda,,,,,
155469,Phylum,Bryozoa,Bryozoa,4,4,FC,FC,,,,,,,,,14000000000,Bryozoa,,,,,,
50844,Family,Hydridae,Hydridae,,4,,PR,,,,,,,,,3010100000,Cnidaria,Hydrozoa,Hydroidolina,,Anthoathecatae,Hydridae,
50845,Genus,Hydra,Hydridae,,4,,PR,,,,,,,,,3010100100,Cnidaria,Hydrozoa,Hydroidolina,,Anthoathecatae,Hydridae,Hydra
50771,Genus,Craspedacusta,Petasidae,,4,,PR,,,,,,,,,3020100100,Cnidaria,Hydrozoa,Trachylina,,Limnomedusae,Olindiidae,Craspedacusta
51118,Family,Petasidae,Petasidae,,4,,PR,,,,,,,,,3020100000,Cnidaria,Hydrozoa,Trachylina,,Trachymedusae,Petasidae,
80384,Order,Veneroida,Unionidae,,4,FC,FC,,,,,,,,,9020000000,Mollusca,Bivalvia,Heterodonta,,Veneroida,,
81381,Family,Corbiculidae,Corbiculidae,4,4,FC,FC,5,5,5,5,9,9,,,9020200000,Mollusca,Bivalvia,Heterodonta,,Veneroida,Corbiculidae,
81385,Genus,Corbicula,Corbiculidae,4,4,FC,FC,5,5,5,5,,9,,,9020200100,Mollusca,Bivalvia,Heterodonta,,Veneroida,Corbiculidae,Corbicula
81330,Family,Dreissenidae,Dreissenidae,,5,FC,FC,,,,,,,,,9020300000,Mollusca,Bivalvia,Heterodonta,,Veneroida,Dreissenidae,
81338,Genus,Dreissena,Dreissenidae,,5,FC,FC,,,,,,,,,9020300100,Mollusca,Bivalvia,Heterodonta,,Veneroida,Dreissenidae,Dreissena
81333,Genus,Mytilopsis,Dreissenidae,,5,FC,FC,,,,,,,,,9020300200,Mollusca,Bivalvia,Heterodonta,,Veneroida,Dreissenidae,Mytilopsis
81388,Family,Pisidiidae,Pisidiidae,8,8,FC,FC,,,,,10,10,3,3,9020100001,Mollusca,Bivalvia,Heterodonta,,Veneroida,Pisidiidae,
81427,Genus,Musculium,Pisidiidae,5,8,FC,FC,4,4,4,,,10,,3,9020100200,Mollusca,Bivalvia,Heterodonta,,Veneroida,Pisidiidae,Musculium
81400,Genus,Pisidium,Pisidiidae,8,8,FC,FC,4,4,4,,,10,,3,9020100100,Mollusca,Bivalvia,Heterodonta,,Veneroida,Pisidiidae,Pisidium
81391,Genus,Sphaerium,Pisidiidae,8,8,FC,FC,4,4,4,,,10,,3,9020100300,Mollusca,Bivalvia,Heterodonta,,Veneroida,Pisidiidae,Sphaerium
79914,Family,Margaritiferidae,Margaritiferidae,,5,FC,FC,,,,,,,,,9010100000,Mollusca,Bivalvia,Palaeoheterodonta,,Unionoida,Margaritiferidae,
80370,Genus,Margaritifera,Margaritiferidae,,5,FC,FC,,,,,,,,,9010100100,Mollusca,Bivalvia,Palaeoheterodonta,,Unionoida,Margaritiferidae,Margaritifera
79913,Family,Unionidae,Unionidae,4,4,FC,FC,,,,,,,,,9010200000,Mollusca,Bivalvia,Palaeoheterodonta,,Unionoida,Unionidae,
80187,Genus,Actinonaias,Unionidae,,4,FC,FC,,,,,,,,,9010200100,Mollusca,Bivalvia,Palaeoheterodonta,,Unionoida,Unionidae,Actinonaias
79915,Genus,Alasmidonta,Unionidae,,4,FC,FC,,,,,,,,,9010200200,Mollusca,Bivalvia,Palaeoheterodonta,,Unionoida,Unionidae,Alasmidonta
80034,Genus,Amblema,Unionidae,,4,FC,FC,,,,,,,,,9010200300,Mollusca,Bivalvia,Palaeoheterodonta,,Unionoida,Unionidae,Amblema
79930,Genus,Anodonta,Unionidae,,4,FC,FC,3,3,3,,,,,,9010200400,Mollusca,Bivalvia,Palaeoheterodonta,,Unionoida,Unionidae,Anodonta
80147,Genus,Anodontoides,Unionidae,,4,FC,FC,,,,,,,,,9010200500,Mollusca,Bivalvia,Palaeoheterodonta,,Unionoida,Unionidae,Anodontoides
80238,Genus,Arcidens,Unionidae,,4,FC,FC,,,,,,,,,9010203200,Mollusca,Bivalvia,Palaeoheterodonta,,Unionoida,Unionidae,Arcidens
80084,Genus,Cyclonaias,Unionidae,,4,FC,FC,,,,,,,,,9010200700,Mollusca,Bivalvia,Palaeoheterodonta,,Unionoida,Unionidae,Cyclonaias
80248,Genus,Ellipsaria,Unionidae,,4,FC,FC,,,,,,,,,9010203100,Mollusca,Bivalvia,Palaeoheterodonta,,Unionoida,Unionidae,Ellipsaria
79951,Genus,Elliptio,Unionidae,,4,FC,FC,,,,,,,,,9010200900,Mollusca,Bivalvia,Palaeoheterodonta,,Unionoida,Unionidae,Elliptio
80299,Genus,Epioblasma,Unionidae,,4,FC,FC,,,,,,,,,9010203300,Mollusca,Bivalvia,Palaeoheterodonta,,Unionoida,Unionidae,Epioblasma
80040,Genus,Fusconaia,Unionidae,,4,FC,FC,,,,,,,,,9010201000,Mollusca,Bivalvia,Palaeoheterodonta,,Unionoida,Unionidae,Fusconaia
79986,Genus,Lampsilis,Unionidae,,4,FC,FC,,,,,,,,,9010201100,Mollusca,Bivalvia,Palaeoheterodonta,,Unionoida,Unionidae,Lampsilis
80134,Genus,Lasmigona,Unionidae,,4,FC,FC,,,,,,,,,9010201200,Mollusca,Bivalvia,Palaeoheterodonta,,Unionoida,Unionidae,Lasmigona
80181,Genus,Leptodea,Unionidae,,4,FC,FC,,,,,,,,,9010201300,Mollusca,Bivalvia,Palaeoheterodonta,,Unionoida,Unionidae,Leptodea
80194,Genus,Ligumia,Unionidae,,4,FC,FC,,,,,,,,,9010201400,Mollusca,Bivalvia,Palaeoheterodonta,,Unionoida,Unionidae,Ligumia
80278,Genus,Megalonaias,Unionidae,,4,FC,FC,,,,,,,,,9010203000,Mollusca,Bivalvia,Palaeoheterodonta,,Unionoida,Unionidae,Megalonaias
80163,Genus,Obliquaria,Unionidae,,4,FC,FC,,,,,,,,,9010202800,Mollusca,Bivalvia,Palaeoheterodonta,,Unionoida,Unionidae,Obliquaria
80172,Genus,Obovaria,Unionidae,,4,FC,FC,,,,,,,,,9010201500,Mollusca,Bivalvia,Palaeoheterodonta,,Unionoida,Unionidae,Obovaria
80226,Genus,Plethobasus,Unionidae,,4,FC,FC,,,,,,,,,9010202900,Mollusca,Bivalvia,Palaeoheterodonta,,Unionoida,Unionidae,Plethobasus
80086,Genus,Pleurobema,Unionidae,,4,FC,FC,,,,,,,,,9010201600,Mollusca,Bivalvia,Palaeoheterodonta,,Unionoida,Unionidae,Pleurobema
80281,Genus,Potamilus,Unionidae,,4,FC,FC,,,,,,,,,9010201700,Mollusca,Bivalvia,Palaeoheterodonta,,Unionoida,Unionidae,Potamilus
80157,Genus,Ptychobranchus,Unionidae,,4,FC,FC,,,,,,,,,9010201800,Mollusca,Bivalvia,Palaeoheterodonta,,Unionoida,Unionidae,Ptychobranchus
567112,Genus,Pyganodon,Unionidae,,4,FC,FC,,,,,,,,,9010202600,Mollusca,Bivalvia,Palaeoheterodonta,,Unionoida,Unionidae,Pyganodon
80059,Genus,Quadrula,Unionidae,,4,FC,FC,,,,,,,,,9010201900,Mollusca,Bivalvia,Palaeoheterodonta,,Unionoida,Unionidae,Quadrula
80143,Genus,Simpsonaias,Unionidae,,4,FC,FC,,,,,,,,,9010202700,Mollusca,Bivalvia,Palaeoheterodonta,,Unionoida,Unionidae,Simpsonaias
80150,Genus,Strophitus,Unionidae,4,4,FC,FC,,,,,,,,,9010202100,Mollusca,Bivalvia,Palaeoheterodonta,,Unionoida,Unionidae,Strophitus
80358,Genus,Toxolasma,Unionidae,,4,FC,FC,,,,,,,,,9010200600,Mollusca,Bivalvia,Palaeoheterodonta,,Unionoida,Unionidae,Toxolasma
80291,Genus,Tritogonia,Unionidae,,4,FC,FC,,,,,,,,,9010202500,Mollusca,Bivalvia,Palaeoheterodonta,,Unionoida,Unionidae,Tritogonia
80165,Genus,Truncilla,Unionidae,,4,FC,FC,,,,,,,,,9010202200,Mollusca,Bivalvia,Palaeoheterodonta,,Unionoida,Unionidae,Truncilla
567155,Genus,Utterbackia,Unionidae,,4,FC,FC,,,,,,,,,9010202300,Mollusca,Bivalvia,Palaeoheterodonta,,Unionoida,Unionidae,Utterbackia
80200,Genus,Villosa,Unionidae,,4,FC,FC,,,,,,,,,9010202400,Mollusca,Bivalvia,Palaeoheterodonta,,Unionoida,Unionidae,Villosa
69459,Class,Gastropoda,Gastropoda,,,,,,,,,,,,,8000000000,Mollusca,Gastropoda,,,,,
76437,Order,Basommatophora,Pleuroceridae,,7,SC,SC,,,,4,,,,,8030000000,Mollusca,Gastropoda,,,Basommatophora,,
76473,Family,Acroloxidae,Pleuroceridae,,7,SC,SC,,,,4,,,,,8030100000,Mollusca,Gastropoda,,,Basommatophora,Acroloxidae,
76474,Genus,Acroloxus,Pleuroceridae,,7,SC,SC,,,,4,,,,,8030100100,Mollusca,Gastropoda,,,Basommatophora,Acroloxidae,Acroloxus
76483,Family,Lymnaeidae,Lymnaeidae,7,7,SC,SC,5,5,5,5,,,,,8030200000,Mollusca,Gastropoda,,,Basommatophora,Lymnaeidae,
76530,Genus,Acella,Lymnaeidae,,7,SC,SC,,,,5,,,,,8030200100,Mollusca,Gastropoda,,,Basommatophora,Lymnaeidae,Acella
76532,Genus,Bulimnaea,Lymnaeidae,,7,SC,SC,,,,5,,,,,8030200200,Mollusca,Gastropoda,,,Basommatophora,Lymnaeidae,Bulimnaea
76566,Genus,Fisherola,Lymnaeidae,,7,SC,SC,,,,5,,,,,8030200900,Mollusca,Gastropoda,,,Basommatophora,Lymnaeidae,Fisherola
1132456,Genus,Galba,Lymnaeidae,7,7,SC,SC,5,5,5,5,,,,,8030200300,Mollusca,Gastropoda,,,Basommatophora,Lymnaeidae,Galba
76477,Genus,Lanx,Lymnaeidae,,7,SC,SC,,,,5,,,,,8030201000,Mollusca,Gastropoda,,,Basommatophora,Lymnaeidae,Lanx
76484,Genus,Lymnaea,Lymnaeidae,7,7,SC,SC,,,,5,,,,,8030200400,Mollusca,Gastropoda,,,Basommatophora,Lymnaeidae,Lymnaea
76528,Genus,Pseudosuccinea,Lymnaeidae,7,7,SC,SC,,,,5,,,,,8030200500,Mollusca,Gastropoda,,,Basommatophora,Lymnaeidae,Pseudosuccinea
76525,Genus,Radix,Lymnaeidae,,7,SC,SC,,,,5,,,,,8030200600,Mollusca,Gastropoda,,,Basommatophora,Lymnaeidae,Radix
76534,Genus,Stagnicola,Lymnaeidae,7,7,SC,SC,5,5,5,5,,,,,8030200700,Mollusca,Gastropoda,,,Basommatophora,Lymnaeidae,Stagnicola
76676,Family,Physidae,Physidae,8,8,SC,SC,5,5,5,5,10,10,,,8030300000,Mollusca,Gastropoda,,,Basommatophora,Physidae,
76695,Genus,Aplexa,Physidae,,8,SC,SC,,,,5,,10,,,8030300300,Mollusca,Gastropoda,,,Basommatophora,Physidae,Aplexa
76677,Genus,Physa,Physidae,8,8,SC,SC,5,5,5,5,,10,,,8030300100,Mollusca,Gastropoda,,,Basommatophora,Physidae,Physa
76698,Genus,Physella,Physidae,8,8,SC,SC,5,5,5,5,,10,,,8030300200,Mollusca,Gastropoda,,,Basommatophora,Physidae,Physella
76741,Genus,Stenophysa,Physidae,,8,SC,SC,,,,5,,10,,,8030300400,Mollusca,Gastropoda,,,Basommatophora,Physidae,Stenophysa
76591,Family,Planorbidae,Planorbidae,6,6,SC,SC,5,5,5,5,7,7,,,8030400000,Mollusca,Gastropoda,,,Basommatophora,Planorbidae,
76634,Genus,Amphigyra,Planorbidae,,6,SC,SC,,,,5,,7,,,8030401000,Mollusca,Gastropoda,,,Basommatophora,Planorbidae,Amphigyra
76636,Genus,Biomphalaria,Planorbidae,,6,SC,SC,,,,5,,7,,,8030400300,Mollusca,Gastropoda,,,Basommatophora,Planorbidae,Biomphalaria
76639,Genus,Drepanotrema,Planorbidae,,6,SC,SC,,,,5,,7,,,8030400200,Mollusca,Gastropoda,,,Basommatophora,Planorbidae,Drepanotrema
76569,Genus,Ferrissia,Planorbidae,7,6,SC,SC,5,5,5,5,,7,,,8030500200,Mollusca,Gastropoda,,,Basommatophora,Planorbidae,Ferrissia
76592,Genus,Gyraulus,Planorbidae,6,6,SC,SC,5,5,5,5,,7,,,8030400100,Mollusca,Gastropoda,,,Basommatophora,Planorbidae,Gyraulus
1132459,Genus,Hebetancylus,Planorbidae,,6,SC,SC,,,,5,,7,,,8030500300,Mollusca,Gastropoda,,,Basommatophora,Planorbidae,Hebetancylus
76599,Genus,Helisoma,Planorbidae,7,6,SC,SC,5,5,5,5,,7,,,8030400400,Mollusca,Gastropoda,,,Basommatophora,Planorbidae,Helisoma
76576,Genus,Laevapex,Planorbidae,7,6,SC,SC,5,5,5,5,,7,,,8030500400,Mollusca,Gastropoda,,,Basommatophora,Planorbidae,Laevapex
76626,Genus,Menetus,Planorbidae,6,6,SC,SC,5,5,5,5,,7,,,8030400500,Mollusca,Gastropoda,,,Basommatophora,Planorbidae,Menetus
76649,Genus,Neoplanorbis,Planorbidae,,6,SC,SC,,,,5,,7,,,8030401100,Mollusca,Gastropoda,,,Basommatophora,Planorbidae,Neoplanorbis
76654,Genus,Planorbella,Planorbidae,,6,SC,SC,5,5,5,5,,7,,,8030400600,Mollusca,Gastropoda,,,Basommatophora,Planorbidae,Planorbella
76629,Genus,Planorbula,Planorbidae,7,6,SC,SC,5,5,5,5,,7,,,8030400700,Mollusca,Gastropoda,,,Basommatophora,Planorbidae,Planorbula
76621,Genus,Promenetus,Planorbidae,,6,SC,SC,,,,5,,7,,,8030400800,Mollusca,Gastropoda,,,Basommatophora,Planorbidae,Promenetus
1132461,Genus,Rhodacmea,Planorbidae,,6,SC,SC,,,,5,,7,,,8030500100,Mollusca,Gastropoda,,,Basommatophora,Planorbidae,Rhodacmea
76673,Genus,Vorticifex,Planorbidae,,6,SC,SC,,,,5,,7,,,8030400900,Mollusca,Gastropoda,,,Basommatophora,Planorbidae,Vorticifex
70345,Family,Valvatidae,Valvatidae,2,2,SC,SC,4,4,4,4,,,,,8020100000,Mollusca,Gastropoda,,,Heterostropha,Valvatidae,
70346,Genus,Valvata,Valvatidae,2,2,SC,SC,4,4,4,4,,,,,8020100100,Mollusca,Gastropoda,,,Heterostropha,Valvatidae,Valvata
566851,Order,Neotaenioglossa,Neotaenioglossa,,,,,,,,,,,,,8040000000,Mollusca,Gastropoda,,,Neotaenioglossa,,
70747,Genus,Amnicola,Hydrobiidae,8,8,SC,SC,5,5,5,4,,,,,8020602500,Mollusca,Gastropoda,,,Neotaenioglossa,Amnicolidae,Amnicola
70745,Family,Bithyniidae,Bithyniidae,,7,SC,SC,,,,,,,,,8020400000,Mollusca,Gastropoda,,,Neotaenioglossa,Bithyniidae,
70793,Genus,Bithynia,Bithyniidae,,7,SC,SC,,,,,,,,,8020400100,Mollusca,Gastropoda,,,Neotaenioglossa,Bithyniidae,Bithynia
70670,Genus,Antrobia,Hydrobiidae,,8,SC,SC,,,,4,,,,,8020600800,Mollusca,Gastropoda,,,Neotaenioglossa,Cochliopidae,Antrobia
566935,Genus,Antroselates,Micromelaniidae,,7,SC,SC,,,,,,,,,8020500100,Mollusca,Gastropoda,,,Neotaenioglossa,Cochliopidae,Antroselates
70622,Genus,Aphaostracon,Hydrobiidae,,8,SC,SC,,,,4,,,,,8020600100,Mollusca,Gastropoda,,,Neotaenioglossa,Cochliopidae,Aphaostracon
70678,Genus,Cochliopina,Hydrobiidae,,8,SC,SC,,,,4,,,,,8020601000,Mollusca,Gastropoda,,,Neotaenioglossa,Cochliopidae,Cochliopina
70527,Genus,Littoridinops,Hydrobiidae,,8,SC,SC,,,,4,,,,,8020600400,Mollusca,Gastropoda,,,Neotaenioglossa,Cochliopidae,Littoridinops
70699,Genus,Pyrgophorus,Hydrobiidae,,8,SC,SC,,,,4,,,,,8020602900,Mollusca,Gastropoda,,,Neotaenioglossa,Cochliopidae,Pyrgophorus
70638,Genus,Hyalopyrgus,Hydrobiidae,,8,SC,SC,,,,4,,,,,8020600300,Mollusca,Gastropoda,,,Neotaenioglossa,Cochliopidae,Tryonia
70594,Genus,Tryonia,Hydrobiidae,,8,SC,SC,,,,4,,,,,8020600700,Mollusca,Gastropoda,,,Neotaenioglossa,Cochliopidae,Tryonia
70493,Family,Hydrobiidae,Hydrobiidae,8,8,SC,SC,4,4,4,4,,,,,8020600000,Mollusca,Gastropoda,,,Neotaenioglossa,Hydrobiidae,
70666,Genus,Birgella,Hydrobiidae,,8,SC,SC,,,,4,,,,,8020601500,Mollusca,Gastropoda,,,Neotaenioglossa,Hydrobiidae,Birgella
70509,Genus,Cincinnatia,Hydrobiidae,,8,SC,SC,,,,4,,,,,8020601600,Mollusca,Gastropoda,,,Neotaenioglossa,Hydrobiidae,Cincinnatia
70605,Genus,Fontigens,Hydrobiidae,,8,SC,SC,,,,4,,,,,8020602800,Mollusca,Gastropoda,,,Neotaenioglossa,Hydrobiidae,Fontigens
70603,Genus,Hoyia,Hydrobiidae,,8,SC,SC,,,,4,,,,,8020600200,Mollusca,Gastropoda,,,Neotaenioglossa,Hydrobiidae,Hoyia
70533,Genus,Marstonia,Hydrobiidae,,8,SC,SC,,,,4,,,,,8020601800,Mollusca,Gastropoda,,,Neotaenioglossa,Hydrobiidae,Marstonia
70633,Genus,Notogillia,Hydrobiidae,,8,SC,SC,,,,4,,,,,8020601900,Mollusca,Gastropoda,,,Neotaenioglossa,Hydrobiidae,Notogillia
70505,Genus,Probythinella,Hydrobiidae,,8,SC,SC,,,,4,,,,,8020600500,Mollusca,Gastropoda,,,Neotaenioglossa,Hydrobiidae,Probythinella
70658,Genus,Pyrgulopsis,Hydrobiidae,,8,SC,SC,,,,4,,,,,8020602100,Mollusca,Gastropoda,,,Neotaenioglossa,Hydrobiidae,Pyrgulopsis
70712,Genus,Rhapinema,Hydrobiidae,,8,SC,SC,,,,4,,,,,8020602200,Mollusca,Gastropoda,,,Neotaenioglossa,Hydrobiidae,Rhapinema
70702,Genus,Spilochlamys,Hydrobiidae,,8,SC,SC,,,,4,,,,,8020602300,Mollusca,Gastropoda,,,Neotaenioglossa,Hydrobiidae,Spilochlamys
70708,Genus,Stiobia,Hydrobiidae,,8,SC,SC,,,,4,,,,,8020602400,Mollusca,Gastropoda,,,Neotaenioglossa,Hydrobiidae,Stiobia
70674,Genus,Clappia,Hydrobiidae,,8,SC,SC,,,,4,,,,,8020600900,Mollusca,Gastropoda,,,Neotaenioglossa,Lithoglyphidae,Clappia
70778,Genus,Fluminicola,Hydrobiidae,,8,SC,SC,,,,4,,,,,8020601100,Mollusca,Gastropoda,,,Neotaenioglossa,Lithoglyphidae,Fluminicola
70664,Genus,Gillia,Hydrobiidae,,8,SC,SC,4,4,4,4,,,,,8020601200,Mollusca,Gastropoda,,,Neotaenioglossa,Lithoglyphidae,Gillia
70684,Genus,Lepyrium,Hydrobiidae,,8,SC,SC,,,,4,,,,,8020601300,Mollusca,Gastropoda,,,Neotaenioglossa,Lithoglyphidae,Lepyrium
70548,Genus,Somatogyrus,Hydrobiidae,,8,SC,SC,4,4,4,4,,,,,8020601400,Mollusca,Gastropoda,,,Neotaenioglossa,Lithoglyphidae,Somatogyrus
71541,Family,Pleuroceridae,Pleuroceridae,7,7,SC,SC,4,4,4,4,,,,,8020900000,Mollusca,Gastropoda,,,Neotaenioglossa,Pleuroceridae,
71654,Genus,Elimia,Pleuroceridae,7,7,SC,SC,4,4,4,4,,,,,8020900100,Mollusca,Gastropoda,,,Neotaenioglossa,Pleuroceridae,Elimia
71890,Genus,Gyrotoma,Pleuroceridae,,7,SC,SC,,,,4,,,,,8020900200,Mollusca,Gastropoda,,,Neotaenioglossa,Pleuroceridae,Gyrotoma
71536,Genus,Io,Pleuroceridae,,7,SC,SC,,,,4,,,,,8020900300,Mollusca,Gastropoda,,,Neotaenioglossa,Pleuroceridae,Io
71601,Genus,Leptoxis,Pleuroceridae,7,7,SC,SC,4,4,4,4,,,,,8020900500,Mollusca,Gastropoda,,,Neotaenioglossa,Pleuroceridae,Leptoxis
71879,Genus,Lithasia,Pleuroceridae,,7,SC,SC,,,,4,,,,,8020900600,Mollusca,Gastropoda,,,Neotaenioglossa,Pleuroceridae,Lithasia
71549,Genus,Pleurocera,Pleuroceridae,7,7,SC,SC,,,,4,,,,,8020900700,Mollusca,Gastropoda,,,Neotaenioglossa,Pleuroceridae,Pleurocera
70491,Family,Pomatiopsidae,Pomatiopsidae,,8,SC,SC,,,,,,,,,8020700000,Mollusca,Gastropoda,,,Neotaenioglossa,Pomatiopsidae,
70736,Genus,Pomatiopsis,Pomatiopsidae,,8,SC,SC,,,,,,,,,8020700100,Mollusca,Gastropoda,,,Neotaenioglossa,Pomatiopsidae,Pomatiopsis
71570,Genus,Juga,Pleuroceridae,,7,SC,SC,,,,4,,,,,8020900400,Mollusca,Gastropoda,,,Neotaenioglossa,Semisulcospiridae,Juga
1132449,Family,Tateidae,Tateidae,10,10,SC,SC,,,,,,,,,8040100000,Mollusca,Gastropoda,,,Neotaenioglossa,Tateidae,
205005,Genus,Potamopyrgus,Tateidae,10,10,SC,SC,,,,,,,,,8040100100,Mollusca,Gastropoda,,,Neotaenioglossa,Tateidae,Potamopyrgus
71531,Family,Thiaridae,Pomatiopsidae,,8,SC,SC,,,,,,,,,8020800000,Mollusca,Gastropoda,,,Neotaenioglossa,Thiaridae,
71532,Genus,Melanoides,Pomatiopsidae,,8,SC,SC,,,,,,,,,8020800100,Mollusca,Gastropoda,,,Neotaenioglossa,Thiaridae,Melanoides
331513,Genus,Thiara,Pomatiopsidae,,8,SC,SC,,,,,,,,,8020800200,Mollusca,Gastropoda,,,Neotaenioglossa,Thiaridae,Thiara
70341,Family,Ampullariidae,Ampullariidae,,7,SC,SC,,,,,,,,,8020300000,Mollusca,Gastropoda,Prosobranchia,,Architaenioglossa,Ampullariidae,
73194,Genus,Marisa,Ampullariidae,,7,SC,SC,,,,,,,,,8020300100,Mollusca,Gastropoda,Prosobranchia,,Architaenioglossa,Ampullariidae,Marisa
70342,Genus,Pomacea,Ampullariidae,,7,SC,SC,,,,,,,,,8020300200,Mollusca,Gastropoda,Prosobranchia,,Architaenioglossa,Ampullariidae,Pomacea
70304,Family,Viviparidae,Viviparidae,7,7,CG,CG,4,4,4,4,,,,,8020200000,Mollusca,Gastropoda,Prosobranchia,,Architaenioglossa,Viviparidae,
70311,Genus,Campeloma,Viviparidae,7,8,CG,CG,4,4,4,4,,,,,8020200400,Mollusca,Gastropoda,Prosobranchia,,Architaenioglossa,Viviparidae,Campeloma
70328,Genus,Cipangopaludina,Viviparidae,,7,CG,CG,6,6,6,4,,,,,8020200300,Mollusca,Gastropoda,Prosobranchia,,Architaenioglossa,Viviparidae,Cipangopaludina
70333,Genus,Lioplax,Viviparidae,7,7,SC,SC,,,,4,,,,,8020200500,Mollusca,Gastropoda,Prosobranchia,,Architaenioglossa,Viviparidae,Lioplax
70339,Genus,Tulotoma,Viviparidae,,7,CG,CG,,,,4,,,,,8020200100,Mollusca,Gastropoda,Prosobranchia,,Architaenioglossa,Viviparidae,Tulotoma
70305,Genus,Viviparus,Viviparidae,1,8,SC,SC,4,4,4,4,,,,,8020200200,Mollusca,Gastropoda,Prosobranchia,,Architaenioglossa,Viviparidae,Viviparus
70796,Family,Micromelaniidae,Micromelaniidae,,7,SC,SC,,,,,,,,,8020500000,Mollusca,Gastropoda,Prosobranchia,,Mesogastropoda,Micromelaniidae,
59490,Phylum,Nematoda,Nematoda,,9,,CG,,,,,5,5,1,1,5999999999,Nematoda,,,,,,
63978,Order,Aphelenchida,Nematoda,,9,,CG,,,,,,5,,1,7010000100,Nematoda,Chromadorea,,,Aphelenchida,,
64025,Family,Aphelenchoididae,Nematoda,,9,,CG,,,,,,5,,1,7010100000,Nematoda,Chromadorea,,,Aphelenchida,Aphelenchoididae,
64026,Genus,Aphelenchoides,Nematoda,,9,,CG,,,,,,5,,1,7010100100,Nematoda,Chromadorea,,,Aphelenchida,Aphelenchoididae,Aphelenchoides
64037,Family,Diplogasteridae,Nematoda,,9,,CG,,,,,,5,,1,7020100000,Nematoda,Chromadorea,,,Diplogasterida,Diplogasteridae,
64109,Genus,Rhabditolaimus,Nematoda,,9,,CG,,,,,,5,,1,7020100100,Nematoda,Chromadorea,,,Diplogasterida,Diplogasteridae,Rhabditolaimus
63323,Order,Rhabditida,Nematoda,,9,,CG,,,,,,5,,1,7020000000,Nematoda,Chromadorea,,,Rhabditida,,
59493,Order,Araeolaimida,Nematoda,,9,,CG,,,,,,5,,1,6010000100,Nematoda,Chromadorea,Chromadoria,,Araeolaimida,,
59676,Family,Leptolaimidae,Nematoda,,9,,CG,,,,,,5,,1,6010100000,Nematoda,Chromadorea,Chromadoria,,Araeolaimida,Leptolaimidae,
60010,Genus,Rhabdolaimus,Nematoda,,9,,CG,,,,,,5,,1,6010100100,Nematoda,Chromadorea,Chromadoria,,Araeolaimida,Rhabdolaimidae,Rhabdolaimus
61292,Genus,Ethmolaimus,Nematoda,,9,,CG,,,,,,5,,1,6020200200,Nematoda,Chromadorea,Chromadoria,,Desmodorida,Chromadoridae,Ethmolaimus
61479,Family,Cyatholaimidae,Nematoda,,9,,CG,,,,,,5,,1,6020200000,Nematoda,Chromadorea,Chromadoria,,Desmodorida,Cyatholaimidae,
61522,Genus,Achromadora,Nematoda,,9,,CG,,,,,,5,,1,6020200100,Nematoda,Chromadorea,Chromadoria,,Desmodorida,Cyatholaimidae,Achromadora
60037,Order,Monhysterida,Nematoda,,9,,CG,,,,,,5,,1,6020000000,Nematoda,Chromadorea,Chromadoria,,Monhysterida,,
60227,Family,Monhysteridae,Nematoda,,9,,CG,,,,,,5,,1,6020100000,Nematoda,Chromadorea,Chromadoria,,Monhysterida,Monhysteridae,
62921,Order,Dorylaimida,Nematoda,,9,,CG,,,,,,5,,1,6040000000,Nematoda,Dorylaimea,,,Dorylaimida,,
63116,Genus,Actinolaimus,Nematoda,,9,,CG,,,,,,5,,1,6040100100,Nematoda,Dorylaimea,,,Dorylaimida,Actinolaimidae,Actinolaimus
62983,Family,Dorylaimidae,Nematoda,,9,,CG,,,,,,5,,1,6040100000,Nematoda,Dorylaimea,,,Dorylaimida,Dorylaimidae,
62986,Genus,Dorylaimus,Nematoda,,9,,CG,,,,,,5,,1,6040100200,Nematoda,Dorylaimea,,,Dorylaimida,Dorylaimidae,Dorylaimus
63074,Genus,Mesodorylaimus,Nematoda,,9,,CG,,,,,,5,,1,6040100300,Nematoda,Dorylaimea,,,Dorylaimida,Dorylaimidae,Mesodorylaimus
61885,Order,Enoplida,Nematoda,,9,,CG,,,,,,5,,1,6030000000,Nematoda,Enoplea,Enoplia,,Enoplida,,
61970,Family,Ironidae,Nematoda,,9,,CG,,,,,,5,,1,6030200000,Nematoda,Enoplea,Enoplia,,Enoplida,Ironidae,
61974,Genus,Ironus,Nematoda,,9,,CG,,,,,,5,,1,6030200100,Nematoda,Enoplea,Enoplia,,Enoplida,Ironidae,Ironus
62663,Genus,Prismatolaimus,Nematoda,,9,,CG,,,,,,5,,1,6020100100,Nematoda,Enoplea,Enoplia,,Enoplida,Prismatolaimidae,Prismatolaimus
61886,Family,Tripylidae,Nematoda,,9,,CG,,,,,,5,,1,6030100000,Nematoda,Enoplea,Enoplia,,Enoplida,Tripylidae,
61887,Genus,Tripyla,Nematoda,,9,,CG,,,,,,5,,1,6030100100,Nematoda,Enoplea,Enoplia,,Enoplida,Tripylidae,Tripyla
64183,Phylum,Nematomorpha,Nematomorpha,9,9,CG,CG,,,,,,,,,16000000000,Nematomorpha,,,,,,
57411,Phylum,Nemertea,Nemertea,,6,,PR,4,4,4,4,,,,,4999999999,Nemertea,,,,,,
57491,Order,Hoplonemertea,Nemertea,,6,,PR,,,,4,,,,,5000000000,Nemertea,Enopla,,,Hoplonemertea,,
57577,Genus,Prostoma,Nemertea,,6,,PR,4,4,4,4,,,,,5010100100,Nemertea,Enopla,,,Hoplonemertea,Tetrastemmatidae,Prostoma
53963,Phylum,Platyhelminthes,Platyhelminthes,9,9,,PR,5,5,5,5,10,10,3,3,4000000002,Platyhelminthes,,,,,,
54028,Order,Catenulida,Platyhelminthes,,9,,PR,5,5,5,5,,10,,3,4020000000,Platyhelminthes,,,,Catenulida,,
54029,Family,Stenostomidae,Platyhelminthes,,9,,PR,5,5,5,5,,10,,3,4020100000,Platyhelminthes,,,,Catenulida,Stenostomidae,
54030,Genus,Stenostomum,Platyhelminthes,,9,,PR,5,5,5,5,,10,,3,4020100100,Platyhelminthes,,,,Catenulida,Stenostomidae,Stenostomum
54023,Family,Microstomidae,Platyhelminthes,,9,,PR,5,5,5,5,,10,,3,4030200000,Platyhelminthes,Macrostomorpha,,,Dolichomicrostomida,Microstomidae,
54026,Genus,Microstomum,Platyhelminthes,,9,,PR,5,5,5,5,,10,,3,4030200100,Platyhelminthes,Macrostomorpha,,,Dolichomicrostomida,Microstomidae,Microstomum
54000,Family,Macrostomidae,Platyhelminthes,,9,,PR,5,5,5,5,,10,,3,4030100000,Platyhelminthes,Macrostomorpha,,,Macrostomida,Macrostomidae,
54001,Genus,Macrostomum,Platyhelminthes,,9,,PR,5,5,5,5,,10,,3,4030100100,Platyhelminthes,Macrostomorpha,,,Macrostomida,Macrostomidae,Macrostomum
54468,Section,Tricladida,Platyhelminthes,9,9,,PR,5,5,5,5,,10,,3,4010000100,Platyhelminthes,Trepaxonemata,,,Neoophora,,
1036814,Infraorder,Rhabdocoela,Platyhelminthes,,9,,PR,5,5,5,5,,10,,3,4040000000,Platyhelminthes,Trepaxonemata,,,Neoophora,,
54393,Family,Dalyelliidae,Platyhelminthes,,9,,PR,5,5,5,5,,10,,3,4040100000,Platyhelminthes,Trepaxonemata,,,Neoophora,Dalyelliidae,
54409,Genus,Castrella,Platyhelminthes,,9,,PR,5,5,5,5,,10,,3,4040100100,Platyhelminthes,Trepaxonemata,,,Neoophora,Dalyelliidae,Castrella
54469,Family,Dendrocoelidae,Platyhelminthes,,9,,PR,5,5,5,5,,10,,3,4010200000,Platyhelminthes,Trepaxonemata,,,Neoophora,Dendrocoelidae,
54470,Genus,Procotyla,Platyhelminthes,,9,,PR,5,5,5,5,,10,,3,4010200100,Platyhelminthes,Trepaxonemata,,,Neoophora,Dendrocoelidae,Procotyla
54553,Genus,Cura,Platyhelminthes,7,9,,PR,5,5,5,5,,10,,3,4010100100,Platyhelminthes,Trepaxonemata,,,Neoophora,Dugesiidae,Cura
54503,Genus,Dugesia,Platyhelminthes,7,9,,PR,5,5,5,5,,10,,3,4010100200,Platyhelminthes,Trepaxonemata,,,Neoophora,Dugesiidae,Dugesia
54463,Family,Plagiostomidae,Platyhelminthes,,9,,PR,5,5,5,5,,10,,3,4040400000,Platyhelminthes,Trepaxonemata,,,Neoophora,Plagiostomidae,
54464,Genus,Hydrolimax,Platyhelminthes,,9,,PR,5,5,5,5,,10,,3,4040400100,Platyhelminthes,Trepaxonemata,,,Neoophora,Plagiostomidae,Hydrolimax
54502,Family,Planariidae,Platyhelminthes,9,9,,PR,5,5,5,5,,10,,3,4010100000,Platyhelminthes,Trepaxonemata,,,Neoophora,Planariidae,
54535,Genus,Phagocata,Platyhelminthes,7,9,,PR,5,5,5,5,,10,,3,4010100300,Platyhelminthes,Trepaxonemata,,,Neoophora,Planariidae,Phagocata
54528,Genus,Planaria,Platyhelminthes,9,9,,PR,5,5,5,5,,10,,3,4010100400,Platyhelminthes,Trepaxonemata,,,Neoophora,Planariidae,Planaria
1036960,Family,Gyratricidae,Platyhelminthes,,9,,PR,5,5,5,5,,10,,3,4040300000,Platyhelminthes,Trepaxonemata,,,Neoophora,Polycystididae,
54419,Genus,Gyratrix,Platyhelminthes,,9,,PR,5,5,5,5,,10,,3,4040300100,Platyhelminthes,Trepaxonemata,,,Neoophora,Polycystididae,Gyratrix
54282,Family,Typhloplanidae,Platyhelminthes,,9,,PR,5,5,5,5,,10,,3,4040200000,Platyhelminthes,Trepaxonemata,,,Neoophora,Typhloplanidae,
54296,Genus,Bothromesostoma,Platyhelminthes,,9,,PR,5,5,5,5,,10,,3,4040200100,Platyhelminthes,Trepaxonemata,,,Neoophora,Typhloplanidae,Bothromesostoma
47691,Family,Spongillidae,Spongillidae,,4,,FC,,,,,,,,,2010100000,Porifera,Demospongiae,,,Haplosclerida,Spongillidae,
47734,Genus,Anheteromeyenia,Spongillidae,,4,,FC,,,,,,,,,2010100100,Porifera,Demospongiae,,,Haplosclerida,Spongillidae,Anheteromeyenia
659500,Genus,Corvospongilla,Spongillidae,,4,,FC,,,,,,,,,2010100200,Porifera,Demospongiae,,,Haplosclerida,Spongillidae,Corvospongilla
47743,Genus,Dosilia,Spongillidae,,4,,FC,,,,,,,,,2010100300,Porifera,Demospongiae,,,Haplosclerida,Spongillidae,Dosilia
47713,Genus,Ephydatia,Spongillidae,,4,,FC,,,,,,,,,2010100400,Porifera,Demospongiae,,,Haplosclerida,Spongillidae,Ephydatia
47703,Genus,Eunapius,Spongillidae,,4,,FC,,,,,,,,,2010100500,Porifera,Demospongiae,,,Haplosclerida,Spongillidae,Eunapius
47729,Genus,Heteromeyenia,Spongillidae,,4,,FC,,,,,,,,,2010100600,Porifera,Demospongiae,,,Haplosclerida,Spongillidae,Heteromeyenia
659505,Genus,Radiospongilla,Spongillidae,,4,,FC,,,,,,,,,2010100700,Porifera,Demospongiae,,,Haplosclerida,Spongillidae,Radiospongilla
47692,Genus,Spongilla,Spongillidae,,4,,FC,,,,,,,,,2010100800,Porifera,Demospongiae,,,Haplosclerida,Spongillidae,Spongilla
47748,Genus,Trochospongilla,Spongillidae,,4,,FC,,,,,,,,,2010100900,Porifera,Demospongiae,,,Haplosclerida,Spongillidae,Trochospongilla
