Site,Waterbody,Date,Genus,Count
Apal,Apalachin Creek,22/04/2025,Neoperla,1
Apal,Apalachin Creek,22/04/2025,Simulium,15
Apal,Apalachin Creek,22/04/2025,Hydracarina,3
Apal,Apalachin Creek,22/04/2025,Trichoclinocera,1
Apal,Apalachin Creek,22/04/2025,Stenacron,1
Apal,Apalachin Creek,22/04/2025,Prosimulium,6
Apal,Apalachin Creek,22/04/2025,Cheumatopsyche,4
Apal,Apalachin Creek,22/04/2025,Stenelmis,1
Apal,Apalachin Creek,22/04/2025,Maccaffertium,6
Apal,Apalachin Creek,22/04/2025,Acerpenna,2
Apal,Apalachin Creek,22/04/2025,Ameletus,1
Apal,Apalachin Creek,22/04/2025,Amphinemura,3
Apal,Apalachin Creek,22/04/2025,Baetis,13
Apal,Apalachin Creek,22/04/2025,Acentrella,7
Apal,Apalachin Creek,22/04/2025,Chironomidae,90
Apal,Apalachin Creek,22/04/2025,Chloroperlidae,1
Apal,Apalachin Creek,22/04/2025,Hydropsyche,5
Apal,Apalachin Creek,22/04/2025,Epeorus,24
Apal,Apalachin Creek,22/04/2025,Ephemerella,1
Apal,Apalachin Creek,22/04/2025,Haploperla,4
Apal,Apalachin Creek,22/04/2025,Hexatoma,1
Apal,Apalachin Creek,22/04/2025,Cinygmula,13
Apal,Apalachin Creek,22/04/2025,Leucrocuta,2
Apal,Apalachin Creek,22/04/2025,Isoperla,1
Apal,Apalachin Creek,22/04/2025,Acentrella,2
Apal,Apalachin Creek,22/04/2025,Cambarus,1
Apal,Apalachin Creek,22/04/2025,Cheumatopsyche,2
Apal,Apalachin Creek,22/04/2025,Chironomidae,17
Apal,Apalachin Creek,22/04/2025,Ephemerella,1
Apal,Apalachin Creek,22/04/2025,Eurylophella,3
Apal,Apalachin Creek,22/04/2025,Hexatoma,3
Apal,Apalachin Creek,22/04/2025,Hydropsyche,5
Apal,Apalachin Creek,22/04/2025,Isonychia,1
Apal,Apalachin Creek,22/04/2025,Isoperla,2
Apal,Apalachin Creek,22/04/2025,Leptophlebiidae,1
Apal,Apalachin Creek,22/04/2025,Leuctra,3
Apal,Apalachin Creek,22/04/2025,Maccaffertium,4
Apal,Apalachin Creek,22/04/2025,Optioservus,2
Apal,Apalachin Creek,22/04/2025,Psephenus,3
Apal,Apalachin Creek,22/04/2025,Simulium,2
Apal,Apalachin Creek,22/04/2025,Stenacron,1
Apal,Apalachin Creek,22/04/2025,Sweltsa,2
Apal,Apalachin Creek,22/04/2025,Taeniopteryx,11
Apal,Apalachin Creek,22/04/2025,Acentrella,16
Apal,Apalachin Creek,22/04/2025,Baetis,3
Apal,Apalachin Creek,22/04/2025,Caenis,2
Apal,Apalachin Creek,22/04/2025,Leucrocuta,2
Apal,Apalachin Creek,22/04/2025,Maccaffertium,50
Apal,Apalachin Creek,22/04/2025,Isonychia,2
Apal,Apalachin Creek,22/04/2025,Ceratopsyche,59
Apal,Apalachin Creek,22/04/2025,Cheumatopsyche,55
Apal,Apalachin Creek,22/04/2025,Chimarra,1
Apal,Apalachin Creek,22/04/2025,Optioservus,1
Apal,Apalachin Creek,22/04/2025,Stenelmis,1
Apal,Apalachin Creek,22/04/2025,Psephenus,3
Apal,Apalachin Creek,22/04/2025,Chironomidae,8
Apal,Apalachin Creek,22/04/2025,Hemerodromia,4
Apal,Apalachin Creek,22/04/2025,Hexatoma,1
Apal,Apalachin Creek,22/04/2025,Turbellaria,2
Apal,Apalachin Creek,22/04/2025,Hydracarina,1
Apal,Apalachin Creek,22/04/2025,Acentrella,3
Apal,Apalachin Creek,22/04/2025,Acerpenna,3
Apal,Apalachin Creek,22/04/2025,Baetis,3
Apal,Apalachin Creek,22/04/2025,Caenis,1
Apal,Apalachin Creek,22/04/2025,Eurylophella,3
Apal,Apalachin Creek,22/04/2025,Serratella,4
Apal,Apalachin Creek,22/04/2025,Epeorus,2
Apal,Apalachin Creek,22/04/2025,Leucrocuta,3
Apal,Apalachin Creek,22/04/2025,Maccaffertium,29
Apal,Apalachin Creek,22/04/2025,Stenacron,1
Apal,Apalachin Creek,22/04/2025,Isonychia,1
Apal,Apalachin Creek,22/04/2025,Allocapnia,1
Apal,Apalachin Creek,22/04/2025,Glossosoma,1
Apal,Apalachin Creek,22/04/2025,Ceratopsyche,46
Apal,Apalachin Creek,22/04/2025,Cheumatopsyche,46
Apal,Apalachin Creek,22/04/2025,Lepidostoma,1
Apal,Apalachin Creek,22/04/2025,Chimarra,13
Apal,Apalachin Creek,22/04/2025,Gomphidae,1
Apal,Apalachin Creek,22/04/2025,Nigronia,1
Apal,Apalachin Creek,22/04/2025,Optioservus,4
Apal,Apalachin Creek,22/04/2025,Stenelmis,1
Apal,Apalachin Creek,22/04/2025,Psephenus,3
Apal,Apalachin Creek,22/04/2025,Ceratopogonidae,1
Apal,Apalachin Creek,22/04/2025,Chironomidae,25
Apal,Apalachin Creek,22/04/2025,Hemerodromia,1
Apal,Apalachin Creek,22/04/2025,Antocha,3
Apal,Apalachin Creek,22/04/2025,Hexatoma,2
Apal,Apalachin Creek,22/04/2025,Nemertea,4
Apal,Apalachin Creek,22/04/2025,Lymnaeidae,2
Apal,Apalachin Creek,22/04/2025,Turbellaria,14
Apal,Apalachin Creek,22/04/2025,Oligochaeta,10
Apal,Apalachin Creek,22/04/2025,Hydracarina,4
Apal,Apalachin Creek,22/04/2025,Caenis,2
Apal,Apalachin Creek,22/04/2025,Eurylophella,1
Apal,Apalachin Creek,22/04/2025,Serratella,4
Apal,Apalachin Creek,22/04/2025,Leucrocuta,2
Apal,Apalachin Creek,22/04/2025,Maccaffertium,12
Apal,Apalachin Creek,22/04/2025,Isonychia,6
Apal,Apalachin Creek,22/04/2025,Ceratopsyche,36
Apal,Apalachin Creek,22/04/2025,Cheumatopsyche,62
Apal,Apalachin Creek,22/04/2025,Acerpenna,1
Apal,Apalachin Creek,22/04/2025,Chimarra,15
Apal,Apalachin Creek,22/04/2025,Helichus,1
Apal,Apalachin Creek,22/04/2025,Optioservus,5
Apal,Apalachin Creek,22/04/2025,Stenelmis,1
Apal,Apalachin Creek,22/04/2025,Psephenus,6
Apal,Apalachin Creek,22/04/2025,Ceratopogonidae,1
Apal,Apalachin Creek,22/04/2025,Chironomidae,52
Apal,Apalachin Creek,22/04/2025,Antocha,3
Apal,Apalachin Creek,22/04/2025,Turbellaria,1
Apal,Apalachin Creek,22/04/2025,Oligochaeta,8
Apal,Apalachin Creek,22/04/2025,Hydracarina,3
Apal,Apalachin Creek,22/04/2025,Hydracarina,6
Apal,Apalachin Creek,22/04/2025,Acentrella,1
Apal,Apalachin Creek,22/04/2025,Ephemerella,1
Apal,Apalachin Creek,22/04/2025,Eurylophella,5
Apal,Apalachin Creek,22/04/2025,Serratella,2
Apal,Apalachin Creek,22/04/2025,Epeorus,2
Apal,Apalachin Creek,22/04/2025,Leucrocuta,5
Apal,Apalachin Creek,22/04/2025,Maccaffertium,3
Apal,Apalachin Creek,22/04/2025,Stenacron,1
Apal,Apalachin Creek,22/04/2025,Isonychia,3
Apal,Apalachin Creek,22/04/2025,Neoperla,1
Apal,Apalachin Creek,22/04/2025,Taeniopteryx,2
Apal,Apalachin Creek,22/04/2025,Ceratopsyche,13
Apal,Apalachin Creek,22/04/2025,Cheumatopsyche,38
Apal,Apalachin Creek,22/04/2025,Chimarra,15
Apal,Apalachin Creek,22/04/2025,Polycentropus,6
Apal,Apalachin Creek,22/04/2025,Argia,3
Apal,Apalachin Creek,22/04/2025,Elmidae,5
Apal,Apalachin Creek,22/04/2025,Optioservus,11
Apal,Apalachin Creek,22/04/2025,Stenelmis,5
Apal,Apalachin Creek,22/04/2025,Psephenus,21
Apal,Apalachin Creek,22/04/2025,Bezzia,1
Apal,Apalachin Creek,22/04/2025,Chironomidae,14
Apal,Apalachin Creek,22/04/2025,Antocha,1
Apal,Apalachin Creek,22/04/2025,Hexatoma,2
Apal,Apalachin Creek,22/04/2025,Nemertea,6
Apal,Apalachin Creek,22/04/2025,Turbellaria,16
Apal,Apalachin Creek,22/04/2025,Oligochaeta,1
Apal,Apalachin Creek,22/04/2025,Hydracarina,8
Apal,Apalachin Creek,22/04/2025,Eurylophella,1
Apal,Apalachin Creek,22/04/2025,Serratella,1
Apal,Apalachin Creek,22/04/2025,Leucrocuta,3
Apal,Apalachin Creek,22/04/2025,Maccaffertium,8
Apal,Apalachin Creek,22/04/2025,Isonychia,6
Apal,Apalachin Creek,22/04/2025,Acroneuria,1
Apal,Apalachin Creek,22/04/2025,Taeniopteryx,1
Apal,Apalachin Creek,22/04/2025,Ceratopsyche,18
Apal,Apalachin Creek,22/04/2025,Cheumatopsyche,47
Apal,Apalachin Creek,22/04/2025,Hydropsyche,1
Apal,Apalachin Creek,22/04/2025,Chimarra,23
Apal,Apalachin Creek,22/04/2025,Polycentropus,1
Apal,Apalachin Creek,22/04/2025,Optioservus,10
Apal,Apalachin Creek,22/04/2025,Stenelmis,2
Apal,Apalachin Creek,22/04/2025,Psephenus,24
Apal,Apalachin Creek,22/04/2025,Bezzia,5
Apal,Apalachin Creek,22/04/2025,Chironomidae,18
Apal,Apalachin Creek,22/04/2025,Hemerodromia,6
Apal,Apalachin Creek,22/04/2025,Nemertea,2
Apal,Apalachin Creek,22/04/2025,Turbellaria,8
Apal,Apalachin Creek,22/04/2025,Oligochaeta,3
Apal,Apalachin Creek,22/04/2025,Acerpenna,6
Apal,Apalachin Creek,22/04/2025,Amphinemura,9
Apal,Apalachin Creek,22/04/2025,Ceratopsyche,3
Apal,Apalachin Creek,22/04/2025,Clinocera,2
Apal,Apalachin Creek,22/04/2025,Epeorus,14
Apal,Apalachin Creek,22/04/2025,Gomphidae,1
Apal,Apalachin Creek,22/04/2025,Isonychia,1
Apal,Apalachin Creek,22/04/2025,Isoperla,1
Apal,Apalachin Creek,22/04/2025,Leuctra,1
Apal,Apalachin Creek,22/04/2025,Oligochaeta,2
Apal,Apalachin Creek,22/04/2025,Psephenus,1
Apal,Apalachin Creek,22/04/2025,Allocapnia,2
Apal,Apalachin Creek,22/04/2025,Baetis,21
Apal,Apalachin Creek,22/04/2025,Ceratopogonidae,1
Apal,Apalachin Creek,22/04/2025,Cheumatopsyche,3
Apal,Apalachin Creek,22/04/2025,Chironomidae,32
Apal,Apalachin Creek,22/04/2025,Cinygmula,4
Apal,Apalachin Creek,22/04/2025,Crangonyx,1
Apal,Apalachin Creek,22/04/2025,Ephemerella,1
Apal,Apalachin Creek,22/04/2025,Hemerodromia,3
Apal,Apalachin Creek,22/04/2025,Hexatoma,6
Apal,Apalachin Creek,22/04/2025,Prosimulium,50
Apal,Apalachin Creek,22/04/2025,Prostoia,9
Apal,Apalachin Creek,22/04/2025,Stegopterna,2
Apal,Apalachin Creek,22/04/2025,Stenonema,1
Apal,Apalachin Creek,22/04/2025,Taenionema,24
BABB 13.4,Babb Creek,17/04/2025,Dolophilodes,2
BABB 13.4,Babb Creek,17/04/2025,Paraleptophlebia,7
BABB 13.4,Babb Creek,17/04/2025,Leuctra,20
BABB 13.4,Babb Creek,17/04/2025,Lepidostoma,2
BABB 13.4,Babb Creek,17/04/2025,Isoperla,4
BABB 13.4,Babb Creek,17/04/2025,Isonychia,1
BABB 13.4,Babb Creek,17/04/2025,Hydropsyche,2
BABB 13.4,Babb Creek,17/04/2025,Haploperla,2
BABB 13.4,Babb Creek,17/04/2025,Eurylophella,1
BABB 13.4,Babb Creek,17/04/2025,Neophylax,1
BABB 13.4,Babb Creek,17/04/2025,Epeorus,9
BABB 13.4,Babb Creek,17/04/2025,Drunella,2
BABB 13.4,Babb Creek,17/04/2025,Diphetor,5
BABB 13.4,Babb Creek,17/04/2025,Cinygmula,4
BABB 13.4,Babb Creek,17/04/2025,Chironomidae,124
BABB 13.4,Babb Creek,17/04/2025,Cheumatopsyche,1
BABB 13.4,Babb Creek,17/04/2025,Baetis,13
BABB 13.4,Babb Creek,17/04/2025,Amphinemura,4
BABB 13.4,Babb Creek,17/04/2025,Ameletus,2
BABB 13.4,Babb Creek,17/04/2025,Acroneuria,1
BABB 13.4,Babb Creek,17/04/2025,Ephemerella,16
BABB 13.4,Babb Creek,17/04/2025,Prosimulium,1
BABB 13.4,Babb Creek,17/04/2025,Rhyacophila,4
BABB 13.4,Babb Creek,17/04/2025,Acerpenna,1
BABB 13.4,Babb Creek,17/04/2025,Optioservus,1
BABB 13.4,Babb Creek,17/04/2025,Diplectrona,1
BAKR 0.1,Baker Run,15/04/2025,Diplectrona,2
BAKR 0.1,Baker Run,15/04/2025,Leptophlebiidae,8
BAKR 0.1,Baker Run,15/04/2025,Optioservus,7
BAKR 0.1,Baker Run,15/04/2025,Drunella,15
BAKR 0.1,Baker Run,15/04/2025,Ceratopogonidae,1
BAKR 0.1,Baker Run,15/04/2025,Chelifera,1
BAKR 0.1,Baker Run,15/04/2025,Chironomidae,58
BAKR 0.1,Baker Run,15/04/2025,Micrasema,1
BAKR 0.1,Baker Run,15/04/2025,Maccaffertium,2
BAKR 0.1,Baker Run,15/04/2025,Rhyacophila,2
BAKR 0.1,Baker Run,15/04/2025,Atherix,1
BAKR 0.1,Baker Run,15/04/2025,Epeorus,3
BAKR 0.1,Baker Run,15/04/2025,Ephemerella,30
BAKR 0.1,Baker Run,15/04/2025,Eurylophella,2
BAKR 0.1,Baker Run,15/04/2025,Hemerodromia,3
BAKR 0.1,Baker Run,15/04/2025,Hexatoma,3
BAKR 0.1,Baker Run,15/04/2025,Chloroperlidae,1
BAKR 0.1,Baker Run,15/04/2025,Oligochaeta,1
BAKR 0.1,Baker Run,15/04/2025,Antocha,1
BAKR 0.1,Baker Run,15/04/2025,Polycentropus,1
BAKR 0.1,Baker Run,15/04/2025,Baetis,19
BAKR 0.1,Baker Run,15/04/2025,Acentrella,9
BAKR 0.1,Baker Run,15/04/2025,Acroneuria,2
BAKR 0.1,Baker Run,15/04/2025,Agapetus,1
BAKR 0.1,Baker Run,15/04/2025,Turbellaria,1
BAKR 0.1,Baker Run,15/04/2025,Neophylax,2
BAKR 0.1,Baker Run,15/04/2025,Hydracarina,1
BAKR 0.1,Baker Run,15/04/2025,Promoresia,4
BAKR 0.1,Baker Run,15/04/2025,Leuctra,4
BAKR 0.1,Baker Run,15/04/2025,Oulimnius,7
BAKR 0.1,Baker Run,15/04/2025,Leucrocuta,2
BAKR 0.1,Baker Run,15/04/2025,Prosimulium,1
BAKR 0.1,Baker Run,15/04/2025,Psychomyia,1
BAKR 0.1,Baker Run,15/04/2025,Amphinemura,1
BAKR 0.1,Baker Run,15/04/2025,Cinygmula,2
BAKR 0.1,Baker Run,15/04/2025,Teloganopsis,4
BAKR 0.1,Baker Run,15/04/2025,Chloroperlidae,1
BAKR 0.1,Baker Run,15/04/2025,Optioservus,2
BAKR 0.1,Baker Run,15/04/2025,Neophylax,1
BAKR 0.1,Baker Run,15/04/2025,Leuctra,11
BAKR 0.1,Baker Run,15/04/2025,Leucrocuta,2
BAKR 0.1,Baker Run,15/04/2025,Isoperla,6
BAKR 0.1,Baker Run,15/04/2025,Hydropsyche,1
BAKR 0.1,Baker Run,15/04/2025,Ephemerella,43
BAKR 0.1,Baker Run,15/04/2025,Epeorus,7
BAKR 0.1,Baker Run,15/04/2025,Drunella,9
BAKR 0.1,Baker Run,15/04/2025,Oulimnius,20
BAKR 0.1,Baker Run,15/04/2025,Cinygmula,1
BAKR 0.1,Baker Run,15/04/2025,Oligochaeta,20
BAKR 0.1,Baker Run,15/04/2025,Chironomidae,29
BAKR 0.1,Baker Run,15/04/2025,Cheumatopsyche,4
BAKR 0.1,Baker Run,15/04/2025,Ceratopogonidae,5
BAKR 0.1,Baker Run,15/04/2025,Cambarus,2
BAKR 0.1,Baker Run,15/04/2025,Baetis,30
BAKR 0.1,Baker Run,15/04/2025,Atherix,1
BAKR 0.1,Baker Run,15/04/2025,Antocha,1
BAKR 0.1,Baker Run,15/04/2025,Amphinemura,1
BAKR 0.1,Baker Run,15/04/2025,Acroneuria,2
BAKR 0.1,Baker Run,15/04/2025,Diplectrona,2
BAKR 0.1,Baker Run,15/04/2025,Hydracarina,1
BAKR 0.1,Baker Run,15/04/2025,Rhyacophila,3
BAKR 0.1,Baker Run,15/04/2025,Teloganopsis,1
BAKR 0.1,Baker Run,15/04/2025,Pseudolimnophila,2
BAKR 0.1,Baker Run,15/04/2025,Turbellaria,4
BAKR 0.1,Baker Run,15/04/2025,Paraleptophlebia,12
BAKR 0.1,Baker Run,15/04/2025,Acentrella,2
BAKR 0.1,Baker Run,15/04/2025,Acroneuria,4
BAKR 0.1,Baker Run,15/04/2025,Agapetus,4
BAKR 0.1,Baker Run,15/04/2025,Baetis,10
BAKR 0.1,Baker Run,15/04/2025,Cambaridae,1
BAKR 0.1,Baker Run,15/04/2025,Ceratopogonidae,1
BAKR 0.1,Baker Run,15/04/2025,Chelifera,1
BAKR 0.1,Baker Run,15/04/2025,Chironomidae,63
BAKR 0.1,Baker Run,15/04/2025,Cinygmula,1
BAKR 0.1,Baker Run,15/04/2025,Diplectrona,2
BAKR 0.1,Baker Run,15/04/2025,Dolophilodes,3
BAKR 0.1,Baker Run,15/04/2025,Drunella,5
BAKR 0.1,Baker Run,15/04/2025,Epeorus,7
BAKR 0.1,Baker Run,15/04/2025,Ephemera,1
BAKR 0.1,Baker Run,15/04/2025,Ephemerella,34
BAKR 0.1,Baker Run,15/04/2025,Haploperla,1
BAKR 0.1,Baker Run,15/04/2025,Hemerodromia,1
BAKR 0.1,Baker Run,15/04/2025,Hexatoma,1
BAKR 0.1,Baker Run,15/04/2025,Hydropsyche,1
BAKR 0.1,Baker Run,15/04/2025,Isoperla,3
BAKR 0.1,Baker Run,15/04/2025,Leptophlebiidae,8
BAKR 0.1,Baker Run,15/04/2025,Leuctra,1
BAKR 0.1,Baker Run,15/04/2025,Micrasema,3
BAKR 0.1,Baker Run,15/04/2025,Oligochaeta,3
BAKR 0.1,Baker Run,15/04/2025,Promoresia,8
BAKR 0.1,Baker Run,15/04/2025,Optioservus,1
BAKR 0.1,Baker Run,15/04/2025,Oulimnius,17
BAKR 0.1,Baker Run,15/04/2025,Paragnetina,1
BAKR 0.1,Baker Run,15/04/2025,Rhyacophila,5
BAKR 0.1,Baker Run,15/04/2025,Simulium,1
BAKR 0.1,Baker Run,15/04/2025,Stactobiella,1
BAKR 0.1,Baker Run,15/04/2025,Sweltsa,1
BAKR 0.1,Baker Run,15/04/2025,Teloganopsis,5
BAKR 0.1,Baker Run,15/04/2025,Turbellaria,1
BAKR 0.1,Baker Run,15/04/2025,Hydracarina,1
BAKR 0.1,Baker Run,15/04/2025,Sphaeriidae,2
BAKR 0.1,Baker Run,15/04/2025,Dolophilodes,1
BAKR 0.1,Baker Run,15/04/2025,Polycentropus,1
BAKR 0.1,Baker Run,15/04/2025,Philopotamidae,1
BAKR 0.1,Baker Run,15/04/2025,Rhyacophila,4
BAKR 0.1,Baker Run,15/04/2025,Lepidostoma,2
BAKR 0.1,Baker Run,15/04/2025,Neophylax,1
BAKR 0.1,Baker Run,15/04/2025,Promoresia,1
BAKR 0.1,Baker Run,15/04/2025,Ceratopogonidae,3
BAKR 0.1,Baker Run,15/04/2025,Chironomidae,90
BAKR 0.1,Baker Run,15/04/2025,Hydroptila,1
BAKR 0.1,Baker Run,15/04/2025,Simulium,1
BAKR 0.1,Baker Run,15/04/2025,Oulimnius,7
BAKR 0.1,Baker Run,15/04/2025,Turbellaria,1
BAKR 0.1,Baker Run,15/04/2025,Sweltsa,1
BAKR 0.1,Baker Run,15/04/2025,Oligochaeta,7
BAKR 0.1,Baker Run,15/04/2025,Hemerodromia,2
BAKR 0.1,Baker Run,15/04/2025,Epeorus,12
BAKR 0.1,Baker Run,15/04/2025,Cambaridae,1
BAKR 0.1,Baker Run,15/04/2025,Acentrella,4
BAKR 0.1,Baker Run,15/04/2025,Acerpenna,2
BAKR 0.1,Baker Run,15/04/2025,Baetis,5
BAKR 0.1,Baker Run,15/04/2025,Diphetor,2
BAKR 0.1,Baker Run,15/04/2025,Drunella,14
BAKR 0.1,Baker Run,15/04/2025,Serratella,2
BAKR 0.1,Baker Run,15/04/2025,Hydropsyche,1
BAKR 0.1,Baker Run,15/04/2025,Leptophlebiidae,3
BAKR 0.1,Baker Run,15/04/2025,Leucrocuta,1
BAKR 0.1,Baker Run,15/04/2025,Diplectrona,2
BAKR 0.1,Baker Run,15/04/2025,Ephemerella,22
BAKR 0.1,Baker Run,15/04/2025,Nematoda,1
BAKR 0.1,Baker Run,15/04/2025,Acroneuria,1
BAKR 0.1,Baker Run,15/04/2025,Amphinemura,3
BAKR 0.1,Baker Run,15/04/2025,Leuctra,11
BAKR 0.1,Baker Run,15/04/2025,Paraleptophlebia,12
BAKR 0.1,Baker Run,15/04/2025,Pteronarcys,2
BAKR 0.1,Baker Run,15/04/2025,Oulimnius,5
BAKR 0.1,Baker Run,15/04/2025,Paraleptophlebia,2
BAKR 0.1,Baker Run,15/04/2025,Haploperla,3
BAKR 0.1,Baker Run,15/04/2025,Leuctra,8
BAKR 0.1,Baker Run,15/04/2025,Amphinemura,2
BAKR 0.1,Baker Run,15/04/2025,Perlidae,1
BAKR 0.1,Baker Run,15/04/2025,Isoperla,4
BAKR 0.1,Baker Run,15/04/2025,Pteronarcys,1
BAKR 0.1,Baker Run,15/04/2025,Cinygmula,2
BAKR 0.1,Baker Run,15/04/2025,Hydropsyche,4
BAKR 0.1,Baker Run,15/04/2025,Rhyacophila,5
BAKR 0.1,Baker Run,15/04/2025,Epeorus,32
BAKR 0.1,Baker Run,15/04/2025,Neophylax,1
BAKR 0.1,Baker Run,15/04/2025,Chironomidae,29
BAKR 0.1,Baker Run,15/04/2025,Promoresia,1
BAKR 0.1,Baker Run,15/04/2025,Nymphomyia,1
BAKR 0.1,Baker Run,15/04/2025,Sphaeriidae,1
BAKR 0.1,Baker Run,15/04/2025,Oligochaeta,3
BAKR 0.1,Baker Run,15/04/2025,Diplectrona,1
BAKR 0.1,Baker Run,15/04/2025,Drunella,14
BAKR 0.1,Baker Run,15/04/2025,Baetis,39
BAKR 0.1,Baker Run,15/04/2025,Optioservus,1
BAKR 0.1,Baker Run,15/04/2025,Ephemerella,55
BAKR 0.1,Baker Run,15/04/2025,Lepidostoma,1
BAKR 0.1,Baker Run,15/04/2025,Polycentropus,1
BAKR 0.1,Baker Run,15/04/2025,Prosimulium,3
BAKR 0.1,Baker Run,15/04/2025,Acentrella,1
BAKR 0.1,Baker Run,15/04/2025,Acerpenna,1
BAKR 0.1,Baker Run,15/04/2025,Acroneuria,8
BAKR 0.1,Baker Run,15/04/2025,Atherix,2
BAKR 0.1,Baker Run,15/04/2025,Bezzia,1
BAKR 0.1,Baker Run,15/04/2025,Boyeria,1
BAKR 0.1,Baker Run,15/04/2025,Caenis,1
BAKR 0.1,Baker Run,15/04/2025,Cambarus,1
BAKR 0.1,Baker Run,15/04/2025,Chelifera,2
BAKR 0.1,Baker Run,15/04/2025,Cheumatopsyche,12
BAKR 0.1,Baker Run,15/04/2025,Chironomidae,43
BAKR 0.1,Baker Run,15/04/2025,Cyrnellus,1
BAKR 0.1,Baker Run,15/04/2025,Dicranota,2
BAKR 0.1,Baker Run,15/04/2025,Diptera,1
BAKR 0.1,Baker Run,15/04/2025,Dolophilodes,13
BAKR 0.1,Baker Run,15/04/2025,Drunella,10
BAKR 0.1,Baker Run,15/04/2025,Dubiraphia,1
BAKR 0.1,Baker Run,15/04/2025,Ectopria,3
BAKR 0.1,Baker Run,15/04/2025,Epeorus,3
BAKR 0.1,Baker Run,15/04/2025,Ephemerella,1
BAKR 0.1,Baker Run,15/04/2025,Eurylophella,1
BAKR 0.1,Baker Run,15/04/2025,Glossosoma,2
BAKR 0.1,Baker Run,15/04/2025,Heptagenia,1
BAKR 0.1,Baker Run,15/04/2025,Hexatoma,5
BAKR 0.1,Baker Run,15/04/2025,Hydropsyche,10
BAKR 0.1,Baker Run,15/04/2025,Hydropsychidae,1
BAKR 0.1,Baker Run,15/04/2025,Lanthus,4
BAKR 0.1,Baker Run,15/04/2025,Lepidostoma,3
BAKR 0.1,Baker Run,15/04/2025,Leucrocuta,9
BAKR 0.1,Baker Run,15/04/2025,Leuctra,5
BAKR 0.1,Baker Run,15/04/2025,Maccaffertium,1
BAKR 0.1,Baker Run,15/04/2025,Nigronia,4
BAKR 0.1,Baker Run,15/04/2025,Odontoceridae,5
BAKR 0.1,Baker Run,15/04/2025,Optioservus,17
BAKR 0.1,Baker Run,15/04/2025,Oulimnius,6
BAKR 0.1,Baker Run,15/04/2025,Paragnetina,3
BAKR 0.1,Baker Run,15/04/2025,Paraleptophlebia,1
BAKR 0.1,Baker Run,15/04/2025,Perlidae,3
BAKR 0.1,Baker Run,15/04/2025,Promoresia,5
BAKR 0.1,Baker Run,15/04/2025,Pteronarcys,4
BAKR 0.1,Baker Run,15/04/2025,Rhagovelia,3
BAKR 0.1,Baker Run,15/04/2025,Rhyacophila,6
BAKR 0.1,Baker Run,15/04/2025,Sphaeriidae,1
BAKR 0.1,Baker Run,15/04/2025,Sweltsa,2
BAKR 0.1,Baker Run,15/04/2025,Acerpenna,1
BAKR 0.1,Baker Run,15/04/2025,Baetis,1
BAKR 0.1,Baker Run,15/04/2025,Ephemerella,18
BAKR 0.1,Baker Run,15/04/2025,Serratella,3
BAKR 0.1,Baker Run,15/04/2025,Epeorus,30
BAKR 0.1,Baker Run,15/04/2025,Leucrocuta,6
BAKR 0.1,Baker Run,15/04/2025,Maccaffertium,1
BAKR 0.1,Baker Run,15/04/2025,Paraleptophlebia,23
BAKR 0.1,Baker Run,15/04/2025,Leuctra,2
BAKR 0.1,Baker Run,15/04/2025,Acroneuria,9
BAKR 0.1,Baker Run,15/04/2025,Isogenoides,1
BAKR 0.1,Baker Run,15/04/2025,Isoperla,3
BAKR 0.1,Baker Run,15/04/2025,Pteronarcys,1
BAKR 0.1,Baker Run,15/04/2025,Taeniopteryx,2
BAKR 0.1,Baker Run,15/04/2025,Ceratopsyche,7
BAKR 0.1,Baker Run,15/04/2025,Cheumatopsyche,2
BAKR 0.1,Baker Run,15/04/2025,Diplectrona,3
BAKR 0.1,Baker Run,15/04/2025,Lepidostoma,24
BAKR 0.1,Baker Run,15/04/2025,Limnephilidae,1
BAKR 0.1,Baker Run,15/04/2025,Psilotreta,1
BAKR 0.1,Baker Run,15/04/2025,Polycentropus,1
BAKR 0.1,Baker Run,15/04/2025,Rhyacophila,7
BAKR 0.1,Baker Run,15/04/2025,Neophylax,16
BAKR 0.1,Baker Run,15/04/2025,Optioservus,10
BAKR 0.1,Baker Run,15/04/2025,Oulimnius,5
BAKR 0.1,Baker Run,15/04/2025,Promoresia,4
BAKR 0.1,Baker Run,15/04/2025,Atherix,1
BAKR 0.1,Baker Run,15/04/2025,Chironomidae,31
BAKR 0.1,Baker Run,15/04/2025,Tabanidae,1
BAKR 0.1,Baker Run,15/04/2025,Antocha,1
BAKR 0.1,Baker Run,15/04/2025,Rhyacophila,15
BAKR 0.1,Baker Run,15/04/2025,Neophylax,1
BAKR 0.1,Baker Run,15/04/2025,Optioservus,7
BAKR 0.1,Baker Run,15/04/2025,Oulimnius,2
BAKR 0.1,Baker Run,15/04/2025,Promoresia,1
BAKR 0.1,Baker Run,15/04/2025,Atherix,1
BAKR 0.1,Baker Run,15/04/2025,Ceratopogonidae,1
BAKR 0.1,Baker Run,15/04/2025,Chironomidae,25
BAKR 0.1,Baker Run,15/04/2025,Neoplasta,1
BAKR 0.1,Baker Run,15/04/2025,Dicranota,1
BAKR 0.1,Baker Run,15/04/2025,Hexatoma,1
BAKR 0.1,Baker Run,15/04/2025,Turbellaria,3
BAKR 0.1,Baker Run,15/04/2025,Cambaridae,1
BAKR 0.1,Baker Run,15/04/2025,Ephemerella,38
BAKR 0.1,Baker Run,15/04/2025,Serratella,3
BAKR 0.1,Baker Run,15/04/2025,Ephemera,2
BAKR 0.1,Baker Run,15/04/2025,Epeorus,31
BAKR 0.1,Baker Run,15/04/2025,Leucrocuta,1
BAKR 0.1,Baker Run,15/04/2025,Maccaffertium,2
BAKR 0.1,Baker Run,15/04/2025,Paraleptophlebia,27
BAKR 0.1,Baker Run,15/04/2025,Acroneuria,6
BAKR 0.1,Baker Run,15/04/2025,Isoperla,4
BAKR 0.1,Baker Run,15/04/2025,Apatania,1
BAKR 0.1,Baker Run,15/04/2025,Ceratopsyche,2
BAKR 0.1,Baker Run,15/04/2025,Cheumatopsyche,4
BAKR 0.1,Baker Run,15/04/2025,Diplectrona,11
BAKR 0.1,Baker Run,15/04/2025,Lepidostoma,14
BAKR 0.1,Baker Run,15/04/2025,Psilotreta,1
BAKR 0.1,Baker Run,15/04/2025,Dolophilodes,4
BAKR 0.1,Baker Run,15/04/2025,Lype,1
BAKR 0.1,Baker Run,15/04/2025,Hydracarina,1
BAKR 0.1,Baker Run,15/04/2025,Baetis,3
BAKR 0.1,Baker Run,15/04/2025,Ephemerella,22
BAKR 0.1,Baker Run,15/04/2025,Eurylophella,1
BAKR 0.1,Baker Run,15/04/2025,Serratella,3
BAKR 0.1,Baker Run,15/04/2025,Ephemera,1
BAKR 0.1,Baker Run,15/04/2025,Epeorus,17
BAKR 0.1,Baker Run,15/04/2025,Leucrocuta,2
BAKR 0.1,Baker Run,15/04/2025,Stenacron,1
BAKR 0.1,Baker Run,15/04/2025,Paraleptophlebia,13
BAKR 0.1,Baker Run,15/04/2025,Allocapnia,1
BAKR 0.1,Baker Run,15/04/2025,Paracapnia,1
BAKR 0.1,Baker Run,15/04/2025,Chloroperlidae,2
BAKR 0.1,Baker Run,15/04/2025,Sweltsa,1
BAKR 0.1,Baker Run,15/04/2025,Leuctra,3
BAKR 0.1,Baker Run,15/04/2025,Tallaperla,1
BAKR 0.1,Baker Run,15/04/2025,Acroneuria,2
BAKR 0.1,Baker Run,15/04/2025,Paragnetina,1
BAKR 0.1,Baker Run,15/04/2025,Isoperla,7
BAKR 0.1,Baker Run,15/04/2025,Taeniopteryx,2
BAKR 0.1,Baker Run,15/04/2025,Ceratopsyche,7
BAKR 0.1,Baker Run,15/04/2025,Cheumatopsyche,4
BAKR 0.1,Baker Run,15/04/2025,Diplectrona,8
BAKR 0.1,Baker Run,15/04/2025,Lepidostoma,2
BAKR 0.1,Baker Run,15/04/2025,Limnephilidae,1
BAKR 0.1,Baker Run,15/04/2025,Dolophilodes,3
BAKR 0.1,Baker Run,15/04/2025,Rhyacophila,12
BAKR 0.1,Baker Run,15/04/2025,Neophylax,3
BAKR 0.1,Baker Run,15/04/2025,Nigronia,2
BAKR 0.1,Baker Run,15/04/2025,Optioservus,2
BAKR 0.1,Baker Run,15/04/2025,Oulimnius,14
BAKR 0.1,Baker Run,15/04/2025,Promoresia,10
BAKR 0.1,Baker Run,15/04/2025,Bezzia,3
BAKR 0.1,Baker Run,15/04/2025,Chironomidae,40
BAKR 0.1,Baker Run,15/04/2025,Antocha,1
BAKR 0.1,Baker Run,15/04/2025,Dicranota,1
BAKR 0.1,Baker Run,15/04/2025,Hexatoma,1
BAKR 0.1,Baker Run,15/04/2025,Nematoda,1
BAKR 0.1,Baker Run,15/04/2025,Sphaeriidae,1
BAKR 0.1,Baker Run,15/04/2025,Oligochaeta,2
BAKR 0.1,Baker Run,15/04/2025,Ceratopsyche,2
BAKR 0.1,Baker Run,15/04/2025,Cheumatopsyche,1
BAKR 0.1,Baker Run,15/04/2025,Pteronarcys,1
BAKR 0.1,Baker Run,15/04/2025,Diplectrona,2
BAKR 0.1,Baker Run,15/04/2025,Rhyacophila,7
BAKR 0.1,Baker Run,15/04/2025,Polycentropus,1
BAKR 0.1,Baker Run,15/04/2025,Acroneuria,1
BAKR 0.1,Baker Run,15/04/2025,Habrophlebia,1
BAKR 0.1,Baker Run,15/04/2025,Lepidostoma,4
BAKR 0.1,Baker Run,15/04/2025,Paraleptophlebia,25
BAKR 0.1,Baker Run,15/04/2025,Stenacron,1
BAKR 0.1,Baker Run,15/04/2025,Epeorus,3
BAKR 0.1,Baker Run,15/04/2025,Serratella,4
BAKR 0.1,Baker Run,15/04/2025,Ephemerella,32
BAKR 0.1,Baker Run,15/04/2025,Drunella,20
BAKR 0.1,Baker Run,15/04/2025,Leuctra,2
BAKR 0.1,Baker Run,15/04/2025,Baetis,20
BAKR 0.1,Baker Run,15/04/2025,Micrasema,2
BAKR 0.1,Baker Run,15/04/2025,Prosimulium,3
BAKR 0.1,Baker Run,15/04/2025,Promoresia,2
BAKR 0.1,Baker Run,15/04/2025,Sphaeriidae,1
BAKR 0.1,Baker Run,15/04/2025,Antocha,1
BAKR 0.1,Baker Run,15/04/2025,Isoperla,1
BAKR 0.1,Baker Run,15/04/2025,Oulimnius,6
BAKR 0.1,Baker Run,15/04/2025,Nematoda,1
BAKR 0.1,Baker Run,15/04/2025,Amphinemura,5
BAKR 0.1,Baker Run,15/04/2025,Oligochaeta,3
BAKR 0.1,Baker Run,15/04/2025,Branchiobdellida,1
BAKR 0.1,Baker Run,15/04/2025,Dolophilodes,2
BAKR 0.1,Baker Run,15/04/2025,Diphetor,2
BAKR 0.1,Baker Run,15/04/2025,Chironomidae,45
BAKR 0.1,Baker Run,15/04/2025,Chelifera,2
BAKR 0.1,Baker Run,15/04/2025,Neophylax,1
BAKR 0.1,Baker Run,15/04/2025,Ephemera,1
BAKR 0.1,Baker Run,15/04/2025,Diphetor,3
BAKR 0.1,Baker Run,15/04/2025,Diplectrona,1
BAKR 0.1,Baker Run,15/04/2025,Micrasema,1
BAKR 0.1,Baker Run,15/04/2025,Tallaperla,1
BAKR 0.1,Baker Run,15/04/2025,Leuctra,6
BAKR 0.1,Baker Run,15/04/2025,Sweltsa,1
BAKR 0.1,Baker Run,15/04/2025,Molanna,1
BAKR 0.1,Baker Run,15/04/2025,Epeorus,2
BAKR 0.1,Baker Run,15/04/2025,Isoperla,4
BAKR 0.1,Baker Run,15/04/2025,Serratella,5
BAKR 0.1,Baker Run,15/04/2025,Eurylophella,2
BAKR 0.1,Baker Run,15/04/2025,Lepidostoma,5
BAKR 0.1,Baker Run,15/04/2025,Ameletus,1
BAKR 0.1,Baker Run,15/04/2025,Drunella,1
BAKR 0.1,Baker Run,15/04/2025,Hydracarina,3
BAKR 0.1,Baker Run,15/04/2025,Paraleptophlebia,18
BAKR 0.1,Baker Run,15/04/2025,Sphaeriidae,3
BAKR 0.1,Baker Run,15/04/2025,Haploperla,3
BAKR 0.1,Baker Run,15/04/2025,Hexatoma,1
BAKR 0.1,Baker Run,15/04/2025,Amphinemura,18
BAKR 0.1,Baker Run,15/04/2025,Turbellaria,5
BAKR 0.1,Baker Run,15/04/2025,Dolophilodes,1
BAKR 0.1,Baker Run,15/04/2025,Simulium,1
BAKR 0.1,Baker Run,15/04/2025,Oligochaeta,21
BAKR 0.1,Baker Run,15/04/2025,Agapetus,1
BAKR 0.1,Baker Run,15/04/2025,Baetis,1
BAKR 0.1,Baker Run,15/04/2025,Chironomidae,45
BAKR 0.1,Baker Run,15/04/2025,Ceratopogonidae,2
BAKR 0.1,Baker Run,15/04/2025,Ectopria,1
BAKR 0.1,Baker Run,15/04/2025,Neophylax,1
BAKR 0.1,Baker Run,15/04/2025,Rhyacophila,1
BAKR 0.1,Baker Run,15/04/2025,Ephemerella,53
BAKR 0.1,Baker Run,15/04/2025,Molophilus,1
BAKR 0.1,Baker Run,15/04/2025,Amphinemura,1
BAKR 0.1,Baker Run,15/04/2025,Cambaridae,1
BAKR 0.1,Baker Run,15/04/2025,Dicranota,2
BAKR 0.1,Baker Run,15/04/2025,Diplectrona,7
BAKR 0.1,Baker Run,15/04/2025,Drunella,5
BAKR 0.1,Baker Run,15/04/2025,Epeorus,7
BAKR 0.1,Baker Run,15/04/2025,Eurylophella,1
BAKR 0.1,Baker Run,15/04/2025,Isoperla,8
BAKR 0.1,Baker Run,15/04/2025,Leptophlebiidae,16
BAKR 0.1,Baker Run,15/04/2025,Leuctra,7
BAKR 0.1,Baker Run,15/04/2025,Maccaffertium,2
BAKR 0.1,Baker Run,15/04/2025,Micrasema,3
BAKR 0.1,Baker Run,15/04/2025,Oligochaeta,3
BAKR 0.1,Baker Run,15/04/2025,Oulimnius,4
BAKR 0.1,Baker Run,15/04/2025,Peltoperla,1
BAKR 0.1,Baker Run,15/04/2025,Rhyacophila,10
BAKR 0.1,Baker Run,15/04/2025,Sphaeriidae,1
BAKR 0.1,Baker Run,15/04/2025,Stenacron,1
BAKR 0.1,Baker Run,15/04/2025,Acroneuria,5
BAKR 0.1,Baker Run,15/04/2025,Atherix,1
BAKR 0.1,Baker Run,15/04/2025,Baetis,7
BAKR 0.1,Baker Run,15/04/2025,Cheumatopsyche,2
BAKR 0.1,Baker Run,15/04/2025,Chironomidae,28
BAKR 0.1,Baker Run,15/04/2025,Chloroperlidae,3
BAKR 0.1,Baker Run,15/04/2025,Dolophilodes,1
BAKR 0.1,Baker Run,15/04/2025,Ephemerella,65
BAKR 0.1,Baker Run,15/04/2025,Hexatoma,3
BAKR 0.1,Baker Run,15/04/2025,Lepidostoma,2
BAKR 0.1,Baker Run,15/04/2025,Leucrocuta,3
BAKR 0.1,Baker Run,15/04/2025,Optioservus,2
BAKR 0.1,Baker Run,15/04/2025,Promoresia,3
BAKR 0.1,Baker Run,15/04/2025,Serratella,8
BAKR 0.1,Baker Run,15/04/2025,Turbellaria,1
Baldwin,Baldwin Creek,12/04/2018,Acentrella,4
Baldwin,Baldwin Creek,12/04/2018,Acerpenna,3
Baldwin,Baldwin Creek,12/04/2018,Acroneuria,1
Baldwin,Baldwin Creek,12/04/2018,Argia,1
Baldwin,Baldwin Creek,12/04/2018,Caenis,2
Baldwin,Baldwin Creek,12/04/2018,Cheumatopsyche,12
Baldwin,Baldwin Creek,12/04/2018,Chimarra,15
Baldwin,Baldwin Creek,12/04/2018,Chironomidae,46
Baldwin,Baldwin Creek,12/04/2018,Ephemerella,13
Baldwin,Baldwin Creek,12/04/2018,Eurylophella,2
Baldwin,Baldwin Creek,12/04/2018,Gomphus,2
Baldwin,Baldwin Creek,12/04/2018,Hexatoma,3
Baldwin,Baldwin Creek,12/04/2018,Hydropsyche,8
Baldwin,Baldwin Creek,12/04/2018,Isonychia,5
Baldwin,Baldwin Creek,12/04/2018,Isoperla,17
Baldwin,Baldwin Creek,12/04/2018,Leucrocuta,1
Baldwin,Baldwin Creek,12/04/2018,Leuctra,13
Baldwin,Baldwin Creek,12/04/2018,Maccaffertium,19
Baldwin,Baldwin Creek,12/04/2018,Neoperla,2
Baldwin,Baldwin Creek,12/04/2018,Optioservus,4
Baldwin,Baldwin Creek,12/04/2018,Orconectes,1
Baldwin,Baldwin Creek,12/04/2018,Paraleptophlebia,1
Baldwin,Baldwin Creek,12/04/2018,Perlodidae,1
Baldwin,Baldwin Creek,12/04/2018,Polycentropus,1
Baldwin,Baldwin Creek,12/04/2018,Prosimulium,1
Baldwin,Baldwin Creek,12/04/2018,Psephenus,2
Baldwin,Baldwin Creek,12/04/2018,Simulium,4
Baldwin,Baldwin Creek,12/04/2018,Stenacron,2
Baldwin,Baldwin Creek,12/04/2018,Stenelmis,2
Baldwin,Baldwin Creek,12/04/2018,Stylogomphus,1
Baldwin,Baldwin Creek,12/04/2018,Taeniopteryx,29
Baldwin,Baldwin Creek,12/04/2018,Acerpenna,9
Baldwin,Baldwin Creek,12/04/2018,Ephemerella,18
Baldwin,Baldwin Creek,12/04/2018,Eurylophella,1
Baldwin,Baldwin Creek,12/04/2018,Leucrocuta,3
Baldwin,Baldwin Creek,12/04/2018,Maccaffertium,4
Baldwin,Baldwin Creek,12/04/2018,Isonychia,6
Baldwin,Baldwin Creek,12/04/2018,Paraleptophlebia,1
Baldwin,Baldwin Creek,12/04/2018,Allocapnia,27
Baldwin,Baldwin Creek,12/04/2018,Isoperla,1
Baldwin,Baldwin Creek,12/04/2018,Taeniopterygidae,7
Baldwin,Baldwin Creek,12/04/2018,Taeniopteryx,27
Baldwin,Baldwin Creek,12/04/2018,Ceratopsyche,8
Baldwin,Baldwin Creek,12/04/2018,Cheumatopsyche,23
Baldwin,Baldwin Creek,12/04/2018,Chimarra,17
Baldwin,Baldwin Creek,12/04/2018,Polycentropus,2
Baldwin,Baldwin Creek,12/04/2018,Neophylax,1
Baldwin,Baldwin Creek,12/04/2018,Argia,5
Baldwin,Baldwin Creek,12/04/2018,Ophiogomphus,5
Baldwin,Baldwin Creek,12/04/2018,Optioservus,10
Baldwin,Baldwin Creek,12/04/2018,Psephenus,13
Baldwin,Baldwin Creek,12/04/2018,Chironomidae,27
Baldwin,Baldwin Creek,12/04/2018,Antocha,1
Baldwin,Baldwin Creek,12/04/2018,Physidae,1
Baldwin,Baldwin Creek,12/04/2018,Turbellaria,7
Baldwin,Baldwin Creek,12/04/2018,Hydracarina,9
Baldwin,Baldwin Creek,12/04/2018,Acerpenna,5
Baldwin,Baldwin Creek,12/04/2018,Caenis,1
Baldwin,Baldwin Creek,12/04/2018,Ephemerella,10
Baldwin,Baldwin Creek,12/04/2018,Eurylophella,1
Baldwin,Baldwin Creek,12/04/2018,Ephemera,3
Baldwin,Baldwin Creek,12/04/2018,Epeorus,2
Baldwin,Baldwin Creek,12/04/2018,Leucrocuta,4
Baldwin,Baldwin Creek,12/04/2018,Maccaffertium,12
Baldwin,Baldwin Creek,12/04/2018,Isonychia,23
Baldwin,Baldwin Creek,12/04/2018,Paraleptophlebia,2
Baldwin,Baldwin Creek,12/04/2018,Allocapnia,2
Baldwin,Baldwin Creek,12/04/2018,Taeniopteryx,3
Baldwin,Baldwin Creek,12/04/2018,Ceratopsyche,24
Baldwin,Baldwin Creek,12/04/2018,Cheumatopsyche,53
Baldwin,Baldwin Creek,12/04/2018,Chimarra,8
Baldwin,Baldwin Creek,12/04/2018,Polycentropus,2
Baldwin,Baldwin Creek,12/04/2018,Argia,3
Baldwin,Baldwin Creek,12/04/2018,Gomphidae,1
Baldwin,Baldwin Creek,12/04/2018,Optioservus,13
Baldwin,Baldwin Creek,12/04/2018,Psephenus,12
Baldwin,Baldwin Creek,12/04/2018,Atherix,1
Baldwin,Baldwin Creek,12/04/2018,Ceratopogonidae,2
Baldwin,Baldwin Creek,12/04/2018,Chironomidae,28
Baldwin,Baldwin Creek,12/04/2018,Hemerodromia,3
Baldwin,Baldwin Creek,12/04/2018,Hexatoma,2
Baldwin,Baldwin Creek,12/04/2018,Hydracarina,6
Baldwin,Baldwin Creek,12/04/2018,Acerpenna,17
Baldwin,Baldwin Creek,12/04/2018,Psilotreta,1
Baldwin,Baldwin Creek,12/04/2018,Chimarra,4
Baldwin,Baldwin Creek,12/04/2018,Polycentropus,3
Baldwin,Baldwin Creek,12/04/2018,Argia,2
Baldwin,Baldwin Creek,12/04/2018,Gomphidae,1
Baldwin,Baldwin Creek,12/04/2018,Sialis,1
Baldwin,Baldwin Creek,12/04/2018,Optioservus,11
Baldwin,Baldwin Creek,12/04/2018,Psephenus,6
Baldwin,Baldwin Creek,12/04/2018,Ceratopogonidae,2
Baldwin,Baldwin Creek,12/04/2018,Chironomidae,76
Baldwin,Baldwin Creek,12/04/2018,Hemerodromia,1
Baldwin,Baldwin Creek,12/04/2018,Simulium,1
Baldwin,Baldwin Creek,12/04/2018,Ancylidae,1
Baldwin,Baldwin Creek,12/04/2018,Physidae,1
Baldwin,Baldwin Creek,12/04/2018,Turbellaria,1
Baldwin,Baldwin Creek,12/04/2018,Sphaeriidae,1
Baldwin,Baldwin Creek,12/04/2018,Oligochaeta,15
Baldwin,Baldwin Creek,12/04/2018,Hydracarina,12
Baldwin,Baldwin Creek,12/04/2018,Caenis,2
Baldwin,Baldwin Creek,12/04/2018,Ephemerella,2
Baldwin,Baldwin Creek,12/04/2018,Eurylophella,3
Baldwin,Baldwin Creek,12/04/2018,Epeorus,3
Baldwin,Baldwin Creek,12/04/2018,Leucrocuta,14
Baldwin,Baldwin Creek,12/04/2018,Maccaffertium,6
Baldwin,Baldwin Creek,12/04/2018,Stenacron,2
Baldwin,Baldwin Creek,12/04/2018,Isonychia,10
Baldwin,Baldwin Creek,12/04/2018,Allocapnia,4
Baldwin,Baldwin Creek,12/04/2018,Isoperla,1
Baldwin,Baldwin Creek,12/04/2018,Taeniopterygidae,2
Baldwin,Baldwin Creek,12/04/2018,Taeniopteryx,5
Baldwin,Baldwin Creek,12/04/2018,Ceratopsyche,8
Baldwin,Baldwin Creek,12/04/2018,Cheumatopsyche,10
Baldwin,Baldwin Creek,12/04/2018,Hydroptila,1
Baldwin,Baldwin Creek,12/04/2018,Hydracarina,14
Baldwin,Baldwin Creek,12/04/2018,Acerpenna,1
Baldwin,Baldwin Creek,12/04/2018,Baetis,2
Baldwin,Baldwin Creek,12/04/2018,Ephemerella,4
Baldwin,Baldwin Creek,12/04/2018,Serratella,1
Baldwin,Baldwin Creek,12/04/2018,Epeorus,3
Baldwin,Baldwin Creek,12/04/2018,Leucrocuta,7
Baldwin,Baldwin Creek,12/04/2018,Maccaffertium,10
Baldwin,Baldwin Creek,12/04/2018,Stenacron,1
Baldwin,Baldwin Creek,12/04/2018,Isonychia,27
Baldwin,Baldwin Creek,12/04/2018,Acroneuria,2
Baldwin,Baldwin Creek,12/04/2018,Taeniopteryx,2
Baldwin,Baldwin Creek,12/04/2018,Ceratopsyche,4
Baldwin,Baldwin Creek,12/04/2018,Cheumatopsyche,26
Baldwin,Baldwin Creek,12/04/2018,Hydroptila,1
Baldwin,Baldwin Creek,12/04/2018,Chimarra,12
Baldwin,Baldwin Creek,12/04/2018,Polycentropus,6
Baldwin,Baldwin Creek,12/04/2018,Argia,3
Baldwin,Baldwin Creek,12/04/2018,Ophiogomphus,4
Baldwin,Baldwin Creek,12/04/2018,Sialis,1
Baldwin,Baldwin Creek,12/04/2018,Optioservus,16
Baldwin,Baldwin Creek,12/04/2018,Psephenus,35
Baldwin,Baldwin Creek,12/04/2018,Chironomidae,19
Baldwin,Baldwin Creek,12/04/2018,Hemerodromia,1
Baldwin,Baldwin Creek,12/04/2018,Antocha,1
Baldwin,Baldwin Creek,12/04/2018,Hexatoma,1
Baldwin,Baldwin Creek,12/04/2018,Nemertea,1
Baldwin,Baldwin Creek,12/04/2018,Oligochaeta,1
Baldwin,Baldwin Creek,12/04/2018,Acroneuria,1
Baldwin,Baldwin Creek,12/04/2018,Ancylidae,1
Baldwin,Baldwin Creek,12/04/2018,Ceratopogonidae,1
Baldwin,Baldwin Creek,12/04/2018,Cheumatopsyche,3
Baldwin,Baldwin Creek,12/04/2018,Chironomidae,36
Baldwin,Baldwin Creek,12/04/2018,Dubiraphia,1
Baldwin,Baldwin Creek,12/04/2018,Hydracarina,2
Baldwin,Baldwin Creek,12/04/2018,Leucrocuta,1
Baldwin,Baldwin Creek,12/04/2018,Neophylax,5
Baldwin,Baldwin Creek,12/04/2018,Optioservus,2
Baldwin,Baldwin Creek,12/04/2018,Prosimulium,121
Baldwin,Baldwin Creek,12/04/2018,Prostoia,6
Baldwin,Baldwin Creek,12/04/2018,Taenionema,2
Baldwin,Baldwin Creek,12/04/2018,Turbellaria,1
Baldwin,Baldwin Creek,12/04/2018,Amphinemura,27
Baldwin,Baldwin Creek,12/04/2018,Clinocera,3
Baldwin,Baldwin Creek,12/04/2018,Drunella,4
Baldwin,Baldwin Creek,12/04/2018,Epeorus,1
Baldwin,Baldwin Creek,12/04/2018,Isonychia,1
Baldwin,Baldwin Creek,12/04/2018,Maccaffertium,1
Baldwin,Baldwin Creek,12/04/2018,Nematoda,1
Baldwin,Baldwin Creek,12/04/2018,Psephenus,3
Bald Tioga,Baldwin Run,16/04/2025,Ceratopogonidae,2
Bald Tioga,Baldwin Run,16/04/2025,Drunella,8
Bald Tioga,Baldwin Run,16/04/2025,Agnetina,6
Bald Tioga,Baldwin Run,16/04/2025,Acroneuria,1
Bald Tioga,Baldwin Run,16/04/2025,Amphinemura,3
Bald Tioga,Baldwin Run,16/04/2025,Antocha,2
Bald Tioga,Baldwin Run,16/04/2025,Baetis,4
Bald Tioga,Baldwin Run,16/04/2025,Cinygmula,43
Bald Tioga,Baldwin Run,16/04/2025,Leuctra,10
Bald Tioga,Baldwin Run,16/04/2025,Neophylax,1
Bald Tioga,Baldwin Run,16/04/2025,Optioservus,5
Bald Tioga,Baldwin Run,16/04/2025,Oulimnius,35
Bald Tioga,Baldwin Run,16/04/2025,Sweltsa,1
Bald Tioga,Baldwin Run,16/04/2025,Rhyacophila,1
Bald Tioga,Baldwin Run,16/04/2025,Pteronarcys,1
Bald Tioga,Baldwin Run,16/04/2025,Hexatoma,2
Bald Tioga,Baldwin Run,16/04/2025,Prosimulium,1
Bald Tioga,Baldwin Run,16/04/2025,Haploperla,3
Bald Tioga,Baldwin Run,16/04/2025,Diphetor,1
Bald Tioga,Baldwin Run,16/04/2025,Diplectrona,2
Bald Tioga,Baldwin Run,16/04/2025,Chironomidae,14
Bald Tioga,Baldwin Run,16/04/2025,Ephemerella,20
Bald Tioga,Baldwin Run,16/04/2025,Isoperla,1
Bald Tioga,Baldwin Run,16/04/2025,Leucrocuta,1
Bald Tioga,Baldwin Run,16/04/2025,Epeorus,37
Bald Tioga,Baldwin Run,16/04/2025,Psephenus,2
Bald Tioga,Baldwin Run,16/04/2025,Leptophlebiidae,15
Bald Tioga,Baldwin Run,16/04/2025,Antocha,2
Bald Tioga,Baldwin Run,16/04/2025,Acroneuria,2
Bald Tioga,Baldwin Run,16/04/2025,Ephemerella,19
Bald Tioga,Baldwin Run,16/04/2025,Pteronarcys,1
Bald Tioga,Baldwin Run,16/04/2025,Prosimulium,5
Bald Tioga,Baldwin Run,16/04/2025,Oulimnius,16
Bald Tioga,Baldwin Run,16/04/2025,Optioservus,3
Bald Tioga,Baldwin Run,16/04/2025,Oligochaeta,1
Bald Tioga,Baldwin Run,16/04/2025,Oemopteryx,1
Bald Tioga,Baldwin Run,16/04/2025,Neoplasta,1
Bald Tioga,Baldwin Run,16/04/2025,Neophylax,3
Bald Tioga,Baldwin Run,16/04/2025,Leuctra,9
Bald Tioga,Baldwin Run,16/04/2025,Agnetina,2
Bald Tioga,Baldwin Run,16/04/2025,Isoperla,2
Bald Tioga,Baldwin Run,16/04/2025,Amphinemura,2
Bald Tioga,Baldwin Run,16/04/2025,Drunella,11
Bald Tioga,Baldwin Run,16/04/2025,Diplectrona,4
Bald Tioga,Baldwin Run,16/04/2025,Diphetor,2
Bald Tioga,Baldwin Run,16/04/2025,Cinygmula,36
Bald Tioga,Baldwin Run,16/04/2025,Chloroperlidae,3
Bald Tioga,Baldwin Run,16/04/2025,Chironomidae,17
Bald Tioga,Baldwin Run,16/04/2025,Cheumatopsyche,5
Bald Tioga,Baldwin Run,16/04/2025,Ceratopogonidae,1
Bald Tioga,Baldwin Run,16/04/2025,Baetis,6
Bald Tioga,Baldwin Run,16/04/2025,Epeorus,36
Bald Tioga,Baldwin Run,16/04/2025,Leptophlebiidae,31
Bald Tioga,Baldwin Run,16/04/2025,Hydropsyche,2
Bald Tioga,Baldwin Run,16/04/2025,Acroneuria,2
Bald Tioga,Baldwin Run,16/04/2025,Agnetina,3
Bald Tioga,Baldwin Run,16/04/2025,Baetis,9
Bald Tioga,Baldwin Run,16/04/2025,Cambaridae,1
Bald Tioga,Baldwin Run,16/04/2025,Cheumatopsyche,3
Bald Tioga,Baldwin Run,16/04/2025,Chironomidae,5
Bald Tioga,Baldwin Run,16/04/2025,Chloroperlidae,5
Bald Tioga,Baldwin Run,16/04/2025,Cinygmula,14
Bald Tioga,Baldwin Run,16/04/2025,Dicranota,1
Bald Tioga,Baldwin Run,16/04/2025,Diphetor,4
Bald Tioga,Baldwin Run,16/04/2025,Diplectrona,7
Bald Tioga,Baldwin Run,16/04/2025,Drunella,14
Bald Tioga,Baldwin Run,16/04/2025,Epeorus,68
Bald Tioga,Baldwin Run,16/04/2025,Ephemera,1
Bald Tioga,Baldwin Run,16/04/2025,Ephemerella,9
Bald Tioga,Baldwin Run,16/04/2025,Hemerodromia,1
Bald Tioga,Baldwin Run,16/04/2025,Hexatoma,2
Bald Tioga,Baldwin Run,16/04/2025,Hydropsyche,1
Bald Tioga,Baldwin Run,16/04/2025,Leptophlebiidae,8
Bald Tioga,Baldwin Run,16/04/2025,Leucrocuta,1
Bald Tioga,Baldwin Run,16/04/2025,Leuctra,2
Bald Tioga,Baldwin Run,16/04/2025,Neophylax,6
Bald Tioga,Baldwin Run,16/04/2025,Optioservus,2
Bald Tioga,Baldwin Run,16/04/2025,Oulimnius,41
Bald Tioga,Baldwin Run,16/04/2025,Psephenus,2
Bald Tioga,Baldwin Run,16/04/2025,Rhyacophila,2
Bald Tioga,Baldwin Run,16/04/2025,Yugus,1
Bald Tioga,Baldwin Run,16/04/2025,Acroneuria,2
Bald Tioga,Baldwin Run,16/04/2025,Allocapnia,1
Bald Tioga,Baldwin Run,16/04/2025,Baetis,8
Bald Tioga,Baldwin Run,16/04/2025,Ceratopogonidae,1
Bald Tioga,Baldwin Run,16/04/2025,Cheumatopsyche,4
Bald Tioga,Baldwin Run,16/04/2025,Chironomidae,15
Bald Tioga,Baldwin Run,16/04/2025,Cinygmula,14
Bald Tioga,Baldwin Run,16/04/2025,Ephemerella,18
Bald Tioga,Baldwin Run,16/04/2025,Neophylax,6
Bald Tioga,Baldwin Run,16/04/2025,Optioservus,2
Bald Tioga,Baldwin Run,16/04/2025,Prosimulium,3
Bald Tioga,Baldwin Run,16/04/2025,Pteronarcys,4
Bald Tioga,Baldwin Run,16/04/2025,Agnetina,2
Bald Tioga,Baldwin Run,16/04/2025,Amphinemura,2
Bald Tioga,Baldwin Run,16/04/2025,Ceratopsyche,1
Bald Tioga,Baldwin Run,16/04/2025,Diphetor,5
Bald Tioga,Baldwin Run,16/04/2025,Diplectrona,19
Bald Tioga,Baldwin Run,16/04/2025,Drunella,4
Bald Tioga,Baldwin Run,16/04/2025,Epeorus,47
Bald Tioga,Baldwin Run,16/04/2025,Isoperla,1
Bald Tioga,Baldwin Run,16/04/2025,Leuctra,6
Bald Tioga,Baldwin Run,16/04/2025,Oligochaeta,1
Bald Tioga,Baldwin Run,16/04/2025,Oulimnius,22
Bald Tioga,Baldwin Run,16/04/2025,Paraleptophlebia,19
Bald Tioga,Baldwin Run,16/04/2025,Psephenus,1
Bald Tioga,Baldwin Run,16/04/2025,Rhyacophila,5
Bald Tioga,Baldwin Run,16/04/2025,Sweltsa,1
Bald Tioga,Baldwin Run,16/04/2025,Leuctra,9
Bald Tioga,Baldwin Run,16/04/2025,Neophylax,1
Bald Tioga,Baldwin Run,16/04/2025,Amphinemura,5
Bald Tioga,Baldwin Run,16/04/2025,Paraleptophlebia,15
Bald Tioga,Baldwin Run,16/04/2025,Prosimulium,3
Bald Tioga,Baldwin Run,16/04/2025,Pteronarcys,4
Bald Tioga,Baldwin Run,16/04/2025,Chloroperlidae,2
Bald Tioga,Baldwin Run,16/04/2025,Sphaeriidae,1
Bald Tioga,Baldwin Run,16/04/2025,Cheumatopsyche,1
Bald Tioga,Baldwin Run,16/04/2025,Baetis,13
Bald Tioga,Baldwin Run,16/04/2025,Sweltsa,2
Bald Tioga,Baldwin Run,16/04/2025,Rhyacophila,3
Bald Tioga,Baldwin Run,16/04/2025,Leptophlebiidae,2
Bald Tioga,Baldwin Run,16/04/2025,Diphetor,1
Bald Tioga,Baldwin Run,16/04/2025,Hexatoma,4
Bald Tioga,Baldwin Run,16/04/2025,Ephemera,1
Bald Tioga,Baldwin Run,16/04/2025,Epeorus,93
Bald Tioga,Baldwin Run,16/04/2025,Drunella,1
Bald Tioga,Baldwin Run,16/04/2025,Diplectrona,1
Bald Tioga,Baldwin Run,16/04/2025,Hydropsyche,1
Bald Tioga,Baldwin Run,16/04/2025,Oulimnius,8
Bald Tioga,Baldwin Run,16/04/2025,Cinygmula,19
Bald Tioga,Baldwin Run,16/04/2025,Chironomidae,8
Bald Tioga,Baldwin Run,16/04/2025,Prostoia,1
Bald Tioga,Baldwin Run,16/04/2025,Ephemerella,4
Bald Tioga,Baldwin Run,16/04/2025,Polycentropus,1
BLOC,Blockhouse Creek,25/04/2023,Psephenus,7
BLOC,Blockhouse Creek,25/04/2023,Optioservus,3
BLOC,Blockhouse Creek,25/04/2023,Neoplasta,1
BLOC,Blockhouse Creek,25/04/2023,Maccaffertium,8
BLOC,Blockhouse Creek,25/04/2023,Stenelmis,3
BLOC,Blockhouse Creek,25/04/2023,Leptophlebiidae,2
BLOC,Blockhouse Creek,25/04/2023,Neophylax,41
BLOC,Blockhouse Creek,25/04/2023,Psilotreta,1
BLOC,Blockhouse Creek,25/04/2023,Trichoclinocera,1
BLOC,Blockhouse Creek,25/04/2023,Hydracarina,1
BLOC,Blockhouse Creek,25/04/2023,Sweltsa,1
BLOC,Blockhouse Creek,25/04/2023,Hydropsyche,1
BLOC,Blockhouse Creek,25/04/2023,Cheumatopsyche,6
BLOC,Blockhouse Creek,25/04/2023,Hexatoma,1
BLOC,Blockhouse Creek,25/04/2023,Hemerodromia,1
BLOC,Blockhouse Creek,25/04/2023,Ephemerella,24
BLOC,Blockhouse Creek,25/04/2023,Epeorus,1
BLOC,Blockhouse Creek,25/04/2023,Drunella,53
BLOC,Blockhouse Creek,25/04/2023,Dolophilodes,2
BLOC,Blockhouse Creek,25/04/2023,Acentrella,2
BLOC,Blockhouse Creek,25/04/2023,Acroneuria,1
BLOC,Blockhouse Creek,25/04/2023,Antocha,1
BLOC,Blockhouse Creek,25/04/2023,Ceratopogonidae,3
BLOC,Blockhouse Creek,25/04/2023,Chironomidae,35
BLOC,Blockhouse Creek,25/04/2023,Isonychia,10
BLOC,Blockhouse Creek,25/04/2023,Cinygmula,2
BLOC,Blockhouse Creek,25/04/2023,Teloganopsis,5
BLOC,Blockhouse Creek,25/04/2023,Ceraclea,1
BLOC,Blockhouse Creek,25/04/2023,Acentrella,3
BLOC,Blockhouse Creek,25/04/2023,Acroneuria,1
BLOC,Blockhouse Creek,25/04/2023,Agnetina,1
BLOC,Blockhouse Creek,25/04/2023,Atherix,3
BLOC,Blockhouse Creek,25/04/2023,Cheumatopsyche,6
BLOC,Blockhouse Creek,25/04/2023,Chimarra,3
BLOC,Blockhouse Creek,25/04/2023,Chironomidae,6
BLOC,Blockhouse Creek,25/04/2023,Copelatus,1
BLOC,Blockhouse Creek,25/04/2023,Dolophilodes,2
BLOC,Blockhouse Creek,25/04/2023,Epeorus,3
BLOC,Blockhouse Creek,25/04/2023,Ephemerella,27
BLOC,Blockhouse Creek,25/04/2023,Eurylophella,1
BLOC,Blockhouse Creek,25/04/2023,Goera,1
BLOC,Blockhouse Creek,25/04/2023,Heptageniidae,1
BLOC,Blockhouse Creek,25/04/2023,Hydropsyche,13
BLOC,Blockhouse Creek,25/04/2023,Isoperla,1
BLOC,Blockhouse Creek,25/04/2023,Lanthus,2
BLOC,Blockhouse Creek,25/04/2023,Lepidostoma,2
BLOC,Blockhouse Creek,25/04/2023,Leptophlebiidae,14
BLOC,Blockhouse Creek,25/04/2023,Leuctra,10
BLOC,Blockhouse Creek,25/04/2023,Oligochaeta,1
BLOC,Blockhouse Creek,25/04/2023,Maccaffertium,13
BLOC,Blockhouse Creek,25/04/2023,Nigronia,1
BLOC,Blockhouse Creek,25/04/2023,Optioservus,6
BLOC,Blockhouse Creek,25/04/2023,Paracapnia,1
BLOC,Blockhouse Creek,25/04/2023,Paraleptophlebia,8
BLOC,Blockhouse Creek,25/04/2023,Rhyacophila,1
BLOC,Blockhouse Creek,25/04/2023,Stenacron,3
BLOC,Blockhouse Creek,25/04/2023,Sweltsa,1
BLOC,Blockhouse Creek,25/04/2023,Taeniopteryx,45
BLOC,Blockhouse Creek,25/04/2023,Acentrella,2
BLOC,Blockhouse Creek,25/04/2023,Plauditus,1
BLOC,Blockhouse Creek,25/04/2023,Ephemerella,11
BLOC,Blockhouse Creek,25/04/2023,Eurylophella,2
BLOC,Blockhouse Creek,25/04/2023,Serratella,2
BLOC,Blockhouse Creek,25/04/2023,Epeorus,2
BLOC,Blockhouse Creek,25/04/2023,Leucrocuta,9
BLOC,Blockhouse Creek,25/04/2023,Maccaffertium,14
BLOC,Blockhouse Creek,25/04/2023,Stenacron,2
BLOC,Blockhouse Creek,25/04/2023,Isonychia,14
BLOC,Blockhouse Creek,25/04/2023,Paraleptophlebia,24
BLOC,Blockhouse Creek,25/04/2023,Acroneuria,2
BLOC,Blockhouse Creek,25/04/2023,Isogenoides,1
BLOC,Blockhouse Creek,25/04/2023,Pteronarcys,1
BLOC,Blockhouse Creek,25/04/2023,Taeniopteryx,30
BLOC,Blockhouse Creek,25/04/2023,Apatania,1
BLOC,Blockhouse Creek,25/04/2023,Glossosoma,1
BLOC,Blockhouse Creek,25/04/2023,Ceratopsyche,12
BLOC,Blockhouse Creek,25/04/2023,Cheumatopsyche,14
BLOC,Blockhouse Creek,25/04/2023,Lepidostoma,3
BLOC,Blockhouse Creek,25/04/2023,Limnephilidae,1
BLOC,Blockhouse Creek,25/04/2023,Chimarra,1
BLOC,Blockhouse Creek,25/04/2023,Dolophilodes,1
BLOC,Blockhouse Creek,25/04/2023,Rhyacophila,1
BLOC,Blockhouse Creek,25/04/2023,Nigronia,1
BLOC,Blockhouse Creek,25/04/2023,Helichus,1
BLOC,Blockhouse Creek,25/04/2023,Optioservus,5
BLOC,Blockhouse Creek,25/04/2023,Psephenus,11
BLOC,Blockhouse Creek,25/04/2023,Chironomidae,25
BLOC,Blockhouse Creek,25/04/2023,Hemerodromia,1
BLOC,Blockhouse Creek,25/04/2023,Simulium,1
BLOC,Blockhouse Creek,25/04/2023,Antocha,1
BLOC,Blockhouse Creek,25/04/2023,Hexatoma,2
BLOC,Blockhouse Creek,25/04/2023,Nematoda,1
BLOC,Blockhouse Creek,25/04/2023,Turbellaria,1
BLOC,Blockhouse Creek,25/04/2023,Oligochaeta,2
BLOC,Blockhouse Creek,25/04/2023,Hydracarina,1
BLOC,Blockhouse Creek,25/04/2023,Ephemerella,16
BLOC,Blockhouse Creek,25/04/2023,Eurylophella,2
BLOC,Blockhouse Creek,25/04/2023,Serratella,18
BLOC,Blockhouse Creek,25/04/2023,Epeorus,8
BLOC,Blockhouse Creek,25/04/2023,Leucrocuta,15
BLOC,Blockhouse Creek,25/04/2023,Maccaffertium,27
BLOC,Blockhouse Creek,25/04/2023,Isonychia,8
BLOC,Blockhouse Creek,25/04/2023,Paraleptophlebia,24
BLOC,Blockhouse Creek,25/04/2023,Acroneuria,1
BLOC,Blockhouse Creek,25/04/2023,Paragnetina,1
BLOC,Blockhouse Creek,25/04/2023,Isoperla,2
BLOC,Blockhouse Creek,25/04/2023,Taeniopteryx,17
BLOC,Blockhouse Creek,25/04/2023,Apatania,2
BLOC,Blockhouse Creek,25/04/2023,Ceratopsyche,18
BLOC,Blockhouse Creek,25/04/2023,Cheumatopsyche,28
BLOC,Blockhouse Creek,25/04/2023,Lepidostoma,1
BLOC,Blockhouse Creek,25/04/2023,Chimarra,5
BLOC,Blockhouse Creek,25/04/2023,Dolophilodes,2
BLOC,Blockhouse Creek,25/04/2023,Polycentropus,1
BLOC,Blockhouse Creek,25/04/2023,Rhyacophila,3
BLOC,Blockhouse Creek,25/04/2023,Neophylax,1
BLOC,Blockhouse Creek,25/04/2023,Gomphidae,1
BLOC,Blockhouse Creek,25/04/2023,Nigronia,1
BLOC,Blockhouse Creek,25/04/2023,Optioservus,7
BLOC,Blockhouse Creek,25/04/2023,Promoresia,1
BLOC,Blockhouse Creek,25/04/2023,Psephenus,2
BLOC,Blockhouse Creek,25/04/2023,Atherix,2
BLOC,Blockhouse Creek,25/04/2023,Chironomidae,10
BLOC,Blockhouse Creek,25/04/2023,Hemerodromia,1
BLOC,Blockhouse Creek,25/04/2023,Antocha,3
BLOC,Blockhouse Creek,25/04/2023,Dicranota,1
BLOC,Blockhouse Creek,25/04/2023,Nemertea,1
BLOC,Blockhouse Creek,25/04/2023,Nematoda,1
BLOC,Blockhouse Creek,25/04/2023,Turbellaria,7
BLOC,Blockhouse Creek,25/04/2023,Oligochaeta,3
BLOC,Blockhouse Creek,25/04/2023,Hydracarina,2
BLOC,Blockhouse Creek,25/04/2023,Ephemerella,9
BLOC,Blockhouse Creek,25/04/2023,Eurylophella,5
BLOC,Blockhouse Creek,25/04/2023,Serratella,1
BLOC,Blockhouse Creek,25/04/2023,Epeorus,10
BLOC,Blockhouse Creek,25/04/2023,Leucrocuta,34
BLOC,Blockhouse Creek,25/04/2023,Maccaffertium,37
BLOC,Blockhouse Creek,25/04/2023,Stenacron,5
BLOC,Blockhouse Creek,25/04/2023,Isonychia,34
BLOC,Blockhouse Creek,25/04/2023,Paraleptophlebia,18
BLOC,Blockhouse Creek,25/04/2023,Acroneuria,2
BLOC,Blockhouse Creek,25/04/2023,Taeniopteryx,10
BLOC,Blockhouse Creek,25/04/2023,Ceratopsyche,18
BLOC,Blockhouse Creek,25/04/2023,Cheumatopsyche,20
BLOC,Blockhouse Creek,25/04/2023,Acentrella,1
BLOC,Blockhouse Creek,25/04/2023,Lepidostoma,5
BLOC,Blockhouse Creek,25/04/2023,Polycentropus,2
BLOC,Blockhouse Creek,25/04/2023,Neophylax,4
BLOC,Blockhouse Creek,25/04/2023,Gomphidae,1
BLOC,Blockhouse Creek,25/04/2023,Psephenus,7
BLOC,Blockhouse Creek,25/04/2023,Atherix,1
BLOC,Blockhouse Creek,25/04/2023,Chironomidae,10
BLOC,Blockhouse Creek,25/04/2023,Antocha,1
BLOC,Blockhouse Creek,25/04/2023,Oligochaeta,1
BLOC,Blockhouse Creek,25/04/2023,Hydracarina,1
BLOC,Blockhouse Creek,25/04/2023,Acentrella,4
BLOC,Blockhouse Creek,25/04/2023,Baetis,2
BLOC,Blockhouse Creek,25/04/2023,Ephemerella,20
BLOC,Blockhouse Creek,25/04/2023,Eurylophella,1
BLOC,Blockhouse Creek,25/04/2023,Serratella,5
BLOC,Blockhouse Creek,25/04/2023,Epeorus,10
BLOC,Blockhouse Creek,25/04/2023,Leucrocuta,16
BLOC,Blockhouse Creek,25/04/2023,Maccaffertium,28
BLOC,Blockhouse Creek,25/04/2023,Isonychia,16
BLOC,Blockhouse Creek,25/04/2023,Paraleptophlebia,15
BLOC,Blockhouse Creek,25/04/2023,Sweltsa,1
BLOC,Blockhouse Creek,25/04/2023,Acroneuria,3
BLOC,Blockhouse Creek,25/04/2023,Taeniopteryx,1
BLOC,Blockhouse Creek,25/04/2023,Ceratopsyche,45
BLOC,Blockhouse Creek,25/04/2023,Cheumatopsyche,15
BLOC,Blockhouse Creek,25/04/2023,Psilotreta,1
BLOC,Blockhouse Creek,25/04/2023,Chimarra,2
BLOC,Blockhouse Creek,25/04/2023,Dolophilodes,3
BLOC,Blockhouse Creek,25/04/2023,Polycentropus,2
BLOC,Blockhouse Creek,25/04/2023,Rhyacophila,1
BLOC,Blockhouse Creek,25/04/2023,Optioservus,6
BLOC,Blockhouse Creek,25/04/2023,Psephenus,5
BLOC,Blockhouse Creek,25/04/2023,Atherix,1
BLOC,Blockhouse Creek,25/04/2023,Bezzia,1
BLOC,Blockhouse Creek,25/04/2023,Chironomidae,10
BLOC,Blockhouse Creek,25/04/2023,Antocha,11
BLOC,Blockhouse Creek,25/04/2023,Oligochaeta,1
BLOC,Blockhouse Creek,25/04/2023,Acroneuria,4
BLOC,Blockhouse Creek,25/04/2023,Baetis,3
BLOC,Blockhouse Creek,25/04/2023,Chelifera,1
BLOC,Blockhouse Creek,25/04/2023,Cheumatopsyche,13
BLOC,Blockhouse Creek,25/04/2023,Chironomidae,32
BLOC,Blockhouse Creek,25/04/2023,Cinygmula,7
BLOC,Blockhouse Creek,25/04/2023,Ephemerella,11
BLOC,Blockhouse Creek,25/04/2023,Hydracarina,2
BLOC,Blockhouse Creek,25/04/2023,Lepidostoma,2
BLOC,Blockhouse Creek,25/04/2023,Leucrocuta,3
BLOC,Blockhouse Creek,25/04/2023,Nemouridae,2
BLOC,Blockhouse Creek,25/04/2023,Neophylax,17
BLOC,Blockhouse Creek,25/04/2023,Optioservus,3
BLOC,Blockhouse Creek,25/04/2023,Serratella,3
BLOC,Blockhouse Creek,25/04/2023,Taenionema,31
BLOC,Blockhouse Creek,25/04/2023,Turbellaria,1
BLOC,Blockhouse Creek,25/04/2023,Antocha,1
BLOC,Blockhouse Creek,25/04/2023,Ceratopsyche,9
BLOC,Blockhouse Creek,25/04/2023,Chimarra,1
BLOC,Blockhouse Creek,25/04/2023,Clinocera,2
BLOC,Blockhouse Creek,25/04/2023,Diphetor,1
BLOC,Blockhouse Creek,25/04/2023,Drunella,7
BLOC,Blockhouse Creek,25/04/2023,Epeorus,13
BLOC,Blockhouse Creek,25/04/2023,Eurylophella,2
BLOC,Blockhouse Creek,25/04/2023,Isonychia,14
BLOC,Blockhouse Creek,25/04/2023,Isoperla,2
BLOC,Blockhouse Creek,25/04/2023,Leptophlebiidae,1
BLOC,Blockhouse Creek,25/04/2023,Maccaffertium,11
BLOC,Blockhouse Creek,25/04/2023,Paraleptophlebia,19
BLOC,Blockhouse Creek,25/04/2023,Rhyacophila,1
BLOC,Blockhouse Creek,25/04/2023,Simulium,9
BLOC,Blockhouse Creek,25/04/2023,Stenelmis,1
BLOC,Blockhouse Creek,25/04/2023,Sweltsa,1
BOBS,Bobs Creek,23/04/2025,Diplectrona,4
BOBS,Bobs Creek,23/04/2025,Drunella,13
BOBS,Bobs Creek,23/04/2025,Diphetor,3
BOBS,Bobs Creek,23/04/2025,Cinygmula,19
BOBS,Bobs Creek,23/04/2025,Chironomidae,13
BOBS,Bobs Creek,23/04/2025,Teloganopsis,3
BOBS,Bobs Creek,23/04/2025,Dolophilodes,1
BOBS,Bobs Creek,23/04/2025,Ceratopogonidae,2
BOBS,Bobs Creek,23/04/2025,Leuctra,3
BOBS,Bobs Creek,23/04/2025,Isoperla,5
BOBS,Bobs Creek,23/04/2025,Leptophlebiidae,10
BOBS,Bobs Creek,23/04/2025,Baetis,16
BOBS,Bobs Creek,23/04/2025,Oulimnius,3
BOBS,Bobs Creek,23/04/2025,Rhyacophila,2
BOBS,Bobs Creek,23/04/2025,Antocha,1
BOBS,Bobs Creek,23/04/2025,Pisidium,1
BOBS,Bobs Creek,23/04/2025,Maccaffertium,1
BOBS,Bobs Creek,23/04/2025,Optioservus,3
BOBS,Bobs Creek,23/04/2025,Oligochaeta,2
BOBS,Bobs Creek,23/04/2025,Neophylax,6
BOBS,Bobs Creek,23/04/2025,Turbellaria,1
BOBS,Bobs Creek,23/04/2025,Ephemerella,57
BOBS,Bobs Creek,23/04/2025,Prosimulium,1
BOBS,Bobs Creek,23/04/2025,Leucrocuta,1
BOBS,Bobs Creek,23/04/2025,Epeorus,20
BOBS,Bobs Creek,23/04/2025,Haploperla,8
BOBS,Bobs Creek,23/04/2025,Hydracarina,1
BOBS,Bobs Creek,23/04/2025,Hydropsyche,1
BOBS,Bobs Creek,23/04/2025,Isonychia,6
BOBS,Bobs Creek,23/04/2025,Ectopria,2
BOBS,Bobs Creek,23/04/2025,Leucrocuta,6
BOBS,Bobs Creek,23/04/2025,Dicranota,1
BOBS,Bobs Creek,23/04/2025,Diplectrona,1
BOBS,Bobs Creek,23/04/2025,Dolophilodes,1
BOBS,Bobs Creek,23/04/2025,Drunella,3
BOBS,Bobs Creek,23/04/2025,Epeorus,1
BOBS,Bobs Creek,23/04/2025,Eurylophella,3
BOBS,Bobs Creek,23/04/2025,Tipula,1
BOBS,Bobs Creek,23/04/2025,Hexatoma,1
BOBS,Bobs Creek,23/04/2025,Hydropsyche,2
BOBS,Bobs Creek,23/04/2025,Cinygmula,3
BOBS,Bobs Creek,23/04/2025,Leptophlebiidae,9
BOBS,Bobs Creek,23/04/2025,Ephemerella,15
BOBS,Bobs Creek,23/04/2025,Leuctra,3
BOBS,Bobs Creek,23/04/2025,Neophylax,5
BOBS,Bobs Creek,23/04/2025,Oligochaeta,2
BOBS,Bobs Creek,23/04/2025,Optioservus,4
BOBS,Bobs Creek,23/04/2025,Oulimnius,7
BOBS,Bobs Creek,23/04/2025,Psephenus,8
BOBS,Bobs Creek,23/04/2025,Pseudolimnophila,3
BOBS,Bobs Creek,23/04/2025,Teloganopsis,1
BOBS,Bobs Creek,23/04/2025,Hydracarina,1
BOBS,Bobs Creek,23/04/2025,Isonychia,2
BOBS,Bobs Creek,23/04/2025,Ceratopogonidae,1
BOBS,Bobs Creek,23/04/2025,Amphinemura,2
BOBS,Bobs Creek,23/04/2025,Acroneuria,1
BOBS,Bobs Creek,23/04/2025,Acentrella,37
BOBS,Bobs Creek,23/04/2025,Ferrissia,1
BOBS,Bobs Creek,23/04/2025,Chironomidae,89
BOBS,Bobs Creek,23/04/2025,Acentrella,6
BOBS,Bobs Creek,23/04/2025,Acroneuria,1
BOBS,Bobs Creek,23/04/2025,Amphinemura,2
BOBS,Bobs Creek,23/04/2025,Antocha,3
BOBS,Bobs Creek,23/04/2025,Baetis,4
BOBS,Bobs Creek,23/04/2025,Cambaridae,1
BOBS,Bobs Creek,23/04/2025,Chelifera,1
BOBS,Bobs Creek,23/04/2025,Cheumatopsyche,4
BOBS,Bobs Creek,23/04/2025,Chironomidae,39
BOBS,Bobs Creek,23/04/2025,Cinygmula,39
BOBS,Bobs Creek,23/04/2025,Diphetor,2
BOBS,Bobs Creek,23/04/2025,Diplectrona,3
BOBS,Bobs Creek,23/04/2025,Drunella,2
BOBS,Bobs Creek,23/04/2025,Epeorus,11
BOBS,Bobs Creek,23/04/2025,Ephemerella,12
BOBS,Bobs Creek,23/04/2025,Haploperla,8
BOBS,Bobs Creek,23/04/2025,Hydropsyche,4
BOBS,Bobs Creek,23/04/2025,Isonychia,5
BOBS,Bobs Creek,23/04/2025,Isoperla,2
BOBS,Bobs Creek,23/04/2025,Lepidostoma,1
BOBS,Bobs Creek,23/04/2025,Leucrocuta,7
BOBS,Bobs Creek,23/04/2025,Leuctra,12
BOBS,Bobs Creek,23/04/2025,Paraleptophlebia,22
BOBS,Bobs Creek,23/04/2025,Neophylax,5
BOBS,Bobs Creek,23/04/2025,Nigronia,3
BOBS,Bobs Creek,23/04/2025,Oligochaeta,1
BOBS,Bobs Creek,23/04/2025,Optioservus,1
BOBS,Bobs Creek,23/04/2025,Oulimnius,10
BOBS,Bobs Creek,23/04/2025,Polycentropus,1
BOBS,Bobs Creek,23/04/2025,Psephenus,1
BOBS,Bobs Creek,23/04/2025,Rhyacophila,1
BOBS,Bobs Creek,23/04/2025,Sphaeriidae,2
BOBS,Bobs Creek,23/04/2025,Teloganopsis,1
BOBS,Bobs Creek,23/04/2025,Hydracarina,1
BOBS,Bobs Creek,23/04/2025,Epeorus,8
BOBS,Bobs Creek,23/04/2025,Polycentropus,1
BOBS,Bobs Creek,23/04/2025,Hydropsyche,3
BOBS,Bobs Creek,23/04/2025,Diphetor,2
BOBS,Bobs Creek,23/04/2025,Serratella,10
BOBS,Bobs Creek,23/04/2025,Baetis,5
BOBS,Bobs Creek,23/04/2025,Ephemerella,15
BOBS,Bobs Creek,23/04/2025,Maccaffertium,3
BOBS,Bobs Creek,23/04/2025,Paraleptophlebia,10
BOBS,Bobs Creek,23/04/2025,Haploperla,2
BOBS,Bobs Creek,23/04/2025,Cheumatopsyche,2
BOBS,Bobs Creek,23/04/2025,Cinygmula,1
BOBS,Bobs Creek,23/04/2025,Acentrella,10
BOBS,Bobs Creek,23/04/2025,Psephenus,1
BOBS,Bobs Creek,23/04/2025,Drunella,5
BOBS,Bobs Creek,23/04/2025,Leuctra,13
BOBS,Bobs Creek,23/04/2025,Simulium,1
BOBS,Bobs Creek,23/04/2025,Oligochaeta,1
BOBS,Bobs Creek,23/04/2025,Nigronia,3
BOBS,Bobs Creek,23/04/2025,Antocha,1
BOBS,Bobs Creek,23/04/2025,Leucrocuta,10
BOBS,Bobs Creek,23/04/2025,Chironomidae,80
BOBS,Bobs Creek,23/04/2025,Ceratopogonidae,1
BOBS,Bobs Creek,23/04/2025,Atherix,1
BOBS,Bobs Creek,23/04/2025,Oulimnius,5
BOBS,Bobs Creek,23/04/2025,Diplectrona,2
BOBS,Bobs Creek,23/04/2025,Neophylax,6
BOBS,Bobs Creek,23/04/2025,Rhyacophila,2
BOBS,Bobs Creek,23/04/2025,Cambaridae,1
BOBS,Bobs Creek,23/04/2025,Blepharicera,3
BOBS,Bobs Creek,23/04/2025,Sphaeriidae,1
BOBS,Bobs Creek,23/04/2025,Rhyacophila,7
BOBS,Bobs Creek,23/04/2025,Pteronarcys,2
BOBS,Bobs Creek,23/04/2025,Isoperla,4
BOBS,Bobs Creek,23/04/2025,Amphinemura,4
BOBS,Bobs Creek,23/04/2025,Paraleptophlebia,18
BOBS,Bobs Creek,23/04/2025,Simulium,38
BOBS,Bobs Creek,23/04/2025,Leucrocuta,1
BOBS,Bobs Creek,23/04/2025,Oulimnius,3
BOBS,Bobs Creek,23/04/2025,Chironomidae,17
BOBS,Bobs Creek,23/04/2025,Leuctra,4
BOBS,Bobs Creek,23/04/2025,Ephemerellidae,2
BOBS,Bobs Creek,23/04/2025,Baetis,39
BOBS,Bobs Creek,23/04/2025,Epeorus,41
BOBS,Bobs Creek,23/04/2025,Haploperla,2
BOBS,Bobs Creek,23/04/2025,Ephemerella,22
BOBS,Bobs Creek,23/04/2025,Cinygmula,8
BOBS,Bobs Creek,23/04/2025,Drunella,6
BOBS,Bobs Creek,23/04/2025,Paragnetina,1
BOBS,Bobs Creek,23/04/2025,Acentrella,8
BOBS,Bobs Creek,23/04/2025,Acroneuria,4
BOBS,Bobs Creek,23/04/2025,Atherix,1
BOBS,Bobs Creek,23/04/2025,Baetis,1
BOBS,Bobs Creek,23/04/2025,Cambarus,1
BOBS,Bobs Creek,23/04/2025,Cheumatopsyche,18
BOBS,Bobs Creek,23/04/2025,Chironomidae,4
BOBS,Bobs Creek,23/04/2025,Dolophilodes,28
BOBS,Bobs Creek,23/04/2025,Ectopria,5
BOBS,Bobs Creek,23/04/2025,Ephemerella,10
BOBS,Bobs Creek,23/04/2025,Ephemerellidae,1
BOBS,Bobs Creek,23/04/2025,Eurylophella,1
BOBS,Bobs Creek,23/04/2025,Hexatoma,4
BOBS,Bobs Creek,23/04/2025,Hydropsyche,4
BOBS,Bobs Creek,23/04/2025,Isonychia,2
BOBS,Bobs Creek,23/04/2025,Isoperla,4
BOBS,Bobs Creek,23/04/2025,Lepidostoma,14
BOBS,Bobs Creek,23/04/2025,Leptophlebiidae,24
BOBS,Bobs Creek,23/04/2025,Leucrocuta,2
BOBS,Bobs Creek,23/04/2025,Leuctra,5
BOBS,Bobs Creek,23/04/2025,Maccaffertium,5
BOBS,Bobs Creek,23/04/2025,Nigronia,3
BOBS,Bobs Creek,23/04/2025,Oulimnius,3
BOBS,Bobs Creek,23/04/2025,Paracapnia,1
BOBS,Bobs Creek,23/04/2025,Paraleptophlebia,9
BOBS,Bobs Creek,23/04/2025,Pedicia,1
BOBS,Bobs Creek,23/04/2025,Polycentropus,1
BOBS,Bobs Creek,23/04/2025,Prosimulium,1
BOBS,Bobs Creek,23/04/2025,Rhyacophila,2
BOBS,Bobs Creek,23/04/2025,Serratella,3
BOBS,Bobs Creek,23/04/2025,Simulium,2
BOBS,Bobs Creek,23/04/2025,Sweltsa,3
BOBS,Bobs Creek,23/04/2025,Taeniopteryx,29
BOBS,Bobs Creek,23/04/2025,Tipula,8
BOBS,Bobs Creek,23/04/2025,Acentrella,2
BOBS,Bobs Creek,23/04/2025,Ephemerella,11
BOBS,Bobs Creek,23/04/2025,Eurylophella,1
BOBS,Bobs Creek,23/04/2025,Serratella,12
BOBS,Bobs Creek,23/04/2025,Epeorus,4
BOBS,Bobs Creek,23/04/2025,Leucrocuta,3
BOBS,Bobs Creek,23/04/2025,Maccaffertium,30
BOBS,Bobs Creek,23/04/2025,Isonychia,15
BOBS,Bobs Creek,23/04/2025,Paraleptophlebia,5
BOBS,Bobs Creek,23/04/2025,Sweltsa,1
BOBS,Bobs Creek,23/04/2025,Leuctra,2
BOBS,Bobs Creek,23/04/2025,Acroneuria,1
BOBS,Bobs Creek,23/04/2025,Isoperla,1
BOBS,Bobs Creek,23/04/2025,Taeniopteryx,2
BOBS,Bobs Creek,23/04/2025,Ceratopsyche,23
BOBS,Bobs Creek,23/04/2025,Cheumatopsyche,22
BOBS,Bobs Creek,23/04/2025,Diplectrona,6
BOBS,Bobs Creek,23/04/2025,Lepidostoma,8
BOBS,Bobs Creek,23/04/2025,Dolophilodes,15
BOBS,Bobs Creek,23/04/2025,Polycentropus,1
BOBS,Bobs Creek,23/04/2025,Psychomyia,2
BOBS,Bobs Creek,23/04/2025,Rhyacophila,3
BOBS,Bobs Creek,23/04/2025,Optioservus,1
BOBS,Bobs Creek,23/04/2025,Oulimnius,3
BOBS,Bobs Creek,23/04/2025,Psephenus,4
BOBS,Bobs Creek,23/04/2025,Atherix,1
BOBS,Bobs Creek,23/04/2025,Ceratopogonidae,2
BOBS,Bobs Creek,23/04/2025,Chironomidae,36
BOBS,Bobs Creek,23/04/2025,Antocha,2
BOBS,Bobs Creek,23/04/2025,Hexatoma,1
BOBS,Bobs Creek,23/04/2025,Tipula,3
BOBS,Bobs Creek,23/04/2025,Acentrella,1
BOBS,Bobs Creek,23/04/2025,Baetis,2
BOBS,Bobs Creek,23/04/2025,Ephemerella,29
BOBS,Bobs Creek,23/04/2025,Eurylophella,1
BOBS,Bobs Creek,23/04/2025,Serratella,23
BOBS,Bobs Creek,23/04/2025,Epeorus,7
BOBS,Bobs Creek,23/04/2025,Maccaffertium,14
BOBS,Bobs Creek,23/04/2025,Isonychia,31
BOBS,Bobs Creek,23/04/2025,Paraleptophlebia,11
BOBS,Bobs Creek,23/04/2025,Sweltsa,1
BOBS,Bobs Creek,23/04/2025,Tallaperla,1
BOBS,Bobs Creek,23/04/2025,Acroneuria,1
BOBS,Bobs Creek,23/04/2025,Paragnetina,2
BOBS,Bobs Creek,23/04/2025,Isoperla,1
BOBS,Bobs Creek,23/04/2025,Taeniopteryx,4
BOBS,Bobs Creek,23/04/2025,Ceratopsyche,24
BOBS,Bobs Creek,23/04/2025,Cheumatopsyche,7
BOBS,Bobs Creek,23/04/2025,Diplectrona,2
BOBS,Bobs Creek,23/04/2025,Lepidostoma,12
BOBS,Bobs Creek,23/04/2025,Dolophilodes,10
BOBS,Bobs Creek,23/04/2025,Rhyacophila,2
BOBS,Bobs Creek,23/04/2025,Neophylax,1
BOBS,Bobs Creek,23/04/2025,Optioservus,2
BOBS,Bobs Creek,23/04/2025,Oulimnius,4
BOBS,Bobs Creek,23/04/2025,Chironomidae,12
BOBS,Bobs Creek,23/04/2025,Hexatoma,2
BOBS,Bobs Creek,23/04/2025,Tipula,1
BOBS,Bobs Creek,23/04/2025,Oligochaeta,1
BOBS,Bobs Creek,23/04/2025,Hydracarina,1
BOBS,Bobs Creek,23/04/2025,Ephemerella,14
BOBS,Bobs Creek,23/04/2025,Serratella,23
BOBS,Bobs Creek,23/04/2025,Epeorus,10
BOBS,Bobs Creek,23/04/2025,Leucrocuta,4
BOBS,Bobs Creek,23/04/2025,Maccaffertium,9
BOBS,Bobs Creek,23/04/2025,Isonychia,25
BOBS,Bobs Creek,23/04/2025,Paraleptophlebia,18
BOBS,Bobs Creek,23/04/2025,Anthopotamus,1
BOBS,Bobs Creek,23/04/2025,Sweltsa,1
BOBS,Bobs Creek,23/04/2025,Paragnetina,1
BOBS,Bobs Creek,23/04/2025,Isoperla,8
BOBS,Bobs Creek,23/04/2025,Taeniopteryx,2
BOBS,Bobs Creek,23/04/2025,Ceratopsyche,32
BOBS,Bobs Creek,23/04/2025,Cheumatopsyche,6
BOBS,Bobs Creek,23/04/2025,Diplectrona,5
BOBS,Bobs Creek,23/04/2025,Acentrella,3
BOBS,Bobs Creek,23/04/2025,Baetis,2
BOBS,Bobs Creek,23/04/2025,Lepidostoma,7
BOBS,Bobs Creek,23/04/2025,Dolophilodes,12
BOBS,Bobs Creek,23/04/2025,Rhyacophila,1
BOBS,Bobs Creek,23/04/2025,Neophylax,1
BOBS,Bobs Creek,23/04/2025,Nigronia,1
BOBS,Bobs Creek,23/04/2025,Optioservus,1
BOBS,Bobs Creek,23/04/2025,Oulimnius,5
BOBS,Bobs Creek,23/04/2025,Ceratopogonidae,2
BOBS,Bobs Creek,23/04/2025,Chironomidae,28
BOBS,Bobs Creek,23/04/2025,Hexatoma,1
BOBS,Bobs Creek,23/04/2025,Tipula,1
BOBS,Bobs Creek,23/04/2025,Nematoda,1
BOBS,Bobs Creek,23/04/2025,Ancylidae,1
BOBS,Bobs Creek,23/04/2025,Sphaeriidae,1
BOBS,Bobs Creek,23/04/2025,Oligochaeta,1
BOBS,Bobs Creek,23/04/2025,Hydracarina,1
BOBS,Bobs Creek,23/04/2025,Acentrella,6
BOBS,Bobs Creek,23/04/2025,Baetis,2
BOBS,Bobs Creek,23/04/2025,Ephemerella,27
BOBS,Bobs Creek,23/04/2025,Serratella,6
BOBS,Bobs Creek,23/04/2025,Epeorus,4
BOBS,Bobs Creek,23/04/2025,Leucrocuta,2
BOBS,Bobs Creek,23/04/2025,Maccaffertium,4
BOBS,Bobs Creek,23/04/2025,Isonychia,20
BOBS,Bobs Creek,23/04/2025,Paraleptophlebia,24
BOBS,Bobs Creek,23/04/2025,Acroneuria,2
BOBS,Bobs Creek,23/04/2025,Isoperla,3
BOBS,Bobs Creek,23/04/2025,Taeniopteryx,5
BOBS,Bobs Creek,23/04/2025,Glossosoma,1
BOBS,Bobs Creek,23/04/2025,Ceratopsyche,31
BOBS,Bobs Creek,23/04/2025,Cheumatopsyche,1
BOBS,Bobs Creek,23/04/2025,Diplectrona,3
BOBS,Bobs Creek,23/04/2025,Lepidostoma,3
BOBS,Bobs Creek,23/04/2025,Dolophilodes,20
BOBS,Bobs Creek,23/04/2025,Rhyacophila,6
BOBS,Bobs Creek,23/04/2025,Optioservus,1
BOBS,Bobs Creek,23/04/2025,Stenelmis,1
BOBS,Bobs Creek,23/04/2025,Bezzia,1
BOBS,Bobs Creek,23/04/2025,Chironomidae,30
BOBS,Bobs Creek,23/04/2025,Hemerodromia,1
BOBS,Bobs Creek,23/04/2025,Simulium,1
BOBS,Bobs Creek,23/04/2025,Tipula,2
BOBS,Bobs Creek,23/04/2025,Ancylidae,1
BOBS,Bobs Creek,23/04/2025,Turbellaria,1
BOBS,Bobs Creek,23/04/2025,Sphaeriidae,2
BOBS,Bobs Creek,23/04/2025,Oligochaeta,2
BOBS,Bobs Creek,23/04/2025,Chelifera,1
BOBS,Bobs Creek,23/04/2025,Cheumatopsyche,1
BOBS,Bobs Creek,23/04/2025,Isonychia,2
BOBS,Bobs Creek,23/04/2025,Oligochaeta,3
BOBS,Bobs Creek,23/04/2025,Nematoda,1
BOBS,Bobs Creek,23/04/2025,Rhyacophila,2
BOBS,Bobs Creek,23/04/2025,Dolophilodes,1
BOBS,Bobs Creek,23/04/2025,Haploperla,1
BOBS,Bobs Creek,23/04/2025,Micrasema,1
BOBS,Bobs Creek,23/04/2025,Isoperla,3
BOBS,Bobs Creek,23/04/2025,Amphinemura,11
BOBS,Bobs Creek,23/04/2025,Leuctra,3
BOBS,Bobs Creek,23/04/2025,Habrophlebia,3
BOBS,Bobs Creek,23/04/2025,Blepharicera,1
BOBS,Bobs Creek,23/04/2025,Ceratopsyche,2
BOBS,Bobs Creek,23/04/2025,Leucrocuta,4
BOBS,Bobs Creek,23/04/2025,Neophylax,1
BOBS,Bobs Creek,23/04/2025,Epeorus,4
BOBS,Bobs Creek,23/04/2025,Paraleptophlebia,48
BOBS,Bobs Creek,23/04/2025,Ephemerella,17
BOBS,Bobs Creek,23/04/2025,Drunella,4
BOBS,Bobs Creek,23/04/2025,Serratella,5
BOBS,Bobs Creek,23/04/2025,Baetis,5
BOBS,Bobs Creek,23/04/2025,Simulium,5
BOBS,Bobs Creek,23/04/2025,Prosimulium,31
BOBS,Bobs Creek,23/04/2025,Optioservus,2
BOBS,Bobs Creek,23/04/2025,Atherix,1
BOBS,Bobs Creek,23/04/2025,Oulimnius,2
BOBS,Bobs Creek,23/04/2025,Nigronia,1
BOBS,Bobs Creek,23/04/2025,Chironomidae,41
BOBS,Bobs Creek,23/04/2025,Diphetor,5
BOBS,Bobs Creek,23/04/2025,Hydracarina,1
BOBS,Bobs Creek,23/04/2025,Maccaffertium,4
BOBS,Bobs Creek,23/04/2025,Gomphidae,2
BOBS,Bobs Creek,23/04/2025,Acentrella,17
BOBS,Bobs Creek,23/04/2025,Leucrocuta,6
BOBS,Bobs Creek,23/04/2025,Epeorus,1
BOBS,Bobs Creek,23/04/2025,Serratella,7
BOBS,Bobs Creek,23/04/2025,Ephemerella,12
BOBS,Bobs Creek,23/04/2025,Drunella,15
BOBS,Bobs Creek,23/04/2025,Baetis,1
BOBS,Bobs Creek,23/04/2025,Diphetor,1
BOBS,Bobs Creek,23/04/2025,Hydracarina,1
BOBS,Bobs Creek,23/04/2025,Sweltsa,1
BOBS,Bobs Creek,23/04/2025,Leuctra,14
BOBS,Bobs Creek,23/04/2025,Acroneuria,2
BOBS,Bobs Creek,23/04/2025,Paragnetina,1
BOBS,Bobs Creek,23/04/2025,Amphinemura,3
BOBS,Bobs Creek,23/04/2025,Ceratopsyche,1
BOBS,Bobs Creek,23/04/2025,Micrasema,3
BOBS,Bobs Creek,23/04/2025,Paraleptophlebia,15
BOBS,Bobs Creek,23/04/2025,Ceratopogonidae,1
BOBS,Bobs Creek,23/04/2025,Oligochaeta,7
BOBS,Bobs Creek,23/04/2025,Isonychia,2
BOBS,Bobs Creek,23/04/2025,Chironomidae,56
BOBS,Bobs Creek,23/04/2025,Sphaeriidae,1
BOBS,Bobs Creek,23/04/2025,Dicranota,1
BOBS,Bobs Creek,23/04/2025,Simulium,1
BOBS,Bobs Creek,23/04/2025,Prosimulium,11
BOBS,Bobs Creek,23/04/2025,Neoplasta,1
BOBS,Bobs Creek,23/04/2025,Blepharicera,2
BOBS,Bobs Creek,23/04/2025,Neophylax,3
BOBS,Bobs Creek,23/04/2025,Rhyacophila,1
BOBS,Bobs Creek,23/04/2025,Dolophilodes,1
BOBS,Bobs Creek,23/04/2025,Diplectrona,1
BOBS,Bobs Creek,23/04/2025,Cheumatopsyche,3
BOBS,Bobs Creek,23/04/2025,Oulimnius,3
BOBS,Bobs Creek,23/04/2025,Baetis,15
BOBS,Bobs Creek,23/04/2025,Cheumatopsyche,7
BOBS,Bobs Creek,23/04/2025,Chironomidae,23
BOBS,Bobs Creek,23/04/2025,Chloroperlidae,3
BOBS,Bobs Creek,23/04/2025,Cinygmula,7
BOBS,Bobs Creek,23/04/2025,Ephemerella,22
BOBS,Bobs Creek,23/04/2025,Hexatoma,2
BOBS,Bobs Creek,23/04/2025,Hydroptila,1
BOBS,Bobs Creek,23/04/2025,Lepidostoma,7
BOBS,Bobs Creek,23/04/2025,Leucrocuta,6
BOBS,Bobs Creek,23/04/2025,Neophylax,9
BOBS,Bobs Creek,23/04/2025,Optioservus,1
BOBS,Bobs Creek,23/04/2025,Promoresia,2
BOBS,Bobs Creek,23/04/2025,Prosimulium,13
BOBS,Bobs Creek,23/04/2025,Serratella,1
BOBS,Bobs Creek,23/04/2025,Amphinemura,1
BOBS,Bobs Creek,23/04/2025,Blepharicera,1
BOBS,Bobs Creek,23/04/2025,Ceratopsyche,7
BOBS,Bobs Creek,23/04/2025,Clinocera,2
BOBS,Bobs Creek,23/04/2025,Dicranota,3
BOBS,Bobs Creek,23/04/2025,Diphetor,3
BOBS,Bobs Creek,23/04/2025,Diplectrona,3
BOBS,Bobs Creek,23/04/2025,Drunella,11
BOBS,Bobs Creek,23/04/2025,Epeorus,22
BOBS,Bobs Creek,23/04/2025,Isonychia,4
BOBS,Bobs Creek,23/04/2025,Isoperla,2
BOBS,Bobs Creek,23/04/2025,Leptophlebiidae,26
BOBS,Bobs Creek,23/04/2025,Leuctra,4
BOBS,Bobs Creek,23/04/2025,Neoplasta,1
BOBS,Bobs Creek,23/04/2025,Oligochaeta,1
BOBS,Bobs Creek,23/04/2025,Oulimnius,1
BOBS,Bobs Creek,23/04/2025,Rhyacophila,5
BOBS,Bobs Creek,23/04/2025,Sphaeriidae,2
BOBS,Bobs Creek,23/04/2025,Baetis,12
BOBS,Bobs Creek,23/04/2025,Isoperla,7
BOBS,Bobs Creek,23/04/2025,Hexatoma,4
BOBS,Bobs Creek,23/04/2025,Polycentropus,1
BOBS,Bobs Creek,23/04/2025,Isonychia,2
BOBS,Bobs Creek,23/04/2025,Maccaffertium,7
BOBS,Bobs Creek,23/04/2025,Cinygmula,4
BOBS,Bobs Creek,23/04/2025,Serratella,17
BOBS,Bobs Creek,23/04/2025,Epeorus,9
BOBS,Bobs Creek,23/04/2025,Paraleptophlebia,32
BOBS,Bobs Creek,23/04/2025,Ephemerella,5
BOBS,Bobs Creek,23/04/2025,Pteronarcys,1
BOBS,Bobs Creek,23/04/2025,Sweltsa,5
BOBS,Bobs Creek,23/04/2025,Amphinemura,2
BOBS,Bobs Creek,23/04/2025,Acroneuria,3
BOBS,Bobs Creek,23/04/2025,Oulimnius,1
BOBS,Bobs Creek,23/04/2025,Drunella,6
BOBS,Bobs Creek,23/04/2025,Chironomidae,29
BOBS,Bobs Creek,23/04/2025,Hemerodromia,1
BOBS,Bobs Creek,23/04/2025,Simulium,1
BOBS,Bobs Creek,23/04/2025,Prosimulium,14
BOBS,Bobs Creek,23/04/2025,Bezzia,2
BOBS,Bobs Creek,23/04/2025,Psephenus,1
BOBS,Bobs Creek,23/04/2025,Diplectrona,4
BOBS,Bobs Creek,23/04/2025,Leuctra,9
BOBS,Bobs Creek,23/04/2025,Tipula,1
BOBS,Bobs Creek,23/04/2025,Oligochaeta,1
BOBS,Bobs Creek,23/04/2025,Neophylax,7
BOBS,Bobs Creek,23/04/2025,Leucrocuta,3
BOBS,Bobs Creek,23/04/2025,Hydropsyche,4
BOBS,Bobs Creek,23/04/2025,Cheumatopsyche,4
BOBS,Bobs Creek,23/04/2025,Drunella,12
BOBS,Bobs Creek,23/04/2025,Isonychia,6
BOBS,Bobs Creek,23/04/2025,Epeorus,2
BOBS,Bobs Creek,23/04/2025,Ephemerella,9
BOBS,Bobs Creek,23/04/2025,Pteronarcys,1
BOBS,Bobs Creek,23/04/2025,Sweltsa,1
BOBS,Bobs Creek,23/04/2025,Baetis,3
BOBS,Bobs Creek,23/04/2025,Acroneuria,3
BOBS,Bobs Creek,23/04/2025,Paraleptophlebia,28
BOBS,Bobs Creek,23/04/2025,Amphinemura,1
BOBS,Bobs Creek,23/04/2025,Serratella,31
BOBS,Bobs Creek,23/04/2025,Leuctra,12
BOBS,Bobs Creek,23/04/2025,Cinygmula,1
BOBS,Bobs Creek,23/04/2025,Diplectrona,2
BOBS,Bobs Creek,23/04/2025,Leucrocuta,4
BOBS,Bobs Creek,23/04/2025,Ectopria,1
BOBS,Bobs Creek,23/04/2025,Micrasema,1
BOBS,Bobs Creek,23/04/2025,Diphetor,2
BOBS,Bobs Creek,23/04/2025,Oulimnius,6
BOBS,Bobs Creek,23/04/2025,Optioservus,1
BOBS,Bobs Creek,23/04/2025,Acentrella,41
BOBS,Bobs Creek,23/04/2025,Maccaffertium,4
BOBS,Bobs Creek,23/04/2025,Dolophilodes,3
BOBS,Bobs Creek,23/04/2025,Hydropsyche,5
BOBS,Bobs Creek,23/04/2025,Lepidostoma,1
BOBS,Bobs Creek,23/04/2025,Chironomidae,26
BOBS,Bobs Creek,23/04/2025,Simulium,3
BOBS,Bobs Creek,23/04/2025,Polycentropus,5
BOBS,Bobs Creek,23/04/2025,Nigronia,1
BOBS,Bobs Creek,23/04/2025,Blepharicera,2
BOBS,Bobs Creek,23/04/2025,Atherix,1
BOBS,Bobs Creek,23/04/2025,Bezzia,1
BOBS,Bobs Creek,23/04/2025,Dicranota,2
BOBS,Bobs Creek,23/04/2025,Tipula,1
BOBS,Bobs Creek,23/04/2025,Cheumatopsyche,3
BOWN,Bowman Creek,24/04/2023,Ceratopogonidae,6
BOWN,Bowman Creek,24/04/2023,Dolophilodes,1
BOWN,Bowman Creek,24/04/2023,Hexatoma,1
BOWN,Bowman Creek,24/04/2023,Drunella,39
BOWN,Bowman Creek,24/04/2023,Cinygmula,1
BOWN,Bowman Creek,24/04/2023,Epeorus,1
BOWN,Bowman Creek,24/04/2023,Ephemerella,53
BOWN,Bowman Creek,24/04/2023,Hydracarina,1
BOWN,Bowman Creek,24/04/2023,Leuctra,5
BOWN,Bowman Creek,24/04/2023,Maccaffertium,1
BOWN,Bowman Creek,24/04/2023,Oligochaeta,3
BOWN,Bowman Creek,24/04/2023,Psephenus,3
BOWN,Bowman Creek,24/04/2023,Cheumatopsyche,10
BOWN,Bowman Creek,24/04/2023,Nematoda,1
BOWN,Bowman Creek,24/04/2023,Paraleptophlebia,13
BOWN,Bowman Creek,24/04/2023,Stactobiella,1
BOWN,Bowman Creek,24/04/2023,Polycentropus,6
BOWN,Bowman Creek,24/04/2023,Stenelmis,2
BOWN,Bowman Creek,24/04/2023,Turbellaria,1
BOWN,Bowman Creek,24/04/2023,Pteronarcys,1
BOWN,Bowman Creek,24/04/2023,Optioservus,2
BOWN,Bowman Creek,24/04/2023,Chironomidae,46
BOWN,Bowman Creek,24/04/2023,Acentrella,9
BOWN,Bowman Creek,24/04/2023,Agnetina,1
BOWN,Bowman Creek,24/04/2023,Amphinemura,1
BOWN,Bowman Creek,24/04/2023,Antocha,2
BOWN,Bowman Creek,24/04/2023,Branchiobdellida,3
BOWN,Bowman Creek,24/04/2023,Ceraclea,1
BOWN,Bowman Creek,24/04/2023,Teloganopsis,1
BOWN,Bowman Creek,24/04/2023,Acentrella,5
BOWN,Bowman Creek,24/04/2023,Acroneuria,2
BOWN,Bowman Creek,24/04/2023,Agnetina,1
BOWN,Bowman Creek,24/04/2023,Alloperla,1
BOWN,Bowman Creek,24/04/2023,Cheumatopsyche,7
BOWN,Bowman Creek,24/04/2023,Chironomidae,6
BOWN,Bowman Creek,24/04/2023,Diplectrona,1
BOWN,Bowman Creek,24/04/2023,Ephemerella,19
BOWN,Bowman Creek,24/04/2023,Eurylophella,1
BOWN,Bowman Creek,24/04/2023,Hexatoma,4
BOWN,Bowman Creek,24/04/2023,Hydropsyche,10
BOWN,Bowman Creek,24/04/2023,Isonychia,2
BOWN,Bowman Creek,24/04/2023,Lepidostoma,2
BOWN,Bowman Creek,24/04/2023,Leptophlebiidae,15
BOWN,Bowman Creek,24/04/2023,Oligochaeta,1
BOWN,Bowman Creek,24/04/2023,Maccaffertium,4
BOWN,Bowman Creek,24/04/2023,Nigronia,2
BOWN,Bowman Creek,24/04/2023,Oulimnius,1
BOWN,Bowman Creek,24/04/2023,Paraleptophlebia,1
BOWN,Bowman Creek,24/04/2023,Psephenus,1
BOWN,Bowman Creek,24/04/2023,Pteronarcys,1
BOWN,Bowman Creek,24/04/2023,Rhyacophila,2
BOWN,Bowman Creek,24/04/2023,Simulium,1
BOWN,Bowman Creek,24/04/2023,Sweltsa,4
BOWN,Bowman Creek,24/04/2023,Taeniopteryx,3
BOWN,Bowman Creek,24/04/2023,Acentrella,11
BOWN,Bowman Creek,24/04/2023,Baetis,3
BOWN,Bowman Creek,24/04/2023,Plauditus,5
BOWN,Bowman Creek,24/04/2023,Baetisca,1
BOWN,Bowman Creek,24/04/2023,Ephemerella,7
BOWN,Bowman Creek,24/04/2023,Eurylophella,31
BOWN,Bowman Creek,24/04/2023,Serratella,1
BOWN,Bowman Creek,24/04/2023,Maccaffertium,21
BOWN,Bowman Creek,24/04/2023,Isonychia,6
BOWN,Bowman Creek,24/04/2023,Paraleptophlebia,3
BOWN,Bowman Creek,24/04/2023,Taeniopteryx,4
BOWN,Bowman Creek,24/04/2023,Ceratopsyche,40
BOWN,Bowman Creek,24/04/2023,Cheumatopsyche,35
BOWN,Bowman Creek,24/04/2023,Lepidostoma,1
BOWN,Bowman Creek,24/04/2023,Psilotreta,2
BOWN,Bowman Creek,24/04/2023,Polycentropus,1
BOWN,Bowman Creek,24/04/2023,Rhyacophila,2
BOWN,Bowman Creek,24/04/2023,Optioservus,9
BOWN,Bowman Creek,24/04/2023,Oulimnius,1
BOWN,Bowman Creek,24/04/2023,Promoresia,1
BOWN,Bowman Creek,24/04/2023,Psephenus,9
BOWN,Bowman Creek,24/04/2023,Chironomidae,22
BOWN,Bowman Creek,24/04/2023,Hemerodromia,1
BOWN,Bowman Creek,24/04/2023,Hexatoma,6
BOWN,Bowman Creek,24/04/2023,Limnophila,1
BOWN,Bowman Creek,24/04/2023,Oligochaeta,1
BOWN,Bowman Creek,24/04/2023,Hydracarina,2
BOWN,Bowman Creek,24/04/2023,Acentrella,3
BOWN,Bowman Creek,24/04/2023,Plauditus,1
BOWN,Bowman Creek,24/04/2023,Ephemerella,41
BOWN,Bowman Creek,24/04/2023,Eurylophella,2
BOWN,Bowman Creek,24/04/2023,Serratella,17
BOWN,Bowman Creek,24/04/2023,Epeorus,11
BOWN,Bowman Creek,24/04/2023,Leucrocuta,2
BOWN,Bowman Creek,24/04/2023,Maccaffertium,7
BOWN,Bowman Creek,24/04/2023,Isonychia,2
BOWN,Bowman Creek,24/04/2023,Paraleptophlebia,10
BOWN,Bowman Creek,24/04/2023,Acroneuria,1
BOWN,Bowman Creek,24/04/2023,Agnetina,1
BOWN,Bowman Creek,24/04/2023,Isogenoides,1
BOWN,Bowman Creek,24/04/2023,Isoperla,7
BOWN,Bowman Creek,24/04/2023,Pteronarcys,1
BOWN,Bowman Creek,24/04/2023,Taeniopteryx,3
BOWN,Bowman Creek,24/04/2023,Brachycentrus,2
BOWN,Bowman Creek,24/04/2023,Micrasema,1
BOWN,Bowman Creek,24/04/2023,Glossosoma,1
BOWN,Bowman Creek,24/04/2023,Ceratopsyche,17
BOWN,Bowman Creek,24/04/2023,Cheumatopsyche,31
BOWN,Bowman Creek,24/04/2023,Lepidostoma,6
BOWN,Bowman Creek,24/04/2023,Dolophilodes,9
BOWN,Bowman Creek,24/04/2023,Rhyacophila,3
BOWN,Bowman Creek,24/04/2023,Ophiogomphus,2
BOWN,Bowman Creek,24/04/2023,Optioservus,13
BOWN,Bowman Creek,24/04/2023,Oulimnius,3
BOWN,Bowman Creek,24/04/2023,Promoresia,1
BOWN,Bowman Creek,24/04/2023,Psephenus,3
BOWN,Bowman Creek,24/04/2023,Chironomidae,16
BOWN,Bowman Creek,24/04/2023,Hemerodromia,1
BOWN,Bowman Creek,24/04/2023,Antocha,1
BOWN,Bowman Creek,24/04/2023,Hexatoma,5
BOWN,Bowman Creek,24/04/2023,Turbellaria,3
BOWN,Bowman Creek,24/04/2023,Oligochaeta,8
BOWN,Bowman Creek,24/04/2023,Hydracarina,1
BOWN,Bowman Creek,24/04/2023,Ephemerella,47
BOWN,Bowman Creek,24/04/2023,Eurylophella,9
BOWN,Bowman Creek,24/04/2023,Serratella,29
BOWN,Bowman Creek,24/04/2023,Epeorus,14
BOWN,Bowman Creek,24/04/2023,Maccaffertium,8
BOWN,Bowman Creek,24/04/2023,Isonychia,8
BOWN,Bowman Creek,24/04/2023,Paraleptophlebia,13
BOWN,Bowman Creek,24/04/2023,Acroneuria,1
BOWN,Bowman Creek,24/04/2023,Paragnetina,1
BOWN,Bowman Creek,24/04/2023,Isoperla,3
BOWN,Bowman Creek,24/04/2023,Brachycentrus,2
BOWN,Bowman Creek,24/04/2023,Ceratopsyche,8
BOWN,Bowman Creek,24/04/2023,Cheumatopsyche,22
BOWN,Bowman Creek,24/04/2023,Psilotreta,2
BOWN,Bowman Creek,24/04/2023,Dolophilodes,5
BOWN,Bowman Creek,24/04/2023,Polycentropus,1
BOWN,Bowman Creek,24/04/2023,Rhyacophila,2
BOWN,Bowman Creek,24/04/2023,Neophylax,3
BOWN,Bowman Creek,24/04/2023,Optioservus,5
BOWN,Bowman Creek,24/04/2023,Oulimnius,3
BOWN,Bowman Creek,24/04/2023,Psephenus,4
BOWN,Bowman Creek,24/04/2023,Atherix,1
BOWN,Bowman Creek,24/04/2023,Ceratopogonidae,1
BOWN,Bowman Creek,24/04/2023,Chironomidae,23
BOWN,Bowman Creek,24/04/2023,Hemerodromia,1
BOWN,Bowman Creek,24/04/2023,Antocha,1
BOWN,Bowman Creek,24/04/2023,Cryptolabis,1
BOWN,Bowman Creek,24/04/2023,Hexatoma,1
BOWN,Bowman Creek,24/04/2023,Turbellaria,3
BOWN,Bowman Creek,24/04/2023,Oligochaeta,10
BOWN,Bowman Creek,24/04/2023,Hydracarina,1
BOWN,Bowman Creek,24/04/2023,Hydracarina,3
BOWN,Bowman Creek,24/04/2023,Acentrella,1
BOWN,Bowman Creek,24/04/2023,Plauditus,1
BOWN,Bowman Creek,24/04/2023,Ephemerella,54
BOWN,Bowman Creek,24/04/2023,Serratella,18
BOWN,Bowman Creek,24/04/2023,Epeorus,8
BOWN,Bowman Creek,24/04/2023,Isonychia,5
BOWN,Bowman Creek,24/04/2023,Paraleptophlebia,12
BOWN,Bowman Creek,24/04/2023,Sweltsa,1
BOWN,Bowman Creek,24/04/2023,Leuctra,1
BOWN,Bowman Creek,24/04/2023,Acroneuria,3
BOWN,Bowman Creek,24/04/2023,Agnetina,6
BOWN,Bowman Creek,24/04/2023,Isoperla,3
BOWN,Bowman Creek,24/04/2023,Taeniopteryx,1
BOWN,Bowman Creek,24/04/2023,Brachycentrus,3
BOWN,Bowman Creek,24/04/2023,Glossosoma,1
BOWN,Bowman Creek,24/04/2023,Ceratopsyche,16
BOWN,Bowman Creek,24/04/2023,Cheumatopsyche,25
BOWN,Bowman Creek,24/04/2023,Lepidostoma,3
BOWN,Bowman Creek,24/04/2023,Psilotreta,1
BOWN,Bowman Creek,24/04/2023,Dolophilodes,6
BOWN,Bowman Creek,24/04/2023,Gomphidae,1
BOWN,Bowman Creek,24/04/2023,Optioservus,17
BOWN,Bowman Creek,24/04/2023,Psephenus,1
BOWN,Bowman Creek,24/04/2023,Chironomidae,12
BOWN,Bowman Creek,24/04/2023,Hexatoma,1
BOWN,Bowman Creek,24/04/2023,Nemertea,2
BOWN,Bowman Creek,24/04/2023,Turbellaria,5
BOWN,Bowman Creek,24/04/2023,Oligochaeta,9
BOWN,Bowman Creek,24/04/2023,Perlodidae,1
BOWN,Bowman Creek,24/04/2023,Turbellaria,4
BOWN,Bowman Creek,24/04/2023,Ephemerella,25
BOWN,Bowman Creek,24/04/2023,Brachycentrus,1
BOWN,Bowman Creek,24/04/2023,Prosimulium,2
BOWN,Bowman Creek,24/04/2023,Cheumatopsyche,10
BOWN,Bowman Creek,24/04/2023,Ceratopsyche,3
BOWN,Bowman Creek,24/04/2023,Oligochaeta,3
BOWN,Bowman Creek,24/04/2023,Pteronarcys,2
BOWN,Bowman Creek,24/04/2023,Philopotamidae,2
BOWN,Bowman Creek,24/04/2023,Agnetina,3
BOWN,Bowman Creek,24/04/2023,Acroneuria,1
BOWN,Bowman Creek,24/04/2023,Leuctra,1
BOWN,Bowman Creek,24/04/2023,Chloroperlidae,3
BOWN,Bowman Creek,24/04/2023,Stenacron,1
BOWN,Bowman Creek,24/04/2023,Hydroptila,1
BOWN,Bowman Creek,24/04/2023,Cinygmula,2
BOWN,Bowman Creek,24/04/2023,Leucrocuta,1
BOWN,Bowman Creek,24/04/2023,Epeorus,4
BOWN,Bowman Creek,24/04/2023,Lepidostoma,2
BOWN,Bowman Creek,24/04/2023,Isonychia,2
BOWN,Bowman Creek,24/04/2023,Hydracarina,1
BOWN,Bowman Creek,24/04/2023,Serratella,24
BOWN,Bowman Creek,24/04/2023,Eurylophella,1
BOWN,Bowman Creek,24/04/2023,Drunella,61
BOWN,Bowman Creek,24/04/2023,Chironomidae,31
BOWN,Bowman Creek,24/04/2023,Psilotreta,1
BOWN,Bowman Creek,24/04/2023,Neophylax,3
BOWN,Bowman Creek,24/04/2023,Sweltsa,1
BOWN,Bowman Creek,24/04/2023,Optioservus,4
BOWN,Bowman Creek,24/04/2023,Paraleptophlebia,22
BOWN,Bowman Creek,24/04/2023,Epeorus,6
BOWN,Bowman Creek,24/04/2023,Leucrocuta,1
BOWN,Bowman Creek,24/04/2023,Psephenus,4
BOWN,Bowman Creek,24/04/2023,Chironomidae,17
BOWN,Bowman Creek,24/04/2023,Clinocera,2
BOWN,Bowman Creek,24/04/2023,Hemerodromia,1
BOWN,Bowman Creek,24/04/2023,Prosimulium,1
BOWN,Bowman Creek,24/04/2023,Cryptolabis,2
BOWN,Bowman Creek,24/04/2023,Stenelmis,3
BOWN,Bowman Creek,24/04/2023,Oligochaeta,9
BOWN,Bowman Creek,24/04/2023,Turbellaria,3
BOWN,Bowman Creek,24/04/2023,Serratella,13
BOWN,Bowman Creek,24/04/2023,Ephemerella,51
BOWN,Bowman Creek,24/04/2023,Hydracarina,9
BOWN,Bowman Creek,24/04/2023,Baetis,1
BOWN,Bowman Creek,24/04/2023,Neophylax,2
BOWN,Bowman Creek,24/04/2023,Drunella,32
BOWN,Bowman Creek,24/04/2023,Hexatoma,1
BOWN,Bowman Creek,24/04/2023,Isoperla,5
BOWN,Bowman Creek,24/04/2023,Stenacron,1
BOWN,Bowman Creek,24/04/2023,Polycentropus,2
BOWN,Bowman Creek,24/04/2023,Oulimnius,1
BOWN,Bowman Creek,24/04/2023,Paraleptophlebia,17
BOWN,Bowman Creek,24/04/2023,Haploperla,1
BOWN,Bowman Creek,24/04/2023,Agnetina,4
BOWN,Bowman Creek,24/04/2023,Isonychia,1
BOWN,Bowman Creek,24/04/2023,Pteronarcys,1
BOWN,Bowman Creek,24/04/2023,Cinygmula,12
BOWN,Bowman Creek,24/04/2023,Optioservus,1
BOWN,Bowman Creek,24/04/2023,Sweltsa,1
BOWN,Bowman Creek,24/04/2023,Dubiraphia,1
BOWN,Bowman Creek,24/04/2023,Rhyacophila,1
BOWN,Bowman Creek,24/04/2023,Dolophilodes,1
BOWN,Bowman Creek,24/04/2023,Ceraclea,1
BOWN,Bowman Creek,24/04/2023,Cheumatopsyche,8
BOWN,Bowman Creek,24/04/2023,Glossosomatidae,1
BOWN,Bowman Creek,24/04/2023,Amphinemura,1
BOWN,Bowman Creek,24/04/2023,Antocha,9
BOWN,Bowman Creek,24/04/2023,Ceratopsyche,12
BOWN,Bowman Creek,24/04/2023,Cultus,1
BOWN,Bowman Creek,24/04/2023,Drunella,12
BOWN,Bowman Creek,24/04/2023,Epeorus,13
BOWN,Bowman Creek,24/04/2023,Eurylophella,3
BOWN,Bowman Creek,24/04/2023,Isonychia,1
BOWN,Bowman Creek,24/04/2023,Isoperla,8
BOWN,Bowman Creek,24/04/2023,Maccaffertium,3
BOWN,Bowman Creek,24/04/2023,Nematoda,1
BOWN,Bowman Creek,24/04/2023,Neoplasta,1
BOWN,Bowman Creek,24/04/2023,Oligochaeta,8
BOWN,Bowman Creek,24/04/2023,Paraleptophlebia,9
BOWN,Bowman Creek,24/04/2023,Psephenus,1
BOWN,Bowman Creek,24/04/2023,Rhyacophila,1
BOWN,Bowman Creek,24/04/2023,Tipula,1
BOWN,Bowman Creek,24/04/2023,Acroneuria,1
BOWN,Bowman Creek,24/04/2023,Ceratopogonidae,3
BOWN,Bowman Creek,24/04/2023,Chelifera,1
BOWN,Bowman Creek,24/04/2023,Cheumatopsyche,30
BOWN,Bowman Creek,24/04/2023,Chironomidae,33
BOWN,Bowman Creek,24/04/2023,Cinygmula,2
BOWN,Bowman Creek,24/04/2023,Cryptolabis,1
BOWN,Bowman Creek,24/04/2023,Ephemerella,45
BOWN,Bowman Creek,24/04/2023,Hydracarina,2
BOWN,Bowman Creek,24/04/2023,Neophylax,1
BOWN,Bowman Creek,24/04/2023,Optioservus,8
BOWN,Bowman Creek,24/04/2023,Prostoia,1
BOWN,Bowman Creek,24/04/2023,Serratella,11
BOWN,Bowman Creek,24/04/2023,Taenionema,2
BOWN,Bowman Creek,24/04/2023,Turbellaria,1
BOWN,Bowman Creek,24/04/2023,Chironomidae,10
BOWN,Bowman Creek,24/04/2023,Cambarus,1
BOWN,Bowman Creek,24/04/2023,Epeorus,7
BOWN,Bowman Creek,24/04/2023,Isoperla,5
BOWN,Bowman Creek,24/04/2023,Eurylophella,2
BOWN,Bowman Creek,24/04/2023,Maccaffertium,3
BOWN,Bowman Creek,24/04/2023,Drunella,10
BOWN,Bowman Creek,24/04/2023,Serratella,6
BOWN,Bowman Creek,24/04/2023,Baetis,1
BOWN,Bowman Creek,24/04/2023,Tipula,1
BOWN,Bowman Creek,24/04/2023,Paraleptophlebia,24
BOWN,Bowman Creek,24/04/2023,Agnetina,2
BOWN,Bowman Creek,24/04/2023,Pteronarcys,1
BOWN,Bowman Creek,24/04/2023,Hexatoma,3
BOWN,Bowman Creek,24/04/2023,Hydropsyche,4
BOWN,Bowman Creek,24/04/2023,Stylogomphus,1
BOWN,Bowman Creek,24/04/2023,Cheumatopsyche,22
BOWN,Bowman Creek,24/04/2023,Rhyacophila,1
BOWN,Bowman Creek,24/04/2023,Neophylax,12
BOWN,Bowman Creek,24/04/2023,Polycentropus,1
BOWN,Bowman Creek,24/04/2023,Stenacron,1
BOWN,Bowman Creek,24/04/2023,Ephemerella,70
BOWN,Bowman Creek,24/04/2023,Antocha,1
BOWN,Bowman Creek,24/04/2023,Prosimulium,2
BNUT,Butternut Creek,21/04/2025,Isoperla,1
BNUT,Butternut Creek,21/04/2025,Hemerodromia,3
BNUT,Butternut Creek,21/04/2025,Plauditus,1
BNUT,Butternut Creek,21/04/2025,Sphaerium,1
BNUT,Butternut Creek,21/04/2025,Stenelmis,8
BNUT,Butternut Creek,21/04/2025,Dubiraphia,6
BNUT,Butternut Creek,21/04/2025,Chrysops,1
BNUT,Butternut Creek,21/04/2025,Acerpenna,1
BNUT,Butternut Creek,21/04/2025,Ceratopogonidae,2
BNUT,Butternut Creek,21/04/2025,Caenis,16
BNUT,Butternut Creek,21/04/2025,Pycnopsyche,1
BNUT,Butternut Creek,21/04/2025,Cinygmula,25
BNUT,Butternut Creek,21/04/2025,Gammarus,1
BNUT,Butternut Creek,21/04/2025,Ephemerella,2
BNUT,Butternut Creek,21/04/2025,Amphinemura,1
BNUT,Butternut Creek,21/04/2025,Maccaffertium,2
BNUT,Butternut Creek,21/04/2025,Ephemera,4
BNUT,Butternut Creek,21/04/2025,Chironomidae,102
BNUT,Butternut Creek,21/04/2025,Neoplasta,1
BNUT,Butternut Creek,21/04/2025,Oligochaeta,29
BNUT,Butternut Creek,21/04/2025,Physidae,1
BNUT,Butternut Creek,21/04/2025,Cheumatopsyche,2
BNUT,Butternut Creek,21/04/2025,Nematoda,3
BNUT,Butternut Creek,21/04/2025,Neoplasta,1
BNUT,Butternut Creek,21/04/2025,Neoperla,1
BNUT,Butternut Creek,21/04/2025,Epeorus,2
BNUT,Butternut Creek,21/04/2025,Oligochaeta,2
BNUT,Butternut Creek,21/04/2025,Microcylloepus,2
BNUT,Butternut Creek,21/04/2025,Stenacron,1
BNUT,Butternut Creek,21/04/2025,Paraleptophlebia,3
BNUT,Butternut Creek,21/04/2025,Promoresia,5
BNUT,Butternut Creek,21/04/2025,Optioservus,1
BNUT,Butternut Creek,21/04/2025,Oulimnius,2
BNUT,Butternut Creek,21/04/2025,Teloganopsis,4
BNUT,Butternut Creek,21/04/2025,Psephenus,3
BNUT,Butternut Creek,21/04/2025,Stenelmis,26
BNUT,Butternut Creek,21/04/2025,Trichoclinocera,1
BNUT,Butternut Creek,21/04/2025,Macronychus,1
BNUT,Butternut Creek,21/04/2025,Dubiraphia,9
BNUT,Butternut Creek,21/04/2025,Pisidium,8
BNUT,Butternut Creek,21/04/2025,Caenis,1
BNUT,Butternut Creek,21/04/2025,Acerpenna,4
BNUT,Butternut Creek,21/04/2025,Agnetina,1
BNUT,Butternut Creek,21/04/2025,Hydropsyche,8
BNUT,Butternut Creek,21/04/2025,Anthopotamus,1
BNUT,Butternut Creek,21/04/2025,Maccaffertium,20
BNUT,Butternut Creek,21/04/2025,Cheumatopsyche,10
BNUT,Butternut Creek,21/04/2025,Chimarra,12
BNUT,Butternut Creek,21/04/2025,Isoperla,6
BNUT,Butternut Creek,21/04/2025,Leucrocuta,14
BNUT,Butternut Creek,21/04/2025,Chironomidae,49
BNUT,Butternut Creek,21/04/2025,Isonychia,8
BNUT,Butternut Creek,21/04/2025,Ephemerella,6
BNUT,Butternut Creek,21/04/2025,Diphetor,2
BNUT,Butternut Creek,21/04/2025,Corydalus,2
BNUT,Butternut Creek,21/04/2025,Cinygmula,16
BNUT,Butternut Creek,21/04/2025,Acerpenna,1
BNUT,Butternut Creek,21/04/2025,Acroneuria,1
BNUT,Butternut Creek,21/04/2025,Agnetina,1
BNUT,Butternut Creek,21/04/2025,Anthopotamus,1
BNUT,Butternut Creek,21/04/2025,Antocha,8
BNUT,Butternut Creek,21/04/2025,Baetis,4
BNUT,Butternut Creek,21/04/2025,Caecidotea,1
BNUT,Butternut Creek,21/04/2025,Caenis,2
BNUT,Butternut Creek,21/04/2025,Ceratopogonidae,1
BNUT,Butternut Creek,21/04/2025,Cheumatopsyche,11
BNUT,Butternut Creek,21/04/2025,Chimarra,2
BNUT,Butternut Creek,21/04/2025,Chironomidae,27
BNUT,Butternut Creek,21/04/2025,Cinygmula,13
BNUT,Butternut Creek,21/04/2025,Diphetor,1
BNUT,Butternut Creek,21/04/2025,Epeorus,1
BNUT,Butternut Creek,21/04/2025,Ephemera,3
BNUT,Butternut Creek,21/04/2025,Ephemerella,11
BNUT,Butternut Creek,21/04/2025,Hemerodromia,1
BNUT,Butternut Creek,21/04/2025,Hyalella,1
BNUT,Butternut Creek,21/04/2025,Hydropsyche,22
BNUT,Butternut Creek,21/04/2025,Isonychia,2
BNUT,Butternut Creek,21/04/2025,Isoperla,3
BNUT,Butternut Creek,21/04/2025,Leucrocuta,5
BNUT,Butternut Creek,21/04/2025,Lymnaeidae,1
BNUT,Butternut Creek,21/04/2025,Maccaffertium,10
BNUT,Butternut Creek,21/04/2025,Nematoda,5
BNUT,Butternut Creek,21/04/2025,Paraleptophlebia,1
BNUT,Butternut Creek,21/04/2025,Neophylax,5
BNUT,Butternut Creek,21/04/2025,Oligochaeta,3
BNUT,Butternut Creek,21/04/2025,Optioservus,27
BNUT,Butternut Creek,21/04/2025,Oulimnius,4
BNUT,Butternut Creek,21/04/2025,Psephenus,6
BNUT,Butternut Creek,21/04/2025,Rhithrogena,3
BNUT,Butternut Creek,21/04/2025,Stenacron,2
BNUT,Butternut Creek,21/04/2025,Stenelmis,27
BNUT,Butternut Creek,21/04/2025,Sweltsa,1
BNUT,Butternut Creek,21/04/2025,Hydracarina,2
BNUT,Butternut Creek,21/04/2025,Microcylloepus,1
BNUT,Butternut Creek,21/04/2025,Stenelmis,48
BNUT,Butternut Creek,21/04/2025,Oulimnius,1
BNUT,Butternut Creek,21/04/2025,Diphetor,3
BNUT,Butternut Creek,21/04/2025,Maccaffertium,2
BNUT,Butternut Creek,21/04/2025,Promoresia,2
BNUT,Butternut Creek,21/04/2025,Ceratopogonidae,1
BNUT,Butternut Creek,21/04/2025,Hemerodromia,1
BNUT,Butternut Creek,21/04/2025,Antocha,1
BNUT,Butternut Creek,21/04/2025,Optioservus,4
BNUT,Butternut Creek,21/04/2025,Oligochaeta,14
BNUT,Butternut Creek,21/04/2025,Cheumatopsyche,15
BNUT,Butternut Creek,21/04/2025,Baetis,1
BNUT,Butternut Creek,21/04/2025,Nematoda,2
BNUT,Butternut Creek,21/04/2025,Chironomidae,27
BNUT,Butternut Creek,21/04/2025,Isoperla,1
BNUT,Butternut Creek,21/04/2025,Cinygmula,27
BNUT,Butternut Creek,21/04/2025,Ephemerella,16
BNUT,Butternut Creek,21/04/2025,Leuctra,1
BNUT,Butternut Creek,21/04/2025,Hydropsyche,16
BNUT,Butternut Creek,21/04/2025,Chimarra,13
BNUT,Butternut Creek,21/04/2025,Nigronia,1
BNUT,Butternut Creek,21/04/2025,Macronychus,1
BNUT,Butternut Creek,21/04/2025,Epeorus,4
BNUT,Butternut Creek,21/04/2025,Serratella,2
BNUT,Butternut Creek,21/04/2025,Psychomyia,4
BNUT,Butternut Creek,21/04/2025,Haploperla,1
BNUT,Butternut Creek,21/04/2025,Psephenus,3
BNUT,Butternut Creek,21/04/2025,Anthopotamus,1
BNUT,Butternut Creek,21/04/2025,Oligochaeta,7
BNUT,Butternut Creek,21/04/2025,Nematoda,1
BNUT,Butternut Creek,21/04/2025,Rhithrogena,3
BNUT,Butternut Creek,21/04/2025,Plauditus,6
BNUT,Butternut Creek,21/04/2025,Serratella,3
BNUT,Butternut Creek,21/04/2025,Psephenus,2
BNUT,Butternut Creek,21/04/2025,Paraleptophlebia,2
BNUT,Butternut Creek,21/04/2025,Promoresia,4
BNUT,Butternut Creek,21/04/2025,Cheumatopsyche,16
BNUT,Butternut Creek,21/04/2025,Isoperla,1
BNUT,Butternut Creek,21/04/2025,Hydropsyche,12
BNUT,Butternut Creek,21/04/2025,Hydracarina,4
BNUT,Butternut Creek,21/04/2025,Ephemerella,5
BNUT,Butternut Creek,21/04/2025,Epeorus,4
BNUT,Butternut Creek,21/04/2025,Diphetor,4
BNUT,Butternut Creek,21/04/2025,Cinygmula,22
BNUT,Butternut Creek,21/04/2025,Maccaffertium,2
BNUT,Butternut Creek,21/04/2025,Chimarra,4
BNUT,Butternut Creek,21/04/2025,Corydalus,1
BNUT,Butternut Creek,21/04/2025,Baetis,8
BNUT,Butternut Creek,21/04/2025,Antocha,2
BNUT,Butternut Creek,21/04/2025,Amphinemura,1
BNUT,Butternut Creek,21/04/2025,Acentrella,10
BNUT,Butternut Creek,21/04/2025,Dubiraphia,2
BNUT,Butternut Creek,21/04/2025,Simulium,18
BNUT,Butternut Creek,21/04/2025,Stenelmis,35
BNUT,Butternut Creek,21/04/2025,Optioservus,6
BNUT,Butternut Creek,21/04/2025,Chironomidae,30
Cherry,Cherry Valley Creek,21/04/2025,Ephemera,1
Cherry,Cherry Valley Creek,21/04/2025,Ephemerella,2
Cherry,Cherry Valley Creek,21/04/2025,Hemerodromia,1
Cherry,Cherry Valley Creek,21/04/2025,Hydropsyche,2
Cherry,Cherry Valley Creek,21/04/2025,Optioservus,35
Cherry,Cherry Valley Creek,21/04/2025,Oligochaeta,1
Cherry,Cherry Valley Creek,21/04/2025,Maccaffertium,6
Cherry,Cherry Valley Creek,21/04/2025,Nematoda,1
Cherry,Cherry Valley Creek,21/04/2025,Oecetis,1
Cherry,Cherry Valley Creek,21/04/2025,Dubiraphia,1
Cherry,Cherry Valley Creek,21/04/2025,Promoresia,2
Cherry,Cherry Valley Creek,21/04/2025,Trichoclinocera,1
Cherry,Cherry Valley Creek,21/04/2025,Oulimnius,2
Cherry,Cherry Valley Creek,21/04/2025,Caenis,3
Cherry,Cherry Valley Creek,21/04/2025,Stenelmis,86
Cherry,Cherry Valley Creek,21/04/2025,Cinygmula,5
Cherry,Cherry Valley Creek,21/04/2025,Hydracarina,3
Cherry,Cherry Valley Creek,21/04/2025,Antocha,1
Cherry,Cherry Valley Creek,21/04/2025,Ceratopogonidae,1
Cherry,Cherry Valley Creek,21/04/2025,Cheumatopsyche,8
Cherry,Cherry Valley Creek,21/04/2025,Chimarra,5
Cherry,Cherry Valley Creek,21/04/2025,Chironomidae,43
Cherry,Cherry Valley Creek,21/04/2025,Psephenus,4
Cherry,Cherry Valley Creek,21/04/2025,Acerpenna,1
Cherry,Cherry Valley Creek,21/04/2025,Bezzia,1
Cherry,Cherry Valley Creek,21/04/2025,Calopteryx,1
Cherry,Cherry Valley Creek,21/04/2025,Centroptilum,2
Cherry,Cherry Valley Creek,21/04/2025,Ephemerella,1
Cherry,Cherry Valley Creek,21/04/2025,Gammarus,1
Cherry,Cherry Valley Creek,21/04/2025,Hydropsyche,1
Cherry,Cherry Valley Creek,21/04/2025,Leptophlebiidae,2
Cherry,Cherry Valley Creek,21/04/2025,Lymnaeidae,1
Cherry,Cherry Valley Creek,21/04/2025,Maccaffertium,2
Cherry,Cherry Valley Creek,21/04/2025,Paraleptophlebia,2
Cherry,Cherry Valley Creek,21/04/2025,Pycnopsyche,3
Cherry,Cherry Valley Creek,21/04/2025,Simulium,1
Cherry,Cherry Valley Creek,21/04/2025,Taenionema,1
Cherry,Cherry Valley Creek,21/04/2025,Taeniopteryx,9
Cherry,Cherry Valley Creek,21/04/2025,Caenis,4
Cherry,Cherry Valley Creek,21/04/2025,Maccaffertium,18
Cherry,Cherry Valley Creek,21/04/2025,Stenacron,1
Cherry,Cherry Valley Creek,21/04/2025,Isonychia,1
Cherry,Cherry Valley Creek,21/04/2025,Taeniopteryx,7
Cherry,Cherry Valley Creek,21/04/2025,Ceratopsyche,1
Cherry,Cherry Valley Creek,21/04/2025,Cheumatopsyche,24
Cherry,Cherry Valley Creek,21/04/2025,Hydropsyche,3
Cherry,Cherry Valley Creek,21/04/2025,Chimarra,7
Cherry,Cherry Valley Creek,21/04/2025,Polycentropus,1
Cherry,Cherry Valley Creek,21/04/2025,Optioservus,22
Cherry,Cherry Valley Creek,21/04/2025,Stenelmis,51
Cherry,Cherry Valley Creek,21/04/2025,Atherix,3
Cherry,Cherry Valley Creek,21/04/2025,Ceratopogonidae,4
Cherry,Cherry Valley Creek,21/04/2025,Chironomidae,54
Cherry,Cherry Valley Creek,21/04/2025,Dicranota,3
Cherry,Cherry Valley Creek,21/04/2025,Nematoda,1
Cherry,Cherry Valley Creek,21/04/2025,Turbellaria,2
Cherry,Cherry Valley Creek,21/04/2025,Oligochaeta,1
Cherry,Cherry Valley Creek,21/04/2025,Acerpenna,2
Cherry,Cherry Valley Creek,21/04/2025,Ephemerella,3
Cherry,Cherry Valley Creek,21/04/2025,Serratella,1
Cherry,Cherry Valley Creek,21/04/2025,Maccaffertium,20
Cherry,Cherry Valley Creek,21/04/2025,Isonychia,7
Cherry,Cherry Valley Creek,21/04/2025,Paraleptophlebia,16
Cherry,Cherry Valley Creek,21/04/2025,Allocapnia,2
Cherry,Cherry Valley Creek,21/04/2025,Paracapnia,2
Cherry,Cherry Valley Creek,21/04/2025,Isoperla,3
Cherry,Cherry Valley Creek,21/04/2025,Taeniopteryx,22
Cherry,Cherry Valley Creek,21/04/2025,Ceratopsyche,10
Cherry,Cherry Valley Creek,21/04/2025,Cheumatopsyche,67
Cherry,Cherry Valley Creek,21/04/2025,Hydropsyche,7
Cherry,Cherry Valley Creek,21/04/2025,Chimarra,4
Cherry,Cherry Valley Creek,21/04/2025,Psychomyia,1
Cherry,Cherry Valley Creek,21/04/2025,Optioservus,24
Cherry,Cherry Valley Creek,21/04/2025,Oulimnius,1
Cherry,Cherry Valley Creek,21/04/2025,Stenelmis,3
Cherry,Cherry Valley Creek,21/04/2025,Psephenus,1
Cherry,Cherry Valley Creek,21/04/2025,Atherix,1
Cherry,Cherry Valley Creek,21/04/2025,Chironomidae,37
Cherry,Cherry Valley Creek,21/04/2025,Dicranota,1
Cherry,Cherry Valley Creek,21/04/2025,Oligochaeta,1
Cherry,Cherry Valley Creek,21/04/2025,Optioservus,21
Cherry,Cherry Valley Creek,21/04/2025,Stenelmis,19
Cherry,Cherry Valley Creek,21/04/2025,Psephenus,4
Cherry,Cherry Valley Creek,21/04/2025,Atherix,2
Cherry,Cherry Valley Creek,21/04/2025,Chironomidae,74
Cherry,Cherry Valley Creek,21/04/2025,Antocha,4
Cherry,Cherry Valley Creek,21/04/2025,Dicranota,1
Cherry,Cherry Valley Creek,21/04/2025,Nematoda,2
Cherry,Cherry Valley Creek,21/04/2025,Oligochaeta,7
Cherry,Cherry Valley Creek,21/04/2025,Hydracarina,1
Cherry,Cherry Valley Creek,21/04/2025,Caenis,3
Cherry,Cherry Valley Creek,21/04/2025,Ephemerella,12
Cherry,Cherry Valley Creek,21/04/2025,Serratella,1
Cherry,Cherry Valley Creek,21/04/2025,Epeorus,1
Cherry,Cherry Valley Creek,21/04/2025,Leucrocuta,2
Cherry,Cherry Valley Creek,21/04/2025,Maccaffertium,17
Cherry,Cherry Valley Creek,21/04/2025,Stenacron,2
Cherry,Cherry Valley Creek,21/04/2025,Isonychia,2
Cherry,Cherry Valley Creek,21/04/2025,Paraleptophlebia,1
Cherry,Cherry Valley Creek,21/04/2025,Leuctra,1
Cherry,Cherry Valley Creek,21/04/2025,Neoperla,1
Cherry,Cherry Valley Creek,21/04/2025,Isoperla,1
Cherry,Cherry Valley Creek,21/04/2025,Taeniopteryx,1
Cherry,Cherry Valley Creek,21/04/2025,Glossosoma,3
Cherry,Cherry Valley Creek,21/04/2025,Ceratopsyche,10
Cherry,Cherry Valley Creek,21/04/2025,Cheumatopsyche,9
Cherry,Cherry Valley Creek,21/04/2025,Hydropsyche,1
Cherry,Cherry Valley Creek,21/04/2025,Limnephilidae,1
Cherry,Cherry Valley Creek,21/04/2025,Chimarra,2
Cherry,Cherry Valley Creek,21/04/2025,Polycentropus,1
Cherry,Cherry Valley Creek,21/04/2025,Psychomyia,2
Cherry,Cherry Valley Creek,21/04/2025,Dubiraphia,1
Cherry,Cherry Valley Creek,21/04/2025,Hydracarina,5
Cherry,Cherry Valley Creek,21/04/2025,Caenis,2
Cherry,Cherry Valley Creek,21/04/2025,Ephemerella,4
Cherry,Cherry Valley Creek,21/04/2025,Serratella,1
Cherry,Cherry Valley Creek,21/04/2025,Leucrocuta,1
Cherry,Cherry Valley Creek,21/04/2025,Maccaffertium,9
Cherry,Cherry Valley Creek,21/04/2025,Stenacron,1
Cherry,Cherry Valley Creek,21/04/2025,Paraleptophlebia,3
Cherry,Cherry Valley Creek,21/04/2025,Taeniopteryx,4
Cherry,Cherry Valley Creek,21/04/2025,Ceratopsyche,3
Cherry,Cherry Valley Creek,21/04/2025,Cheumatopsyche,9
Cherry,Cherry Valley Creek,21/04/2025,Hydropsyche,4
Cherry,Cherry Valley Creek,21/04/2025,Chimarra,2
Cherry,Cherry Valley Creek,21/04/2025,Elmidae,6
Cherry,Cherry Valley Creek,21/04/2025,Optioservus,31
Cherry,Cherry Valley Creek,21/04/2025,Oulimnius,1
Cherry,Cherry Valley Creek,21/04/2025,Stenelmis,20
Cherry,Cherry Valley Creek,21/04/2025,Psephenus,1
Cherry,Cherry Valley Creek,21/04/2025,Atherix,2
Cherry,Cherry Valley Creek,21/04/2025,Bezzia,1
Cherry,Cherry Valley Creek,21/04/2025,Chironomidae,105
Cherry,Cherry Valley Creek,21/04/2025,Antocha,2
Cherry,Cherry Valley Creek,21/04/2025,Dicranota,3
Cherry,Cherry Valley Creek,21/04/2025,Turbellaria,5
Cherry,Cherry Valley Creek,21/04/2025,Oligochaeta,3
CHIQ 11.3,Chiques Creek,29/04/2025,Cheumatopsyche,2
CHIQ 11.3,Chiques Creek,29/04/2025,Neoplasta,1
CHIQ 11.3,Chiques Creek,29/04/2025,Hydroptila,1
CHIQ 11.3,Chiques Creek,29/04/2025,Optioservus,9
CHIQ 11.3,Chiques Creek,29/04/2025,Psephenus,7
CHIQ 11.3,Chiques Creek,29/04/2025,Psychomyia,1
CHIQ 11.3,Chiques Creek,29/04/2025,Simulium,3
CHIQ 11.3,Chiques Creek,29/04/2025,Stenelmis,51
CHIQ 11.3,Chiques Creek,29/04/2025,Antocha,1
CHIQ 11.3,Chiques Creek,29/04/2025,Hydracarina,1
CHIQ 11.3,Chiques Creek,29/04/2025,Nematoda,1
CHIQ 11.3,Chiques Creek,29/04/2025,Chimarra,2
CHIQ 11.3,Chiques Creek,29/04/2025,Acerpenna,1
CHIQ 11.3,Chiques Creek,29/04/2025,Chironomidae,112
CHIQ 11.3,Chiques Creek,29/04/2025,Teloganopsis,5
CHIQ 11.3,Chiques Creek,29/04/2025,Hydropsyche,5
CHIQ 11.3,Chiques Creek,29/04/2025,Leucrocuta,1
CHIQ 11.3,Chiques Creek,29/04/2025,Maccaffertium,4
CHIQ 11.3,Chiques Creek,29/04/2025,Oligochaeta,10
CHIQ 11.3,Chiques Creek,29/04/2025,Hemerodromia,1
CHIQ 11.3,Chiques Creek,29/04/2025,Corbicula,1
CHIQ 11.3,Chiques Creek,29/04/2025,Chironomidae,71
CHIQ 11.3,Chiques Creek,29/04/2025,Chimarra,1
CHIQ 11.3,Chiques Creek,29/04/2025,Cheumatopsyche,2
CHIQ 11.3,Chiques Creek,29/04/2025,Baetis,21
CHIQ 11.3,Chiques Creek,29/04/2025,Crangonyx,3
CHIQ 11.3,Chiques Creek,29/04/2025,Acerpenna,1
CHIQ 11.3,Chiques Creek,29/04/2025,Stenelmis,48
CHIQ 11.3,Chiques Creek,29/04/2025,Caenis,3
CHIQ 11.3,Chiques Creek,29/04/2025,Hemerodromia,1
CHIQ 11.3,Chiques Creek,29/04/2025,Hydropsyche,1
CHIQ 11.3,Chiques Creek,29/04/2025,Leucrocuta,4
CHIQ 11.3,Chiques Creek,29/04/2025,Optioservus,33
CHIQ 11.3,Chiques Creek,29/04/2025,Psephenus,6
CHIQ 11.3,Chiques Creek,29/04/2025,Stenacron,1
CHIQ 11.3,Chiques Creek,29/04/2025,Teloganopsis,3
CHIQ 11.3,Chiques Creek,29/04/2025,Maccaffertium,6
CHIQ 11.3,Chiques Creek,29/04/2025,Simulium,2
CHIQ 11.3,Chiques Creek,29/04/2025,Leucotrichia,2
CHIQ 11.3,Chiques Creek,29/04/2025,Acerpenna,14
CHIQ 11.3,Chiques Creek,29/04/2025,Allocapnia,1
CHIQ 11.3,Chiques Creek,29/04/2025,Baetis,1
CHIQ 11.3,Chiques Creek,29/04/2025,Caecidotea,5
CHIQ 11.3,Chiques Creek,29/04/2025,Caenis,22
CHIQ 11.3,Chiques Creek,29/04/2025,Cheumatopsyche,1
CHIQ 11.3,Chiques Creek,29/04/2025,Chimarra,3
CHIQ 11.3,Chiques Creek,29/04/2025,Chironomidae,84
CHIQ 11.3,Chiques Creek,29/04/2025,Crangonyx,3
CHIQ 11.3,Chiques Creek,29/04/2025,Gammarus,7
CHIQ 11.3,Chiques Creek,29/04/2025,Hemerodromia,1
CHIQ 11.3,Chiques Creek,29/04/2025,Hyalella,1
CHIQ 11.3,Chiques Creek,29/04/2025,Hydropsyche,3
CHIQ 11.3,Chiques Creek,29/04/2025,Leucrocuta,1
CHIQ 11.3,Chiques Creek,29/04/2025,Maccaffertium,9
CHIQ 11.3,Chiques Creek,29/04/2025,Oligochaeta,9
CHIQ 11.3,Chiques Creek,29/04/2025,Optioservus,3
CHIQ 11.3,Chiques Creek,29/04/2025,Perlesta,4
CHIQ 11.3,Chiques Creek,29/04/2025,Psephenus,12
CHIQ 11.3,Chiques Creek,29/04/2025,Simulium,1
CHIQ 11.3,Chiques Creek,29/04/2025,Stenelmis,35
CHIQ 11.3,Chiques Creek,29/04/2025,Stenonema,2
CHIQ 11.3,Chiques Creek,29/04/2025,Teloganopsis,1
CHIQ 11.3,Chiques Creek,29/04/2025,Hydracarina,2
CHIQ 11.3,Chiques Creek,29/04/2025,Cheumatopsyche,2
CHIQ 11.3,Chiques Creek,29/04/2025,Baetis,2
CHIQ 11.3,Chiques Creek,29/04/2025,Nematoda,1
CHIQ 11.3,Chiques Creek,29/04/2025,Chironomidae,82
CHIQ 11.3,Chiques Creek,29/04/2025,Leucrocuta,3
CHIQ 11.3,Chiques Creek,29/04/2025,Hydropsyche,5
CHIQ 11.3,Chiques Creek,29/04/2025,Hydracarina,1
CHIQ 11.3,Chiques Creek,29/04/2025,Perlesta,2
CHIQ 11.3,Chiques Creek,29/04/2025,Crangonyx,5
CHIQ 11.3,Chiques Creek,29/04/2025,Neoplasta,1
CHIQ 11.3,Chiques Creek,29/04/2025,Hemerodromia,2
CHIQ 11.3,Chiques Creek,29/04/2025,Antocha,1
CHIQ 11.3,Chiques Creek,29/04/2025,Maccaffertium,11
CHIQ 11.3,Chiques Creek,29/04/2025,Caecidotea,1
CHIQ 11.3,Chiques Creek,29/04/2025,Chimarra,1
CHIQ 11.3,Chiques Creek,29/04/2025,Optioservus,1
CHIQ 11.3,Chiques Creek,29/04/2025,Simulium,6
CHIQ 11.3,Chiques Creek,29/04/2025,Oligochaeta,30
CHIQ 11.3,Chiques Creek,29/04/2025,Acerpenna,3
CHIQ 11.3,Chiques Creek,29/04/2025,Serratella,1
CHIQ 11.3,Chiques Creek,29/04/2025,Stenelmis,59
CHIQ 11.3,Chiques Creek,29/04/2025,Psephenus,5
CONO 35.1,Conodoguinet Creek,30/04/2025,Corbicula,6
CONO 35.1,Conodoguinet Creek,30/04/2025,Protoptila,1
CONO 35.1,Conodoguinet Creek,30/04/2025,Plauditus,1
CONO 35.1,Conodoguinet Creek,30/04/2025,Physella,2
CONO 35.1,Conodoguinet Creek,30/04/2025,Optioservus,40
CONO 35.1,Conodoguinet Creek,30/04/2025,Oligochaeta,9
CONO 35.1,Conodoguinet Creek,30/04/2025,Nematoda,2
CONO 35.1,Conodoguinet Creek,30/04/2025,Stenelmis,51
CONO 35.1,Conodoguinet Creek,30/04/2025,Gammarus,43
CONO 35.1,Conodoguinet Creek,30/04/2025,Helicopsyche,15
CONO 35.1,Conodoguinet Creek,30/04/2025,Chironomidae,39
CONO 35.1,Conodoguinet Creek,30/04/2025,Ceratopogonidae,2
CONO 35.1,Conodoguinet Creek,30/04/2025,Caenis,3
CONO 35.1,Conodoguinet Creek,30/04/2025,Caecidotea,2
CONO 35.1,Conodoguinet Creek,30/04/2025,Brachycentrus,2
CONO 35.1,Conodoguinet Creek,30/04/2025,Baetis,8
CONO 35.1,Conodoguinet Creek,30/04/2025,Maccaffertium,1
CONO 35.1,Conodoguinet Creek,30/04/2025,Dubiraphia,2
CONO 35.1,Conodoguinet Creek,30/04/2025,Hydropsyche,1
CONO 35.1,Conodoguinet Creek,30/04/2025,Dubiraphia,4
CONO 35.1,Conodoguinet Creek,30/04/2025,Maccaffertium,3
CONO 35.1,Conodoguinet Creek,30/04/2025,Acerpenna,15
CONO 35.1,Conodoguinet Creek,30/04/2025,Oligochaeta,11
CONO 35.1,Conodoguinet Creek,30/04/2025,Perlesta,2
CONO 35.1,Conodoguinet Creek,30/04/2025,Petrophila,1
CONO 35.1,Conodoguinet Creek,30/04/2025,Tipula,1
CONO 35.1,Conodoguinet Creek,30/04/2025,Dolichopodidae,1
CONO 35.1,Conodoguinet Creek,30/04/2025,Chironomidae,118
CONO 35.1,Conodoguinet Creek,30/04/2025,Ceratopogonidae,1
CONO 35.1,Conodoguinet Creek,30/04/2025,Caenis,40
CONO 35.1,Conodoguinet Creek,30/04/2025,Caecidotea,2
CONO 35.1,Conodoguinet Creek,30/04/2025,Nemertea,1
CONO 35.1,Conodoguinet Creek,30/04/2025,Berosus,1
CONO 35.1,Conodoguinet Creek,30/04/2025,Gammarus,8
CONO 35.1,Conodoguinet Creek,30/04/2025,Ephemerella,1
CONO 35.1,Conodoguinet Creek,30/04/2025,Simulium,3
DEER 25.0,Deer Creek,30/04/2025,Isonychia,3
DEER 25.0,Deer Creek,30/04/2025,Ephemerella,7
DEER 25.0,Deer Creek,30/04/2025,Hydroptila,1
DEER 25.0,Deer Creek,30/04/2025,Hydropsyche,22
DEER 25.0,Deer Creek,30/04/2025,Helicopsyche,3
DEER 25.0,Deer Creek,30/04/2025,Teloganopsis,41
DEER 25.0,Deer Creek,30/04/2025,Eurylophella,1
DEER 25.0,Deer Creek,30/04/2025,Simulium,4
DEER 25.0,Deer Creek,30/04/2025,Promoresia,2
DEER 25.0,Deer Creek,30/04/2025,Corbicula,2
DEER 25.0,Deer Creek,30/04/2025,Chironomidae,32
DEER 25.0,Deer Creek,30/04/2025,Chimarra,5
DEER 25.0,Deer Creek,30/04/2025,Cheumatopsyche,5
DEER 25.0,Deer Creek,30/04/2025,Brachycentrus,4
DEER 25.0,Deer Creek,30/04/2025,Baetis,3
DEER 25.0,Deer Creek,30/04/2025,Optioservus,28
DEER 25.0,Deer Creek,30/04/2025,Antocha,5
DEER 25.0,Deer Creek,30/04/2025,Corydalus,1
DEER 25.0,Deer Creek,30/04/2025,Leuctra,1
DEER 25.0,Deer Creek,30/04/2025,Argia,1
DEER 25.0,Deer Creek,30/04/2025,Stenelmis,2
DEER 25.0,Deer Creek,30/04/2025,Lepidostoma,3
DEER 25.0,Deer Creek,30/04/2025,Crangonyx,1
DEER 25.0,Deer Creek,30/04/2025,Psephenus,1
DEER 25.0,Deer Creek,30/04/2025,Plauditus,2
DEER 25.0,Deer Creek,30/04/2025,Perlesta,14
DEER 25.0,Deer Creek,30/04/2025,Oulimnius,5
DEER 25.0,Deer Creek,30/04/2025,Hydracarina,5
DEER 25.0,Deer Creek,30/04/2025,Oecetis,1
DEER 25.0,Deer Creek,30/04/2025,Maccaffertium,12
DEER 25.0,Deer Creek,30/04/2025,Leucotrichia,3
DEER 25.0,Deer Creek,30/04/2025,Iswaeon,2
Driftwood,Driftwood Branch Sinnemahoning Creek,14/04/2025,Rhyacophila,1
Driftwood,Driftwood Branch Sinnemahoning Creek,14/04/2025,Chimarra,1
Driftwood,Driftwood Branch Sinnemahoning Creek,14/04/2025,Chironomidae,58
Driftwood,Driftwood Branch Sinnemahoning Creek,14/04/2025,Cinygmula,6
Driftwood,Driftwood Branch Sinnemahoning Creek,14/04/2025,Dasyhelea,1
Driftwood,Driftwood Branch Sinnemahoning Creek,14/04/2025,Diphetor,2
Driftwood,Driftwood Branch Sinnemahoning Creek,14/04/2025,Drunella,20
Driftwood,Driftwood Branch Sinnemahoning Creek,14/04/2025,Epeorus,10
Driftwood,Driftwood Branch Sinnemahoning Creek,14/04/2025,Ephemerella,39
Driftwood,Driftwood Branch Sinnemahoning Creek,14/04/2025,Trichoclinocera,1
Driftwood,Driftwood Branch Sinnemahoning Creek,14/04/2025,Tipula,1
Driftwood,Driftwood Branch Sinnemahoning Creek,14/04/2025,Teloganopsis,3
Driftwood,Driftwood Branch Sinnemahoning Creek,14/04/2025,Antocha,2
Driftwood,Driftwood Branch Sinnemahoning Creek,14/04/2025,Simulium,1
Driftwood,Driftwood Branch Sinnemahoning Creek,14/04/2025,Alloperla,1
Driftwood,Driftwood Branch Sinnemahoning Creek,14/04/2025,Gomphidae,1
Driftwood,Driftwood Branch Sinnemahoning Creek,14/04/2025,Psephenus,1
Driftwood,Driftwood Branch Sinnemahoning Creek,14/04/2025,Prosimulium,7
Driftwood,Driftwood Branch Sinnemahoning Creek,14/04/2025,Polycentropodidae,1
Driftwood,Driftwood Branch Sinnemahoning Creek,14/04/2025,Optioservus,1
Driftwood,Driftwood Branch Sinnemahoning Creek,14/04/2025,Oligochaeta,3
Driftwood,Driftwood Branch Sinnemahoning Creek,14/04/2025,Neoplasta,2
Driftwood,Driftwood Branch Sinnemahoning Creek,14/04/2025,Neophylax,1
Driftwood,Driftwood Branch Sinnemahoning Creek,14/04/2025,Paraleptophlebia,11
Driftwood,Driftwood Branch Sinnemahoning Creek,14/04/2025,Maccaffertium,12
Driftwood,Driftwood Branch Sinnemahoning Creek,14/04/2025,Leuctra,1
Driftwood,Driftwood Branch Sinnemahoning Creek,14/04/2025,Leucrocuta,4
Driftwood,Driftwood Branch Sinnemahoning Creek,14/04/2025,Isoperla,2
Driftwood,Driftwood Branch Sinnemahoning Creek,14/04/2025,Stenelmis,2
Driftwood,Driftwood Branch Sinnemahoning Creek,14/04/2025,Hemerodromia,1
Driftwood,Driftwood Branch Sinnemahoning Creek,14/04/2025,Agapetus,1
Driftwood,Driftwood Branch Sinnemahoning Creek,14/04/2025,Acroneuria,3
Driftwood,Driftwood Branch Sinnemahoning Creek,14/04/2025,Cheumatopsyche,3
Driftwood,Driftwood Branch Sinnemahoning Creek,14/04/2025,Haploperla,2
Driftwood,Driftwood Branch Sinnemahoning Creek,14/04/2025,Hydropsyche,3
Driftwood,Driftwood Branch Sinnemahoning Creek,14/04/2025,Isonychia,2
Driftwood,Driftwood Branch Sinnemahoning Creek,14/04/2025,Acroneuria,1
Driftwood,Driftwood Branch Sinnemahoning Creek,14/04/2025,Alloperla,1
Driftwood,Driftwood Branch Sinnemahoning Creek,14/04/2025,Antocha,3
Driftwood,Driftwood Branch Sinnemahoning Creek,14/04/2025,Baetis,1
Driftwood,Driftwood Branch Sinnemahoning Creek,14/04/2025,Ceratopogonidae,1
Driftwood,Driftwood Branch Sinnemahoning Creek,14/04/2025,Cheumatopsyche,18
Driftwood,Driftwood Branch Sinnemahoning Creek,14/04/2025,Chironomidae,4
Driftwood,Driftwood Branch Sinnemahoning Creek,14/04/2025,Cinygmula,17
Driftwood,Driftwood Branch Sinnemahoning Creek,14/04/2025,Drunella,15
Driftwood,Driftwood Branch Sinnemahoning Creek,14/04/2025,Dubiraphia,1
Driftwood,Driftwood Branch Sinnemahoning Creek,14/04/2025,Epeorus,11
Driftwood,Driftwood Branch Sinnemahoning Creek,14/04/2025,Ephemerella,25
Driftwood,Driftwood Branch Sinnemahoning Creek,14/04/2025,Eurylophella,2
Driftwood,Driftwood Branch Sinnemahoning Creek,14/04/2025,Gomphidae,1
Driftwood,Driftwood Branch Sinnemahoning Creek,14/04/2025,Hemerodromia,2
Driftwood,Driftwood Branch Sinnemahoning Creek,14/04/2025,Hydropsyche,8
Driftwood,Driftwood Branch Sinnemahoning Creek,14/04/2025,Isonychia,3
Driftwood,Driftwood Branch Sinnemahoning Creek,14/04/2025,Isoperla,4
Driftwood,Driftwood Branch Sinnemahoning Creek,14/04/2025,Leptophlebiidae,6
Driftwood,Driftwood Branch Sinnemahoning Creek,14/04/2025,Leucrocuta,4
Driftwood,Driftwood Branch Sinnemahoning Creek,14/04/2025,Maccaffertium,15
Driftwood,Driftwood Branch Sinnemahoning Creek,14/04/2025,Paraleptophlebia,9
Driftwood,Driftwood Branch Sinnemahoning Creek,14/04/2025,Neophylax,18
Driftwood,Driftwood Branch Sinnemahoning Creek,14/04/2025,Neoplasta,1
Driftwood,Driftwood Branch Sinnemahoning Creek,14/04/2025,Oligochaeta,9
Driftwood,Driftwood Branch Sinnemahoning Creek,14/04/2025,Optioservus,11
Driftwood,Driftwood Branch Sinnemahoning Creek,14/04/2025,Oulimnius,1
Driftwood,Driftwood Branch Sinnemahoning Creek,14/04/2025,Polycentropus,2
Driftwood,Driftwood Branch Sinnemahoning Creek,14/04/2025,Rhyacophila,3
Driftwood,Driftwood Branch Sinnemahoning Creek,14/04/2025,Sphaeriidae,2
Driftwood,Driftwood Branch Sinnemahoning Creek,14/04/2025,Stenacron,1
Driftwood,Driftwood Branch Sinnemahoning Creek,14/04/2025,Stenelmis,5
Driftwood,Driftwood Branch Sinnemahoning Creek,14/04/2025,Teloganopsis,2
Driftwood,Driftwood Branch Sinnemahoning Creek,14/04/2025,Trichoclinocera,3
Driftwood,Driftwood Branch Sinnemahoning Creek,14/04/2025,Hydracarina,2
Driftwood,Driftwood Branch Sinnemahoning Creek,14/04/2025,Acentrella,2
Driftwood,Driftwood Branch Sinnemahoning Creek,14/04/2025,Acroneuria,1
Driftwood,Driftwood Branch Sinnemahoning Creek,14/04/2025,Antocha,2
Driftwood,Driftwood Branch Sinnemahoning Creek,14/04/2025,Atherix,5
Driftwood,Driftwood Branch Sinnemahoning Creek,14/04/2025,Baetis,2
Driftwood,Driftwood Branch Sinnemahoning Creek,14/04/2025,Caenis,1
Driftwood,Driftwood Branch Sinnemahoning Creek,14/04/2025,Cheumatopsyche,24
Driftwood,Driftwood Branch Sinnemahoning Creek,14/04/2025,Chironomidae,20
Driftwood,Driftwood Branch Sinnemahoning Creek,14/04/2025,Corydalus,1
Driftwood,Driftwood Branch Sinnemahoning Creek,14/04/2025,Epeorus,1
Driftwood,Driftwood Branch Sinnemahoning Creek,14/04/2025,Ephemera,1
Driftwood,Driftwood Branch Sinnemahoning Creek,14/04/2025,Helicopsyche,17
Driftwood,Driftwood Branch Sinnemahoning Creek,14/04/2025,Hemerodromia,1
Driftwood,Driftwood Branch Sinnemahoning Creek,14/04/2025,Heptageniidae,1
Driftwood,Driftwood Branch Sinnemahoning Creek,14/04/2025,Hexatoma,1
Driftwood,Driftwood Branch Sinnemahoning Creek,14/04/2025,Hydropsyche,6
Driftwood,Driftwood Branch Sinnemahoning Creek,14/04/2025,Isogenoides,1
Driftwood,Driftwood Branch Sinnemahoning Creek,14/04/2025,Isonychia,23
Driftwood,Driftwood Branch Sinnemahoning Creek,14/04/2025,Lanthus,37
Driftwood,Driftwood Branch Sinnemahoning Creek,14/04/2025,Leucrocuta,14
Driftwood,Driftwood Branch Sinnemahoning Creek,14/04/2025,Oligochaeta,3
Driftwood,Driftwood Branch Sinnemahoning Creek,14/04/2025,Maccaffertium,30
Driftwood,Driftwood Branch Sinnemahoning Creek,14/04/2025,Nigronia,1
Driftwood,Driftwood Branch Sinnemahoning Creek,14/04/2025,Optioservus,8
Driftwood,Driftwood Branch Sinnemahoning Creek,14/04/2025,Paragnetina,20
Driftwood,Driftwood Branch Sinnemahoning Creek,14/04/2025,Psephenus,21
Driftwood,Driftwood Branch Sinnemahoning Creek,14/04/2025,Psilotreta,1
Driftwood,Driftwood Branch Sinnemahoning Creek,14/04/2025,Rhyacophila,2
Driftwood,Driftwood Branch Sinnemahoning Creek,14/04/2025,Serratella,1
Driftwood,Driftwood Branch Sinnemahoning Creek,14/04/2025,Stenelmis,4
Driftwood,Driftwood Branch Sinnemahoning Creek,14/04/2025,Ephemerellidae,2
Driftwood,Driftwood Branch Sinnemahoning Creek,14/04/2025,Ephemerella,6
Driftwood,Driftwood Branch Sinnemahoning Creek,14/04/2025,Eurylophella,4
Driftwood,Driftwood Branch Sinnemahoning Creek,14/04/2025,Serratella,4
Driftwood,Driftwood Branch Sinnemahoning Creek,14/04/2025,Epeorus,8
Driftwood,Driftwood Branch Sinnemahoning Creek,14/04/2025,Leucrocuta,6
Driftwood,Driftwood Branch Sinnemahoning Creek,14/04/2025,Maccaffertium,31
Driftwood,Driftwood Branch Sinnemahoning Creek,14/04/2025,Rhithrogena,1
Driftwood,Driftwood Branch Sinnemahoning Creek,14/04/2025,Isonychia,12
Driftwood,Driftwood Branch Sinnemahoning Creek,14/04/2025,Paraleptophlebia,18
Driftwood,Driftwood Branch Sinnemahoning Creek,14/04/2025,Acroneuria,1
Driftwood,Driftwood Branch Sinnemahoning Creek,14/04/2025,Paragnetina,3
Driftwood,Driftwood Branch Sinnemahoning Creek,14/04/2025,Isoperla,2
Driftwood,Driftwood Branch Sinnemahoning Creek,14/04/2025,Taeniopterygidae,3
Driftwood,Driftwood Branch Sinnemahoning Creek,14/04/2025,Taeniopteryx,7
Driftwood,Driftwood Branch Sinnemahoning Creek,14/04/2025,Apatania,6
Driftwood,Driftwood Branch Sinnemahoning Creek,14/04/2025,Ceratopsyche,13
Driftwood,Driftwood Branch Sinnemahoning Creek,14/04/2025,Cheumatopsyche,13
Driftwood,Driftwood Branch Sinnemahoning Creek,14/04/2025,Lepidostoma,4
Driftwood,Driftwood Branch Sinnemahoning Creek,14/04/2025,Limnephilidae,2
Driftwood,Driftwood Branch Sinnemahoning Creek,14/04/2025,Chimarra,17
Driftwood,Driftwood Branch Sinnemahoning Creek,14/04/2025,Neophylax,4
Driftwood,Driftwood Branch Sinnemahoning Creek,14/04/2025,Argia,1
Driftwood,Driftwood Branch Sinnemahoning Creek,14/04/2025,Nigronia,1
Driftwood,Driftwood Branch Sinnemahoning Creek,14/04/2025,Optioservus,3
Driftwood,Driftwood Branch Sinnemahoning Creek,14/04/2025,Psephenus,8
Driftwood,Driftwood Branch Sinnemahoning Creek,14/04/2025,Atherix,2
Driftwood,Driftwood Branch Sinnemahoning Creek,14/04/2025,Chironomidae,34
Driftwood,Driftwood Branch Sinnemahoning Creek,14/04/2025,Hemerodromia,3
Driftwood,Driftwood Branch Sinnemahoning Creek,14/04/2025,Antocha,1
Driftwood,Driftwood Branch Sinnemahoning Creek,14/04/2025,Oligochaeta,4
Driftwood,Driftwood Branch Sinnemahoning Creek,14/04/2025,Hydracarina,3
Driftwood,Driftwood Branch Sinnemahoning Creek,14/04/2025,Psephenus,5
Driftwood,Driftwood Branch Sinnemahoning Creek,14/04/2025,Atherix,3
Driftwood,Driftwood Branch Sinnemahoning Creek,14/04/2025,Chironomidae,31
Driftwood,Driftwood Branch Sinnemahoning Creek,14/04/2025,Hemerodromia,2
Driftwood,Driftwood Branch Sinnemahoning Creek,14/04/2025,Antocha,2
Driftwood,Driftwood Branch Sinnemahoning Creek,14/04/2025,Nematoda,2
Driftwood,Driftwood Branch Sinnemahoning Creek,14/04/2025,Turbellaria,2
Driftwood,Driftwood Branch Sinnemahoning Creek,14/04/2025,Sphaeriidae,1
Driftwood,Driftwood Branch Sinnemahoning Creek,14/04/2025,Oligochaeta,13
Driftwood,Driftwood Branch Sinnemahoning Creek,14/04/2025,Hydracarina,4
Driftwood,Driftwood Branch Sinnemahoning Creek,14/04/2025,Ephemerella,4
Driftwood,Driftwood Branch Sinnemahoning Creek,14/04/2025,Serratella,2
Driftwood,Driftwood Branch Sinnemahoning Creek,14/04/2025,Epeorus,23
Driftwood,Driftwood Branch Sinnemahoning Creek,14/04/2025,Leucrocuta,14
Driftwood,Driftwood Branch Sinnemahoning Creek,14/04/2025,Maccaffertium,31
Driftwood,Driftwood Branch Sinnemahoning Creek,14/04/2025,Isonychia,14
Driftwood,Driftwood Branch Sinnemahoning Creek,14/04/2025,Paraleptophlebia,7
Driftwood,Driftwood Branch Sinnemahoning Creek,14/04/2025,Alloperla,2
Driftwood,Driftwood Branch Sinnemahoning Creek,14/04/2025,Sweltsa,1
Driftwood,Driftwood Branch Sinnemahoning Creek,14/04/2025,Leuctra,1
Driftwood,Driftwood Branch Sinnemahoning Creek,14/04/2025,Acroneuria,2
Driftwood,Driftwood Branch Sinnemahoning Creek,14/04/2025,Paragnetina,3
Driftwood,Driftwood Branch Sinnemahoning Creek,14/04/2025,Isogenoides,1
Driftwood,Driftwood Branch Sinnemahoning Creek,14/04/2025,Isoperla,2
Driftwood,Driftwood Branch Sinnemahoning Creek,14/04/2025,Taeniopterygidae,2
Driftwood,Driftwood Branch Sinnemahoning Creek,14/04/2025,Taeniopteryx,6
Driftwood,Driftwood Branch Sinnemahoning Creek,14/04/2025,Ceratopsyche,14
Driftwood,Driftwood Branch Sinnemahoning Creek,14/04/2025,Cheumatopsyche,12
Driftwood,Driftwood Branch Sinnemahoning Creek,14/04/2025,Psilotreta,1
Driftwood,Driftwood Branch Sinnemahoning Creek,14/04/2025,Chimarra,5
Driftwood,Driftwood Branch Sinnemahoning Creek,14/04/2025,Dolophilodes,1
Driftwood,Driftwood Branch Sinnemahoning Creek,14/04/2025,Polycentropus,1
Driftwood,Driftwood Branch Sinnemahoning Creek,14/04/2025,Neophylax,7
Driftwood,Driftwood Branch Sinnemahoning Creek,14/04/2025,Gomphidae,1
Driftwood,Driftwood Branch Sinnemahoning Creek,14/04/2025,Optioservus,2
Driftwood,Driftwood Branch Sinnemahoning Creek,14/04/2025,Hydracarina,2
Driftwood,Driftwood Branch Sinnemahoning Creek,14/04/2025,Caenis,2
Driftwood,Driftwood Branch Sinnemahoning Creek,14/04/2025,Ephemerella,4
Driftwood,Driftwood Branch Sinnemahoning Creek,14/04/2025,Eurylophella,4
Driftwood,Driftwood Branch Sinnemahoning Creek,14/04/2025,Serratella,5
Driftwood,Driftwood Branch Sinnemahoning Creek,14/04/2025,Epeorus,9
Driftwood,Driftwood Branch Sinnemahoning Creek,14/04/2025,Leucrocuta,5
Driftwood,Driftwood Branch Sinnemahoning Creek,14/04/2025,Maccaffertium,30
Driftwood,Driftwood Branch Sinnemahoning Creek,14/04/2025,Stenacron,1
Driftwood,Driftwood Branch Sinnemahoning Creek,14/04/2025,Isonychia,8
Driftwood,Driftwood Branch Sinnemahoning Creek,14/04/2025,Paraleptophlebia,19
Driftwood,Driftwood Branch Sinnemahoning Creek,14/04/2025,Paragnetina,3
Driftwood,Driftwood Branch Sinnemahoning Creek,14/04/2025,Isoperla,1
Driftwood,Driftwood Branch Sinnemahoning Creek,14/04/2025,Apatania,6
Driftwood,Driftwood Branch Sinnemahoning Creek,14/04/2025,Ceratopsyche,4
Driftwood,Driftwood Branch Sinnemahoning Creek,14/04/2025,Cheumatopsyche,24
Driftwood,Driftwood Branch Sinnemahoning Creek,14/04/2025,Lepidostoma,1
Driftwood,Driftwood Branch Sinnemahoning Creek,14/04/2025,Psilotreta,6
Driftwood,Driftwood Branch Sinnemahoning Creek,14/04/2025,Chimarra,5
Driftwood,Driftwood Branch Sinnemahoning Creek,14/04/2025,Dolophilodes,1
Driftwood,Driftwood Branch Sinnemahoning Creek,14/04/2025,Optioservus,9
Driftwood,Driftwood Branch Sinnemahoning Creek,14/04/2025,Oulimnius,2
Driftwood,Driftwood Branch Sinnemahoning Creek,14/04/2025,Stenelmis,6
Driftwood,Driftwood Branch Sinnemahoning Creek,14/04/2025,Psephenus,8
Driftwood,Driftwood Branch Sinnemahoning Creek,14/04/2025,Atherix,1
Driftwood,Driftwood Branch Sinnemahoning Creek,14/04/2025,Bezzia,1
Driftwood,Driftwood Branch Sinnemahoning Creek,14/04/2025,Chironomidae,15
Driftwood,Driftwood Branch Sinnemahoning Creek,14/04/2025,Antocha,1
Driftwood,Driftwood Branch Sinnemahoning Creek,14/04/2025,Tipula,1
Driftwood,Driftwood Branch Sinnemahoning Creek,14/04/2025,Turbellaria,8
Driftwood,Driftwood Branch Sinnemahoning Creek,14/04/2025,Sphaeriidae,1
Driftwood,Driftwood Branch Sinnemahoning Creek,14/04/2025,Oligochaeta,31
Driftwood,Driftwood Branch Sinnemahoning Creek,14/04/2025,Chironomidae,27
Driftwood,Driftwood Branch Sinnemahoning Creek,14/04/2025,Acentrella,6
Driftwood,Driftwood Branch Sinnemahoning Creek,14/04/2025,Hemerodromia,3
Driftwood,Driftwood Branch Sinnemahoning Creek,14/04/2025,Serratella,2
Driftwood,Driftwood Branch Sinnemahoning Creek,14/04/2025,Ephemerella,22
Driftwood,Driftwood Branch Sinnemahoning Creek,14/04/2025,Drunella,44
Driftwood,Driftwood Branch Sinnemahoning Creek,14/04/2025,Leucrocuta,2
Driftwood,Driftwood Branch Sinnemahoning Creek,14/04/2025,Antocha,1
Driftwood,Driftwood Branch Sinnemahoning Creek,14/04/2025,Simulium,1
Driftwood,Driftwood Branch Sinnemahoning Creek,14/04/2025,Prosimulium,27
Driftwood,Driftwood Branch Sinnemahoning Creek,14/04/2025,Oulimnius,1
Driftwood,Driftwood Branch Sinnemahoning Creek,14/04/2025,Stenelmis,1
Driftwood,Driftwood Branch Sinnemahoning Creek,14/04/2025,Isonychia,1
Driftwood,Driftwood Branch Sinnemahoning Creek,14/04/2025,Hydracarina,9
Driftwood,Driftwood Branch Sinnemahoning Creek,14/04/2025,Bezzia,1
Driftwood,Driftwood Branch Sinnemahoning Creek,14/04/2025,Polycentropus,1
Driftwood,Driftwood Branch Sinnemahoning Creek,14/04/2025,Optioservus,1
Driftwood,Driftwood Branch Sinnemahoning Creek,14/04/2025,Epeorus,4
Driftwood,Driftwood Branch Sinnemahoning Creek,14/04/2025,Maccaffertium,2
Driftwood,Driftwood Branch Sinnemahoning Creek,14/04/2025,Oligochaeta,22
Driftwood,Driftwood Branch Sinnemahoning Creek,14/04/2025,Turbellaria,1
Driftwood,Driftwood Branch Sinnemahoning Creek,14/04/2025,Nematoda,1
Driftwood,Driftwood Branch Sinnemahoning Creek,14/04/2025,Paraleptophlebia,11
Driftwood,Driftwood Branch Sinnemahoning Creek,14/04/2025,Chimarra,1
Driftwood,Driftwood Branch Sinnemahoning Creek,14/04/2025,Lepidostoma,1
Driftwood,Driftwood Branch Sinnemahoning Creek,14/04/2025,Stactobiella,1
Driftwood,Driftwood Branch Sinnemahoning Creek,14/04/2025,Cheumatopsyche,12
Driftwood,Driftwood Branch Sinnemahoning Creek,14/04/2025,Acroneuria,1
Driftwood,Driftwood Branch Sinnemahoning Creek,14/04/2025,Amphinemura,2
Driftwood,Driftwood Branch Sinnemahoning Creek,14/04/2025,Psephenus,3
EBFC,East Branch Fishing Creek,24/04/2023,Baetis,22
EBFC,East Branch Fishing Creek,24/04/2023,Leuctra,5
EBFC,East Branch Fishing Creek,24/04/2023,Hydropsyche,3
EBFC,East Branch Fishing Creek,24/04/2023,Antocha,7
EBFC,East Branch Fishing Creek,24/04/2023,Ceratopogonidae,4
EBFC,East Branch Fishing Creek,24/04/2023,Chloroperlidae,1
EBFC,East Branch Fishing Creek,24/04/2023,Cinygmula,4
EBFC,East Branch Fishing Creek,24/04/2023,Dicranota,1
EBFC,East Branch Fishing Creek,24/04/2023,Dolophilodes,2
EBFC,East Branch Fishing Creek,24/04/2023,Drunella,2
EBFC,East Branch Fishing Creek,24/04/2023,Epeorus,12
EBFC,East Branch Fishing Creek,24/04/2023,Hexatoma,3
EBFC,East Branch Fishing Creek,24/04/2023,Oulimnius,4
EBFC,East Branch Fishing Creek,24/04/2023,Leptophlebiidae,1
EBFC,East Branch Fishing Creek,24/04/2023,Maccaffertium,1
EBFC,East Branch Fishing Creek,24/04/2023,Micrasema,1
EBFC,East Branch Fishing Creek,24/04/2023,Nematoda,3
EBFC,East Branch Fishing Creek,24/04/2023,Neoplasta,1
EBFC,East Branch Fishing Creek,24/04/2023,Ephemerella,2
EBFC,East Branch Fishing Creek,24/04/2023,Trichoclinocera,1
EBFC,East Branch Fishing Creek,24/04/2023,Sweltsa,1
EBFC,East Branch Fishing Creek,24/04/2023,Rhyacophila,4
EBFC,East Branch Fishing Creek,24/04/2023,Prosimulium,8
EBFC,East Branch Fishing Creek,24/04/2023,Polycentropus,1
EBFC,East Branch Fishing Creek,24/04/2023,Chironomidae,105
EBFC,East Branch Fishing Creek,24/04/2023,Isoperla,7
EBFC,East Branch Fishing Creek,24/04/2023,Baetis,24
EBFC,East Branch Fishing Creek,24/04/2023,Ephemerella,11
EBFC,East Branch Fishing Creek,24/04/2023,Epeorus,13
EBFC,East Branch Fishing Creek,24/04/2023,Maccaffertium,14
EBFC,East Branch Fishing Creek,24/04/2023,Stenacron,1
EBFC,East Branch Fishing Creek,24/04/2023,Sweltsa,14
EBFC,East Branch Fishing Creek,24/04/2023,Leuctra,2
EBFC,East Branch Fishing Creek,24/04/2023,Isoperla,6
EBFC,East Branch Fishing Creek,24/04/2023,Apatania,1
EBFC,East Branch Fishing Creek,24/04/2023,Glossosoma,1
EBFC,East Branch Fishing Creek,24/04/2023,Ceratopsyche,11
EBFC,East Branch Fishing Creek,24/04/2023,Diplectrona,1
EBFC,East Branch Fishing Creek,24/04/2023,Lepidostoma,36
EBFC,East Branch Fishing Creek,24/04/2023,Psilotreta,1
EBFC,East Branch Fishing Creek,24/04/2023,Dolophilodes,4
EBFC,East Branch Fishing Creek,24/04/2023,Polycentropus,1
EBFC,East Branch Fishing Creek,24/04/2023,Rhyacophila,6
EBFC,East Branch Fishing Creek,24/04/2023,Nigronia,1
EBFC,East Branch Fishing Creek,24/04/2023,Oulimnius,1
EBFC,East Branch Fishing Creek,24/04/2023,Chironomidae,42
EBFC,East Branch Fishing Creek,24/04/2023,Dicranota,2
EBFC,East Branch Fishing Creek,24/04/2023,Hexatoma,9
EBFC,East Branch Fishing Creek,24/04/2023,Oligochaeta,1
EBFC,East Branch Fishing Creek,24/04/2023,Baetis,12
EBFC,East Branch Fishing Creek,24/04/2023,Ephemerella,4
EBFC,East Branch Fishing Creek,24/04/2023,Epeorus,23
EBFC,East Branch Fishing Creek,24/04/2023,Maccaffertium,7
EBFC,East Branch Fishing Creek,24/04/2023,Sweltsa,12
EBFC,East Branch Fishing Creek,24/04/2023,Leuctra,5
EBFC,East Branch Fishing Creek,24/04/2023,Tallaperla,1
EBFC,East Branch Fishing Creek,24/04/2023,Agnetina,3
EBFC,East Branch Fishing Creek,24/04/2023,Isoperla,9
EBFC,East Branch Fishing Creek,24/04/2023,Taeniopterygidae,13
EBFC,East Branch Fishing Creek,24/04/2023,Glossosoma,2
EBFC,East Branch Fishing Creek,24/04/2023,Ceratopsyche,4
EBFC,East Branch Fishing Creek,24/04/2023,Cheumatopsyche,1
EBFC,East Branch Fishing Creek,24/04/2023,Lepidostoma,17
EBFC,East Branch Fishing Creek,24/04/2023,Dolophilodes,16
EBFC,East Branch Fishing Creek,24/04/2023,Rhyacophila,12
EBFC,East Branch Fishing Creek,24/04/2023,Optioservus,3
EBFC,East Branch Fishing Creek,24/04/2023,Chironomidae,51
EBFC,East Branch Fishing Creek,24/04/2023,Chelifera,1
EBFC,East Branch Fishing Creek,24/04/2023,Dicranota,3
EBFC,East Branch Fishing Creek,24/04/2023,Hexatoma,2
EBFC,East Branch Fishing Creek,24/04/2023,Oligochaeta,10
EBFC,East Branch Fishing Creek,24/04/2023,Hydracarina,1
EBFC,East Branch Fishing Creek,24/04/2023,Amphinemura,2
EBFC,East Branch Fishing Creek,24/04/2023,Tallaperla,1
EBFC,East Branch Fishing Creek,24/04/2023,Isogenoides,1
EBFC,East Branch Fishing Creek,24/04/2023,Isoperla,9
EBFC,East Branch Fishing Creek,24/04/2023,Taeniopteryx,1
EBFC,East Branch Fishing Creek,24/04/2023,Apatania,2
EBFC,East Branch Fishing Creek,24/04/2023,Micrasema,3
EBFC,East Branch Fishing Creek,24/04/2023,Ceratopsyche,16
EBFC,East Branch Fishing Creek,24/04/2023,Baetis,6
EBFC,East Branch Fishing Creek,24/04/2023,Lepidostoma,15
EBFC,East Branch Fishing Creek,24/04/2023,Limnephilidae,3
EBFC,East Branch Fishing Creek,24/04/2023,Dolophilodes,4
EBFC,East Branch Fishing Creek,24/04/2023,Polycentropus,1
EBFC,East Branch Fishing Creek,24/04/2023,Rhyacophila,7
EBFC,East Branch Fishing Creek,24/04/2023,Neophylax,2
EBFC,East Branch Fishing Creek,24/04/2023,Gomphidae,1
EBFC,East Branch Fishing Creek,24/04/2023,Optioservus,2
EBFC,East Branch Fishing Creek,24/04/2023,Oulimnius,4
EBFC,East Branch Fishing Creek,24/04/2023,Promoresia,2
EBFC,East Branch Fishing Creek,24/04/2023,Ceratopogonidae,1
EBFC,East Branch Fishing Creek,24/04/2023,Chironomidae,39
EBFC,East Branch Fishing Creek,24/04/2023,Neoplasta,2
EBFC,East Branch Fishing Creek,24/04/2023,Antocha,2
EBFC,East Branch Fishing Creek,24/04/2023,Dicranota,3
EBFC,East Branch Fishing Creek,24/04/2023,Oligochaeta,7
EBFC,East Branch Fishing Creek,24/04/2023,Hydracarina,4
EBFC,East Branch Fishing Creek,24/04/2023,Ephemerella,21
EBFC,East Branch Fishing Creek,24/04/2023,Epeorus,43
EBFC,East Branch Fishing Creek,24/04/2023,Maccaffertium,11
EBFC,East Branch Fishing Creek,24/04/2023,Paracapnia,1
EBFC,East Branch Fishing Creek,24/04/2023,Sweltsa,12
EBFC,East Branch Fishing Creek,24/04/2023,Leuctra,4
EBFC,East Branch Fishing Creek,24/04/2023,Baetis,15
EBFC,East Branch Fishing Creek,24/04/2023,Ephemerella,25
EBFC,East Branch Fishing Creek,24/04/2023,Epeorus,3
EBFC,East Branch Fishing Creek,24/04/2023,Heptagenia,1
EBFC,East Branch Fishing Creek,24/04/2023,Maccaffertium,5
EBFC,East Branch Fishing Creek,24/04/2023,Sweltsa,19
EBFC,East Branch Fishing Creek,24/04/2023,Leuctra,6
EBFC,East Branch Fishing Creek,24/04/2023,Amphinemura,1
EBFC,East Branch Fishing Creek,24/04/2023,Agnetina,1
EBFC,East Branch Fishing Creek,24/04/2023,Paragnetina,1
EBFC,East Branch Fishing Creek,24/04/2023,Perlodidae,2
EBFC,East Branch Fishing Creek,24/04/2023,Isoperla,4
EBFC,East Branch Fishing Creek,24/04/2023,Taeniopteryx,1
EBFC,East Branch Fishing Creek,24/04/2023,Apatania,1
EBFC,East Branch Fishing Creek,24/04/2023,Adicrophleps,1
EBFC,East Branch Fishing Creek,24/04/2023,Glossosoma,1
EBFC,East Branch Fishing Creek,24/04/2023,Ceratopsyche,12
EBFC,East Branch Fishing Creek,24/04/2023,Cheumatopsyche,1
EBFC,East Branch Fishing Creek,24/04/2023,Lepidostoma,5
EBFC,East Branch Fishing Creek,24/04/2023,Dolophilodes,34
EBFC,East Branch Fishing Creek,24/04/2023,Polycentropus,1
EBFC,East Branch Fishing Creek,24/04/2023,Rhyacophila,15
EBFC,East Branch Fishing Creek,24/04/2023,Neophylax,1
EBFC,East Branch Fishing Creek,24/04/2023,Oulimnius,3
EBFC,East Branch Fishing Creek,24/04/2023,Promoresia,1
EBFC,East Branch Fishing Creek,24/04/2023,Chironomidae,39
EBFC,East Branch Fishing Creek,24/04/2023,Dicranota,1
EBFC,East Branch Fishing Creek,24/04/2023,Hexatoma,2
EBFC,East Branch Fishing Creek,24/04/2023,Tipula,1
EBFC,East Branch Fishing Creek,24/04/2023,Nematoda,1
EBFC,East Branch Fishing Creek,24/04/2023,Oligochaeta,17
EBFC,East Branch Fishing Creek,24/04/2023,Sweltsa,5
EBFC,East Branch Fishing Creek,24/04/2023,Dicranota,2
EBFC,East Branch Fishing Creek,24/04/2023,Amphinemura,20
EBFC,East Branch Fishing Creek,24/04/2023,Prosimulium,19
EBFC,East Branch Fishing Creek,24/04/2023,Bezzia,1
EBFC,East Branch Fishing Creek,24/04/2023,Promoresia,4
EBFC,East Branch Fishing Creek,24/04/2023,Oulimnius,1
EBFC,East Branch Fishing Creek,24/04/2023,Neophylax,1
EBFC,East Branch Fishing Creek,24/04/2023,Chironomidae,72
EBFC,East Branch Fishing Creek,24/04/2023,Baetis,17
EBFC,East Branch Fishing Creek,24/04/2023,Drunella,1
EBFC,East Branch Fishing Creek,24/04/2023,Ephemerella,4
EBFC,East Branch Fishing Creek,24/04/2023,Epeorus,21
EBFC,East Branch Fishing Creek,24/04/2023,Maccaffertium,2
EBFC,East Branch Fishing Creek,24/04/2023,Leuctra,10
EBFC,East Branch Fishing Creek,24/04/2023,Lepidostoma,7
EBFC,East Branch Fishing Creek,24/04/2023,Chelifera,1
EBFC,East Branch Fishing Creek,24/04/2023,Antocha,1
EBFC,East Branch Fishing Creek,24/04/2023,Hydracarina,1
EBFC,East Branch Fishing Creek,24/04/2023,Dolophilodes,1
EBFC,East Branch Fishing Creek,24/04/2023,Ceratopsyche,1
EBFC,East Branch Fishing Creek,24/04/2023,Micrasema,3
EBFC,East Branch Fishing Creek,24/04/2023,Isoperla,3
EBFC,East Branch Fishing Creek,24/04/2023,Oligochaeta,10
EBFC,East Branch Fishing Creek,24/04/2023,Paragnetina,1
EBFC,East Branch Fishing Creek,24/04/2023,Acroneuria,1
EBFC,East Branch Fishing Creek,24/04/2023,Ostrocerca,1
EBFC,East Branch Fishing Creek,24/04/2023,Polycentropus,1
EBFC,East Branch Fishing Creek,24/04/2023,Dicranota,1
EBFC,East Branch Fishing Creek,24/04/2023,Ephemerella,3
EBFC,East Branch Fishing Creek,24/04/2023,Amphinemura,13
EBFC,East Branch Fishing Creek,24/04/2023,Cinygmula,2
EBFC,East Branch Fishing Creek,24/04/2023,Maccaffertium,1
EBFC,East Branch Fishing Creek,24/04/2023,Chloroperlidae,4
EBFC,East Branch Fishing Creek,24/04/2023,Alloperla,1
EBFC,East Branch Fishing Creek,24/04/2023,Baetis,31
EBFC,East Branch Fishing Creek,24/04/2023,Acroneuria,3
EBFC,East Branch Fishing Creek,24/04/2023,Neoplasta,1
EBFC,East Branch Fishing Creek,24/04/2023,Leuctra,12
EBFC,East Branch Fishing Creek,24/04/2023,Oligochaeta,5
EBFC,East Branch Fishing Creek,24/04/2023,Cambaridae,1
EBFC,East Branch Fishing Creek,24/04/2023,Prosimulium,8
EBFC,East Branch Fishing Creek,24/04/2023,Antocha,10
EBFC,East Branch Fishing Creek,24/04/2023,Ceratopogonidae,1
EBFC,East Branch Fishing Creek,24/04/2023,Epeorus,32
EBFC,East Branch Fishing Creek,24/04/2023,Agnetina,1
EBFC,East Branch Fishing Creek,24/04/2023,Chironomidae,46
EBFC,East Branch Fishing Creek,24/04/2023,Promoresia,1
EBFC,East Branch Fishing Creek,24/04/2023,Oulimnius,10
EBFC,East Branch Fishing Creek,24/04/2023,Neophylax,3
EBFC,East Branch Fishing Creek,24/04/2023,Rhyacophila,3
EBFC,East Branch Fishing Creek,24/04/2023,Polycentropus,2
EBFC,East Branch Fishing Creek,24/04/2023,Lepidostoma,3
EBFC,East Branch Fishing Creek,24/04/2023,Ceratopsyche,1
EBFC,East Branch Fishing Creek,24/04/2023,Micrasema,2
EBFC,East Branch Fishing Creek,24/04/2023,Isoperla,6
EBFC,East Branch Fishing Creek,24/04/2023,Sweltsa,2
EBFC,East Branch Fishing Creek,24/04/2023,Alloperla,3
EBFC,East Branch Fishing Creek,24/04/2023,Amphinemura,6
EBFC,East Branch Fishing Creek,24/04/2023,Antocha,2
EBFC,East Branch Fishing Creek,24/04/2023,Ceratopsyche,5
EBFC,East Branch Fishing Creek,24/04/2023,Drunella,1
EBFC,East Branch Fishing Creek,24/04/2023,Epeorus,85
EBFC,East Branch Fishing Creek,24/04/2023,Leuctra,7
EBFC,East Branch Fishing Creek,24/04/2023,Neoplasta,1
EBFC,East Branch Fishing Creek,24/04/2023,Oligochaeta,1
EBFC,East Branch Fishing Creek,24/04/2023,Oulimnius,2
EBFC,East Branch Fishing Creek,24/04/2023,Polycentropus,3
EBFC,East Branch Fishing Creek,24/04/2023,Rhyacophila,3
EBFC,East Branch Fishing Creek,24/04/2023,Stenacron,1
EBFC,East Branch Fishing Creek,24/04/2023,Sweltsa,9
EBFC,East Branch Fishing Creek,24/04/2023,Ameletus,1
EBFC,East Branch Fishing Creek,24/04/2023,Baetis,12
EBFC,East Branch Fishing Creek,24/04/2023,Ceratopogonidae,1
EBFC,East Branch Fishing Creek,24/04/2023,Chironomidae,34
EBFC,East Branch Fishing Creek,24/04/2023,Chloroperlidae,8
EBFC,East Branch Fishing Creek,24/04/2023,Cinygmula,2
EBFC,East Branch Fishing Creek,24/04/2023,Ephemerella,5
EBFC,East Branch Fishing Creek,24/04/2023,Hexatoma,1
EBFC,East Branch Fishing Creek,24/04/2023,Lepidostoma,3
EBFC,East Branch Fishing Creek,24/04/2023,Perlodidae,3
EBFC,East Branch Fishing Creek,24/04/2023,Promoresia,1
EBFC,East Branch Fishing Creek,24/04/2023,Prosimulium,2
EBFC,East Branch Fishing Creek,24/04/2023,Taenionema,1
EBFC,East Branch Fishing Creek,24/04/2023,Amphinemura,7
EBFC,East Branch Fishing Creek,24/04/2023,Acroneuria,1
EBFC,East Branch Fishing Creek,24/04/2023,Sweltsa,15
EBFC,East Branch Fishing Creek,24/04/2023,Alloperla,1
EBFC,East Branch Fishing Creek,24/04/2023,Ephemerella,8
EBFC,East Branch Fishing Creek,24/04/2023,Epeorus,40
EBFC,East Branch Fishing Creek,24/04/2023,Baetis,26
EBFC,East Branch Fishing Creek,24/04/2023,Cinygmula,2
EBFC,East Branch Fishing Creek,24/04/2023,Acentrella,1
EBFC,East Branch Fishing Creek,24/04/2023,Maccaffertium,6
EBFC,East Branch Fishing Creek,24/04/2023,Lepidostoma,1
EBFC,East Branch Fishing Creek,24/04/2023,Isoperla,1
EBFC,East Branch Fishing Creek,24/04/2023,Cheumatopsyche,2
EBFC,East Branch Fishing Creek,24/04/2023,Heptageniidae,1
EBFC,East Branch Fishing Creek,24/04/2023,Polycentropus,1
EBFC,East Branch Fishing Creek,24/04/2023,Ameletus,2
EBFC,East Branch Fishing Creek,24/04/2023,Diplectrona,1
EBFC,East Branch Fishing Creek,24/04/2023,Neophylax,1
EBFC,East Branch Fishing Creek,24/04/2023,Dolophilodes,4
EBFC,East Branch Fishing Creek,24/04/2023,Rhyacophila,10
EBFC,East Branch Fishing Creek,24/04/2023,Hydropsyche,6
EBFC,East Branch Fishing Creek,24/04/2023,Leuctra,16
EBFC,East Branch Fishing Creek,24/04/2023,Chironomidae,24
EBFC,East Branch Fishing Creek,24/04/2023,Prosimulium,14
EBFC,East Branch Fishing Creek,24/04/2023,Hexatoma,2
EBFC,East Branch Fishing Creek,24/04/2023,Boyeria,2
EBFC,East Branch Fishing Creek,24/04/2023,Oulimnius,2
EBFC,East Branch Fishing Creek,24/04/2023,Optioservus,2
EBOT 5.4,East Branch Octoraro Creek,29/04/2025,Sphaeriidae,1
EBOT 5.4,East Branch Octoraro Creek,29/04/2025,Oligochaeta,6
EBOT 5.4,East Branch Octoraro Creek,29/04/2025,Chironomidae,164
EBOT 5.4,East Branch Octoraro Creek,29/04/2025,Maccaffertium,2
EBOT 5.4,East Branch Octoraro Creek,29/04/2025,Caenis,1
EBOT 5.4,East Branch Octoraro Creek,29/04/2025,Stenelmis,8
EBOT 5.4,East Branch Octoraro Creek,29/04/2025,Hydroptila,3
EBOT 5.4,East Branch Octoraro Creek,29/04/2025,Teloganopsis,1
EBOT 5.4,East Branch Octoraro Creek,29/04/2025,Hydropsyche,2
EBOT 5.4,East Branch Octoraro Creek,29/04/2025,Anthopotamus,1
EBOT 5.4,East Branch Octoraro Creek,29/04/2025,Gammarus,3
EBOT 5.4,East Branch Octoraro Creek,29/04/2025,Leucrocuta,1
EBOT 5.4,East Branch Octoraro Creek,29/04/2025,Physella,7
EBOT 5.4,East Branch Octoraro Creek,29/04/2025,Oecetis,3
EBOT 5.4,East Branch Octoraro Creek,29/04/2025,Iswaeon,7
EBOT 5.4,East Branch Octoraro Creek,29/04/2025,Hydracarina,1
EBOT 5.4,East Branch Octoraro Creek,29/04/2025,Teloganopsis,3
EBOT 5.4,East Branch Octoraro Creek,29/04/2025,Stenelmis,33
EBOT 5.4,East Branch Octoraro Creek,29/04/2025,Simulium,1
EBOT 5.4,East Branch Octoraro Creek,29/04/2025,Psephenus,3
EBOT 5.4,East Branch Octoraro Creek,29/04/2025,Prostoma,2
EBOT 5.4,East Branch Octoraro Creek,29/04/2025,Plauditus,3
EBOT 5.4,East Branch Octoraro Creek,29/04/2025,Perlesta,1
EBOT 5.4,East Branch Octoraro Creek,29/04/2025,Oulimnius,1
EBOT 5.4,East Branch Octoraro Creek,29/04/2025,Oligochaeta,26
EBOT 5.4,East Branch Octoraro Creek,29/04/2025,Argia,1
EBOT 5.4,East Branch Octoraro Creek,29/04/2025,Nematoda,1
EBOT 5.4,East Branch Octoraro Creek,29/04/2025,Maccaffertium,8
EBOT 5.4,East Branch Octoraro Creek,29/04/2025,Leucrocuta,5
EBOT 5.4,East Branch Octoraro Creek,29/04/2025,Lepidostoma,2
EBOT 5.4,East Branch Octoraro Creek,29/04/2025,Helicopsyche,2
EBOT 5.4,East Branch Octoraro Creek,29/04/2025,Corbicula,2
EBOT 5.4,East Branch Octoraro Creek,29/04/2025,Chironomidae,72
EBOT 5.4,East Branch Octoraro Creek,29/04/2025,Chimarra,1
EBOT 5.4,East Branch Octoraro Creek,29/04/2025,Caenis,6
EBOT 5.4,East Branch Octoraro Creek,29/04/2025,Baetis,29
EBOT 5.4,East Branch Octoraro Creek,29/04/2025,Optioservus,1
EBOT 5.4,East Branch Octoraro Creek,29/04/2025,Gammarus,4
EBOT 5.4,East Branch Octoraro Creek,29/04/2025,Anthopotamus,3
EBOT 5.4,East Branch Octoraro Creek,29/04/2025,Caecidotea,1
EBOT 5.4,East Branch Octoraro Creek,29/04/2025,Caenis,20
EBOT 5.4,East Branch Octoraro Creek,29/04/2025,Ceratopogonidae,1
EBOT 5.4,East Branch Octoraro Creek,29/04/2025,Chironomidae,74
EBOT 5.4,East Branch Octoraro Creek,29/04/2025,Corbicula,2
EBOT 5.4,East Branch Octoraro Creek,29/04/2025,Crangonyx,1
EBOT 5.4,East Branch Octoraro Creek,29/04/2025,Dubiraphia,1
EBOT 5.4,East Branch Octoraro Creek,29/04/2025,Erpobdella,1
EBOT 5.4,East Branch Octoraro Creek,29/04/2025,Gammarus,3
EBOT 5.4,East Branch Octoraro Creek,29/04/2025,Helicopsyche,11
EBOT 5.4,East Branch Octoraro Creek,29/04/2025,Hemerodromia,1
EBOT 5.4,East Branch Octoraro Creek,29/04/2025,Hydropsyche,5
EBOT 5.4,East Branch Octoraro Creek,29/04/2025,Hydroptila,1
EBOT 5.4,East Branch Octoraro Creek,29/04/2025,Leucrocuta,1
EBOT 5.4,East Branch Octoraro Creek,29/04/2025,Maccaffertium,4
EBOT 5.4,East Branch Octoraro Creek,29/04/2025,Mystacides,5
EBOT 5.4,East Branch Octoraro Creek,29/04/2025,Nematoda,1
EBOT 5.4,East Branch Octoraro Creek,29/04/2025,Oligochaeta,8
EBOT 5.4,East Branch Octoraro Creek,29/04/2025,Psephenus,4
EBOT 5.4,East Branch Octoraro Creek,29/04/2025,Simulium,2
EBOT 5.4,East Branch Octoraro Creek,29/04/2025,Sphaeriidae,3
EBOT 5.4,East Branch Octoraro Creek,29/04/2025,Stenelmis,66
EBOT 5.4,East Branch Octoraro Creek,29/04/2025,Teloganopsis,8
EBOT 5.4,East Branch Octoraro Creek,29/04/2025,Hydracarina,1
EBWC 0.1,East Branch Wyalusing Creek,12/04/2016,Acentrella,5
EBWC 0.1,East Branch Wyalusing Creek,12/04/2016,Baetis,3
EBWC 0.1,East Branch Wyalusing Creek,12/04/2016,Plauditus,4
EBWC 0.1,East Branch Wyalusing Creek,12/04/2016,Ephemerella,7
EBWC 0.1,East Branch Wyalusing Creek,12/04/2016,Eurylophella,2
EBWC 0.1,East Branch Wyalusing Creek,12/04/2016,Serratella,4
EBWC 0.1,East Branch Wyalusing Creek,12/04/2016,Leucrocuta,3
EBWC 0.1,East Branch Wyalusing Creek,12/04/2016,Maccaffertium,15
EBWC 0.1,East Branch Wyalusing Creek,12/04/2016,Stenacron,1
EBWC 0.1,East Branch Wyalusing Creek,12/04/2016,Isonychia,43
EBWC 0.1,East Branch Wyalusing Creek,12/04/2016,Paraleptophlebia,1
EBWC 0.1,East Branch Wyalusing Creek,12/04/2016,Acroneuria,1
EBWC 0.1,East Branch Wyalusing Creek,12/04/2016,Paragnetina,1
EBWC 0.1,East Branch Wyalusing Creek,12/04/2016,Taeniopteryx,1
EBWC 0.1,East Branch Wyalusing Creek,12/04/2016,Ceratopsyche,25
EBWC 0.1,East Branch Wyalusing Creek,12/04/2016,Cheumatopsyche,25
EBWC 0.1,East Branch Wyalusing Creek,12/04/2016,Chimarra,5
EBWC 0.1,East Branch Wyalusing Creek,12/04/2016,Polycentropus,1
EBWC 0.1,East Branch Wyalusing Creek,12/04/2016,Argia,1
EBWC 0.1,East Branch Wyalusing Creek,12/04/2016,Gomphidae,1
EBWC 0.1,East Branch Wyalusing Creek,12/04/2016,Optioservus,6
EBWC 0.1,East Branch Wyalusing Creek,12/04/2016,Oulimnius,2
EBWC 0.1,East Branch Wyalusing Creek,12/04/2016,Stenelmis,3
EBWC 0.1,East Branch Wyalusing Creek,12/04/2016,Psephenus,16
EBWC 0.1,East Branch Wyalusing Creek,12/04/2016,Atherix,2
EBWC 0.1,East Branch Wyalusing Creek,12/04/2016,Chironomidae,27
EBWC 0.1,East Branch Wyalusing Creek,12/04/2016,Antocha,5
EBWC 0.1,East Branch Wyalusing Creek,12/04/2016,Turbellaria,3
EBWC 0.1,East Branch Wyalusing Creek,12/04/2016,Oligochaeta,2
EBWC 0.1,East Branch Wyalusing Creek,12/04/2016,Hydracarina,5
EBWC 0.1,East Branch Wyalusing Creek,12/04/2016,Ephemerella,11
EBWC 0.1,East Branch Wyalusing Creek,12/04/2016,Serratella,9
EBWC 0.1,East Branch Wyalusing Creek,12/04/2016,Leucrocuta,1
EBWC 0.1,East Branch Wyalusing Creek,12/04/2016,Maccaffertium,9
EBWC 0.1,East Branch Wyalusing Creek,12/04/2016,Isonychia,40
EBWC 0.1,East Branch Wyalusing Creek,12/04/2016,Paracapnia,1
EBWC 0.1,East Branch Wyalusing Creek,12/04/2016,Acroneuria,4
EBWC 0.1,East Branch Wyalusing Creek,12/04/2016,Paragnetina,2
EBWC 0.1,East Branch Wyalusing Creek,12/04/2016,Taeniopterygidae,2
EBWC 0.1,East Branch Wyalusing Creek,12/04/2016,Taeniopteryx,15
EBWC 0.1,East Branch Wyalusing Creek,12/04/2016,Glossosoma,1
EBWC 0.1,East Branch Wyalusing Creek,12/04/2016,Ceratopsyche,44
EBWC 0.1,East Branch Wyalusing Creek,12/04/2016,Cheumatopsyche,15
EBWC 0.1,East Branch Wyalusing Creek,12/04/2016,Leucotrichia,3
EBWC 0.1,East Branch Wyalusing Creek,12/04/2016,Pycnopsyche,1
EBWC 0.1,East Branch Wyalusing Creek,12/04/2016,Chimarra,2
EBWC 0.1,East Branch Wyalusing Creek,12/04/2016,Neureclipsis,1
EBWC 0.1,East Branch Wyalusing Creek,12/04/2016,Psychomyia,1
EBWC 0.1,East Branch Wyalusing Creek,12/04/2016,Argia,1
EBWC 0.1,East Branch Wyalusing Creek,12/04/2016,Corydalus,1
EBWC 0.1,East Branch Wyalusing Creek,12/04/2016,Optioservus,11
EBWC 0.1,East Branch Wyalusing Creek,12/04/2016,Stenelmis,3
EBWC 0.1,East Branch Wyalusing Creek,12/04/2016,Psephenus,4
EBWC 0.1,East Branch Wyalusing Creek,12/04/2016,Chironomidae,19
EBWC 0.1,East Branch Wyalusing Creek,12/04/2016,Hemerodromia,1
EBWC 0.1,East Branch Wyalusing Creek,12/04/2016,Antocha,4
EBWC 0.1,East Branch Wyalusing Creek,12/04/2016,Nemertea,4
EBWC 0.1,East Branch Wyalusing Creek,12/04/2016,Nematoda,1
EBWC 0.1,East Branch Wyalusing Creek,12/04/2016,Oligochaeta,1
EBWC 0.1,East Branch Wyalusing Creek,12/04/2016,Hydracarina,9
EBWC 0.1,East Branch Wyalusing Creek,12/04/2016,Ephemerella,25
EBWC 0.1,East Branch Wyalusing Creek,12/04/2016,Eurylophella,2
EBWC 0.1,East Branch Wyalusing Creek,12/04/2016,Serratella,35
EBWC 0.1,East Branch Wyalusing Creek,12/04/2016,Leucrocuta,14
EBWC 0.1,East Branch Wyalusing Creek,12/04/2016,Maccaffertium,27
EBWC 0.1,East Branch Wyalusing Creek,12/04/2016,Isonychia,21
EBWC 0.1,East Branch Wyalusing Creek,12/04/2016,Paraleptophlebia,1
EBWC 0.1,East Branch Wyalusing Creek,12/04/2016,Allocapnia,1
EBWC 0.1,East Branch Wyalusing Creek,12/04/2016,Acroneuria,2
EBWC 0.1,East Branch Wyalusing Creek,12/04/2016,Paragnetina,2
EBWC 0.1,East Branch Wyalusing Creek,12/04/2016,Taeniopteryx,7
EBWC 0.1,East Branch Wyalusing Creek,12/04/2016,Glossosoma,1
EBWC 0.1,East Branch Wyalusing Creek,12/04/2016,Ceratopsyche,18
EBWC 0.1,East Branch Wyalusing Creek,12/04/2016,Cheumatopsyche,22
EBWC 0.1,East Branch Wyalusing Creek,12/04/2016,Acentrella,2
EBWC 0.1,East Branch Wyalusing Creek,12/04/2016,Limnephilidae,1
EBWC 0.1,East Branch Wyalusing Creek,12/04/2016,Chimarra,5
EBWC 0.1,East Branch Wyalusing Creek,12/04/2016,Argia,1
EBWC 0.1,East Branch Wyalusing Creek,12/04/2016,Corydalus,1
EBWC 0.1,East Branch Wyalusing Creek,12/04/2016,Optioservus,10
EBWC 0.1,East Branch Wyalusing Creek,12/04/2016,Stenelmis,3
EBWC 0.1,East Branch Wyalusing Creek,12/04/2016,Ectopria,1
EBWC 0.1,East Branch Wyalusing Creek,12/04/2016,Psephenus,10
EBWC 0.1,East Branch Wyalusing Creek,12/04/2016,Atherix,1
EBWC 0.1,East Branch Wyalusing Creek,12/04/2016,Chironomidae,6
EBWC 0.1,East Branch Wyalusing Creek,12/04/2016,Antocha,3
EBWC 0.1,East Branch Wyalusing Creek,12/04/2016,Turbellaria,6
EBWC 0.1,East Branch Wyalusing Creek,12/04/2016,Sphaeriidae,1
EBWC 0.1,East Branch Wyalusing Creek,12/04/2016,Oligochaeta,4
EBWC 0.1,East Branch Wyalusing Creek,12/04/2016,Hydracarina,3
EBWC 0.1,East Branch Wyalusing Creek,12/04/2016,Hydracarina,25
EBWC 0.1,East Branch Wyalusing Creek,12/04/2016,Ephemerella,6
EBWC 0.1,East Branch Wyalusing Creek,12/04/2016,Serratella,19
EBWC 0.1,East Branch Wyalusing Creek,12/04/2016,Leucrocuta,7
EBWC 0.1,East Branch Wyalusing Creek,12/04/2016,Maccaffertium,10
EBWC 0.1,East Branch Wyalusing Creek,12/04/2016,Isonychia,48
EBWC 0.1,East Branch Wyalusing Creek,12/04/2016,Acroneuria,2
EBWC 0.1,East Branch Wyalusing Creek,12/04/2016,Paragnetina,1
EBWC 0.1,East Branch Wyalusing Creek,12/04/2016,Taeniopteryx,2
EBWC 0.1,East Branch Wyalusing Creek,12/04/2016,Ceratopsyche,17
EBWC 0.1,East Branch Wyalusing Creek,12/04/2016,Cheumatopsyche,29
EBWC 0.1,East Branch Wyalusing Creek,12/04/2016,Hydroptila,3
EBWC 0.1,East Branch Wyalusing Creek,12/04/2016,Chimarra,2
EBWC 0.1,East Branch Wyalusing Creek,12/04/2016,Argia,2
EBWC 0.1,East Branch Wyalusing Creek,12/04/2016,Optioservus,15
EBWC 0.1,East Branch Wyalusing Creek,12/04/2016,Stenelmis,1
EBWC 0.1,East Branch Wyalusing Creek,12/04/2016,Psephenus,14
EBWC 0.1,East Branch Wyalusing Creek,12/04/2016,Atherix,1
EBWC 0.1,East Branch Wyalusing Creek,12/04/2016,Chironomidae,17
EBWC 0.1,East Branch Wyalusing Creek,12/04/2016,Hemerodromia,4
EBWC 0.1,East Branch Wyalusing Creek,12/04/2016,Roederiodes,1
EBWC 0.1,East Branch Wyalusing Creek,12/04/2016,Antocha,1
EBWC 0.1,East Branch Wyalusing Creek,12/04/2016,Nemertea,1
EBWC 0.1,East Branch Wyalusing Creek,12/04/2016,Nematoda,2
EBWC 0.1,East Branch Wyalusing Creek,12/04/2016,Turbellaria,1
EBWC 0.1,East Branch Wyalusing Creek,12/04/2016,Crangonyx,1
EBWC 0.1,East Branch Wyalusing Creek,12/04/2016,Maccaffertium,12
EBWC 0.1,East Branch Wyalusing Creek,12/04/2016,Stenacron,18
EBWC 0.1,East Branch Wyalusing Creek,12/04/2016,Drunella,3
EBWC 0.1,East Branch Wyalusing Creek,12/04/2016,Leucrocuta,20
EBWC 0.1,East Branch Wyalusing Creek,12/04/2016,Ephemera,2
EBWC 0.1,East Branch Wyalusing Creek,12/04/2016,Serratella,4
EBWC 0.1,East Branch Wyalusing Creek,12/04/2016,Antocha,1
EBWC 0.1,East Branch Wyalusing Creek,12/04/2016,Ephemerella,7
EBWC 0.1,East Branch Wyalusing Creek,12/04/2016,Caenis,2
EBWC 0.1,East Branch Wyalusing Creek,12/04/2016,Paraleptophlebia,1
EBWC 0.1,East Branch Wyalusing Creek,12/04/2016,Crangonyx,3
EBWC 0.1,East Branch Wyalusing Creek,12/04/2016,Eurylophella,5
EBWC 0.1,East Branch Wyalusing Creek,12/04/2016,Amphinemura,1
EBWC 0.1,East Branch Wyalusing Creek,12/04/2016,Hydracarina,9
EBWC 0.1,East Branch Wyalusing Creek,12/04/2016,Isonychia,12
EBWC 0.1,East Branch Wyalusing Creek,12/04/2016,Chironomidae,90
EBWC 0.1,East Branch Wyalusing Creek,12/04/2016,Prostoia,1
EBWC 0.1,East Branch Wyalusing Creek,12/04/2016,Optioservus,3
EBWC 0.1,East Branch Wyalusing Creek,12/04/2016,Turbellaria,2
EBWC 0.1,East Branch Wyalusing Creek,12/04/2016,Psephenus,8
EBWC 0.1,East Branch Wyalusing Creek,12/04/2016,Oligochaeta,4
EBWC 0.1,East Branch Wyalusing Creek,12/04/2016,Polycentropus,1
EBWC 0.1,East Branch Wyalusing Creek,12/04/2016,Chimarra,1
EBWC 0.1,East Branch Wyalusing Creek,12/04/2016,Cheumatopsyche,5
EBWC 0.1,East Branch Wyalusing Creek,12/04/2016,Ceratopsyche,1
EBWC 0.1,East Branch Wyalusing Creek,12/04/2016,Clinocera,3
East Fork,East Fork First Fork Sinnemahoning Creek,26/04/2023,Cheumatopsyche,4
East Fork,East Fork First Fork Sinnemahoning Creek,26/04/2023,Isoperla,2
East Fork,East Fork First Fork Sinnemahoning Creek,26/04/2023,Leptophlebiidae,5
East Fork,East Fork First Fork Sinnemahoning Creek,26/04/2023,Leuctra,8
East Fork,East Fork First Fork Sinnemahoning Creek,26/04/2023,Maccaffertium,4
East Fork,East Fork First Fork Sinnemahoning Creek,26/04/2023,Psephenus,5
East Fork,East Fork First Fork Sinnemahoning Creek,26/04/2023,Nigronia,3
East Fork,East Fork First Fork Sinnemahoning Creek,26/04/2023,Hexatoma,3
East Fork,East Fork First Fork Sinnemahoning Creek,26/04/2023,Optioservus,12
East Fork,East Fork First Fork Sinnemahoning Creek,26/04/2023,Turbellaria,1
East Fork,East Fork First Fork Sinnemahoning Creek,26/04/2023,Teloganopsis,5
East Fork,East Fork First Fork Sinnemahoning Creek,26/04/2023,Psilotreta,6
East Fork,East Fork First Fork Sinnemahoning Creek,26/04/2023,Oligochaeta,1
East Fork,East Fork First Fork Sinnemahoning Creek,26/04/2023,Oulimnius,6
East Fork,East Fork First Fork Sinnemahoning Creek,26/04/2023,Neophylax,6
East Fork,East Fork First Fork Sinnemahoning Creek,26/04/2023,Hydropsyche,5
East Fork,East Fork First Fork Sinnemahoning Creek,26/04/2023,Baetis,3
East Fork,East Fork First Fork Sinnemahoning Creek,26/04/2023,Paragnetina,1
East Fork,East Fork First Fork Sinnemahoning Creek,26/04/2023,Epeorus,6
East Fork,East Fork First Fork Sinnemahoning Creek,26/04/2023,Ephemerella,38
East Fork,East Fork First Fork Sinnemahoning Creek,26/04/2023,Acentrella,12
East Fork,East Fork First Fork Sinnemahoning Creek,26/04/2023,Agapetus,2
East Fork,East Fork First Fork Sinnemahoning Creek,26/04/2023,Ceratopogonidae,2
East Fork,East Fork First Fork Sinnemahoning Creek,26/04/2023,Chironomidae,23
East Fork,East Fork First Fork Sinnemahoning Creek,26/04/2023,Cinygmula,9
East Fork,East Fork First Fork Sinnemahoning Creek,26/04/2023,Drunella,20
East Fork,East Fork First Fork Sinnemahoning Creek,26/04/2023,Gonomyia,1
East Fork,East Fork First Fork Sinnemahoning Creek,26/04/2023,Haploperla,2
East Fork,East Fork First Fork Sinnemahoning Creek,26/04/2023,Isonychia,15
East Fork,East Fork First Fork Sinnemahoning Creek,26/04/2023,Acentrella,19
East Fork,East Fork First Fork Sinnemahoning Creek,26/04/2023,Acroneuria,3
East Fork,East Fork First Fork Sinnemahoning Creek,26/04/2023,Alloperla,1
East Fork,East Fork First Fork Sinnemahoning Creek,26/04/2023,Baetis,5
East Fork,East Fork First Fork Sinnemahoning Creek,26/04/2023,Bezzia,1
East Fork,East Fork First Fork Sinnemahoning Creek,26/04/2023,Cambarus,1
East Fork,East Fork First Fork Sinnemahoning Creek,26/04/2023,Cheumatopsyche,2
East Fork,East Fork First Fork Sinnemahoning Creek,26/04/2023,Chironomidae,11
East Fork,East Fork First Fork Sinnemahoning Creek,26/04/2023,Cinygmula,23
East Fork,East Fork First Fork Sinnemahoning Creek,26/04/2023,Cyrnellus,1
East Fork,East Fork First Fork Sinnemahoning Creek,26/04/2023,Diplectrona,1
East Fork,East Fork First Fork Sinnemahoning Creek,26/04/2023,Drunella,35
East Fork,East Fork First Fork Sinnemahoning Creek,26/04/2023,Epeorus,24
East Fork,East Fork First Fork Sinnemahoning Creek,26/04/2023,Ephemerella,38
East Fork,East Fork First Fork Sinnemahoning Creek,26/04/2023,Hexatoma,3
East Fork,East Fork First Fork Sinnemahoning Creek,26/04/2023,Hydropsyche,6
East Fork,East Fork First Fork Sinnemahoning Creek,26/04/2023,Isonychia,3
East Fork,East Fork First Fork Sinnemahoning Creek,26/04/2023,Leuctra,2
East Fork,East Fork First Fork Sinnemahoning Creek,26/04/2023,Micrasema,1
East Fork,East Fork First Fork Sinnemahoning Creek,26/04/2023,Molophilus,3
East Fork,East Fork First Fork Sinnemahoning Creek,26/04/2023,Neophylax,3
East Fork,East Fork First Fork Sinnemahoning Creek,26/04/2023,Optioservus,10
East Fork,East Fork First Fork Sinnemahoning Creek,26/04/2023,Paraleptophlebia,23
East Fork,East Fork First Fork Sinnemahoning Creek,26/04/2023,Polycentropus,1
East Fork,East Fork First Fork Sinnemahoning Creek,26/04/2023,Psilotreta,1
East Fork,East Fork First Fork Sinnemahoning Creek,26/04/2023,Serratella,2
East Fork,East Fork First Fork Sinnemahoning Creek,26/04/2023,Stenacron,1
East Fork,East Fork First Fork Sinnemahoning Creek,26/04/2023,Acentrella,5
East Fork,East Fork First Fork Sinnemahoning Creek,26/04/2023,Ephemerella,13
East Fork,East Fork First Fork Sinnemahoning Creek,26/04/2023,Eurylophella,2
East Fork,East Fork First Fork Sinnemahoning Creek,26/04/2023,Serratella,8
East Fork,East Fork First Fork Sinnemahoning Creek,26/04/2023,Epeorus,6
East Fork,East Fork First Fork Sinnemahoning Creek,26/04/2023,Maccaffertium,11
East Fork,East Fork First Fork Sinnemahoning Creek,26/04/2023,Rhithrogena,1
East Fork,East Fork First Fork Sinnemahoning Creek,26/04/2023,Isonychia,23
East Fork,East Fork First Fork Sinnemahoning Creek,26/04/2023,Paraleptophlebia,40
East Fork,East Fork First Fork Sinnemahoning Creek,26/04/2023,Allocapnia,1
East Fork,East Fork First Fork Sinnemahoning Creek,26/04/2023,Leuctra,3
East Fork,East Fork First Fork Sinnemahoning Creek,26/04/2023,Acroneuria,1
East Fork,East Fork First Fork Sinnemahoning Creek,26/04/2023,Paragnetina,1
East Fork,East Fork First Fork Sinnemahoning Creek,26/04/2023,Perlodidae,1
East Fork,East Fork First Fork Sinnemahoning Creek,26/04/2023,Isogenoides,2
East Fork,East Fork First Fork Sinnemahoning Creek,26/04/2023,Isoperla,20
East Fork,East Fork First Fork Sinnemahoning Creek,26/04/2023,Taeniopterygidae,2
East Fork,East Fork First Fork Sinnemahoning Creek,26/04/2023,Taeniopteryx,7
East Fork,East Fork First Fork Sinnemahoning Creek,26/04/2023,Glossosoma,1
East Fork,East Fork First Fork Sinnemahoning Creek,26/04/2023,Ceratopsyche,7
East Fork,East Fork First Fork Sinnemahoning Creek,26/04/2023,Cheumatopsyche,29
East Fork,East Fork First Fork Sinnemahoning Creek,26/04/2023,Lepidostoma,5
East Fork,East Fork First Fork Sinnemahoning Creek,26/04/2023,Psilotreta,1
East Fork,East Fork First Fork Sinnemahoning Creek,26/04/2023,Dolophilodes,5
East Fork,East Fork First Fork Sinnemahoning Creek,26/04/2023,Nigronia,2
East Fork,East Fork First Fork Sinnemahoning Creek,26/04/2023,Optioservus,5
East Fork,East Fork First Fork Sinnemahoning Creek,26/04/2023,Oulimnius,1
East Fork,East Fork First Fork Sinnemahoning Creek,26/04/2023,Psephenus,1
East Fork,East Fork First Fork Sinnemahoning Creek,26/04/2023,Atherix,1
East Fork,East Fork First Fork Sinnemahoning Creek,26/04/2023,Chironomidae,16
East Fork,East Fork First Fork Sinnemahoning Creek,26/04/2023,Antocha,4
East Fork,East Fork First Fork Sinnemahoning Creek,26/04/2023,Hydracarina,2
East Fork,East Fork First Fork Sinnemahoning Creek,26/04/2023,Acentrella,1
East Fork,East Fork First Fork Sinnemahoning Creek,26/04/2023,Ephemerella,21
East Fork,East Fork First Fork Sinnemahoning Creek,26/04/2023,Serratella,2
East Fork,East Fork First Fork Sinnemahoning Creek,26/04/2023,Epeorus,14
East Fork,East Fork First Fork Sinnemahoning Creek,26/04/2023,Leucrocuta,3
East Fork,East Fork First Fork Sinnemahoning Creek,26/04/2023,Maccaffertium,2
East Fork,East Fork First Fork Sinnemahoning Creek,26/04/2023,Rhithrogena,3
East Fork,East Fork First Fork Sinnemahoning Creek,26/04/2023,Isonychia,8
East Fork,East Fork First Fork Sinnemahoning Creek,26/04/2023,Paraleptophlebia,43
East Fork,East Fork First Fork Sinnemahoning Creek,26/04/2023,Allocapnia,1
East Fork,East Fork First Fork Sinnemahoning Creek,26/04/2023,Paracapnia,1
East Fork,East Fork First Fork Sinnemahoning Creek,26/04/2023,Leuctra,4
East Fork,East Fork First Fork Sinnemahoning Creek,26/04/2023,Acroneuria,2
East Fork,East Fork First Fork Sinnemahoning Creek,26/04/2023,Paragnetina,1
East Fork,East Fork First Fork Sinnemahoning Creek,26/04/2023,Isoperla,19
East Fork,East Fork First Fork Sinnemahoning Creek,26/04/2023,Taeniopteryx,1
East Fork,East Fork First Fork Sinnemahoning Creek,26/04/2023,Ceratopsyche,19
East Fork,East Fork First Fork Sinnemahoning Creek,26/04/2023,Cheumatopsyche,12
East Fork,East Fork First Fork Sinnemahoning Creek,26/04/2023,Diplectrona,1
East Fork,East Fork First Fork Sinnemahoning Creek,26/04/2023,Lepidostoma,3
East Fork,East Fork First Fork Sinnemahoning Creek,26/04/2023,Dolophilodes,4
East Fork,East Fork First Fork Sinnemahoning Creek,26/04/2023,Neophylax,3
East Fork,East Fork First Fork Sinnemahoning Creek,26/04/2023,Optioservus,9
East Fork,East Fork First Fork Sinnemahoning Creek,26/04/2023,Psephenus,1
East Fork,East Fork First Fork Sinnemahoning Creek,26/04/2023,Chironomidae,43
East Fork,East Fork First Fork Sinnemahoning Creek,26/04/2023,Simulium,2
East Fork,East Fork First Fork Sinnemahoning Creek,26/04/2023,Antocha,3
East Fork,East Fork First Fork Sinnemahoning Creek,26/04/2023,Hexatoma,1
East Fork,East Fork First Fork Sinnemahoning Creek,26/04/2023,Turbellaria,3
East Fork,East Fork First Fork Sinnemahoning Creek,26/04/2023,Cambaridae,1
East Fork,East Fork First Fork Sinnemahoning Creek,26/04/2023,Hydracarina,1
East Fork,East Fork First Fork Sinnemahoning Creek,26/04/2023,Ephemerella,5
East Fork,East Fork First Fork Sinnemahoning Creek,26/04/2023,Serratella,5
East Fork,East Fork First Fork Sinnemahoning Creek,26/04/2023,Ephemera,1
East Fork,East Fork First Fork Sinnemahoning Creek,26/04/2023,Epeorus,17
East Fork,East Fork First Fork Sinnemahoning Creek,26/04/2023,Leucrocuta,5
East Fork,East Fork First Fork Sinnemahoning Creek,26/04/2023,Maccaffertium,8
East Fork,East Fork First Fork Sinnemahoning Creek,26/04/2023,Rhithrogena,3
East Fork,East Fork First Fork Sinnemahoning Creek,26/04/2023,Isonychia,15
East Fork,East Fork First Fork Sinnemahoning Creek,26/04/2023,Paraleptophlebia,29
East Fork,East Fork First Fork Sinnemahoning Creek,26/04/2023,Paracapnia,1
East Fork,East Fork First Fork Sinnemahoning Creek,26/04/2023,Sweltsa,4
East Fork,East Fork First Fork Sinnemahoning Creek,26/04/2023,Leuctra,4
East Fork,East Fork First Fork Sinnemahoning Creek,26/04/2023,Agnetina,2
East Fork,East Fork First Fork Sinnemahoning Creek,26/04/2023,Perlodidae,1
East Fork,East Fork First Fork Sinnemahoning Creek,26/04/2023,Isoperla,13
East Fork,East Fork First Fork Sinnemahoning Creek,26/04/2023,Taeniopteryx,1
East Fork,East Fork First Fork Sinnemahoning Creek,26/04/2023,Ceratopsyche,20
East Fork,East Fork First Fork Sinnemahoning Creek,26/04/2023,Cheumatopsyche,18
East Fork,East Fork First Fork Sinnemahoning Creek,26/04/2023,Lepidostoma,3
East Fork,East Fork First Fork Sinnemahoning Creek,26/04/2023,Limnephilidae,3
East Fork,East Fork First Fork Sinnemahoning Creek,26/04/2023,Psilotreta,3
East Fork,East Fork First Fork Sinnemahoning Creek,26/04/2023,Dolophilodes,8
East Fork,East Fork First Fork Sinnemahoning Creek,26/04/2023,Polycentropus,1
East Fork,East Fork First Fork Sinnemahoning Creek,26/04/2023,Rhyacophila,1
East Fork,East Fork First Fork Sinnemahoning Creek,26/04/2023,Neophylax,1
East Fork,East Fork First Fork Sinnemahoning Creek,26/04/2023,Gomphidae,1
East Fork,East Fork First Fork Sinnemahoning Creek,26/04/2023,Optioservus,2
East Fork,East Fork First Fork Sinnemahoning Creek,26/04/2023,Oulimnius,3
East Fork,East Fork First Fork Sinnemahoning Creek,26/04/2023,Psephenus,1
East Fork,East Fork First Fork Sinnemahoning Creek,26/04/2023,Chironomidae,23
East Fork,East Fork First Fork Sinnemahoning Creek,26/04/2023,Prosimulium,1
East Fork,East Fork First Fork Sinnemahoning Creek,26/04/2023,Antocha,2
East Fork,East Fork First Fork Sinnemahoning Creek,26/04/2023,Dicranota,1
East Fork,East Fork First Fork Sinnemahoning Creek,26/04/2023,Hexatoma,3
East Fork,East Fork First Fork Sinnemahoning Creek,26/04/2023,Turbellaria,7
East Fork,East Fork First Fork Sinnemahoning Creek,26/04/2023,Branchiobdellida,4
East Fork,East Fork First Fork Sinnemahoning Creek,26/04/2023,Hydracarina,3
East Fork,East Fork First Fork Sinnemahoning Creek,26/04/2023,Hydracarina,4
East Fork,East Fork First Fork Sinnemahoning Creek,26/04/2023,Baetis,1
East Fork,East Fork First Fork Sinnemahoning Creek,26/04/2023,Plauditus,1
East Fork,East Fork First Fork Sinnemahoning Creek,26/04/2023,Ephemerella,22
East Fork,East Fork First Fork Sinnemahoning Creek,26/04/2023,Eurylophella,6
East Fork,East Fork First Fork Sinnemahoning Creek,26/04/2023,Epeorus,28
East Fork,East Fork First Fork Sinnemahoning Creek,26/04/2023,Leucrocuta,2
East Fork,East Fork First Fork Sinnemahoning Creek,26/04/2023,Maccaffertium,21
East Fork,East Fork First Fork Sinnemahoning Creek,26/04/2023,Rhithrogena,3
East Fork,East Fork First Fork Sinnemahoning Creek,26/04/2023,Stenacron,1
East Fork,East Fork First Fork Sinnemahoning Creek,26/04/2023,Isonychia,1
East Fork,East Fork First Fork Sinnemahoning Creek,26/04/2023,Paraleptophlebia,39
East Fork,East Fork First Fork Sinnemahoning Creek,26/04/2023,Paracapnia,1
East Fork,East Fork First Fork Sinnemahoning Creek,26/04/2023,Chloroperlidae,1
East Fork,East Fork First Fork Sinnemahoning Creek,26/04/2023,Sweltsa,1
East Fork,East Fork First Fork Sinnemahoning Creek,26/04/2023,Paragnetina,1
East Fork,East Fork First Fork Sinnemahoning Creek,26/04/2023,Perlodidae,2
East Fork,East Fork First Fork Sinnemahoning Creek,26/04/2023,Isogenoides,1
East Fork,East Fork First Fork Sinnemahoning Creek,26/04/2023,Isoperla,9
East Fork,East Fork First Fork Sinnemahoning Creek,26/04/2023,Taeniopteryx,1
East Fork,East Fork First Fork Sinnemahoning Creek,26/04/2023,Apatania,3
East Fork,East Fork First Fork Sinnemahoning Creek,26/04/2023,Ceratopsyche,6
East Fork,East Fork First Fork Sinnemahoning Creek,26/04/2023,Cheumatopsyche,21
East Fork,East Fork First Fork Sinnemahoning Creek,26/04/2023,Hydroptila,1
East Fork,East Fork First Fork Sinnemahoning Creek,26/04/2023,Lepidostoma,1
East Fork,East Fork First Fork Sinnemahoning Creek,26/04/2023,Psilotreta,2
East Fork,East Fork First Fork Sinnemahoning Creek,26/04/2023,Dolophilodes,4
East Fork,East Fork First Fork Sinnemahoning Creek,26/04/2023,Gomphidae,1
East Fork,East Fork First Fork Sinnemahoning Creek,26/04/2023,Nigronia,1
East Fork,East Fork First Fork Sinnemahoning Creek,26/04/2023,Optioservus,7
East Fork,East Fork First Fork Sinnemahoning Creek,26/04/2023,Oulimnius,1
East Fork,East Fork First Fork Sinnemahoning Creek,26/04/2023,Bezzia,3
East Fork,East Fork First Fork Sinnemahoning Creek,26/04/2023,Chironomidae,14
East Fork,East Fork First Fork Sinnemahoning Creek,26/04/2023,Antocha,1
East Fork,East Fork First Fork Sinnemahoning Creek,26/04/2023,Turbellaria,1
East Fork,East Fork First Fork Sinnemahoning Creek,26/04/2023,Sphaeriidae,1
East Fork,East Fork First Fork Sinnemahoning Creek,26/04/2023,Prosimulium,2
East Fork,East Fork First Fork Sinnemahoning Creek,26/04/2023,Cinygmula,6
East Fork,East Fork First Fork Sinnemahoning Creek,26/04/2023,Serratella,7
East Fork,East Fork First Fork Sinnemahoning Creek,26/04/2023,Ephemerella,28
East Fork,East Fork First Fork Sinnemahoning Creek,26/04/2023,Drunella,46
East Fork,East Fork First Fork Sinnemahoning Creek,26/04/2023,Diphetor,4
East Fork,East Fork First Fork Sinnemahoning Creek,26/04/2023,Acentrella,3
East Fork,East Fork First Fork Sinnemahoning Creek,26/04/2023,Simulium,2
East Fork,East Fork First Fork Sinnemahoning Creek,26/04/2023,Oulimnius,1
East Fork,East Fork First Fork Sinnemahoning Creek,26/04/2023,Ceratopogonidae,1
East Fork,East Fork First Fork Sinnemahoning Creek,26/04/2023,Epeorus,16
East Fork,East Fork First Fork Sinnemahoning Creek,26/04/2023,Chironomidae,42
East Fork,East Fork First Fork Sinnemahoning Creek,26/04/2023,Optioservus,4
East Fork,East Fork First Fork Sinnemahoning Creek,26/04/2023,Limnophila,1
East Fork,East Fork First Fork Sinnemahoning Creek,26/04/2023,Leucrocuta,1
East Fork,East Fork First Fork Sinnemahoning Creek,26/04/2023,Maccaffertium,2
East Fork,East Fork First Fork Sinnemahoning Creek,26/04/2023,Paraleptophlebia,25
East Fork,East Fork First Fork Sinnemahoning Creek,26/04/2023,Haploperla,1
East Fork,East Fork First Fork Sinnemahoning Creek,26/04/2023,Paragnetina,3
East Fork,East Fork First Fork Sinnemahoning Creek,26/04/2023,Isoperla,1
East Fork,East Fork First Fork Sinnemahoning Creek,26/04/2023,Cheumatopsyche,2
East Fork,East Fork First Fork Sinnemahoning Creek,26/04/2023,Dolophilodes,2
East Fork,East Fork First Fork Sinnemahoning Creek,26/04/2023,Rhyacophila,2
East Fork,East Fork First Fork Sinnemahoning Creek,26/04/2023,Turbellaria,2
East Fork,East Fork First Fork Sinnemahoning Creek,26/04/2023,Hydracarina,2
East Fork,East Fork First Fork Sinnemahoning Creek,26/04/2023,Oligochaeta,1
East Fork,East Fork First Fork Sinnemahoning Creek,26/04/2023,Neoplasta,2
East Fork,East Fork First Fork Sinnemahoning Creek,26/04/2023,Ceratopsyche,1
East Fork,East Fork First Fork Sinnemahoning Creek,26/04/2023,Diplectrona,1
East Fork,East Fork First Fork Sinnemahoning Creek,26/04/2023,Isonychia,1
East Fork,East Fork First Fork Sinnemahoning Creek,26/04/2023,Ceratopsyche,3
East Fork,East Fork First Fork Sinnemahoning Creek,26/04/2023,Maccaffertium,3
East Fork,East Fork First Fork Sinnemahoning Creek,26/04/2023,Paraleptophlebia,35
East Fork,East Fork First Fork Sinnemahoning Creek,26/04/2023,Haploperla,3
East Fork,East Fork First Fork Sinnemahoning Creek,26/04/2023,Sweltsa,3
East Fork,East Fork First Fork Sinnemahoning Creek,26/04/2023,Leuctra,4
East Fork,East Fork First Fork Sinnemahoning Creek,26/04/2023,Neophylax,2
East Fork,East Fork First Fork Sinnemahoning Creek,26/04/2023,Agapetus,1
East Fork,East Fork First Fork Sinnemahoning Creek,26/04/2023,Cheumatopsyche,2
East Fork,East Fork First Fork Sinnemahoning Creek,26/04/2023,Oulimnius,3
East Fork,East Fork First Fork Sinnemahoning Creek,26/04/2023,Ceraclea,1
East Fork,East Fork First Fork Sinnemahoning Creek,26/04/2023,Psilotreta,1
East Fork,East Fork First Fork Sinnemahoning Creek,26/04/2023,Polycentropus,1
East Fork,East Fork First Fork Sinnemahoning Creek,26/04/2023,Simulium,1
East Fork,East Fork First Fork Sinnemahoning Creek,26/04/2023,Isoperla,1
East Fork,East Fork First Fork Sinnemahoning Creek,26/04/2023,Antocha,1
East Fork,East Fork First Fork Sinnemahoning Creek,26/04/2023,Hydracarina,2
East Fork,East Fork First Fork Sinnemahoning Creek,26/04/2023,Oligochaeta,23
East Fork,East Fork First Fork Sinnemahoning Creek,26/04/2023,Sphaeriidae,4
East Fork,East Fork First Fork Sinnemahoning Creek,26/04/2023,Turbellaria,8
East Fork,East Fork First Fork Sinnemahoning Creek,26/04/2023,Dolophilodes,2
East Fork,East Fork First Fork Sinnemahoning Creek,26/04/2023,Hexatoma,2
East Fork,East Fork First Fork Sinnemahoning Creek,26/04/2023,Ephemerella,37
East Fork,East Fork First Fork Sinnemahoning Creek,26/04/2023,Serratella,6
East Fork,East Fork First Fork Sinnemahoning Creek,26/04/2023,Prosimulium,6
East Fork,East Fork First Fork Sinnemahoning Creek,26/04/2023,Chironomidae,25
East Fork,East Fork First Fork Sinnemahoning Creek,26/04/2023,Ceratopogonidae,2
East Fork,East Fork First Fork Sinnemahoning Creek,26/04/2023,Optioservus,6
East Fork,East Fork First Fork Sinnemahoning Creek,26/04/2023,Epeorus,16
East Fork,East Fork First Fork Sinnemahoning Creek,26/04/2023,Drunella,16
East Fork,East Fork First Fork Sinnemahoning Creek,26/04/2023,Diphetor,2
East Fork,East Fork First Fork Sinnemahoning Creek,26/04/2023,Baetis,2
East Fork,East Fork First Fork Sinnemahoning Creek,26/04/2023,Acentrella,1
East Fork,East Fork First Fork Sinnemahoning Creek,26/04/2023,Dicranota,1
East Fork,East Fork First Fork Sinnemahoning Creek,26/04/2023,Baetis,3
East Fork,East Fork First Fork Sinnemahoning Creek,26/04/2023,Drunella,9
East Fork,East Fork First Fork Sinnemahoning Creek,26/04/2023,Ephemerella,29
East Fork,East Fork First Fork Sinnemahoning Creek,26/04/2023,Serratella,7
East Fork,East Fork First Fork Sinnemahoning Creek,26/04/2023,Cinygmula,13
East Fork,East Fork First Fork Sinnemahoning Creek,26/04/2023,Epeorus,12
East Fork,East Fork First Fork Sinnemahoning Creek,26/04/2023,Leucrocuta,1
East Fork,East Fork First Fork Sinnemahoning Creek,26/04/2023,Maccaffertium,2
East Fork,East Fork First Fork Sinnemahoning Creek,26/04/2023,Rhithrogena,3
East Fork,East Fork First Fork Sinnemahoning Creek,26/04/2023,Leptophlebiidae,24
East Fork,East Fork First Fork Sinnemahoning Creek,26/04/2023,Chloroperlidae,1
East Fork,East Fork First Fork Sinnemahoning Creek,26/04/2023,Alloperla,1
East Fork,East Fork First Fork Sinnemahoning Creek,26/04/2023,Acroneuria,1
East Fork,East Fork First Fork Sinnemahoning Creek,26/04/2023,Cultus,2
East Fork,East Fork First Fork Sinnemahoning Creek,26/04/2023,Isoperla,2
East Fork,East Fork First Fork Sinnemahoning Creek,26/04/2023,Taenionema,1
East Fork,East Fork First Fork Sinnemahoning Creek,26/04/2023,Ceratopsyche,2
East Fork,East Fork First Fork Sinnemahoning Creek,26/04/2023,Cheumatopsyche,2
East Fork,East Fork First Fork Sinnemahoning Creek,26/04/2023,Psilotreta,1
East Fork,East Fork First Fork Sinnemahoning Creek,26/04/2023,Rhyacophila,1
East Fork,East Fork First Fork Sinnemahoning Creek,26/04/2023,Neophylax,38
East Fork,East Fork First Fork Sinnemahoning Creek,26/04/2023,Gomphidae,2
East Fork,East Fork First Fork Sinnemahoning Creek,26/04/2023,Nigronia,2
East Fork,East Fork First Fork Sinnemahoning Creek,26/04/2023,Optioservus,11
East Fork,East Fork First Fork Sinnemahoning Creek,26/04/2023,Oulimnius,1
East Fork,East Fork First Fork Sinnemahoning Creek,26/04/2023,Ectopria,1
East Fork,East Fork First Fork Sinnemahoning Creek,26/04/2023,Psephenus,1
East Fork,East Fork First Fork Sinnemahoning Creek,26/04/2023,Ceratopogonidae,4
East Fork,East Fork First Fork Sinnemahoning Creek,26/04/2023,Chironomidae,15
East Fork,East Fork First Fork Sinnemahoning Creek,26/04/2023,Hemerodromia,1
East Fork,East Fork First Fork Sinnemahoning Creek,26/04/2023,Prosimulium,11
East Fork,East Fork First Fork Sinnemahoning Creek,26/04/2023,Antocha,3
East Fork,East Fork First Fork Sinnemahoning Creek,26/04/2023,Dicranota,1
East Fork,East Fork First Fork Sinnemahoning Creek,26/04/2023,Hexatoma,2
East Fork,East Fork First Fork Sinnemahoning Creek,26/04/2023,Turbellaria,1
East Fork,East Fork First Fork Sinnemahoning Creek,26/04/2023,Oligochaeta,1
East Fork,East Fork First Fork Sinnemahoning Creek,26/04/2023,Hydracarina,3
HAMR,Hammer Creek,29/04/2025,Corbicula,2
HAMR,Hammer Creek,29/04/2025,Gammarus,4
HAMR,Hammer Creek,29/04/2025,Chimarra,4
HAMR,Hammer Creek,29/04/2025,Psychomyia,1
HAMR,Hammer Creek,29/04/2025,Psephenus,2
HAMR,Hammer Creek,29/04/2025,Stenelmis,9
HAMR,Hammer Creek,29/04/2025,Optioservus,42
HAMR,Hammer Creek,29/04/2025,Chironomidae,5
HAMR,Hammer Creek,29/04/2025,Cheumatopsyche,25
HAMR,Hammer Creek,29/04/2025,Hydropsyche,16
HAMR,Hammer Creek,29/04/2025,Ephemerella,100
HAMR,Hammer Creek,29/04/2025,Ephemera,1
HAMR,Hammer Creek,29/04/2025,Hemerodromia,4
HAMR,Hammer Creek,29/04/2025,Perlesta,1
HAMR,Hammer Creek,29/04/2025,Hydracarina,2
HAMR,Hammer Creek,29/04/2025,Antocha,5
HAMR,Hammer Creek,29/04/2025,Acentrella,2
HAMR,Hammer Creek,29/04/2025,Hydropsyche,4
HAMR,Hammer Creek,29/04/2025,Hydracarina,5
HAMR,Hammer Creek,29/04/2025,Psephenus,4
HAMR,Hammer Creek,29/04/2025,Stenelmis,37
HAMR,Hammer Creek,29/04/2025,Physella,1
HAMR,Hammer Creek,29/04/2025,Optioservus,30
HAMR,Hammer Creek,29/04/2025,Oligochaeta,5
HAMR,Hammer Creek,29/04/2025,Nematoda,1
HAMR,Hammer Creek,29/04/2025,Maccaffertium,3
HAMR,Hammer Creek,29/04/2025,Hydroptila,1
HAMR,Hammer Creek,29/04/2025,Triaenodes,1
HAMR,Hammer Creek,29/04/2025,Baetis,5
HAMR,Hammer Creek,29/04/2025,Hemerodromia,1
HAMR,Hammer Creek,29/04/2025,Turbellaria,1
HAMR,Hammer Creek,29/04/2025,Cheumatopsyche,3
HAMR,Hammer Creek,29/04/2025,Chimarra,1
HAMR,Hammer Creek,29/04/2025,Chironomidae,15
HAMR,Hammer Creek,29/04/2025,Ephemera,2
HAMR,Hammer Creek,29/04/2025,Ephemerella,101
HAMR,Hammer Creek,29/04/2025,Gammarus,10
HAMR,Hammer Creek,29/04/2025,Antocha,1
HAMR,Hammer Creek,29/04/2025,Antocha,4
HAMR,Hammer Creek,29/04/2025,Baetis,1
HAMR,Hammer Creek,29/04/2025,Caecidotea,1
HAMR,Hammer Creek,29/04/2025,Cheumatopsyche,5
HAMR,Hammer Creek,29/04/2025,Chimarra,2
HAMR,Hammer Creek,29/04/2025,Chironomidae,8
HAMR,Hammer Creek,29/04/2025,Ephemerella,78
HAMR,Hammer Creek,29/04/2025,Gammarus,11
HAMR,Hammer Creek,29/04/2025,Hemerodromia,3
HAMR,Hammer Creek,29/04/2025,Hydropsyche,10
HAMR,Hammer Creek,29/04/2025,Oligochaeta,6
HAMR,Hammer Creek,29/04/2025,Optioservus,59
HAMR,Hammer Creek,29/04/2025,Pilaria,1
HAMR,Hammer Creek,29/04/2025,Psephenus,5
HAMR,Hammer Creek,29/04/2025,Psychomyia,1
HAMR,Hammer Creek,29/04/2025,Rhyacophila,1
HAMR,Hammer Creek,29/04/2025,Simulium,1
HAMR,Hammer Creek,29/04/2025,Stenelmis,29
HAMR,Hammer Creek,29/04/2025,Optioservus,10
HAMR,Hammer Creek,29/04/2025,Oligochaeta,3
HAMR,Hammer Creek,29/04/2025,Stenelmis,3
HAMR,Hammer Creek,29/04/2025,Hemerodromia,1
HAMR,Hammer Creek,29/04/2025,Baetis,6
HAMR,Hammer Creek,29/04/2025,Antocha,1
HAMR,Hammer Creek,29/04/2025,Corbiculidae,1
HAMR,Hammer Creek,29/04/2025,Gammarus,9
HAMR,Hammer Creek,29/04/2025,Psychomyia,1
HAMR,Hammer Creek,29/04/2025,Hydropsyche,13
HAMR,Hammer Creek,29/04/2025,Cheumatopsyche,3
HAMR,Hammer Creek,29/04/2025,Ephemerella,156
HAMR,Hammer Creek,29/04/2025,Chironomidae,13
HAMR,Hammer Creek,29/04/2025,Hydropsyche,6
HAMR,Hammer Creek,29/04/2025,Chimarra,1
HAMR,Hammer Creek,29/04/2025,Oligochaeta,5
HAMR,Hammer Creek,29/04/2025,Hemerodromia,2
HAMR,Hammer Creek,29/04/2025,Gammarus,10
HAMR,Hammer Creek,29/04/2025,Ephemerella,146
HAMR,Hammer Creek,29/04/2025,Chironomidae,19
HAMR,Hammer Creek,29/04/2025,Cheumatopsyche,7
HAMR,Hammer Creek,29/04/2025,Baetis,4
HAMR,Hammer Creek,29/04/2025,Stenelmis,4
HAMR,Hammer Creek,29/04/2025,Ephemera,2
HAMR,Hammer Creek,29/04/2025,Optioservus,15
Hicks,Hicks Run,27/04/2023,Chironomidae,36
Hicks,Hicks Run,27/04/2023,Cheumatopsyche,3
Hicks,Hicks Run,27/04/2023,Ephemerella,31
Hicks,Hicks Run,27/04/2023,Acroneuria,2
Hicks,Hicks Run,27/04/2023,Oulimnius,3
Hicks,Hicks Run,27/04/2023,Cinygmula,3
Hicks,Hicks Run,27/04/2023,Psilotreta,1
Hicks,Hicks Run,27/04/2023,Gomphidae,1
Hicks,Hicks Run,27/04/2023,Rhyacophila,2
Hicks,Hicks Run,27/04/2023,Psephenus,7
Hicks,Hicks Run,27/04/2023,Diphetor,1
Hicks,Hicks Run,27/04/2023,Optioservus,5
Hicks,Hicks Run,27/04/2023,Oligochaeta,4
Hicks,Hicks Run,27/04/2023,Stenacron,1
Hicks,Hicks Run,27/04/2023,Haploperla,1
Hicks,Hicks Run,27/04/2023,Leptophlebiidae,5
Hicks,Hicks Run,27/04/2023,Leucrocuta,5
Hicks,Hicks Run,27/04/2023,Leuctra,3
Hicks,Hicks Run,27/04/2023,Drunella,37
Hicks,Hicks Run,27/04/2023,Acentrella,35
Hicks,Hicks Run,27/04/2023,Agapetus,1
Hicks,Hicks Run,27/04/2023,Epeorus,2
Hicks,Hicks Run,27/04/2023,Stenelmis,1
Hicks,Hicks Run,27/04/2023,Teloganopsis,3
Hicks,Hicks Run,27/04/2023,Maccaffertium,7
Hicks,Hicks Run,27/04/2023,Sphaeriidae,1
Hicks,Hicks Run,27/04/2023,Simulium,4
Hicks,Hicks Run,27/04/2023,Acentrella,20
Hicks,Hicks Run,27/04/2023,Acroneuria,2
Hicks,Hicks Run,27/04/2023,Agapetus,1
Hicks,Hicks Run,27/04/2023,Agnetina,5
Hicks,Hicks Run,27/04/2023,Alloperla,1
Hicks,Hicks Run,27/04/2023,Antocha,1
Hicks,Hicks Run,27/04/2023,Baetis,13
Hicks,Hicks Run,27/04/2023,Chironomidae,52
Hicks,Hicks Run,27/04/2023,Cyrnellus,8
Hicks,Hicks Run,27/04/2023,Dolophilodes,7
Hicks,Hicks Run,27/04/2023,Drunella,39
Hicks,Hicks Run,27/04/2023,Epeorus,8
Hicks,Hicks Run,27/04/2023,Ephemerella,8
Hicks,Hicks Run,27/04/2023,Goera,1
Hicks,Hicks Run,27/04/2023,Hexatoma,2
Hicks,Hicks Run,27/04/2023,Isonychia,3
Hicks,Hicks Run,27/04/2023,Leuctra,2
Hicks,Hicks Run,27/04/2023,Oligochaeta,1
Hicks,Hicks Run,27/04/2023,Maccaffertium,2
Hicks,Hicks Run,27/04/2023,Nematoda,1
Hicks,Hicks Run,27/04/2023,Optioservus,9
Hicks,Hicks Run,27/04/2023,Oulimnius,3
Hicks,Hicks Run,27/04/2023,Paragnetina,5
Hicks,Hicks Run,27/04/2023,Paraleptophlebia,6
Hicks,Hicks Run,27/04/2023,Polycentropus,1
Hicks,Hicks Run,27/04/2023,Psephenus,11
Hicks,Hicks Run,27/04/2023,Rhyacophila,1
Hicks,Hicks Run,27/04/2023,Serratella,6
Hicks,Hicks Run,27/04/2023,Simulium,1
Hicks,Hicks Run,27/04/2023,Stenacron,1
Hicks,Hicks Run,27/04/2023,Sweltsa,1
Hicks,Hicks Run,27/04/2023,Tipula,1
Hicks,Hicks Run,27/04/2023,Acerpenna,2
Hicks,Hicks Run,27/04/2023,Ephemerella,3
Hicks,Hicks Run,27/04/2023,Eurylophella,2
Hicks,Hicks Run,27/04/2023,Serratella,31
Hicks,Hicks Run,27/04/2023,Ephemera,1
Hicks,Hicks Run,27/04/2023,Epeorus,10
Hicks,Hicks Run,27/04/2023,Leucrocuta,2
Hicks,Hicks Run,27/04/2023,Maccaffertium,38
Hicks,Hicks Run,27/04/2023,Rhithrogena,1
Hicks,Hicks Run,27/04/2023,Isonychia,12
Hicks,Hicks Run,27/04/2023,Paraleptophlebia,16
Hicks,Hicks Run,27/04/2023,Leuctra,2
Hicks,Hicks Run,27/04/2023,Acroneuria,3
Hicks,Hicks Run,27/04/2023,Paragnetina,1
Hicks,Hicks Run,27/04/2023,Isoperla,3
Hicks,Hicks Run,27/04/2023,Taeniopteryx,5
Hicks,Hicks Run,27/04/2023,Apatania,3
Hicks,Hicks Run,27/04/2023,Glossosoma,2
Hicks,Hicks Run,27/04/2023,Ceratopsyche,8
Hicks,Hicks Run,27/04/2023,Cheumatopsyche,18
Hicks,Hicks Run,27/04/2023,Chimarra,22
Hicks,Hicks Run,27/04/2023,Dolophilodes,5
Hicks,Hicks Run,27/04/2023,Rhyacophila,1
Hicks,Hicks Run,27/04/2023,Nigronia,1
Hicks,Hicks Run,27/04/2023,Optioservus,3
Hicks,Hicks Run,27/04/2023,Oulimnius,1
Hicks,Hicks Run,27/04/2023,Psephenus,2
Hicks,Hicks Run,27/04/2023,Atherix,3
Hicks,Hicks Run,27/04/2023,Chironomidae,5
Hicks,Hicks Run,27/04/2023,Hemerodromia,1
Hicks,Hicks Run,27/04/2023,Antocha,1
Hicks,Hicks Run,27/04/2023,Dicranota,1
Hicks,Hicks Run,27/04/2023,Nemertea,1
Hicks,Hicks Run,27/04/2023,Oligochaeta,4
Hicks,Hicks Run,27/04/2023,Hydracarina,2
Hicks,Hicks Run,27/04/2023,Acerpenna,1
Hicks,Hicks Run,27/04/2023,Ephemerella,10
Hicks,Hicks Run,27/04/2023,Serratella,16
Hicks,Hicks Run,27/04/2023,Epeorus,27
Hicks,Hicks Run,27/04/2023,Leucrocuta,3
Hicks,Hicks Run,27/04/2023,Maccaffertium,12
Hicks,Hicks Run,27/04/2023,Rhithrogena,2
Hicks,Hicks Run,27/04/2023,Isonychia,6
Hicks,Hicks Run,27/04/2023,Paraleptophlebia,19
Hicks,Hicks Run,27/04/2023,Leuctra,1
Hicks,Hicks Run,27/04/2023,Tallaperla,1
Hicks,Hicks Run,27/04/2023,Acroneuria,3
Hicks,Hicks Run,27/04/2023,Paragnetina,1
Hicks,Hicks Run,27/04/2023,Isoperla,11
Hicks,Hicks Run,27/04/2023,Taeniopterygidae,1
Hicks,Hicks Run,27/04/2023,Taeniopteryx,4
Hicks,Hicks Run,27/04/2023,Apatania,1
Hicks,Hicks Run,27/04/2023,Ceratopsyche,7
Hicks,Hicks Run,27/04/2023,Cheumatopsyche,5
Hicks,Hicks Run,27/04/2023,Lepidostoma,10
Hicks,Hicks Run,27/04/2023,Chimarra,15
Hicks,Hicks Run,27/04/2023,Dolophilodes,8
Hicks,Hicks Run,27/04/2023,Polycentropus,1
Hicks,Hicks Run,27/04/2023,Neophylax,4
Hicks,Hicks Run,27/04/2023,Gomphidae,5
Hicks,Hicks Run,27/04/2023,Nigronia,1
Hicks,Hicks Run,27/04/2023,Optioservus,9
Hicks,Hicks Run,27/04/2023,Oulimnius,4
Hicks,Hicks Run,27/04/2023,Psephenus,3
Hicks,Hicks Run,27/04/2023,Atherix,1
Hicks,Hicks Run,27/04/2023,Chironomidae,18
Hicks,Hicks Run,27/04/2023,Hemerodromia,8
Hicks,Hicks Run,27/04/2023,Hexatoma,1
Hicks,Hicks Run,27/04/2023,Turbellaria,1
Hicks,Hicks Run,27/04/2023,Oligochaeta,5
Hicks,Hicks Run,27/04/2023,Cambaridae,1
Hicks,Hicks Run,27/04/2023,Hydracarina,2
Hicks,Hicks Run,27/04/2023,Ephemerella,6
Hicks,Hicks Run,27/04/2023,Eurylophella,1
Hicks,Hicks Run,27/04/2023,Serratella,24
Hicks,Hicks Run,27/04/2023,Ephemera,1
Hicks,Hicks Run,27/04/2023,Epeorus,8
Hicks,Hicks Run,27/04/2023,Leucrocuta,4
Hicks,Hicks Run,27/04/2023,Maccaffertium,21
Hicks,Hicks Run,27/04/2023,Rhithrogena,1
Hicks,Hicks Run,27/04/2023,Isonychia,6
Hicks,Hicks Run,27/04/2023,Paraleptophlebia,20
Hicks,Hicks Run,27/04/2023,Leuctra,1
Hicks,Hicks Run,27/04/2023,Acroneuria,1
Hicks,Hicks Run,27/04/2023,Agnetina,2
Hicks,Hicks Run,27/04/2023,Paragnetina,6
Hicks,Hicks Run,27/04/2023,Isoperla,17
Hicks,Hicks Run,27/04/2023,Taeniopterygidae,1
Hicks,Hicks Run,27/04/2023,Taeniopteryx,3
Hicks,Hicks Run,27/04/2023,Apatania,1
Hicks,Hicks Run,27/04/2023,Ceratopsyche,7
Hicks,Hicks Run,27/04/2023,Cheumatopsyche,21
Hicks,Hicks Run,27/04/2023,Lepidostoma,5
Hicks,Hicks Run,27/04/2023,Dolophilodes,6
Hicks,Hicks Run,27/04/2023,Rhyacophila,2
Hicks,Hicks Run,27/04/2023,Neophylax,2
Hicks,Hicks Run,27/04/2023,Optioservus,15
Hicks,Hicks Run,27/04/2023,Psephenus,10
Hicks,Hicks Run,27/04/2023,Atherix,2
Hicks,Hicks Run,27/04/2023,Chironomidae,10
Hicks,Hicks Run,27/04/2023,Hemerodromia,1
Hicks,Hicks Run,27/04/2023,Antocha,2
Hicks,Hicks Run,27/04/2023,Nematoda,1
Hicks,Hicks Run,27/04/2023,Sphaeriidae,1
Hicks,Hicks Run,27/04/2023,Oligochaeta,6
Hicks,Hicks Run,27/04/2023,Hydracarina,3
Hicks,Hicks Run,27/04/2023,Baetis,1
Hicks,Hicks Run,27/04/2023,Ephemerella,16
Hicks,Hicks Run,27/04/2023,Eurylophella,1
Hicks,Hicks Run,27/04/2023,Serratella,11
Hicks,Hicks Run,27/04/2023,Ephemera,2
Hicks,Hicks Run,27/04/2023,Epeorus,7
Hicks,Hicks Run,27/04/2023,Leucrocuta,5
Hicks,Hicks Run,27/04/2023,Maccaffertium,7
Hicks,Hicks Run,27/04/2023,Stenacron,1
Hicks,Hicks Run,27/04/2023,Isonychia,8
Hicks,Hicks Run,27/04/2023,Paraleptophlebia,21
Hicks,Hicks Run,27/04/2023,Paracapnia,1
Hicks,Hicks Run,27/04/2023,Acroneuria,1
Hicks,Hicks Run,27/04/2023,Isogenoides,1
Hicks,Hicks Run,27/04/2023,Isoperla,1
Hicks,Hicks Run,27/04/2023,Taeniopteryx,1
Hicks,Hicks Run,27/04/2023,Apatania,1
Hicks,Hicks Run,27/04/2023,Ceratopsyche,6
Hicks,Hicks Run,27/04/2023,Cheumatopsyche,29
Hicks,Hicks Run,27/04/2023,Lepidostoma,6
Hicks,Hicks Run,27/04/2023,Limnephilidae,4
Hicks,Hicks Run,27/04/2023,Chimarra,1
Hicks,Hicks Run,27/04/2023,Dolophilodes,4
Hicks,Hicks Run,27/04/2023,Rhyacophila,2
Hicks,Hicks Run,27/04/2023,Neophylax,5
Hicks,Hicks Run,27/04/2023,Nigronia,1
Hicks,Hicks Run,27/04/2023,Dubiraphia,1
Hicks,Hicks Run,27/04/2023,Optioservus,11
Hicks,Hicks Run,27/04/2023,Oulimnius,2
Hicks,Hicks Run,27/04/2023,Promoresia,2
Hicks,Hicks Run,27/04/2023,Psephenus,2
Hicks,Hicks Run,27/04/2023,Bezzia,1
Hicks,Hicks Run,27/04/2023,Chironomidae,34
Hicks,Hicks Run,27/04/2023,Hemerodromia,1
Hicks,Hicks Run,27/04/2023,Antocha,2
Hicks,Hicks Run,27/04/2023,Nematoda,1
Hicks,Hicks Run,27/04/2023,Oligochaeta,2
Hicks,Hicks Run,27/04/2023,Antocha,1
Hicks,Hicks Run,27/04/2023,Sphaeriidae,1
Hicks,Hicks Run,27/04/2023,Hydracarina,2
Hicks,Hicks Run,27/04/2023,Paraleptophlebia,13
Hicks,Hicks Run,27/04/2023,Optioservus,4
Hicks,Hicks Run,27/04/2023,Chironomidae,71
Hicks,Hicks Run,27/04/2023,Cinygmula,1
Hicks,Hicks Run,27/04/2023,Ephemerella,22
Hicks,Hicks Run,27/04/2023,Baetis,4
Hicks,Hicks Run,27/04/2023,Pteronarcys,1
Hicks,Hicks Run,27/04/2023,Neophylax,1
Hicks,Hicks Run,27/04/2023,Leuctra,2
Hicks,Hicks Run,27/04/2023,Ceratopogonidae,2
Hicks,Hicks Run,27/04/2023,Serratella,3
Hicks,Hicks Run,27/04/2023,Diphetor,1
Hicks,Hicks Run,27/04/2023,Lepidostoma,4
Hicks,Hicks Run,27/04/2023,Habrophlebia,1
Hicks,Hicks Run,27/04/2023,Dolophilodes,2
Hicks,Hicks Run,27/04/2023,Rhyacophila,2
Hicks,Hicks Run,27/04/2023,Stactobiella,1
Hicks,Hicks Run,27/04/2023,Cheumatopsyche,1
Hicks,Hicks Run,27/04/2023,Ceratopsyche,1
Hicks,Hicks Run,27/04/2023,Drunella,40
Hicks,Hicks Run,27/04/2023,Amphinemura,6
Hicks,Hicks Run,27/04/2023,Prosimulium,5
Hicks,Hicks Run,27/04/2023,Maccaffertium,4
Hicks,Hicks Run,27/04/2023,Leucrocuta,2
Hicks,Hicks Run,27/04/2023,Epeorus,4
Hicks,Hicks Run,27/04/2023,Serratella,3
Hicks,Hicks Run,27/04/2023,Diphetor,1
Hicks,Hicks Run,27/04/2023,Leucrocuta,1
Hicks,Hicks Run,27/04/2023,Acentrella,14
Hicks,Hicks Run,27/04/2023,Drunella,57
Hicks,Hicks Run,27/04/2023,Paraleptophlebia,7
Hicks,Hicks Run,27/04/2023,Eurylophella,2
Hicks,Hicks Run,27/04/2023,Maccaffertium,1
Hicks,Hicks Run,27/04/2023,Optioservus,4
Hicks,Hicks Run,27/04/2023,Hydracarina,1
Hicks,Hicks Run,27/04/2023,Oligochaeta,30
Hicks,Hicks Run,27/04/2023,Turbellaria,1
Hicks,Hicks Run,27/04/2023,Nemertea,4
Hicks,Hicks Run,27/04/2023,Antocha,1
Hicks,Hicks Run,27/04/2023,Ephemerella,38
Hicks,Hicks Run,27/04/2023,Amphinemura,8
Hicks,Hicks Run,27/04/2023,Simulium,1
Hicks,Hicks Run,27/04/2023,Neophylax,1
Hicks,Hicks Run,27/04/2023,Nigronia,1
Hicks,Hicks Run,27/04/2023,Psephenus,1
Hicks,Hicks Run,27/04/2023,Epeorus,3
Hicks,Hicks Run,27/04/2023,Chironomidae,23
Hicks,Hicks Run,27/04/2023,Leuctra,5
Hicks,Hicks Run,27/04/2023,Isonychia,1
Hicks,Hicks Run,27/04/2023,Acroneuria,1
Hicks,Hicks Run,27/04/2023,Isoperla,2
Hicks,Hicks Run,27/04/2023,Agapetus,1
Hicks,Hicks Run,27/04/2023,Rhyacophila,1
Hicks,Hicks Run,27/04/2023,Dolophilodes,4
Hicks,Hicks Run,27/04/2023,Lepidostoma,1
Hicks,Hicks Run,27/04/2023,Clinocera,2
Hicks,Hicks Run,27/04/2023,Amphinemura,1
Hicks,Hicks Run,27/04/2023,Ceratopsyche,1
Hicks,Hicks Run,27/04/2023,Clinocera,2
Hicks,Hicks Run,27/04/2023,Drunella,17
Hicks,Hicks Run,27/04/2023,Epeorus,10
Hicks,Hicks Run,27/04/2023,Eurylophella,1
Hicks,Hicks Run,27/04/2023,Isoperla,9
Hicks,Hicks Run,27/04/2023,Leptophlebiidae,14
Hicks,Hicks Run,27/04/2023,Leuctra,1
Hicks,Hicks Run,27/04/2023,Maccaffertium,4
Hicks,Hicks Run,27/04/2023,Oligochaeta,5
Hicks,Hicks Run,27/04/2023,Psephenus,5
Hicks,Hicks Run,27/04/2023,Pycnopsyche,1
Hicks,Hicks Run,27/04/2023,Acroneuria,4
Hicks,Hicks Run,27/04/2023,Atherix,1
Hicks,Hicks Run,27/04/2023,Baetis,4
Hicks,Hicks Run,27/04/2023,Cheumatopsyche,8
Hicks,Hicks Run,27/04/2023,Chironomidae,24
Hicks,Hicks Run,27/04/2023,Chloroperlidae,3
Hicks,Hicks Run,27/04/2023,Ephemerella,29
Hicks,Hicks Run,27/04/2023,Hydracarina,1
Hicks,Hicks Run,27/04/2023,Leucrocuta,1
Hicks,Hicks Run,27/04/2023,Neophylax,12
Hicks,Hicks Run,27/04/2023,Nigronia,2
Hicks,Hicks Run,27/04/2023,Optioservus,14
Hicks,Hicks Run,27/04/2023,Paragnetina,1
Hicks,Hicks Run,27/04/2023,Polycentropodidae,1
Hicks,Hicks Run,27/04/2023,Promoresia,1
Hicks,Hicks Run,27/04/2023,Prosimulium,20
Hicks,Hicks Run,27/04/2023,Rhithrogena,1
Hicks,Hicks Run,27/04/2023,Serratella,6
Hicks,Hicks Run,27/04/2023,Taenionema,1
Hicks,Hicks Run,27/04/2023,Turbellaria,1
KISH 14.1,Kishacoquillas Creek,07/05/2024,Baetis,37
KISH 14.1,Kishacoquillas Creek,07/05/2024,Caecidotea,24
KISH 14.1,Kishacoquillas Creek,07/05/2024,Cheumatopsyche,2
KISH 14.1,Kishacoquillas Creek,07/05/2024,Chironomidae,73
KISH 14.1,Kishacoquillas Creek,07/05/2024,Corbicula,3
KISH 14.1,Kishacoquillas Creek,07/05/2024,Crangonyx,1
KISH 14.1,Kishacoquillas Creek,07/05/2024,Gammarus,4
KISH 14.1,Kishacoquillas Creek,07/05/2024,Hemerodromia,2
KISH 14.1,Kishacoquillas Creek,07/05/2024,Hydropsyche,2
KISH 14.1,Kishacoquillas Creek,07/05/2024,Hydroptila,1
KISH 14.1,Kishacoquillas Creek,07/05/2024,Oligochaeta,40
KISH 14.1,Kishacoquillas Creek,07/05/2024,Optioservus,5
KISH 14.1,Kishacoquillas Creek,07/05/2024,Pycnopsyche,1
KISH 14.1,Kishacoquillas Creek,07/05/2024,Stenelmis,10
KISH 14.1,Kishacoquillas Creek,07/05/2024,Turbellaria,3
KISH 14.1,Kishacoquillas Creek,07/05/2024,Hydracarina,2
KISH 14.1,Kishacoquillas Creek,07/05/2024,Hydracarina,2
KISH 14.1,Kishacoquillas Creek,07/05/2024,Chironomidae,74
KISH 14.1,Kishacoquillas Creek,07/05/2024,Simulium,2
KISH 14.1,Kishacoquillas Creek,07/05/2024,Nematoda,5
KISH 14.1,Kishacoquillas Creek,07/05/2024,Ancylidae,1
KISH 14.1,Kishacoquillas Creek,07/05/2024,Oligochaeta,30
KISH 14.1,Kishacoquillas Creek,07/05/2024,Crangonyx,3
KISH 14.1,Kishacoquillas Creek,07/05/2024,Optioservus,10
KISH 14.1,Kishacoquillas Creek,07/05/2024,Hydropsyche,5
KISH 14.1,Kishacoquillas Creek,07/05/2024,Cheumatopsyche,1
KISH 14.1,Kishacoquillas Creek,07/05/2024,Baetis,50
KISH 14.1,Kishacoquillas Creek,07/05/2024,Caecidotea,11
KISH 14.1,Kishacoquillas Creek,07/05/2024,Brachycentrus,2
KISH 14.1,Kishacoquillas Creek,07/05/2024,Maccaffertium,7
KISH 14.1,Kishacoquillas Creek,07/05/2024,Stenelmis,10
KISH 14.1,Kishacoquillas Creek,07/05/2024,Rhyacophila,1
KISH 14.1,Kishacoquillas Creek,07/05/2024,Psephenus,2
KISH 14.1,Kishacoquillas Creek,07/05/2024,Gammarus,5
KISH 14.1,Kishacoquillas Creek,07/05/2024,Stenacron,1
KISH 14.1,Kishacoquillas Creek,07/05/2024,Antocha,1
KISH 14.1,Kishacoquillas Creek,07/05/2024,Asellidae,1
KISH 14.1,Kishacoquillas Creek,07/05/2024,Cambaridae,1
KISH 14.1,Kishacoquillas Creek,07/05/2024,Ceratopsyche,6
KISH 14.1,Kishacoquillas Creek,07/05/2024,Gammarus,2
KISH 14.1,Kishacoquillas Creek,07/05/2024,Maccaffertium,1
KISH 14.1,Kishacoquillas Creek,07/05/2024,Oligochaeta,35
KISH 14.1,Kishacoquillas Creek,07/05/2024,Ostracoda,1
KISH 14.1,Kishacoquillas Creek,07/05/2024,Psephenus,1
KISH 14.1,Kishacoquillas Creek,07/05/2024,Simulium,2
KISH 14.1,Kishacoquillas Creek,07/05/2024,Stenelmis,17
KISH 14.1,Kishacoquillas Creek,07/05/2024,Caecidotea,1
KISH 14.1,Kishacoquillas Creek,07/05/2024,Ceratopogonidae,1
KISH 14.1,Kishacoquillas Creek,07/05/2024,Chelifera,1
KISH 14.1,Kishacoquillas Creek,07/05/2024,Cheumatopsyche,7
KISH 14.1,Kishacoquillas Creek,07/05/2024,Chironomidae,130
KISH 14.1,Kishacoquillas Creek,07/05/2024,Crangonyx,2
KISH 14.1,Kishacoquillas Creek,07/05/2024,Dubiraphia,3
KISH 14.1,Kishacoquillas Creek,07/05/2024,Hemerodromia,1
KISH 14.1,Kishacoquillas Creek,07/05/2024,Hydracarina,5
KISH 14.1,Kishacoquillas Creek,07/05/2024,Optioservus,3
KISH 14.1,Kishacoquillas Creek,07/05/2024,Crangonyx,5
KISH 14.1,Kishacoquillas Creek,07/05/2024,Hemerodromia,1
KISH 14.1,Kishacoquillas Creek,07/05/2024,Baetis,42
KISH 14.1,Kishacoquillas Creek,07/05/2024,Maccaffertium,5
KISH 14.1,Kishacoquillas Creek,07/05/2024,Caecidotea,13
KISH 14.1,Kishacoquillas Creek,07/05/2024,Corbiculidae,1
KISH 14.1,Kishacoquillas Creek,07/05/2024,Dubiraphia,1
KISH 14.1,Kishacoquillas Creek,07/05/2024,Gammarus,2
KISH 14.1,Kishacoquillas Creek,07/05/2024,Prosimulium,1
KISH 14.1,Kishacoquillas Creek,07/05/2024,Turbellaria,1
KISH 14.1,Kishacoquillas Creek,07/05/2024,Chironomidae,61
KISH 14.1,Kishacoquillas Creek,07/05/2024,Psephenus,1
KISH 14.1,Kishacoquillas Creek,07/05/2024,Hydracarina,1
KISH 14.1,Kishacoquillas Creek,07/05/2024,Optioservus,1
KISH 14.1,Kishacoquillas Creek,07/05/2024,Oligochaeta,63
KISH 14.1,Kishacoquillas Creek,07/05/2024,Nematoda,1
KISH 14.1,Kishacoquillas Creek,07/05/2024,Antocha,1
KISH 14.1,Kishacoquillas Creek,07/05/2024,Stenelmis,1
Kitchen,Kitchen Creek,23/04/2025,Chironomidae,46
Kitchen,Kitchen Creek,23/04/2025,Nematoda,1
Kitchen,Kitchen Creek,23/04/2025,Ephemerella,21
Kitchen,Kitchen Creek,23/04/2025,Epeorus,8
Kitchen,Kitchen Creek,23/04/2025,Drunella,4
Kitchen,Kitchen Creek,23/04/2025,Dolophilodes,4
Kitchen,Kitchen Creek,23/04/2025,Cinygmula,41
Kitchen,Kitchen Creek,23/04/2025,Cheumatopsyche,1
Kitchen,Kitchen Creek,23/04/2025,Antocha,2
Kitchen,Kitchen Creek,23/04/2025,Isonychia,3
Kitchen,Kitchen Creek,23/04/2025,Agapetus,2
Kitchen,Kitchen Creek,23/04/2025,Haploperla,5
Kitchen,Kitchen Creek,23/04/2025,Leucrocuta,2
Kitchen,Kitchen Creek,23/04/2025,Oulimnius,3
Kitchen,Kitchen Creek,23/04/2025,Neophylax,3
Kitchen,Kitchen Creek,23/04/2025,Oligochaeta,13
Kitchen,Kitchen Creek,23/04/2025,Paragnetina,2
Kitchen,Kitchen Creek,23/04/2025,Diphetor,3
Kitchen,Kitchen Creek,23/04/2025,Rhithrogena,1
Kitchen,Kitchen Creek,23/04/2025,Sphaeriidae,1
Kitchen,Kitchen Creek,23/04/2025,Teloganopsis,15
Kitchen,Kitchen Creek,23/04/2025,Sweltsa,2
Kitchen,Kitchen Creek,23/04/2025,Leuctra,10
Kitchen,Kitchen Creek,23/04/2025,Maccaffertium,3
Kitchen,Kitchen Creek,23/04/2025,Hexatoma,2
Kitchen,Kitchen Creek,23/04/2025,Isoperla,7
Kitchen,Kitchen Creek,23/04/2025,Lanthus,1
Kitchen,Kitchen Creek,23/04/2025,Lepidostoma,1
Kitchen,Kitchen Creek,23/04/2025,Leptophlebiidae,8
Kitchen,Kitchen Creek,23/04/2025,Psephenus,2
Kitchen,Kitchen Creek,23/04/2025,Acentrella,6
Kitchen,Kitchen Creek,23/04/2025,Hydropsyche,2
Kitchen,Kitchen Creek,23/04/2025,Acentrella,8
Kitchen,Kitchen Creek,23/04/2025,Agnetina,1
Kitchen,Kitchen Creek,23/04/2025,Maccaffertium,1
Kitchen,Kitchen Creek,23/04/2025,Teloganopsis,1
Kitchen,Kitchen Creek,23/04/2025,Trichoclinocera,3
Kitchen,Kitchen Creek,23/04/2025,Hydracarina,1
Kitchen,Kitchen Creek,23/04/2025,Sphaeriidae,1
Kitchen,Kitchen Creek,23/04/2025,Psilotreta,1
Kitchen,Kitchen Creek,23/04/2025,Philopotamidae,1
Kitchen,Kitchen Creek,23/04/2025,Optioservus,5
Kitchen,Kitchen Creek,23/04/2025,Oligochaeta,3
Kitchen,Kitchen Creek,23/04/2025,Neoplasta,1
Kitchen,Kitchen Creek,23/04/2025,Neophylax,3
Kitchen,Kitchen Creek,23/04/2025,Baetis,11
Kitchen,Kitchen Creek,23/04/2025,Nematoda,1
Kitchen,Kitchen Creek,23/04/2025,Chironomidae,104
Kitchen,Kitchen Creek,23/04/2025,Leuctra,2
Kitchen,Kitchen Creek,23/04/2025,Leucrocuta,7
Kitchen,Kitchen Creek,23/04/2025,Leptophlebiidae,12
Kitchen,Kitchen Creek,23/04/2025,Isoperla,2
Kitchen,Kitchen Creek,23/04/2025,Hexatoma,3
Kitchen,Kitchen Creek,23/04/2025,Haploperla,5
Kitchen,Kitchen Creek,23/04/2025,Ephemerella,2
Kitchen,Kitchen Creek,23/04/2025,Epeorus,6
Kitchen,Kitchen Creek,23/04/2025,Drunella,3
Kitchen,Kitchen Creek,23/04/2025,Cinygmula,23
Kitchen,Kitchen Creek,23/04/2025,Antocha,4
Kitchen,Kitchen Creek,23/04/2025,Paraleptophlebia,6
Kitchen,Kitchen Creek,23/04/2025,Cheumatopsyche,3
Kitchen,Kitchen Creek,23/04/2025,Agnetina,2
Kitchen,Kitchen Creek,23/04/2025,Alloperla,1
Kitchen,Kitchen Creek,23/04/2025,Ameletus,1
Kitchen,Kitchen Creek,23/04/2025,Baetis,37
Kitchen,Kitchen Creek,23/04/2025,Chelifera,3
Kitchen,Kitchen Creek,23/04/2025,Cheumatopsyche,10
Kitchen,Kitchen Creek,23/04/2025,Chironomidae,35
Kitchen,Kitchen Creek,23/04/2025,Cinygmula,19
Kitchen,Kitchen Creek,23/04/2025,Diphetor,4
Kitchen,Kitchen Creek,23/04/2025,Drunella,12
Kitchen,Kitchen Creek,23/04/2025,Epeorus,10
Kitchen,Kitchen Creek,23/04/2025,Ephemerella,18
Kitchen,Kitchen Creek,23/04/2025,Haploperla,7
Kitchen,Kitchen Creek,23/04/2025,Hexatoma,3
Kitchen,Kitchen Creek,23/04/2025,Hydropsyche,6
Kitchen,Kitchen Creek,23/04/2025,Isonychia,4
Kitchen,Kitchen Creek,23/04/2025,Isoperla,3
Kitchen,Kitchen Creek,23/04/2025,Lepidostoma,1
Kitchen,Kitchen Creek,23/04/2025,Leucrocuta,4
Kitchen,Kitchen Creek,23/04/2025,Maccaffertium,3
Kitchen,Kitchen Creek,23/04/2025,Paraleptophlebia,17
Kitchen,Kitchen Creek,23/04/2025,Neophylax,4
Kitchen,Kitchen Creek,23/04/2025,Oligochaeta,5
Kitchen,Kitchen Creek,23/04/2025,Optioservus,1
Kitchen,Kitchen Creek,23/04/2025,Paragnetina,2
Kitchen,Kitchen Creek,23/04/2025,Psilotreta,2
Kitchen,Kitchen Creek,23/04/2025,Stenelmis,1
Kitchen,Kitchen Creek,23/04/2025,Stygonectes,1
Kitchen,Kitchen Creek,23/04/2025,Sweltsa,5
Kitchen,Kitchen Creek,23/04/2025,Teloganopsis,4
Kitchen,Kitchen Creek,23/04/2025,Hydracarina,1
Kitchen,Kitchen Creek,23/04/2025,Acentrella,5
Kitchen,Kitchen Creek,23/04/2025,Acroneuria,1
Kitchen,Kitchen Creek,23/04/2025,Agnetina,1
Kitchen,Kitchen Creek,23/04/2025,Ameletus,1
Kitchen,Kitchen Creek,23/04/2025,Apatania,1
Kitchen,Kitchen Creek,23/04/2025,Cambarus,1
Kitchen,Kitchen Creek,23/04/2025,Cheumatopsyche,5
Kitchen,Kitchen Creek,23/04/2025,Chironomidae,17
Kitchen,Kitchen Creek,23/04/2025,Diplectrona,2
Kitchen,Kitchen Creek,23/04/2025,Diploperla,1
Kitchen,Kitchen Creek,23/04/2025,Dolophilodes,1
Kitchen,Kitchen Creek,23/04/2025,Epeorus,9
Kitchen,Kitchen Creek,23/04/2025,Ephemerella,11
Kitchen,Kitchen Creek,23/04/2025,Eurylophella,1
Kitchen,Kitchen Creek,23/04/2025,Hexatoma,4
Kitchen,Kitchen Creek,23/04/2025,Hydropsyche,34
Kitchen,Kitchen Creek,23/04/2025,Isoperla,15
Kitchen,Kitchen Creek,23/04/2025,Lepidostoma,12
Kitchen,Kitchen Creek,23/04/2025,Leptophlebiidae,15
Kitchen,Kitchen Creek,23/04/2025,Leucrocuta,1
Kitchen,Kitchen Creek,23/04/2025,Leuctra,10
Kitchen,Kitchen Creek,23/04/2025,Oligochaeta,1
Kitchen,Kitchen Creek,23/04/2025,Maccaffertium,12
Kitchen,Kitchen Creek,23/04/2025,Nigronia,1
Kitchen,Kitchen Creek,23/04/2025,Optioservus,3
Kitchen,Kitchen Creek,23/04/2025,Paraleptophlebia,12
Kitchen,Kitchen Creek,23/04/2025,Promoresia,1
Kitchen,Kitchen Creek,23/04/2025,Prosimulium,2
Kitchen,Kitchen Creek,23/04/2025,Pycnopsyche,3
Kitchen,Kitchen Creek,23/04/2025,Rhyacophila,2
Kitchen,Kitchen Creek,23/04/2025,Serratella,1
Kitchen,Kitchen Creek,23/04/2025,Simulium,1
Kitchen,Kitchen Creek,23/04/2025,Sweltsa,6
Kitchen,Kitchen Creek,23/04/2025,Taeniopteryx,14
Kitchen,Kitchen Creek,23/04/2025,Tallaperla,3
Kitchen,Kitchen Creek,23/04/2025,Acentrella,17
Kitchen,Kitchen Creek,23/04/2025,Baetis,7
Kitchen,Kitchen Creek,23/04/2025,Diphetor,1
Kitchen,Kitchen Creek,23/04/2025,Ephemerella,20
Kitchen,Kitchen Creek,23/04/2025,Eurylophella,3
Kitchen,Kitchen Creek,23/04/2025,Serratella,1
Kitchen,Kitchen Creek,23/04/2025,Epeorus,13
Kitchen,Kitchen Creek,23/04/2025,Leucrocuta,1
Kitchen,Kitchen Creek,23/04/2025,Maccaffertium,12
Kitchen,Kitchen Creek,23/04/2025,Isonychia,1
Kitchen,Kitchen Creek,23/04/2025,Paraleptophlebia,16
Kitchen,Kitchen Creek,23/04/2025,Paracapnia,2
Kitchen,Kitchen Creek,23/04/2025,Sweltsa,3
Kitchen,Kitchen Creek,23/04/2025,Leuctra,1
Kitchen,Kitchen Creek,23/04/2025,Isoperla,8
Kitchen,Kitchen Creek,23/04/2025,Taeniopteryx,18
Kitchen,Kitchen Creek,23/04/2025,Micrasema,1
Kitchen,Kitchen Creek,23/04/2025,Ceratopsyche,30
Kitchen,Kitchen Creek,23/04/2025,Cheumatopsyche,16
Kitchen,Kitchen Creek,23/04/2025,Lepidostoma,11
Kitchen,Kitchen Creek,23/04/2025,Dolophilodes,10
Kitchen,Kitchen Creek,23/04/2025,Polycentropus,1
Kitchen,Kitchen Creek,23/04/2025,Optioservus,4
Kitchen,Kitchen Creek,23/04/2025,Psephenus,1
Kitchen,Kitchen Creek,23/04/2025,Chironomidae,17
Kitchen,Kitchen Creek,23/04/2025,Hemerodromia,1
Kitchen,Kitchen Creek,23/04/2025,Simulium,2
Kitchen,Kitchen Creek,23/04/2025,Antocha,1
Kitchen,Kitchen Creek,23/04/2025,Oligochaeta,1
Kitchen,Kitchen Creek,23/04/2025,Hydracarina,1
Kitchen,Kitchen Creek,23/04/2025,Acentrella,1
Kitchen,Kitchen Creek,23/04/2025,Ephemerella,12
Kitchen,Kitchen Creek,23/04/2025,Eurylophella,1
Kitchen,Kitchen Creek,23/04/2025,Serratella,15
Kitchen,Kitchen Creek,23/04/2025,Epeorus,6
Kitchen,Kitchen Creek,23/04/2025,Leucrocuta,3
Kitchen,Kitchen Creek,23/04/2025,Maccaffertium,10
Kitchen,Kitchen Creek,23/04/2025,Rhithrogena,3
Kitchen,Kitchen Creek,23/04/2025,Isonychia,14
Kitchen,Kitchen Creek,23/04/2025,Paraleptophlebia,14
Kitchen,Kitchen Creek,23/04/2025,Sweltsa,2
Kitchen,Kitchen Creek,23/04/2025,Agnetina,2
Kitchen,Kitchen Creek,23/04/2025,Paragnetina,2
Kitchen,Kitchen Creek,23/04/2025,Perlodidae,4
Kitchen,Kitchen Creek,23/04/2025,Isoperla,23
Kitchen,Kitchen Creek,23/04/2025,Pteronarcys,1
Kitchen,Kitchen Creek,23/04/2025,Taeniopteryx,8
Kitchen,Kitchen Creek,23/04/2025,Apatania,1
Kitchen,Kitchen Creek,23/04/2025,Glossosoma,4
Kitchen,Kitchen Creek,23/04/2025,Ceratopsyche,8
Kitchen,Kitchen Creek,23/04/2025,Cheumatopsyche,17
Kitchen,Kitchen Creek,23/04/2025,Lepidostoma,25
Kitchen,Kitchen Creek,23/04/2025,Limnephilidae,1
Kitchen,Kitchen Creek,23/04/2025,Psilotreta,1
Kitchen,Kitchen Creek,23/04/2025,Dolophilodes,10
Kitchen,Kitchen Creek,23/04/2025,Nyctiophylax,1
Kitchen,Kitchen Creek,23/04/2025,Rhyacophila,3
Kitchen,Kitchen Creek,23/04/2025,Neophylax,3
Kitchen,Kitchen Creek,23/04/2025,Optioservus,6
Kitchen,Kitchen Creek,23/04/2025,Oulimnius,3
Kitchen,Kitchen Creek,23/04/2025,Psephenus,1
Kitchen,Kitchen Creek,23/04/2025,Chironomidae,18
Kitchen,Kitchen Creek,23/04/2025,Hemerodromia,1
Kitchen,Kitchen Creek,23/04/2025,Antocha,5
Kitchen,Kitchen Creek,23/04/2025,Dicranota,1
Kitchen,Kitchen Creek,23/04/2025,Hexatoma,4
Kitchen,Kitchen Creek,23/04/2025,Nemertea,1
Kitchen,Kitchen Creek,23/04/2025,Oligochaeta,2
Kitchen,Kitchen Creek,23/04/2025,Lepidostoma,11
Kitchen,Kitchen Creek,23/04/2025,Dolophilodes,3
Kitchen,Kitchen Creek,23/04/2025,Rhyacophila,3
Kitchen,Kitchen Creek,23/04/2025,Neophylax,1
Kitchen,Kitchen Creek,23/04/2025,Boyeria,1
Kitchen,Kitchen Creek,23/04/2025,Nigronia,1
Kitchen,Kitchen Creek,23/04/2025,Optioservus,3
Kitchen,Kitchen Creek,23/04/2025,Psephenus,4
Kitchen,Kitchen Creek,23/04/2025,Chironomidae,22
Kitchen,Kitchen Creek,23/04/2025,Antocha,1
Kitchen,Kitchen Creek,23/04/2025,Dicranota,2
Kitchen,Kitchen Creek,23/04/2025,Hexatoma,1
Kitchen,Kitchen Creek,23/04/2025,Ancylidae,1
Kitchen,Kitchen Creek,23/04/2025,Oligochaeta,5
Kitchen,Kitchen Creek,23/04/2025,Ephemerella,20
Kitchen,Kitchen Creek,23/04/2025,Eurylophella,1
Kitchen,Kitchen Creek,23/04/2025,Serratella,14
Kitchen,Kitchen Creek,23/04/2025,Epeorus,24
Kitchen,Kitchen Creek,23/04/2025,Leucrocuta,4
Kitchen,Kitchen Creek,23/04/2025,Maccaffertium,13
Kitchen,Kitchen Creek,23/04/2025,Rhithrogena,2
Kitchen,Kitchen Creek,23/04/2025,Isonychia,22
Kitchen,Kitchen Creek,23/04/2025,Paraleptophlebia,13
Kitchen,Kitchen Creek,23/04/2025,Leuctra,1
Kitchen,Kitchen Creek,23/04/2025,Paragnetina,1
Kitchen,Kitchen Creek,23/04/2025,Perlodidae,2
Kitchen,Kitchen Creek,23/04/2025,Isoperla,12
Kitchen,Kitchen Creek,23/04/2025,Taeniopteryx,1
Kitchen,Kitchen Creek,23/04/2025,Micrasema,1
Kitchen,Kitchen Creek,23/04/2025,Ceratopsyche,2
Kitchen,Kitchen Creek,23/04/2025,Cheumatopsyche,18
Kitchen,Kitchen Creek,23/04/2025,Hydroptila,2
Kitchen,Kitchen Creek,23/04/2025,Acentrella,1
Kitchen,Kitchen Creek,23/04/2025,Acentrella,2
Kitchen,Kitchen Creek,23/04/2025,Ephemerella,10
Kitchen,Kitchen Creek,23/04/2025,Eurylophella,1
Kitchen,Kitchen Creek,23/04/2025,Serratella,10
Kitchen,Kitchen Creek,23/04/2025,Epeorus,13
Kitchen,Kitchen Creek,23/04/2025,Leucrocuta,4
Kitchen,Kitchen Creek,23/04/2025,Maccaffertium,5
Kitchen,Kitchen Creek,23/04/2025,Rhithrogena,3
Kitchen,Kitchen Creek,23/04/2025,Isonychia,7
Kitchen,Kitchen Creek,23/04/2025,Paraleptophlebia,14
Kitchen,Kitchen Creek,23/04/2025,Paracapnia,2
Kitchen,Kitchen Creek,23/04/2025,Acroneuria,1
Kitchen,Kitchen Creek,23/04/2025,Agnetina,1
Kitchen,Kitchen Creek,23/04/2025,Paragnetina,2
Kitchen,Kitchen Creek,23/04/2025,Perlodidae,1
Kitchen,Kitchen Creek,23/04/2025,Isogenoides,2
Kitchen,Kitchen Creek,23/04/2025,Isoperla,7
Kitchen,Kitchen Creek,23/04/2025,Ceratopsyche,20
Kitchen,Kitchen Creek,23/04/2025,Cheumatopsyche,14
Kitchen,Kitchen Creek,23/04/2025,Lepidostoma,15
Kitchen,Kitchen Creek,23/04/2025,Psilotreta,1
Kitchen,Kitchen Creek,23/04/2025,Dolophilodes,9
Kitchen,Kitchen Creek,23/04/2025,Polycentropus,2
Kitchen,Kitchen Creek,23/04/2025,Rhyacophila,5
Kitchen,Kitchen Creek,23/04/2025,Gomphidae,2
Kitchen,Kitchen Creek,23/04/2025,Stylogomphus,1
Kitchen,Kitchen Creek,23/04/2025,Nigronia,2
Kitchen,Kitchen Creek,23/04/2025,Optioservus,6
Kitchen,Kitchen Creek,23/04/2025,Oulimnius,2
Kitchen,Kitchen Creek,23/04/2025,Psephenus,1
Kitchen,Kitchen Creek,23/04/2025,Bezzia,1
Kitchen,Kitchen Creek,23/04/2025,Chironomidae,40
Kitchen,Kitchen Creek,23/04/2025,Antocha,2
Kitchen,Kitchen Creek,23/04/2025,Dicranota,1
Kitchen,Kitchen Creek,23/04/2025,Nemertea,1
Kitchen,Kitchen Creek,23/04/2025,Ancylidae,1
Kitchen,Kitchen Creek,23/04/2025,Sphaeriidae,2
Kitchen,Kitchen Creek,23/04/2025,Oligochaeta,11
Kitchen,Kitchen Creek,23/04/2025,Hydroptila,1
Kitchen,Kitchen Creek,23/04/2025,Acroneuria,2
Kitchen,Kitchen Creek,23/04/2025,Cheumatopsyche,1
Kitchen,Kitchen Creek,23/04/2025,Maccaffertium,2
Kitchen,Kitchen Creek,23/04/2025,Isonychia,1
Kitchen,Kitchen Creek,23/04/2025,Paraleptophlebia,17
Kitchen,Kitchen Creek,23/04/2025,Leuctra,3
Kitchen,Kitchen Creek,23/04/2025,Polycentropus,1
Kitchen,Kitchen Creek,23/04/2025,Ostrocerca,2
Kitchen,Kitchen Creek,23/04/2025,Agnetina,1
Kitchen,Kitchen Creek,23/04/2025,Oligochaeta,5
Kitchen,Kitchen Creek,23/04/2025,Ceratopsyche,2
Kitchen,Kitchen Creek,23/04/2025,Cinygmula,9
Kitchen,Kitchen Creek,23/04/2025,Rhyacophila,2
Kitchen,Kitchen Creek,23/04/2025,Lepidostoma,1
Kitchen,Kitchen Creek,23/04/2025,Neophylax,1
Kitchen,Kitchen Creek,23/04/2025,Amphinemura,2
Kitchen,Kitchen Creek,23/04/2025,Serratella,14
Kitchen,Kitchen Creek,23/04/2025,Philopotamidae,2
Kitchen,Kitchen Creek,23/04/2025,Baetis,14
Kitchen,Kitchen Creek,23/04/2025,Blepharicera,2
Kitchen,Kitchen Creek,23/04/2025,Antocha,1
Kitchen,Kitchen Creek,23/04/2025,Eurylophella,1
Kitchen,Kitchen Creek,23/04/2025,Ephemerella,7
Kitchen,Kitchen Creek,23/04/2025,Drunella,7
Kitchen,Kitchen Creek,23/04/2025,Diphetor,5
Kitchen,Kitchen Creek,23/04/2025,Epeorus,10
Kitchen,Kitchen Creek,23/04/2025,Leucrocuta,4
Kitchen,Kitchen Creek,23/04/2025,Prosimulium,8
Kitchen,Kitchen Creek,23/04/2025,Oulimnius,3
Kitchen,Kitchen Creek,23/04/2025,Optioservus,3
Kitchen,Kitchen Creek,23/04/2025,Chironomidae,76
Kitchen,Kitchen Creek,23/04/2025,Neoplasta,2
Kitchen,Kitchen Creek,23/04/2025,Hexatoma,1
Kitchen,Kitchen Creek,23/04/2025,Hemerodromia,1
Kitchen,Kitchen Creek,23/04/2025,Dicranota,1
Kitchen,Kitchen Creek,23/04/2025,Neophylax,2
Kitchen,Kitchen Creek,23/04/2025,Blepharicera,1
Kitchen,Kitchen Creek,23/04/2025,Psephenus,1
Kitchen,Kitchen Creek,23/04/2025,Polycentropus,1
Kitchen,Kitchen Creek,23/04/2025,Oulimnius,3
Kitchen,Kitchen Creek,23/04/2025,Chelifera,2
Kitchen,Kitchen Creek,23/04/2025,Lanthus,1
Kitchen,Kitchen Creek,23/04/2025,Rhyacophila,2
Kitchen,Kitchen Creek,23/04/2025,Antocha,1
Kitchen,Kitchen Creek,23/04/2025,Drunella,11
Kitchen,Kitchen Creek,23/04/2025,Acerpenna,1
Kitchen,Kitchen Creek,23/04/2025,Isonychia,3
Kitchen,Kitchen Creek,23/04/2025,Diphetor,8
Kitchen,Kitchen Creek,23/04/2025,Maccaffertium,1
Kitchen,Kitchen Creek,23/04/2025,Ephemerella,13
Kitchen,Kitchen Creek,23/04/2025,Psilotreta,1
Kitchen,Kitchen Creek,23/04/2025,Serratella,9
Kitchen,Kitchen Creek,23/04/2025,Prosimulium,4
Kitchen,Kitchen Creek,23/04/2025,Ceraclea,3
Kitchen,Kitchen Creek,23/04/2025,Hydroptila,1
Kitchen,Kitchen Creek,23/04/2025,Cheumatopsyche,1
Kitchen,Kitchen Creek,23/04/2025,Eurylophella,1
Kitchen,Kitchen Creek,23/04/2025,Hexatoma,3
Kitchen,Kitchen Creek,23/04/2025,Turbellaria,2
Kitchen,Kitchen Creek,23/04/2025,Sphaeriidae,2
Kitchen,Kitchen Creek,23/04/2025,Oligochaeta,5
Kitchen,Kitchen Creek,23/04/2025,Hydracarina,3
Kitchen,Kitchen Creek,23/04/2025,Chironomidae,26
Kitchen,Kitchen Creek,23/04/2025,Baetis,7
Kitchen,Kitchen Creek,23/04/2025,Lepidostoma,1
Kitchen,Kitchen Creek,23/04/2025,Epeorus,15
Kitchen,Kitchen Creek,23/04/2025,Cinygmula,19
Kitchen,Kitchen Creek,23/04/2025,Optioservus,2
Kitchen,Kitchen Creek,23/04/2025,Glossosomatidae,1
Kitchen,Kitchen Creek,23/04/2025,Dolophilodes,7
Kitchen,Kitchen Creek,23/04/2025,Leucrocuta,4
Kitchen,Kitchen Creek,23/04/2025,Ceratopsyche,3
Kitchen,Kitchen Creek,23/04/2025,Paraleptophlebia,20
Kitchen,Kitchen Creek,23/04/2025,Pteronarcys,2
Kitchen,Kitchen Creek,23/04/2025,Isoperla,6
Kitchen,Kitchen Creek,23/04/2025,Alloperla,7
Kitchen,Kitchen Creek,23/04/2025,Acroneuria,1
Kitchen,Kitchen Creek,23/04/2025,Peltoperla,1
Kitchen,Kitchen Creek,23/04/2025,Paragnetina,2
Kitchen,Kitchen Creek,23/04/2025,Leuctra,11
Kitchen,Kitchen Creek,23/04/2025,Amphinemura,10
Kitchen,Kitchen Creek,23/04/2025,Sweltsa,1
Kitchen,Kitchen Creek,23/04/2025,Acroneuria,1
Kitchen,Kitchen Creek,23/04/2025,Baetis,24
Kitchen,Kitchen Creek,23/04/2025,Ceratopogonidae,2
Kitchen,Kitchen Creek,23/04/2025,Cheumatopsyche,5
Kitchen,Kitchen Creek,23/04/2025,Chironomidae,30
Kitchen,Kitchen Creek,23/04/2025,Chloroperlidae,1
Kitchen,Kitchen Creek,23/04/2025,Ephemerella,33
Kitchen,Kitchen Creek,23/04/2025,Hexatoma,3
Kitchen,Kitchen Creek,23/04/2025,Lepidostoma,7
Kitchen,Kitchen Creek,23/04/2025,Nigronia,2
Kitchen,Kitchen Creek,23/04/2025,Prosimulium,2
Kitchen,Kitchen Creek,23/04/2025,Pteronarcys,1
Kitchen,Kitchen Creek,23/04/2025,Rhithrogena,16
Kitchen,Kitchen Creek,23/04/2025,Serratella,4
Kitchen,Kitchen Creek,23/04/2025,Taenionema,2
Kitchen,Kitchen Creek,23/04/2025,Amphinemura,1
Kitchen,Kitchen Creek,23/04/2025,Bolotoperla,2
Kitchen,Kitchen Creek,23/04/2025,Ceratopsyche,9
Kitchen,Kitchen Creek,23/04/2025,Clinocera,2
Kitchen,Kitchen Creek,23/04/2025,Diphetor,5
Kitchen,Kitchen Creek,23/04/2025,Drunella,4
Kitchen,Kitchen Creek,23/04/2025,Epeorus,31
Kitchen,Kitchen Creek,23/04/2025,Eurylophella,2
Kitchen,Kitchen Creek,23/04/2025,Isonychia,2
Kitchen,Kitchen Creek,23/04/2025,Isoperla,1
Kitchen,Kitchen Creek,23/04/2025,Leuctra,2
Kitchen,Kitchen Creek,23/04/2025,Micrasema,1
Kitchen,Kitchen Creek,23/04/2025,Paraleptophlebia,13
Kitchen,Kitchen Creek,23/04/2025,Rhyacophila,1
Kitchen,Kitchen Creek,23/04/2025,Sweltsa,1
Kitchen,Kitchen Creek,23/04/2025,Amphinemura,1
Kitchen,Kitchen Creek,23/04/2025,Isoperla,4
Kitchen,Kitchen Creek,23/04/2025,Epeorus,32
Kitchen,Kitchen Creek,23/04/2025,Sweltsa,3
Kitchen,Kitchen Creek,23/04/2025,Agnetina,1
Kitchen,Kitchen Creek,23/04/2025,Ephemerella,10
Kitchen,Kitchen Creek,23/04/2025,Baetis,36
Kitchen,Kitchen Creek,23/04/2025,Serratella,9
Kitchen,Kitchen Creek,23/04/2025,Drunella,9
Kitchen,Kitchen Creek,23/04/2025,Hexatoma,5
Kitchen,Kitchen Creek,23/04/2025,Blepharicera,1
Kitchen,Kitchen Creek,23/04/2025,Hydropsyche,4
Kitchen,Kitchen Creek,23/04/2025,Maccaffertium,3
Kitchen,Kitchen Creek,23/04/2025,Orconectes,1
Kitchen,Kitchen Creek,23/04/2025,Paraleptophlebia,13
Kitchen,Kitchen Creek,23/04/2025,Ceratopogonidae,13
Kitchen,Kitchen Creek,23/04/2025,Leuctra,2
Kitchen,Kitchen Creek,23/04/2025,Nigronia,1
Kitchen,Kitchen Creek,23/04/2025,Optioservus,2
Kitchen,Kitchen Creek,23/04/2025,Oulimnius,2
Kitchen,Kitchen Creek,23/04/2025,Cheumatopsyche,4
Kitchen,Kitchen Creek,23/04/2025,Rhyacophila,2
Kitchen,Kitchen Creek,23/04/2025,Dolophilodes,1
Kitchen,Kitchen Creek,23/04/2025,Pteronarcys,2
Kitchen,Kitchen Creek,23/04/2025,Lepidostoma,1
Kitchen,Kitchen Creek,23/04/2025,Isonychia,6
Kitchen,Kitchen Creek,23/04/2025,Antocha,3
Kitchen,Kitchen Creek,23/04/2025,Neophylax,3
Kitchen,Kitchen Creek,23/04/2025,Cinygmula,23
LARR,Larrys Creek,26/04/2023,Ephemerella,24
LARR,Larrys Creek,26/04/2023,Baetis,1
LARR,Larrys Creek,26/04/2023,Cambarus,2
LARR,Larrys Creek,26/04/2023,Ceratopogonidae,1
LARR,Larrys Creek,26/04/2023,Cinygmula,1
LARR,Larrys Creek,26/04/2023,Ephemera,2
LARR,Larrys Creek,26/04/2023,Hexatoma,4
LARR,Larrys Creek,26/04/2023,Hydropsyche,1
LARR,Larrys Creek,26/04/2023,Isonychia,3
LARR,Larrys Creek,26/04/2023,Leptophlebiidae,5
LARR,Larrys Creek,26/04/2023,Leuctra,8
LARR,Larrys Creek,26/04/2023,Drunella,27
LARR,Larrys Creek,26/04/2023,Micrasema,1
LARR,Larrys Creek,26/04/2023,Cheumatopsyche,2
LARR,Larrys Creek,26/04/2023,Nematoda,1
LARR,Larrys Creek,26/04/2023,Maccaffertium,1
LARR,Larrys Creek,26/04/2023,Teloganopsis,1
LARR,Larrys Creek,26/04/2023,Epeorus,2
LARR,Larrys Creek,26/04/2023,Atherix,2
LARR,Larrys Creek,26/04/2023,Chironomidae,38
LARR,Larrys Creek,26/04/2023,Oulimnius,2
LARR,Larrys Creek,26/04/2023,Polycentropodidae,2
LARR,Larrys Creek,26/04/2023,Neoplasta,1
LARR,Larrys Creek,26/04/2023,Psephenus,2
LARR,Larrys Creek,26/04/2023,Rhyacophila,1
LARR,Larrys Creek,26/04/2023,Optioservus,36
LARR,Larrys Creek,26/04/2023,Neophylax,7
LARR,Larrys Creek,26/04/2023,Acentrella,24
LARR,Larrys Creek,26/04/2023,Simulium,4
LARR,Larrys Creek,26/04/2023,Agapetus,7
LARR,Larrys Creek,26/04/2023,Acroneuria,1
LARR,Larrys Creek,26/04/2023,Acentrella,19
LARR,Larrys Creek,26/04/2023,Acroneuria,1
LARR,Larrys Creek,26/04/2023,Baetis,2
LARR,Larrys Creek,26/04/2023,Cheumatopsyche,2
LARR,Larrys Creek,26/04/2023,Chironomidae,6
LARR,Larrys Creek,26/04/2023,Diploperla,1
LARR,Larrys Creek,26/04/2023,Dolophilodes,5
LARR,Larrys Creek,26/04/2023,Epeorus,3
LARR,Larrys Creek,26/04/2023,Ephemera,1
LARR,Larrys Creek,26/04/2023,Ephemerella,40
LARR,Larrys Creek,26/04/2023,Eurylophella,4
LARR,Larrys Creek,26/04/2023,Heptageniidae,2
LARR,Larrys Creek,26/04/2023,Hexatoma,1
LARR,Larrys Creek,26/04/2023,Hydracarina,1
LARR,Larrys Creek,26/04/2023,Hydropsyche,6
LARR,Larrys Creek,26/04/2023,Isonychia,10
LARR,Larrys Creek,26/04/2023,Isoperla,7
LARR,Larrys Creek,26/04/2023,Lepidostoma,26
LARR,Larrys Creek,26/04/2023,Leptophlebiidae,2
LARR,Larrys Creek,26/04/2023,Leucrocuta,2
LARR,Larrys Creek,26/04/2023,Maccaffertium,1
LARR,Larrys Creek,26/04/2023,Neophylax,4
LARR,Larrys Creek,26/04/2023,Nigronia,2
LARR,Larrys Creek,26/04/2023,Optioservus,13
LARR,Larrys Creek,26/04/2023,Oulimnius,1
LARR,Larrys Creek,26/04/2023,Paraleptophlebia,3
LARR,Larrys Creek,26/04/2023,Rhithrogena,1
LARR,Larrys Creek,26/04/2023,Rhyacophila,1
LARR,Larrys Creek,26/04/2023,Serratella,2
LARR,Larrys Creek,26/04/2023,Sweltsa,5
LARR,Larrys Creek,26/04/2023,Taeniopteryx,39
LARR,Larrys Creek,26/04/2023,Tipula,1
LARR,Larrys Creek,26/04/2023,Acentrella,25
LARR,Larrys Creek,26/04/2023,Acroneuria,2
LARR,Larrys Creek,26/04/2023,Cheumatopsyche,4
LARR,Larrys Creek,26/04/2023,Chironomidae,14
LARR,Larrys Creek,26/04/2023,Dicranota,1
LARR,Larrys Creek,26/04/2023,Dolophilodes,4
LARR,Larrys Creek,26/04/2023,Epeorus,8
LARR,Larrys Creek,26/04/2023,Ephemerella,50
LARR,Larrys Creek,26/04/2023,Eurylophella,5
LARR,Larrys Creek,26/04/2023,Hydropsyche,7
LARR,Larrys Creek,26/04/2023,Isonychia,33
LARR,Larrys Creek,26/04/2023,Isoperla,2
LARR,Larrys Creek,26/04/2023,Lepidostoma,19
LARR,Larrys Creek,26/04/2023,Leptophlebiidae,7
LARR,Larrys Creek,26/04/2023,Leucrocuta,5
LARR,Larrys Creek,26/04/2023,Maccaffertium,7
LARR,Larrys Creek,26/04/2023,Optioservus,2
LARR,Larrys Creek,26/04/2023,Paraleptophlebia,1
LARR,Larrys Creek,26/04/2023,Rhyacophila,5
LARR,Larrys Creek,26/04/2023,Serratella,1
LARR,Larrys Creek,26/04/2023,Stenelmis,1
LARR,Larrys Creek,26/04/2023,Sweltsa,1
LARR,Larrys Creek,26/04/2023,Taeniopteryx,22
LARR,Larrys Creek,26/04/2023,Tipula,1
LARR,Larrys Creek,26/04/2023,Acentrella,5
LARR,Larrys Creek,26/04/2023,Baetis,4
LARR,Larrys Creek,26/04/2023,Plauditus,4
LARR,Larrys Creek,26/04/2023,Ephemerella,79
LARR,Larrys Creek,26/04/2023,Eurylophella,2
LARR,Larrys Creek,26/04/2023,Serratella,5
LARR,Larrys Creek,26/04/2023,Leucrocuta,6
LARR,Larrys Creek,26/04/2023,Maccaffertium,6
LARR,Larrys Creek,26/04/2023,Stenacron,1
LARR,Larrys Creek,26/04/2023,Isonychia,31
LARR,Larrys Creek,26/04/2023,Paraleptophlebia,21
LARR,Larrys Creek,26/04/2023,Leuctra,3
LARR,Larrys Creek,26/04/2023,Acroneuria,1
LARR,Larrys Creek,26/04/2023,Perlodidae,1
LARR,Larrys Creek,26/04/2023,Isoperla,1
LARR,Larrys Creek,26/04/2023,Taeniopteryx,5
LARR,Larrys Creek,26/04/2023,Apatania,6
LARR,Larrys Creek,26/04/2023,Ceratopsyche,3
LARR,Larrys Creek,26/04/2023,Cheumatopsyche,11
LARR,Larrys Creek,26/04/2023,Lepidostoma,3
LARR,Larrys Creek,26/04/2023,Dolophilodes,5
LARR,Larrys Creek,26/04/2023,Rhyacophila,3
LARR,Larrys Creek,26/04/2023,Gomphidae,1
LARR,Larrys Creek,26/04/2023,Optioservus,11
LARR,Larrys Creek,26/04/2023,Stenelmis,1
LARR,Larrys Creek,26/04/2023,Atherix,2
LARR,Larrys Creek,26/04/2023,Ceratopogonidae,2
LARR,Larrys Creek,26/04/2023,Chironomidae,9
LARR,Larrys Creek,26/04/2023,Sphaeriidae,1
LARR,Larrys Creek,26/04/2023,Ephemerella,56
LARR,Larrys Creek,26/04/2023,Eurylophella,1
LARR,Larrys Creek,26/04/2023,Serratella,5
LARR,Larrys Creek,26/04/2023,Ephemera,1
LARR,Larrys Creek,26/04/2023,Epeorus,9
LARR,Larrys Creek,26/04/2023,Leucrocuta,3
LARR,Larrys Creek,26/04/2023,Maccaffertium,6
LARR,Larrys Creek,26/04/2023,Isonychia,8
LARR,Larrys Creek,26/04/2023,Paraleptophlebia,20
LARR,Larrys Creek,26/04/2023,Paracapnia,1
LARR,Larrys Creek,26/04/2023,Sweltsa,1
LARR,Larrys Creek,26/04/2023,Acroneuria,2
LARR,Larrys Creek,26/04/2023,Isoperla,11
LARR,Larrys Creek,26/04/2023,Taeniopteryx,5
LARR,Larrys Creek,26/04/2023,Apatania,6
LARR,Larrys Creek,26/04/2023,Ceratopsyche,11
LARR,Larrys Creek,26/04/2023,Cheumatopsyche,4
LARR,Larrys Creek,26/04/2023,Diplectrona,3
LARR,Larrys Creek,26/04/2023,Lepidostoma,15
LARR,Larrys Creek,26/04/2023,Dolophilodes,5
LARR,Larrys Creek,26/04/2023,Polycentropus,1
LARR,Larrys Creek,26/04/2023,Neophylax,2
LARR,Larrys Creek,26/04/2023,Gomphidae,1
LARR,Larrys Creek,26/04/2023,Nigronia,3
LARR,Larrys Creek,26/04/2023,Optioservus,12
LARR,Larrys Creek,26/04/2023,Oulimnius,1
LARR,Larrys Creek,26/04/2023,Psephenus,1
LARR,Larrys Creek,26/04/2023,Atherix,1
LARR,Larrys Creek,26/04/2023,Chironomidae,13
LARR,Larrys Creek,26/04/2023,Antocha,1
LARR,Larrys Creek,26/04/2023,Hexatoma,2
LARR,Larrys Creek,26/04/2023,Tipula,1
LARR,Larrys Creek,26/04/2023,Nemertea,1
LARR,Larrys Creek,26/04/2023,Ancylidae,1
LARR,Larrys Creek,26/04/2023,Ephemerella,13
LARR,Larrys Creek,26/04/2023,Eurylophella,1
LARR,Larrys Creek,26/04/2023,Serratella,1
LARR,Larrys Creek,26/04/2023,Ephemera,2
LARR,Larrys Creek,26/04/2023,Maccaffertium,2
LARR,Larrys Creek,26/04/2023,Isonychia,3
LARR,Larrys Creek,26/04/2023,Paraleptophlebia,14
LARR,Larrys Creek,26/04/2023,Acroneuria,2
LARR,Larrys Creek,26/04/2023,Paragnetina,1
LARR,Larrys Creek,26/04/2023,Isoperla,1
LARR,Larrys Creek,26/04/2023,Taeniopteryx,8
LARR,Larrys Creek,26/04/2023,Apatania,1
LARR,Larrys Creek,26/04/2023,Micrasema,1
LARR,Larrys Creek,26/04/2023,Ceratopsyche,10
LARR,Larrys Creek,26/04/2023,Cheumatopsyche,9
LARR,Larrys Creek,26/04/2023,Diplectrona,1
LARR,Larrys Creek,26/04/2023,Baetis,4
LARR,Larrys Creek,26/04/2023,Lepidostoma,17
LARR,Larrys Creek,26/04/2023,Ceraclea,1
LARR,Larrys Creek,26/04/2023,Dolophilodes,11
LARR,Larrys Creek,26/04/2023,Gomphidae,3
LARR,Larrys Creek,26/04/2023,Nigronia,1
LARR,Larrys Creek,26/04/2023,Optioservus,12
LARR,Larrys Creek,26/04/2023,Oulimnius,2
LARR,Larrys Creek,26/04/2023,Promoresia,3
LARR,Larrys Creek,26/04/2023,Ceratopogonidae,1
LARR,Larrys Creek,26/04/2023,Chironomidae,88
LARR,Larrys Creek,26/04/2023,Neoplasta,2
LARR,Larrys Creek,26/04/2023,Antocha,1
LARR,Larrys Creek,26/04/2023,Hexatoma,4
LARR,Larrys Creek,26/04/2023,Sphaeriidae,3
LARR,Larrys Creek,26/04/2023,Oligochaeta,11
LARR,Larrys Creek,26/04/2023,Hydracarina,1
LARR,Larrys Creek,26/04/2023,Hydracarina,1
LARR,Larrys Creek,26/04/2023,Acentrella,1
LARR,Larrys Creek,26/04/2023,Baetis,4
LARR,Larrys Creek,26/04/2023,Ephemerella,39
LARR,Larrys Creek,26/04/2023,Eurylophella,1
LARR,Larrys Creek,26/04/2023,Serratella,1
LARR,Larrys Creek,26/04/2023,Epeorus,6
LARR,Larrys Creek,26/04/2023,Leucrocuta,5
LARR,Larrys Creek,26/04/2023,Maccaffertium,9
LARR,Larrys Creek,26/04/2023,Isonychia,10
LARR,Larrys Creek,26/04/2023,Paraleptophlebia,26
LARR,Larrys Creek,26/04/2023,Allocapnia,1
LARR,Larrys Creek,26/04/2023,Paracapnia,1
LARR,Larrys Creek,26/04/2023,Sweltsa,1
LARR,Larrys Creek,26/04/2023,Acroneuria,2
LARR,Larrys Creek,26/04/2023,Paragnetina,1
LARR,Larrys Creek,26/04/2023,Perlodidae,2
LARR,Larrys Creek,26/04/2023,Isoperla,2
LARR,Larrys Creek,26/04/2023,Pteronarcys,1
LARR,Larrys Creek,26/04/2023,Taeniopteryx,5
LARR,Larrys Creek,26/04/2023,Apatania,2
LARR,Larrys Creek,26/04/2023,Ceratopsyche,17
LARR,Larrys Creek,26/04/2023,Cheumatopsyche,6
LARR,Larrys Creek,26/04/2023,Diplectrona,1
LARR,Larrys Creek,26/04/2023,Lepidostoma,8
LARR,Larrys Creek,26/04/2023,Dolophilodes,9
LARR,Larrys Creek,26/04/2023,Rhyacophila,2
LARR,Larrys Creek,26/04/2023,Gomphidae,1
LARR,Larrys Creek,26/04/2023,Nigronia,1
LARR,Larrys Creek,26/04/2023,Optioservus,18
LARR,Larrys Creek,26/04/2023,Oulimnius,2
LARR,Larrys Creek,26/04/2023,Promoresia,1
LARR,Larrys Creek,26/04/2023,Bezzia,1
LARR,Larrys Creek,26/04/2023,Chironomidae,15
LARR,Larrys Creek,26/04/2023,Antocha,1
LARR,Larrys Creek,26/04/2023,Hexatoma,1
LARR,Larrys Creek,26/04/2023,Nemertea,3
LARR,Larrys Creek,26/04/2023,Ancylidae,1
LARR,Larrys Creek,26/04/2023,Sphaeriidae,4
LARR,Larrys Creek,26/04/2023,Oligochaeta,10
LARR,Larrys Creek,26/04/2023,Oligochaeta,8
LARR,Larrys Creek,26/04/2023,Dolophilodes,3
LARR,Larrys Creek,26/04/2023,Lepidostoma,2
LARR,Larrys Creek,26/04/2023,Stactobiella,1
LARR,Larrys Creek,26/04/2023,Leucrocuta,1
LARR,Larrys Creek,26/04/2023,Hexatoma,1
LARR,Larrys Creek,26/04/2023,Oulimnius,3
LARR,Larrys Creek,26/04/2023,Neoplasta,1
LARR,Larrys Creek,26/04/2023,Cheumatopsyche,5
LARR,Larrys Creek,26/04/2023,Diplectrona,2
LARR,Larrys Creek,26/04/2023,Turbellaria,2
LARR,Larrys Creek,26/04/2023,Optioservus,10
LARR,Larrys Creek,26/04/2023,Baetis,12
LARR,Larrys Creek,26/04/2023,Sphaeriidae,1
LARR,Larrys Creek,26/04/2023,Prosimulium,13
LARR,Larrys Creek,26/04/2023,Ceratopsyche,3
LARR,Larrys Creek,26/04/2023,Chironomidae,59
LARR,Larrys Creek,26/04/2023,Cinygmula,2
LARR,Larrys Creek,26/04/2023,Ephemerella,18
LARR,Larrys Creek,26/04/2023,Drunella,7
LARR,Larrys Creek,26/04/2023,Epeorus,19
LARR,Larrys Creek,26/04/2023,Micrasema,5
LARR,Larrys Creek,26/04/2023,Acroneuria,4
LARR,Larrys Creek,26/04/2023,Isoperla,1
LARR,Larrys Creek,26/04/2023,Hydracarina,1
LARR,Larrys Creek,26/04/2023,Diploperla,1
LARR,Larrys Creek,26/04/2023,Isonychia,1
LARR,Larrys Creek,26/04/2023,Maccaffertium,1
LARR,Larrys Creek,26/04/2023,Paraleptophlebia,15
LARR,Larrys Creek,26/04/2023,Chloroperlidae,1
LARR,Larrys Creek,26/04/2023,Leuctra,2
LARR,Larrys Creek,26/04/2023,Diphetor,4
LARR,Larrys Creek,26/04/2023,Acroneuria,1
LARR,Larrys Creek,26/04/2023,Sweltsa,1
LARR,Larrys Creek,26/04/2023,Hydracarina,1
LARR,Larrys Creek,26/04/2023,Cheumatopsyche,2
LARR,Larrys Creek,26/04/2023,Chelifera,1
LARR,Larrys Creek,26/04/2023,Dibusa,1
LARR,Larrys Creek,26/04/2023,Ceratopsyche,3
LARR,Larrys Creek,26/04/2023,Lepidostoma,1
LARR,Larrys Creek,26/04/2023,Stactobiella,10
LARR,Larrys Creek,26/04/2023,Psilotreta,1
LARR,Larrys Creek,26/04/2023,Dolophilodes,1
LARR,Larrys Creek,26/04/2023,Neophylax,2
LARR,Larrys Creek,26/04/2023,Chironomidae,44
LARR,Larrys Creek,26/04/2023,Nigronia,1
LARR,Larrys Creek,26/04/2023,Optioservus,5
LARR,Larrys Creek,26/04/2023,Psephenus,1
LARR,Larrys Creek,26/04/2023,Clinocera,2
LARR,Larrys Creek,26/04/2023,Haploperla,1
LARR,Larrys Creek,26/04/2023,Oulimnius,2
LARR,Larrys Creek,26/04/2023,Isonychia,3
LARR,Larrys Creek,26/04/2023,Polycentropus,1
LARR,Larrys Creek,26/04/2023,Ceratopogonidae,1
LARR,Larrys Creek,26/04/2023,Ephemerella,23
LARR,Larrys Creek,26/04/2023,Acentrella,9
LARR,Larrys Creek,26/04/2023,Serratella,2
LARR,Larrys Creek,26/04/2023,Cinygmula,1
LARR,Larrys Creek,26/04/2023,Epeorus,5
LARR,Larrys Creek,26/04/2023,Drunella,15
LARR,Larrys Creek,26/04/2023,Maccaffertium,3
LARR,Larrys Creek,26/04/2023,Oligochaeta,8
LARR,Larrys Creek,26/04/2023,Paraleptophlebia,11
LARR,Larrys Creek,26/04/2023,Diphetor,1
LARR,Larrys Creek,26/04/2023,Prosimulium,13
LARR,Larrys Creek,26/04/2023,Antocha,2
LARR,Larrys Creek,26/04/2023,Dicranota,1
LARR,Larrys Creek,26/04/2023,Nematoda,7
LARR,Larrys Creek,26/04/2023,Turbellaria,1
LARR,Larrys Creek,26/04/2023,Sphaeriidae,11
LARR,Larrys Creek,26/04/2023,Leucrocuta,3
LARR,Larrys Creek,26/04/2023,Ceratopsyche,4
LARR,Larrys Creek,26/04/2023,Dibusa,1
LARR,Larrys Creek,26/04/2023,Diphetor,2
LARR,Larrys Creek,26/04/2023,Diplectrona,2
LARR,Larrys Creek,26/04/2023,Drunella,2
LARR,Larrys Creek,26/04/2023,Epeorus,29
LARR,Larrys Creek,26/04/2023,Isonychia,1
LARR,Larrys Creek,26/04/2023,Isoperla,3
LARR,Larrys Creek,26/04/2023,Leptophlebiidae,14
LARR,Larrys Creek,26/04/2023,Maccaffertium,3
LARR,Larrys Creek,26/04/2023,Oligochaeta,7
LARR,Larrys Creek,26/04/2023,Oulimnius,1
LARR,Larrys Creek,26/04/2023,Rhyacophila,4
LARR,Larrys Creek,26/04/2023,Sphaeriidae,1
LARR,Larrys Creek,26/04/2023,Baetis,18
LARR,Larrys Creek,26/04/2023,Cheumatopsyche,5
LARR,Larrys Creek,26/04/2023,Chironomidae,23
LARR,Larrys Creek,26/04/2023,Chloroperlidae,3
LARR,Larrys Creek,26/04/2023,Cinygmula,4
LARR,Larrys Creek,26/04/2023,Dolophilodes,1
LARR,Larrys Creek,26/04/2023,Ephemerella,34
LARR,Larrys Creek,26/04/2023,Lepidostoma,2
LARR,Larrys Creek,26/04/2023,Leucrocuta,1
LARR,Larrys Creek,26/04/2023,Neophylax,4
LARR,Larrys Creek,26/04/2023,Nigronia,1
LARR,Larrys Creek,26/04/2023,Optioservus,14
LARR,Larrys Creek,26/04/2023,Promoresia,1
LARR,Larrys Creek,26/04/2023,Prosimulium,25
LARR,Larrys Creek,26/04/2023,Serratella,2
LEBO 0.1,Lebo Run,15/04/2025,Leptophlebiidae,4
LEBO 0.1,Lebo Run,15/04/2025,Ectopria,1
LEBO 0.1,Lebo Run,15/04/2025,Ephemera,3
LEBO 0.1,Lebo Run,15/04/2025,Prosimulium,6
LEBO 0.1,Lebo Run,15/04/2025,Hexatoma,2
LEBO 0.1,Lebo Run,15/04/2025,Oligochaeta,9
LEBO 0.1,Lebo Run,15/04/2025,Hydropsyche,1
LEBO 0.1,Lebo Run,15/04/2025,Isoperla,6
LEBO 0.1,Lebo Run,15/04/2025,Neophylax,1
LEBO 0.1,Lebo Run,15/04/2025,Nematoda,1
LEBO 0.1,Lebo Run,15/04/2025,Epeorus,12
LEBO 0.1,Lebo Run,15/04/2025,Leuctra,10
LEBO 0.1,Lebo Run,15/04/2025,Micrasema,2
LEBO 0.1,Lebo Run,15/04/2025,Oulimnius,27
LEBO 0.1,Lebo Run,15/04/2025,Ostrocerca,1
LEBO 0.1,Lebo Run,15/04/2025,Optioservus,23
LEBO 0.1,Lebo Run,15/04/2025,Promoresia,5
LEBO 0.1,Lebo Run,15/04/2025,Lanthus,1
LEBO 0.1,Lebo Run,15/04/2025,Chelifera,1
LEBO 0.1,Lebo Run,15/04/2025,Acerpenna,1
LEBO 0.1,Lebo Run,15/04/2025,Drunella,2
LEBO 0.1,Lebo Run,15/04/2025,Diplectrona,2
LEBO 0.1,Lebo Run,15/04/2025,Cinygmula,5
LEBO 0.1,Lebo Run,15/04/2025,Ephemerella,12
LEBO 0.1,Lebo Run,15/04/2025,Cheumatopsyche,2
LEBO 0.1,Lebo Run,15/04/2025,Paraleptophlebia,1
LEBO 0.1,Lebo Run,15/04/2025,Hydracarina,5
LEBO 0.1,Lebo Run,15/04/2025,Ceratopogonidae,3
LEBO 0.1,Lebo Run,15/04/2025,Baetis,17
LEBO 0.1,Lebo Run,15/04/2025,Antocha,1
LEBO 0.1,Lebo Run,15/04/2025,Amphinemura,1
LEBO 0.1,Lebo Run,15/04/2025,Sphaeriidae,1
LEBO 0.1,Lebo Run,15/04/2025,Sweltsa,1
LEBO 0.1,Lebo Run,15/04/2025,Teloganopsis,1
LEBO 0.1,Lebo Run,15/04/2025,Chironomidae,39
LITZ,Lititz Run,23/04/2024,Stenelmis,5
LITZ,Lititz Run,23/04/2024,Turbellaria,3
LITZ,Lititz Run,23/04/2024,Simulium,1
LITZ,Lititz Run,23/04/2024,Oligochaeta,42
LITZ,Lititz Run,23/04/2024,Lirceus,110
LITZ,Lititz Run,23/04/2024,Baetis,5
LITZ,Lititz Run,23/04/2024,Gammarus,15
LITZ,Lititz Run,23/04/2024,Chironomidae,37
LITZ,Lititz Run,23/04/2024,Hydroptila,2
LITZ,Lititz Run,23/04/2024,Baetis,9
LITZ,Lititz Run,23/04/2024,Caecidotea,72
LITZ,Lititz Run,23/04/2024,Chironomidae,61
LITZ,Lititz Run,23/04/2024,Gammarus,30
LITZ,Lititz Run,23/04/2024,Hydroptila,1
LITZ,Lititz Run,23/04/2024,Oligochaeta,10
LITZ,Lititz Run,23/04/2024,Optioservus,4
LITZ,Lititz Run,23/04/2024,Simulium,25
LITZ,Lititz Run,23/04/2024,Stenelmis,3
LITZ,Lititz Run,23/04/2024,Turbellaria,1
LITZ,Lititz Run,23/04/2024,Oligochaeta,18
LITZ,Lititz Run,23/04/2024,Turbellaria,3
LITZ,Lititz Run,23/04/2024,Nematoda,1
LITZ,Lititz Run,23/04/2024,Lirceus,159
LITZ,Lititz Run,23/04/2024,Gammarus,13
LITZ,Lititz Run,23/04/2024,Chironomidae,14
LITZ,Lititz Run,23/04/2024,Prosimulium,1
LITZ,Lititz Run,23/04/2024,Simulium,1
LITZ,Lititz Run,23/04/2024,Hydropsyche,1
LITZ,Lititz Run,23/04/2024,Chironomidae,35
LITZ,Lititz Run,23/04/2024,Turbellaria,3
LITZ,Lititz Run,23/04/2024,Oligochaeta,3
LITZ,Lititz Run,23/04/2024,Gammarus,49
LITZ,Lititz Run,23/04/2024,Baetis,23
LITZ,Lititz Run,23/04/2024,Stenelmis,4
LITZ,Lititz Run,23/04/2024,Corbiculidae,1
LITZ,Lititz Run,23/04/2024,Lirceus,107
LITZ,Lititz Run,23/04/2024,Stenelmis,1
LITZ,Lititz Run,23/04/2024,Turbellaria,4
LITZ,Lititz Run,23/04/2024,Oligochaeta,5
LITZ,Lititz Run,23/04/2024,Gammarus,72
LITZ,Lititz Run,23/04/2024,Chironomidae,27
LITZ,Lititz Run,23/04/2024,Baetis,5
LITZ,Lititz Run,23/04/2024,Lirceus,79
LITZ,Lititz Run,23/04/2024,Optioservus,2
Little Bear,Little Bear Creek,30/04/2025,Hydropsyche,6
Little Bear,Little Bear Creek,30/04/2025,Chloroperlidae,3
Little Bear,Little Bear Creek,30/04/2025,Cinygmula,32
Little Bear,Little Bear Creek,30/04/2025,Leuctra,9
Little Bear,Little Bear Creek,30/04/2025,Diphetor,7
Little Bear,Little Bear Creek,30/04/2025,Drunella,9
Little Bear,Little Bear Creek,30/04/2025,Optioservus,3
Little Bear,Little Bear Creek,30/04/2025,Ephemera,1
Little Bear,Little Bear Creek,30/04/2025,Hexatoma,3
Little Bear,Little Bear Creek,30/04/2025,Isoperla,5
Little Bear,Little Bear Creek,30/04/2025,Chironomidae,35
Little Bear,Little Bear Creek,30/04/2025,Leucrocuta,2
Little Bear,Little Bear Creek,30/04/2025,Ephemerella,12
Little Bear,Little Bear Creek,30/04/2025,Leptophlebiidae,13
Little Bear,Little Bear Creek,30/04/2025,Lepidostoma,1
Little Bear,Little Bear Creek,30/04/2025,Helichus,1
Little Bear,Little Bear Creek,30/04/2025,Oligochaeta,1
Little Bear,Little Bear Creek,30/04/2025,Oulimnius,28
Little Bear,Little Bear Creek,30/04/2025,Micrasema,1
Little Bear,Little Bear Creek,30/04/2025,Neophylax,1
Little Bear,Little Bear Creek,30/04/2025,Epeorus,13
Little Bear,Little Bear Creek,30/04/2025,Maccaffertium,2
Little Bear,Little Bear Creek,30/04/2025,Amphinemura,3
Little Bear,Little Bear Creek,30/04/2025,Sweltsa,1
Little Bear,Little Bear Creek,30/04/2025,Cheumatopsyche,6
Little Bear,Little Bear Creek,30/04/2025,Neoplasta,1
Little Bear,Little Bear Creek,30/04/2025,Acentrella,1
Little Bear,Little Bear Creek,30/04/2025,Acroneuria,3
Little Bear,Little Bear Creek,30/04/2025,Antocha,3
Little Bear,Little Bear Creek,30/04/2025,Baetis,6
Little Bear,Little Bear Creek,30/04/2025,Ceratopogonidae,1
Little Bear,Little Bear Creek,30/04/2025,Rhyacophila,1
Little Bear,Little Bear Creek,30/04/2025,Drunella,20
Little Bear,Little Bear Creek,30/04/2025,Dolophilodes,2
Little Bear,Little Bear Creek,30/04/2025,Diplectrona,3
Little Bear,Little Bear Creek,30/04/2025,Diphetor,2
Little Bear,Little Bear Creek,30/04/2025,Dicranota,1
Little Bear,Little Bear Creek,30/04/2025,Cinygmula,4
Little Bear,Little Bear Creek,30/04/2025,Chloroperlidae,1
Little Bear,Little Bear Creek,30/04/2025,Chironomidae,56
Little Bear,Little Bear Creek,30/04/2025,Ceratopogonidae,1
Little Bear,Little Bear Creek,30/04/2025,Baetis,4
Little Bear,Little Bear Creek,30/04/2025,Antocha,4
Little Bear,Little Bear Creek,30/04/2025,Epeorus,10
Little Bear,Little Bear Creek,30/04/2025,Acroneuria,3
Little Bear,Little Bear Creek,30/04/2025,Micrasema,2
Little Bear,Little Bear Creek,30/04/2025,Amphinemura,2
Little Bear,Little Bear Creek,30/04/2025,Ephemerella,4
Little Bear,Little Bear Creek,30/04/2025,Hydropsyche,2
Little Bear,Little Bear Creek,30/04/2025,Isoperla,6
Little Bear,Little Bear Creek,30/04/2025,Leptophlebiidae,5
Little Bear,Little Bear Creek,30/04/2025,Leucrocuta,2
Little Bear,Little Bear Creek,30/04/2025,Hydracarina,1
Little Bear,Little Bear Creek,30/04/2025,Maccaffertium,2
Little Bear,Little Bear Creek,30/04/2025,Neophylax,2
Little Bear,Little Bear Creek,30/04/2025,Optioservus,3
Little Bear,Little Bear Creek,30/04/2025,Pteronarcys,1
Little Bear,Little Bear Creek,30/04/2025,Stygonectes,1
Little Bear,Little Bear Creek,30/04/2025,Teloganopsis,1
Little Bear,Little Bear Creek,30/04/2025,Acentrella,16
Little Bear,Little Bear Creek,30/04/2025,Promoresia,2
Little Bear,Little Bear Creek,30/04/2025,Leuctra,9
Little Bear,Little Bear Creek,30/04/2025,Oulimnius,28
Little Bear,Little Bear Creek,30/04/2025,Agapetus,1
Little Bear,Little Bear Creek,30/04/2025,Amphinemura,3
Little Bear,Little Bear Creek,30/04/2025,Antocha,3
Little Bear,Little Bear Creek,30/04/2025,Baetis,10
Little Bear,Little Bear Creek,30/04/2025,Chironomidae,45
Little Bear,Little Bear Creek,30/04/2025,Chloroperlidae,2
Little Bear,Little Bear Creek,30/04/2025,Cinygmula,16
Little Bear,Little Bear Creek,30/04/2025,Dicranota,1
Little Bear,Little Bear Creek,30/04/2025,Diphetor,1
Little Bear,Little Bear Creek,30/04/2025,Diplectrona,8
Little Bear,Little Bear Creek,30/04/2025,Dolophilodes,1
Little Bear,Little Bear Creek,30/04/2025,Drunella,15
Little Bear,Little Bear Creek,30/04/2025,Epeorus,18
Little Bear,Little Bear Creek,30/04/2025,Ephemerella,12
Little Bear,Little Bear Creek,30/04/2025,Hexatoma,2
Little Bear,Little Bear Creek,30/04/2025,Hydropsyche,5
Little Bear,Little Bear Creek,30/04/2025,Isoperla,9
Little Bear,Little Bear Creek,30/04/2025,Leucrocuta,1
Little Bear,Little Bear Creek,30/04/2025,Leuctra,24
Little Bear,Little Bear Creek,30/04/2025,Maccaffertium,4
Little Bear,Little Bear Creek,30/04/2025,Paraleptophlebia,4
Little Bear,Little Bear Creek,30/04/2025,Oligochaeta,2
Little Bear,Little Bear Creek,30/04/2025,Promoresia,1
Little Bear,Little Bear Creek,30/04/2025,Optioservus,1
Little Bear,Little Bear Creek,30/04/2025,Oulimnius,28
Little Bear,Little Bear Creek,30/04/2025,Paragnetina,1
Little Bear,Little Bear Creek,30/04/2025,Polycentropus,1
Little Bear,Little Bear Creek,30/04/2025,Prosimulium,1
Little Bear,Little Bear Creek,30/04/2025,Rhyacophila,2
Little Bear,Little Bear Creek,30/04/2025,Sweltsa,1
LCHQ 7.6,Little Chiques Creek,29/04/2025,Promoresia,2
LCHQ 7.6,Little Chiques Creek,29/04/2025,Isoperla,1
LCHQ 7.6,Little Chiques Creek,29/04/2025,Leucrocuta,1
LCHQ 7.6,Little Chiques Creek,29/04/2025,Leuctra,1
LCHQ 7.6,Little Chiques Creek,29/04/2025,Maccaffertium,7
LCHQ 7.6,Little Chiques Creek,29/04/2025,Hydropsyche,1
LCHQ 7.6,Little Chiques Creek,29/04/2025,Optioservus,6
LCHQ 7.6,Little Chiques Creek,29/04/2025,Oulimnius,2
LCHQ 7.6,Little Chiques Creek,29/04/2025,Perlesta,25
LCHQ 7.6,Little Chiques Creek,29/04/2025,Hemerodromia,7
LCHQ 7.6,Little Chiques Creek,29/04/2025,Ferrissia,1
LCHQ 7.6,Little Chiques Creek,29/04/2025,Oligochaeta,3
LCHQ 7.6,Little Chiques Creek,29/04/2025,Drunella,6
LCHQ 7.6,Little Chiques Creek,29/04/2025,Amphinemura,7
LCHQ 7.6,Little Chiques Creek,29/04/2025,Helichus,1
LCHQ 7.6,Little Chiques Creek,29/04/2025,Ephemerella,76
LCHQ 7.6,Little Chiques Creek,29/04/2025,Crangonyx,1
LCHQ 7.6,Little Chiques Creek,29/04/2025,Corydalus,2
LCHQ 7.6,Little Chiques Creek,29/04/2025,Chironomidae,12
LCHQ 7.6,Little Chiques Creek,29/04/2025,Hydracarina,5
LCHQ 7.6,Little Chiques Creek,29/04/2025,Antocha,1
LCHQ 7.6,Little Chiques Creek,29/04/2025,Hydroptila,1
LCHQ 7.6,Little Chiques Creek,29/04/2025,Plauditus,1
LCHQ 7.6,Little Chiques Creek,29/04/2025,Protoptila,1
LCHQ 7.6,Little Chiques Creek,29/04/2025,Teloganopsis,14
LCHQ 7.6,Little Chiques Creek,29/04/2025,Stenelmis,1
LCHQ 7.6,Little Chiques Creek,29/04/2025,Simulium,6
LCHQ 7.6,Little Chiques Creek,29/04/2025,Acentrella,3
LCHQ 7.6,Little Chiques Creek,29/04/2025,Cheumatopsyche,3
LCHQ 7.6,Little Chiques Creek,29/04/2025,Isonychia,13
LCHQ 7.6,Little Chiques Creek,29/04/2025,Psephenus,3
LCHQ 7.6,Little Chiques Creek,29/04/2025,Maccaffertium,2
LCHQ 7.6,Little Chiques Creek,29/04/2025,Antocha,1
LCHQ 7.6,Little Chiques Creek,29/04/2025,Baetis,21
LCHQ 7.6,Little Chiques Creek,29/04/2025,Cheumatopsyche,10
LCHQ 7.6,Little Chiques Creek,29/04/2025,Chironomidae,109
LCHQ 7.6,Little Chiques Creek,29/04/2025,Diphetor,2
LCHQ 7.6,Little Chiques Creek,29/04/2025,Ephemerella,1
LCHQ 7.6,Little Chiques Creek,29/04/2025,Hemerodromia,8
LCHQ 7.6,Little Chiques Creek,29/04/2025,Hydropsyche,3
LCHQ 7.6,Little Chiques Creek,29/04/2025,Hydracarina,4
LCHQ 7.6,Little Chiques Creek,29/04/2025,Leucrocuta,1
LCHQ 7.6,Little Chiques Creek,29/04/2025,Oligochaeta,7
LCHQ 7.6,Little Chiques Creek,29/04/2025,Optioservus,11
LCHQ 7.6,Little Chiques Creek,29/04/2025,Perlesta,4
LCHQ 7.6,Little Chiques Creek,29/04/2025,Plauditus,2
LCHQ 7.6,Little Chiques Creek,29/04/2025,Prostoma,1
LCHQ 7.6,Little Chiques Creek,29/04/2025,Psephenus,1
LCHQ 7.6,Little Chiques Creek,29/04/2025,Stenelmis,7
LCHQ 7.6,Little Chiques Creek,29/04/2025,Taeniopteryx,3
LCHQ 7.6,Little Chiques Creek,29/04/2025,Teloganopsis,7
LCHQ 7.6,Little Chiques Creek,29/04/2025,Hydroptila,2
LCHQ 7.6,Little Chiques Creek,29/04/2025,Acerpenna,4
LCHQ 7.6,Little Chiques Creek,29/04/2025,Amphinemura,1
LCHQ 7.6,Little Chiques Creek,29/04/2025,Caecidotea,2
LCHQ 7.6,Little Chiques Creek,29/04/2025,Caenis,12
LCHQ 7.6,Little Chiques Creek,29/04/2025,Ceratopogonidae,1
LCHQ 7.6,Little Chiques Creek,29/04/2025,Cheumatopsyche,1
LCHQ 7.6,Little Chiques Creek,29/04/2025,Chironomidae,66
LCHQ 7.6,Little Chiques Creek,29/04/2025,Diphetor,1
LCHQ 7.6,Little Chiques Creek,29/04/2025,Elmidae,1
LCHQ 7.6,Little Chiques Creek,29/04/2025,Ephemera,2
LCHQ 7.6,Little Chiques Creek,29/04/2025,Ephemerella,1
LCHQ 7.6,Little Chiques Creek,29/04/2025,Gammarus,4
LCHQ 7.6,Little Chiques Creek,29/04/2025,Hemerodromia,4
LCHQ 7.6,Little Chiques Creek,29/04/2025,Hydropsyche,1
LCHQ 7.6,Little Chiques Creek,29/04/2025,Isonychia,1
LCHQ 7.6,Little Chiques Creek,29/04/2025,Leucrocuta,1
LCHQ 7.6,Little Chiques Creek,29/04/2025,Maccaffertium,5
LCHQ 7.6,Little Chiques Creek,29/04/2025,Macronychus,1
LCHQ 7.6,Little Chiques Creek,29/04/2025,Nematoda,3
LCHQ 7.6,Little Chiques Creek,29/04/2025,Oligochaeta,50
LCHQ 7.6,Little Chiques Creek,29/04/2025,Optioservus,3
LCHQ 7.6,Little Chiques Creek,29/04/2025,Perlesta,2
LCHQ 7.6,Little Chiques Creek,29/04/2025,Plauditus,6
LCHQ 7.6,Little Chiques Creek,29/04/2025,Psephenus,6
LCHQ 7.6,Little Chiques Creek,29/04/2025,Simulium,2
LCHQ 7.6,Little Chiques Creek,29/04/2025,Stenacron,2
LCHQ 7.6,Little Chiques Creek,29/04/2025,Stenelmis,31
LCHQ 7.6,Little Chiques Creek,29/04/2025,Stenonema,3
LCHQ 7.6,Little Chiques Creek,29/04/2025,Teloganopsis,2
LCHQ 7.6,Little Chiques Creek,29/04/2025,Turbellaria,1
LCHQ 7.6,Little Chiques Creek,29/04/2025,Hydracarina,1
LCHQ 7.6,Little Chiques Creek,29/04/2025,Hydropsyche,1
LCHQ 7.6,Little Chiques Creek,29/04/2025,Nematoda,2
LCHQ 7.6,Little Chiques Creek,29/04/2025,Optioservus,1
LCHQ 7.6,Little Chiques Creek,29/04/2025,Simulium,2
LCHQ 7.6,Little Chiques Creek,29/04/2025,Neoplasta,1
LCHQ 7.6,Little Chiques Creek,29/04/2025,Hemerodromia,1
LCHQ 7.6,Little Chiques Creek,29/04/2025,Gammarus,2
LCHQ 7.6,Little Chiques Creek,29/04/2025,Chironomidae,141
LCHQ 7.6,Little Chiques Creek,29/04/2025,Oligochaeta,18
LCHQ 7.6,Little Chiques Creek,29/04/2025,Hirudinea,1
LCHQ 7.6,Little Chiques Creek,29/04/2025,Baetis,1
LCHQ 7.6,Little Chiques Creek,29/04/2025,Cheumatopsyche,3
LCHQ 7.6,Little Chiques Creek,29/04/2025,Maccaffertium,2
LCHQ 7.6,Little Chiques Creek,29/04/2025,Ephemerella,2
LCHQ 7.6,Little Chiques Creek,29/04/2025,Dubiraphia,1
LCHQ 7.6,Little Chiques Creek,29/04/2025,Diphetor,1
LCHQ 7.6,Little Chiques Creek,29/04/2025,Sphaeriidae,1
LCHQ 7.6,Little Chiques Creek,29/04/2025,Stenelmis,23
LCHQ 7.6,Little Chiques Creek,29/04/2025,Nemertea,1
LCHQ 7.6,Little Chiques Creek,29/04/2025,Stenelmis,12
LCHQ 7.6,Little Chiques Creek,29/04/2025,Nemertea,1
LCHQ 7.6,Little Chiques Creek,29/04/2025,Perlesta,2
LCHQ 7.6,Little Chiques Creek,29/04/2025,Neoplasta,2
LCHQ 7.6,Little Chiques Creek,29/04/2025,Oligochaeta,70
LCHQ 7.6,Little Chiques Creek,29/04/2025,Gammarus,1
LCHQ 7.6,Little Chiques Creek,29/04/2025,Chironomidae,101
LCHQ 7.6,Little Chiques Creek,29/04/2025,Habrophlebiodes,1
LCHQ 7.6,Little Chiques Creek,29/04/2025,Hemerodromia,2
LCHQ 7.6,Little Chiques Creek,29/04/2025,Hydracarina,1
LCHQ 7.6,Little Chiques Creek,29/04/2025,Maccaffertium,2
LCHQ 7.6,Little Chiques Creek,29/04/2025,Nematoda,9
LCHQ 7.6,Little Chiques Creek,29/04/2025,Acerpenna,1
LMEHOOP,Little Mehoopany Creek,10/04/2018,Acroneuria,19
LMEHOOP,Little Mehoopany Creek,10/04/2018,Boyeria,2
LMEHOOP,Little Mehoopany Creek,10/04/2018,Cheumatopsyche,13
LMEHOOP,Little Mehoopany Creek,10/04/2018,Chimarra,1
LMEHOOP,Little Mehoopany Creek,10/04/2018,Chironomidae,2
LMEHOOP,Little Mehoopany Creek,10/04/2018,Epeorus,1
LMEHOOP,Little Mehoopany Creek,10/04/2018,Ephemerella,58
LMEHOOP,Little Mehoopany Creek,10/04/2018,Eurylophella,9
LMEHOOP,Little Mehoopany Creek,10/04/2018,Hydropsyche,24
LMEHOOP,Little Mehoopany Creek,10/04/2018,Leptophlebiidae,1
LMEHOOP,Little Mehoopany Creek,10/04/2018,Leucrocuta,1
LMEHOOP,Little Mehoopany Creek,10/04/2018,Leuctra,7
LMEHOOP,Little Mehoopany Creek,10/04/2018,Oligochaeta,8
LMEHOOP,Little Mehoopany Creek,10/04/2018,Maccaffertium,32
LMEHOOP,Little Mehoopany Creek,10/04/2018,Paragnetina,1
LMEHOOP,Little Mehoopany Creek,10/04/2018,Paraleptophlebia,1
LMEHOOP,Little Mehoopany Creek,10/04/2018,Rhyacophila,1
LMEHOOP,Little Mehoopany Creek,10/04/2018,Taeniopteryx,40
LMEHOOP,Little Mehoopany Creek,10/04/2018,Acentrella,1
LMEHOOP,Little Mehoopany Creek,10/04/2018,Baetis,7
LMEHOOP,Little Mehoopany Creek,10/04/2018,Ephemerella,3
LMEHOOP,Little Mehoopany Creek,10/04/2018,Eurylophella,3
LMEHOOP,Little Mehoopany Creek,10/04/2018,Maccaffertium,45
LMEHOOP,Little Mehoopany Creek,10/04/2018,Acroneuria,4
LMEHOOP,Little Mehoopany Creek,10/04/2018,Ceratopsyche,57
LMEHOOP,Little Mehoopany Creek,10/04/2018,Cheumatopsyche,20
LMEHOOP,Little Mehoopany Creek,10/04/2018,Hydropsyche,4
LMEHOOP,Little Mehoopany Creek,10/04/2018,Chimarra,16
LMEHOOP,Little Mehoopany Creek,10/04/2018,Psychomyia,4
LMEHOOP,Little Mehoopany Creek,10/04/2018,Rhyacophila,1
LMEHOOP,Little Mehoopany Creek,10/04/2018,Boyeria,1
LMEHOOP,Little Mehoopany Creek,10/04/2018,Corydalus,1
LMEHOOP,Little Mehoopany Creek,10/04/2018,Optioservus,2
LMEHOOP,Little Mehoopany Creek,10/04/2018,Psephenus,8
LMEHOOP,Little Mehoopany Creek,10/04/2018,Chironomidae,19
LMEHOOP,Little Mehoopany Creek,10/04/2018,Hemerodromia,1
LMEHOOP,Little Mehoopany Creek,10/04/2018,Antocha,3
LMEHOOP,Little Mehoopany Creek,10/04/2018,Hexatoma,2
LMEHOOP,Little Mehoopany Creek,10/04/2018,Nemertea,1
LMEHOOP,Little Mehoopany Creek,10/04/2018,Physidae,1
LMEHOOP,Little Mehoopany Creek,10/04/2018,Oligochaeta,3
LMEHOOP,Little Mehoopany Creek,10/04/2018,Hydracarina,4
LMEHOOP,Little Mehoopany Creek,10/04/2018,Baetis,2
LMEHOOP,Little Mehoopany Creek,10/04/2018,Ephemerella,12
LMEHOOP,Little Mehoopany Creek,10/04/2018,Eurylophella,11
LMEHOOP,Little Mehoopany Creek,10/04/2018,Maccaffertium,31
LMEHOOP,Little Mehoopany Creek,10/04/2018,Allocapnia,2
LMEHOOP,Little Mehoopany Creek,10/04/2018,Acroneuria,2
LMEHOOP,Little Mehoopany Creek,10/04/2018,Taeniopteryx,5
LMEHOOP,Little Mehoopany Creek,10/04/2018,Apatania,3
LMEHOOP,Little Mehoopany Creek,10/04/2018,Glossosoma,4
LMEHOOP,Little Mehoopany Creek,10/04/2018,Ceratopsyche,17
LMEHOOP,Little Mehoopany Creek,10/04/2018,Cheumatopsyche,71
LMEHOOP,Little Mehoopany Creek,10/04/2018,Hydropsyche,2
LMEHOOP,Little Mehoopany Creek,10/04/2018,Chimarra,8
LMEHOOP,Little Mehoopany Creek,10/04/2018,Optioservus,6
LMEHOOP,Little Mehoopany Creek,10/04/2018,Psephenus,3
LMEHOOP,Little Mehoopany Creek,10/04/2018,Chironomidae,10
LMEHOOP,Little Mehoopany Creek,10/04/2018,Antocha,7
LMEHOOP,Little Mehoopany Creek,10/04/2018,Hexatoma,1
LMEHOOP,Little Mehoopany Creek,10/04/2018,Nemertea,11
LMEHOOP,Little Mehoopany Creek,10/04/2018,Ancylidae,13
LMEHOOP,Little Mehoopany Creek,10/04/2018,Planorbidae,1
LMEHOOP,Little Mehoopany Creek,10/04/2018,Oligochaeta,6
LMEHOOP,Little Mehoopany Creek,10/04/2018,Caenis,1
LMEHOOP,Little Mehoopany Creek,10/04/2018,Ephemerella,20
LMEHOOP,Little Mehoopany Creek,10/04/2018,Eurylophella,12
LMEHOOP,Little Mehoopany Creek,10/04/2018,Maccaffertium,27
LMEHOOP,Little Mehoopany Creek,10/04/2018,Allocapnia,6
LMEHOOP,Little Mehoopany Creek,10/04/2018,Acroneuria,1
LMEHOOP,Little Mehoopany Creek,10/04/2018,Taeniopteryx,18
LMEHOOP,Little Mehoopany Creek,10/04/2018,Apatania,3
LMEHOOP,Little Mehoopany Creek,10/04/2018,Glossosoma,2
LMEHOOP,Little Mehoopany Creek,10/04/2018,Ceratopsyche,6
LMEHOOP,Little Mehoopany Creek,10/04/2018,Cheumatopsyche,16
LMEHOOP,Little Mehoopany Creek,10/04/2018,Hydropsyche,1
LMEHOOP,Little Mehoopany Creek,10/04/2018,Baetis,1
LMEHOOP,Little Mehoopany Creek,10/04/2018,Limnephilidae,1
LMEHOOP,Little Mehoopany Creek,10/04/2018,Chimarra,14
LMEHOOP,Little Mehoopany Creek,10/04/2018,Polycentropus,3
LMEHOOP,Little Mehoopany Creek,10/04/2018,Neophylax,3
LMEHOOP,Little Mehoopany Creek,10/04/2018,Nigronia,2
LMEHOOP,Little Mehoopany Creek,10/04/2018,Optioservus,8
LMEHOOP,Little Mehoopany Creek,10/04/2018,Stenelmis,1
LMEHOOP,Little Mehoopany Creek,10/04/2018,Psephenus,6
LMEHOOP,Little Mehoopany Creek,10/04/2018,Chironomidae,26
LMEHOOP,Little Mehoopany Creek,10/04/2018,Hemerodromia,1
LMEHOOP,Little Mehoopany Creek,10/04/2018,Antocha,1
LMEHOOP,Little Mehoopany Creek,10/04/2018,Tipula,1
LMEHOOP,Little Mehoopany Creek,10/04/2018,Nemertea,6
LMEHOOP,Little Mehoopany Creek,10/04/2018,Ancylidae,11
LMEHOOP,Little Mehoopany Creek,10/04/2018,Oligochaeta,5
LMEHOOP,Little Mehoopany Creek,10/04/2018,Hydracarina,1
LMEHOOP,Little Mehoopany Creek,10/04/2018,Hydracarina,6
LMEHOOP,Little Mehoopany Creek,10/04/2018,Ephemerella,8
LMEHOOP,Little Mehoopany Creek,10/04/2018,Eurylophella,30
LMEHOOP,Little Mehoopany Creek,10/04/2018,Serratella,2
LMEHOOP,Little Mehoopany Creek,10/04/2018,Maccaffertium,39
LMEHOOP,Little Mehoopany Creek,10/04/2018,Acroneuria,4
LMEHOOP,Little Mehoopany Creek,10/04/2018,Taeniopteryx,1
LMEHOOP,Little Mehoopany Creek,10/04/2018,Ceratopsyche,14
LMEHOOP,Little Mehoopany Creek,10/04/2018,Cheumatopsyche,43
LMEHOOP,Little Mehoopany Creek,10/04/2018,Limnephilidae,1
LMEHOOP,Little Mehoopany Creek,10/04/2018,Chimarra,11
LMEHOOP,Little Mehoopany Creek,10/04/2018,Polycentropus,2
LMEHOOP,Little Mehoopany Creek,10/04/2018,Psychomyia,1
LMEHOOP,Little Mehoopany Creek,10/04/2018,Rhyacophila,4
LMEHOOP,Little Mehoopany Creek,10/04/2018,Calopterygidae,1
LMEHOOP,Little Mehoopany Creek,10/04/2018,Lanthus,1
LMEHOOP,Little Mehoopany Creek,10/04/2018,Nigronia,6
LMEHOOP,Little Mehoopany Creek,10/04/2018,Optioservus,10
LMEHOOP,Little Mehoopany Creek,10/04/2018,Psephenus,7
LMEHOOP,Little Mehoopany Creek,10/04/2018,Chironomidae,18
LMEHOOP,Little Mehoopany Creek,10/04/2018,Antocha,5
LMEHOOP,Little Mehoopany Creek,10/04/2018,Tipula,2
LMEHOOP,Little Mehoopany Creek,10/04/2018,Nemertea,5
LMEHOOP,Little Mehoopany Creek,10/04/2018,Nematoda,1
LMEHOOP,Little Mehoopany Creek,10/04/2018,Ancylidae,4
LMEHOOP,Little Mehoopany Creek,10/04/2018,Turbellaria,1
LMEHOOP,Little Mehoopany Creek,10/04/2018,Sphaeriidae,1
LMEHOOP,Little Mehoopany Creek,10/04/2018,Oligochaeta,2
LMEHOOP,Little Mehoopany Creek,10/04/2018,Acroneuria,1
LMEHOOP,Little Mehoopany Creek,10/04/2018,Baetis,19
LMEHOOP,Little Mehoopany Creek,10/04/2018,Caenis,1
LMEHOOP,Little Mehoopany Creek,10/04/2018,Cheumatopsyche,2
LMEHOOP,Little Mehoopany Creek,10/04/2018,Chironomidae,91
LMEHOOP,Little Mehoopany Creek,10/04/2018,Ephemerella,12
LMEHOOP,Little Mehoopany Creek,10/04/2018,Hydracarina,1
LMEHOOP,Little Mehoopany Creek,10/04/2018,Hydropsyche,2
LMEHOOP,Little Mehoopany Creek,10/04/2018,Neophylax,1
LMEHOOP,Little Mehoopany Creek,10/04/2018,Optioservus,2
LMEHOOP,Little Mehoopany Creek,10/04/2018,Prosimulium,24
LMEHOOP,Little Mehoopany Creek,10/04/2018,Prostoia,4
LMEHOOP,Little Mehoopany Creek,10/04/2018,Amphinemura,14
LMEHOOP,Little Mehoopany Creek,10/04/2018,Antocha,2
LMEHOOP,Little Mehoopany Creek,10/04/2018,Ceratopsyche,5
LMEHOOP,Little Mehoopany Creek,10/04/2018,Chimarra,2
LMEHOOP,Little Mehoopany Creek,10/04/2018,Clinocera,5
LMEHOOP,Little Mehoopany Creek,10/04/2018,Drunella,1
LMEHOOP,Little Mehoopany Creek,10/04/2018,Eurylophella,5
LMEHOOP,Little Mehoopany Creek,10/04/2018,Maccaffertium,8
LMEHOOP,Little Mehoopany Creek,10/04/2018,Tipula,1
LYSK 5.0,Loyalsock Creek,24/04/2017,Acentrella,2
LYSK 5.0,Loyalsock Creek,24/04/2017,Acerpenna,1
LYSK 5.0,Loyalsock Creek,24/04/2017,Acroneuria,21
LYSK 5.0,Loyalsock Creek,24/04/2017,Agnetina,1
LYSK 5.0,Loyalsock Creek,24/04/2017,Alloperla,1
LYSK 5.0,Loyalsock Creek,24/04/2017,Baetis,1
LYSK 5.0,Loyalsock Creek,24/04/2017,Boyeria,4
LYSK 5.0,Loyalsock Creek,24/04/2017,Cheumatopsyche,13
LYSK 5.0,Loyalsock Creek,24/04/2017,Chimarra,1
LYSK 5.0,Loyalsock Creek,24/04/2017,Chironomidae,10
LYSK 5.0,Loyalsock Creek,24/04/2017,Diplectrona,1
LYSK 5.0,Loyalsock Creek,24/04/2017,Dolophilodes,3
LYSK 5.0,Loyalsock Creek,24/04/2017,Dubiraphia,1
LYSK 5.0,Loyalsock Creek,24/04/2017,Epeorus,9
LYSK 5.0,Loyalsock Creek,24/04/2017,Ephemerella,68
LYSK 5.0,Loyalsock Creek,24/04/2017,Eurylophella,6
LYSK 5.0,Loyalsock Creek,24/04/2017,Hydropsyche,19
LYSK 5.0,Loyalsock Creek,24/04/2017,Lepidostoma,6
LYSK 5.0,Loyalsock Creek,24/04/2017,Leptophlebia,1
LYSK 5.0,Loyalsock Creek,24/04/2017,Leptophlebiidae,9
LYSK 5.0,Loyalsock Creek,24/04/2017,Leucrocuta,2
LYSK 5.0,Loyalsock Creek,24/04/2017,Leuctra,5
LYSK 5.0,Loyalsock Creek,24/04/2017,Maccaffertium,13
LYSK 5.0,Loyalsock Creek,24/04/2017,Nematoda,1
LYSK 5.0,Loyalsock Creek,24/04/2017,Paracapnia,6
LYSK 5.0,Loyalsock Creek,24/04/2017,Paraleptophlebia,13
LYSK 5.0,Loyalsock Creek,24/04/2017,Psilotreta,1
LYSK 5.0,Loyalsock Creek,24/04/2017,Rhyacophila,1
LYSK 5.0,Loyalsock Creek,24/04/2017,Simulium,2
LYSK 5.0,Loyalsock Creek,24/04/2017,Sweltsa,4
LYSK 5.0,Loyalsock Creek,24/04/2017,Taeniopteryx,3
LYSK 5.0,Loyalsock Creek,24/04/2017,Tallaperla,2
LYSK 5.0,Loyalsock Creek,24/04/2017,Acerpenna,2
LYSK 5.0,Loyalsock Creek,24/04/2017,Caenis,1
LYSK 5.0,Loyalsock Creek,24/04/2017,Ephemerella,17
LYSK 5.0,Loyalsock Creek,24/04/2017,Eurylophella,7
LYSK 5.0,Loyalsock Creek,24/04/2017,Serratella,7
LYSK 5.0,Loyalsock Creek,24/04/2017,Epeorus,4
LYSK 5.0,Loyalsock Creek,24/04/2017,Leucrocuta,4
LYSK 5.0,Loyalsock Creek,24/04/2017,Maccaffertium,41
LYSK 5.0,Loyalsock Creek,24/04/2017,Rhithrogena,1
LYSK 5.0,Loyalsock Creek,24/04/2017,Paraleptophlebia,7
LYSK 5.0,Loyalsock Creek,24/04/2017,Paracapnia,1
LYSK 5.0,Loyalsock Creek,24/04/2017,Alloperla,1
LYSK 5.0,Loyalsock Creek,24/04/2017,Leuctra,3
LYSK 5.0,Loyalsock Creek,24/04/2017,Acroneuria,4
LYSK 5.0,Loyalsock Creek,24/04/2017,Neoperla,2
LYSK 5.0,Loyalsock Creek,24/04/2017,Paragnetina,2
LYSK 5.0,Loyalsock Creek,24/04/2017,Isogenoides,1
LYSK 5.0,Loyalsock Creek,24/04/2017,Taeniopteryx,2
LYSK 5.0,Loyalsock Creek,24/04/2017,Glossosoma,3
LYSK 5.0,Loyalsock Creek,24/04/2017,Ceratopsyche,11
LYSK 5.0,Loyalsock Creek,24/04/2017,Cheumatopsyche,18
LYSK 5.0,Loyalsock Creek,24/04/2017,Lepidostoma,1
LYSK 5.0,Loyalsock Creek,24/04/2017,Chimarra,5
LYSK 5.0,Loyalsock Creek,24/04/2017,Polycentropus,1
LYSK 5.0,Loyalsock Creek,24/04/2017,Rhyacophila,2
LYSK 5.0,Loyalsock Creek,24/04/2017,Boyeria,1
LYSK 5.0,Loyalsock Creek,24/04/2017,Gomphidae,5
LYSK 5.0,Loyalsock Creek,24/04/2017,Sialis,1
LYSK 5.0,Loyalsock Creek,24/04/2017,Optioservus,2
LYSK 5.0,Loyalsock Creek,24/04/2017,Oulimnius,1
LYSK 5.0,Loyalsock Creek,24/04/2017,Promoresia,1
LYSK 5.0,Loyalsock Creek,24/04/2017,Stenelmis,4
LYSK 5.0,Loyalsock Creek,24/04/2017,Psephenus,1
LYSK 5.0,Loyalsock Creek,24/04/2017,Chironomidae,43
LYSK 5.0,Loyalsock Creek,24/04/2017,Hemerodromia,3
LYSK 5.0,Loyalsock Creek,24/04/2017,Antocha,3
LYSK 5.0,Loyalsock Creek,24/04/2017,Dicranota,1
LYSK 5.0,Loyalsock Creek,24/04/2017,Turbellaria,1
LYSK 5.0,Loyalsock Creek,24/04/2017,Oligochaeta,1
LYSK 5.0,Loyalsock Creek,24/04/2017,Hydracarina,7
LYSK 5.0,Loyalsock Creek,24/04/2017,Ephemerella,24
LYSK 5.0,Loyalsock Creek,24/04/2017,Eurylophella,4
LYSK 5.0,Loyalsock Creek,24/04/2017,Serratella,3
LYSK 5.0,Loyalsock Creek,24/04/2017,Ephemera,1
LYSK 5.0,Loyalsock Creek,24/04/2017,Heptageniidae,2
LYSK 5.0,Loyalsock Creek,24/04/2017,Maccaffertium,19
LYSK 5.0,Loyalsock Creek,24/04/2017,Paraleptophlebia,5
LYSK 5.0,Loyalsock Creek,24/04/2017,Paracapnia,1
LYSK 5.0,Loyalsock Creek,24/04/2017,Leuctra,8
LYSK 5.0,Loyalsock Creek,24/04/2017,Acroneuria,5
LYSK 5.0,Loyalsock Creek,24/04/2017,Paragnetina,2
LYSK 5.0,Loyalsock Creek,24/04/2017,Taeniopteryx,1
LYSK 5.0,Loyalsock Creek,24/04/2017,Ceratopsyche,11
LYSK 5.0,Loyalsock Creek,24/04/2017,Cheumatopsyche,7
LYSK 5.0,Loyalsock Creek,24/04/2017,Baetis,1
LYSK 5.0,Loyalsock Creek,24/04/2017,Lepidostoma,24
LYSK 5.0,Loyalsock Creek,24/04/2017,Chimarra,4
LYSK 5.0,Loyalsock Creek,24/04/2017,Polycentropus,2
LYSK 5.0,Loyalsock Creek,24/04/2017,Rhyacophila,2
LYSK 5.0,Loyalsock Creek,24/04/2017,Neophylax,2
LYSK 5.0,Loyalsock Creek,24/04/2017,Gomphidae,1
LYSK 5.0,Loyalsock Creek,24/04/2017,Stylogomphus,1
LYSK 5.0,Loyalsock Creek,24/04/2017,Sialis,2
LYSK 5.0,Loyalsock Creek,24/04/2017,Optioservus,10
LYSK 5.0,Loyalsock Creek,24/04/2017,Oulimnius,1
LYSK 5.0,Loyalsock Creek,24/04/2017,Promoresia,1
LYSK 5.0,Loyalsock Creek,24/04/2017,Stenelmis,3
LYSK 5.0,Loyalsock Creek,24/04/2017,Ectopria,1
LYSK 5.0,Loyalsock Creek,24/04/2017,Chironomidae,27
LYSK 5.0,Loyalsock Creek,24/04/2017,Cryptolabis,1
LYSK 5.0,Loyalsock Creek,24/04/2017,Dicranota,1
LYSK 5.0,Loyalsock Creek,24/04/2017,Nematoda,2
LYSK 5.0,Loyalsock Creek,24/04/2017,Oligochaeta,1
LYSK 5.0,Loyalsock Creek,24/04/2017,Hydracarina,5
LYSK 5.0,Loyalsock Creek,24/04/2017,Hydracarina,3
LYSK 5.0,Loyalsock Creek,24/04/2017,Ephemerella,33
LYSK 5.0,Loyalsock Creek,24/04/2017,Eurylophella,1
LYSK 5.0,Loyalsock Creek,24/04/2017,Serratella,15
LYSK 5.0,Loyalsock Creek,24/04/2017,Epeorus,3
LYSK 5.0,Loyalsock Creek,24/04/2017,Maccaffertium,28
LYSK 5.0,Loyalsock Creek,24/04/2017,Isonychia,1
LYSK 5.0,Loyalsock Creek,24/04/2017,Paraleptophlebia,14
LYSK 5.0,Loyalsock Creek,24/04/2017,Paracapnia,1
LYSK 5.0,Loyalsock Creek,24/04/2017,Leuctra,3
LYSK 5.0,Loyalsock Creek,24/04/2017,Acroneuria,4
LYSK 5.0,Loyalsock Creek,24/04/2017,Paragnetina,1
LYSK 5.0,Loyalsock Creek,24/04/2017,Glossosoma,3
LYSK 5.0,Loyalsock Creek,24/04/2017,Ceratopsyche,9
LYSK 5.0,Loyalsock Creek,24/04/2017,Cheumatopsyche,29
LYSK 5.0,Loyalsock Creek,24/04/2017,Chimarra,3
LYSK 5.0,Loyalsock Creek,24/04/2017,Dolophilodes,4
LYSK 5.0,Loyalsock Creek,24/04/2017,Neophylax,1
LYSK 5.0,Loyalsock Creek,24/04/2017,Boyeria,1
LYSK 5.0,Loyalsock Creek,24/04/2017,Gomphidae,2
LYSK 5.0,Loyalsock Creek,24/04/2017,Nigronia,1
LYSK 5.0,Loyalsock Creek,24/04/2017,Optioservus,7
LYSK 5.0,Loyalsock Creek,24/04/2017,Promoresia,2
LYSK 5.0,Loyalsock Creek,24/04/2017,Psephenus,4
LYSK 5.0,Loyalsock Creek,24/04/2017,Chironomidae,28
LYSK 5.0,Loyalsock Creek,24/04/2017,Hemerodromia,2
LYSK 5.0,Loyalsock Creek,24/04/2017,Dicranota,1
LYSK 5.0,Loyalsock Creek,24/04/2017,Hydracarina,1
LYSK 5.0,Loyalsock Creek,24/04/2017,Paraleptophlebia,7
LYSK 5.0,Loyalsock Creek,24/04/2017,Epeorus,1
LYSK 5.0,Loyalsock Creek,24/04/2017,Serratella,2
LYSK 5.0,Loyalsock Creek,24/04/2017,Ephemerella,15
LYSK 5.0,Loyalsock Creek,24/04/2017,Drunella,9
LYSK 5.0,Loyalsock Creek,24/04/2017,Psephenus,5
LYSK 5.0,Loyalsock Creek,24/04/2017,Caenis,12
LYSK 5.0,Loyalsock Creek,24/04/2017,Diphetor,1
LYSK 5.0,Loyalsock Creek,24/04/2017,Maccaffertium,6
LYSK 5.0,Loyalsock Creek,24/04/2017,Amphinemura,2
LYSK 5.0,Loyalsock Creek,24/04/2017,Chironomidae,60
LYSK 5.0,Loyalsock Creek,24/04/2017,Haploperla,3
LYSK 5.0,Loyalsock Creek,24/04/2017,Leucrocuta,4
LYSK 5.0,Loyalsock Creek,24/04/2017,Stenelmis,11
LYSK 5.0,Loyalsock Creek,24/04/2017,Leuctra,2
LYSK 5.0,Loyalsock Creek,24/04/2017,Cheumatopsyche,7
LYSK 5.0,Loyalsock Creek,24/04/2017,Oligochaeta,3
LYSK 5.0,Loyalsock Creek,24/04/2017,Acroneuria,2
LYSK 5.0,Loyalsock Creek,24/04/2017,Isoperla,1
LYSK 5.0,Loyalsock Creek,24/04/2017,Micrasema,1
LYSK 5.0,Loyalsock Creek,24/04/2017,Simulium,2
LYSK 5.0,Loyalsock Creek,24/04/2017,Ceratopsyche,1
LYSK 5.0,Loyalsock Creek,24/04/2017,Hemerodromia,2
LYSK 5.0,Loyalsock Creek,24/04/2017,Stactobiella,38
LYSK 5.0,Loyalsock Creek,24/04/2017,Promoresia,2
LYSK 5.0,Loyalsock Creek,24/04/2017,Oulimnius,4
LYSK 5.0,Loyalsock Creek,24/04/2017,Neoplasta,1
LYSK 5.0,Loyalsock Creek,24/04/2017,Ceraclea,1
LYSK 5.0,Loyalsock Creek,24/04/2017,Turbellaria,1
LYSK 5.0,Loyalsock Creek,24/04/2017,Sialis,1
LYSK 5.0,Loyalsock Creek,24/04/2017,Polycentropus,1
LYSK 5.0,Loyalsock Creek,24/04/2017,Chimarra,1
MARS,Marsh Creek,11/04/2018,Acentrella,8
MARS,Marsh Creek,11/04/2018,Acroneuria,6
MARS,Marsh Creek,11/04/2018,Apatania,1
MARS,Marsh Creek,11/04/2018,Atherix,4
MARS,Marsh Creek,11/04/2018,Capniidae,1
MARS,Marsh Creek,11/04/2018,Cheumatopsyche,38
MARS,Marsh Creek,11/04/2018,Chimarra,25
MARS,Marsh Creek,11/04/2018,Chironomidae,9
MARS,Marsh Creek,11/04/2018,Corydalus,2
MARS,Marsh Creek,11/04/2018,Ephemerella,1
MARS,Marsh Creek,11/04/2018,Heptageniidae,3
MARS,Marsh Creek,11/04/2018,Hydropsyche,15
MARS,Marsh Creek,11/04/2018,Isonychia,9
MARS,Marsh Creek,11/04/2018,Leucrocuta,5
MARS,Marsh Creek,11/04/2018,Leuctra,12
MARS,Marsh Creek,11/04/2018,Oligochaeta,2
MARS,Marsh Creek,11/04/2018,Maccaffertium,14
MARS,Marsh Creek,11/04/2018,Nemouridae,1
MARS,Marsh Creek,11/04/2018,Nigronia,1
MARS,Marsh Creek,11/04/2018,Optioservus,28
MARS,Marsh Creek,11/04/2018,Paraleptophlebia,1
MARS,Marsh Creek,11/04/2018,Psephenus,9
MARS,Marsh Creek,11/04/2018,Sialis,1
MARS,Marsh Creek,11/04/2018,Stenacron,4
MARS,Marsh Creek,11/04/2018,Stenelmis,6
MARS,Marsh Creek,11/04/2018,Sweltsa,1
MARS,Marsh Creek,11/04/2018,Taeniopteryx,6
MARS,Marsh Creek,11/04/2018,Acentrella,1
MARS,Marsh Creek,11/04/2018,Baetis,2
MARS,Marsh Creek,11/04/2018,Ephemerella,1
MARS,Marsh Creek,11/04/2018,Leucrocuta,6
MARS,Marsh Creek,11/04/2018,Maccaffertium,65
MARS,Marsh Creek,11/04/2018,Stenacron,1
MARS,Marsh Creek,11/04/2018,Isonychia,20
MARS,Marsh Creek,11/04/2018,Paraleptophlebia,1
MARS,Marsh Creek,11/04/2018,Ceratopsyche,2
MARS,Marsh Creek,11/04/2018,Cheumatopsyche,46
MARS,Marsh Creek,11/04/2018,Leucotrichia,6
MARS,Marsh Creek,11/04/2018,Chimarra,20
MARS,Marsh Creek,11/04/2018,Argia,2
MARS,Marsh Creek,11/04/2018,Optioservus,9
MARS,Marsh Creek,11/04/2018,Stenelmis,3
MARS,Marsh Creek,11/04/2018,Psephenus,35
MARS,Marsh Creek,11/04/2018,Chironomidae,11
MARS,Marsh Creek,11/04/2018,Simulium,1
MARS,Marsh Creek,11/04/2018,Ancylidae,2
MARS,Marsh Creek,11/04/2018,Turbellaria,1
MARS,Marsh Creek,11/04/2018,Oligochaeta,1
MARS,Marsh Creek,11/04/2018,Hydracarina,1
MARS,Marsh Creek,11/04/2018,Eurylophella,4
MARS,Marsh Creek,11/04/2018,Leucrocuta,12
MARS,Marsh Creek,11/04/2018,Maccaffertium,50
MARS,Marsh Creek,11/04/2018,Stenacron,1
MARS,Marsh Creek,11/04/2018,Isonychia,29
MARS,Marsh Creek,11/04/2018,Cheumatopsyche,29
MARS,Marsh Creek,11/04/2018,Chimarra,5
MARS,Marsh Creek,11/04/2018,Polycentropodidae,1
MARS,Marsh Creek,11/04/2018,Argia,1
MARS,Marsh Creek,11/04/2018,Optioservus,6
MARS,Marsh Creek,11/04/2018,Stenelmis,1
MARS,Marsh Creek,11/04/2018,Psephenus,9
MARS,Marsh Creek,11/04/2018,Chironomidae,39
MARS,Marsh Creek,11/04/2018,Hemerodromia,4
MARS,Marsh Creek,11/04/2018,Simulium,1
MARS,Marsh Creek,11/04/2018,Antocha,1
MARS,Marsh Creek,11/04/2018,Nemertea,24
MARS,Marsh Creek,11/04/2018,Turbellaria,1
MARS,Marsh Creek,11/04/2018,Oligochaeta,3
MARS,Marsh Creek,11/04/2018,Hydracarina,15
MARS,Marsh Creek,11/04/2018,Eurylophella,1
MARS,Marsh Creek,11/04/2018,Leucrocuta,7
MARS,Marsh Creek,11/04/2018,Maccaffertium,54
MARS,Marsh Creek,11/04/2018,Isonychia,24
MARS,Marsh Creek,11/04/2018,Sweltsa,1
MARS,Marsh Creek,11/04/2018,Acroneuria,1
MARS,Marsh Creek,11/04/2018,Apatania,1
MARS,Marsh Creek,11/04/2018,Glossosoma,1
MARS,Marsh Creek,11/04/2018,Ceratopsyche,2
MARS,Marsh Creek,11/04/2018,Cheumatopsyche,45
MARS,Marsh Creek,11/04/2018,Hydropsyche,1
MARS,Marsh Creek,11/04/2018,Chimarra,16
MARS,Marsh Creek,11/04/2018,Dolophilodes,1
MARS,Marsh Creek,11/04/2018,Neophylax,2
MARS,Marsh Creek,11/04/2018,Argia,1
MARS,Marsh Creek,11/04/2018,Corydalus,1
MARS,Marsh Creek,11/04/2018,Macronychus,1
MARS,Marsh Creek,11/04/2018,Optioservus,10
MARS,Marsh Creek,11/04/2018,Psephenus,5
MARS,Marsh Creek,11/04/2018,Chironomidae,19
MARS,Marsh Creek,11/04/2018,Hemerodromia,5
MARS,Marsh Creek,11/04/2018,Nemertea,12
MARS,Marsh Creek,11/04/2018,Turbellaria,1
MARS,Marsh Creek,11/04/2018,Oligochaeta,10
MARS,Marsh Creek,11/04/2018,Hydracarina,6
MARS,Marsh Creek,11/04/2018,Leucrocuta,8
MARS,Marsh Creek,11/04/2018,Maccaffertium,66
MARS,Marsh Creek,11/04/2018,Isonychia,8
MARS,Marsh Creek,11/04/2018,Paraleptophlebia,1
MARS,Marsh Creek,11/04/2018,Acroneuria,2
MARS,Marsh Creek,11/04/2018,Taeniopteryx,2
MARS,Marsh Creek,11/04/2018,Glossosoma,1
MARS,Marsh Creek,11/04/2018,Ceratopsyche,11
MARS,Marsh Creek,11/04/2018,Cheumatopsyche,57
MARS,Marsh Creek,11/04/2018,Hydropsyche,3
MARS,Marsh Creek,11/04/2018,Chimarra,3
MARS,Marsh Creek,11/04/2018,Rhyacophila,1
MARS,Marsh Creek,11/04/2018,Argia,2
MARS,Marsh Creek,11/04/2018,Optioservus,9
MARS,Marsh Creek,11/04/2018,Psephenus,16
MARS,Marsh Creek,11/04/2018,Chironomidae,13
MARS,Marsh Creek,11/04/2018,Hemerodromia,3
MARS,Marsh Creek,11/04/2018,Simulium,1
MARS,Marsh Creek,11/04/2018,Antocha,5
MARS,Marsh Creek,11/04/2018,Nemertea,2
MARS,Marsh Creek,11/04/2018,Oligochaeta,4
MARS,Marsh Creek,11/04/2018,Hydracarina,6
MARS,Marsh Creek,11/04/2018,Hydracarina,1
MARS,Marsh Creek,11/04/2018,Baetis,5
MARS,Marsh Creek,11/04/2018,Epeorus,6
MARS,Marsh Creek,11/04/2018,Leucrocuta,17
MARS,Marsh Creek,11/04/2018,Maccaffertium,48
MARS,Marsh Creek,11/04/2018,Isonychia,23
MARS,Marsh Creek,11/04/2018,Acroneuria,1
MARS,Marsh Creek,11/04/2018,Glossosoma,1
MARS,Marsh Creek,11/04/2018,Helicopsyche,1
MARS,Marsh Creek,11/04/2018,Ceratopsyche,5
MARS,Marsh Creek,11/04/2018,Cheumatopsyche,20
MARS,Marsh Creek,11/04/2018,Chimarra,20
MARS,Marsh Creek,11/04/2018,Psychomyia,3
MARS,Marsh Creek,11/04/2018,Nigronia,1
MARS,Marsh Creek,11/04/2018,Optioservus,6
MARS,Marsh Creek,11/04/2018,Oulimnius,1
MARS,Marsh Creek,11/04/2018,Psephenus,5
MARS,Marsh Creek,11/04/2018,Chironomidae,34
MARS,Marsh Creek,11/04/2018,Hemerodromia,2
MARS,Marsh Creek,11/04/2018,Antocha,2
MARS,Marsh Creek,11/04/2018,Nemertea,3
MARS,Marsh Creek,11/04/2018,Ancylidae,1
MARS,Marsh Creek,11/04/2018,Turbellaria,3
MARS,Marsh Creek,11/04/2018,Oligochaeta,1
MARS,Marsh Creek,11/04/2018,Acroneuria,1
MARS,Marsh Creek,11/04/2018,Baetis,3
MARS,Marsh Creek,11/04/2018,Cheumatopsyche,44
MARS,Marsh Creek,11/04/2018,Chironomidae,36
MARS,Marsh Creek,11/04/2018,Ephemerella,7
MARS,Marsh Creek,11/04/2018,Hydracarina,2
MARS,Marsh Creek,11/04/2018,Leucrocuta,7
MARS,Marsh Creek,11/04/2018,Neophylax,3
MARS,Marsh Creek,11/04/2018,Optioservus,7
MARS,Marsh Creek,11/04/2018,Prosimulium,39
MARS,Marsh Creek,11/04/2018,Prostoia,1
MARS,Marsh Creek,11/04/2018,Taenionema,2
MARS,Marsh Creek,11/04/2018,Turbellaria,9
MARS,Marsh Creek,11/04/2018,Amphinemura,7
MARS,Marsh Creek,11/04/2018,Ceratopsyche,5
MARS,Marsh Creek,11/04/2018,Chimarra,17
MARS,Marsh Creek,11/04/2018,Clinocera,6
MARS,Marsh Creek,11/04/2018,Drunella,1
MARS,Marsh Creek,11/04/2018,Epeorus,2
MARS,Marsh Creek,11/04/2018,Isonychia,6
MARS,Marsh Creek,11/04/2018,Maccaffertium,13
MARS,Marsh Creek,11/04/2018,Oligochaeta,4
MARS,Marsh Creek,11/04/2018,Pycnopsyche,1
MARS,Marsh Creek,11/04/2018,Simulium,1
MARS,Marsh Creek,11/04/2018,Stenelmis,1
MARS,Marsh Creek,11/04/2018,Tipula,1
MARS,Marsh Creek,11/04/2018,Amphinemura,3
MARS,Marsh Creek,11/04/2018,Ceratopsyche,8
MARS,Marsh Creek,11/04/2018,Chimarra,3
MARS,Marsh Creek,11/04/2018,Clinocera,6
MARS,Marsh Creek,11/04/2018,Diplectrona,1
MARS,Marsh Creek,11/04/2018,Drunella,1
MARS,Marsh Creek,11/04/2018,Epeorus,2
MARS,Marsh Creek,11/04/2018,Isonychia,10
MARS,Marsh Creek,11/04/2018,Leptophlebiidae,1
MARS,Marsh Creek,11/04/2018,Maccaffertium,20
MARS,Marsh Creek,11/04/2018,Oligochaeta,6
MARS,Marsh Creek,11/04/2018,Psephenus,14
MARS,Marsh Creek,11/04/2018,Stenelmis,1
MARS,Marsh Creek,11/04/2018,Strophopteryx,1
MARS,Marsh Creek,11/04/2018,Acroneuria,2
MARS,Marsh Creek,11/04/2018,Allocapnia,1
MARS,Marsh Creek,11/04/2018,Baetis,1
MARS,Marsh Creek,11/04/2018,Caecidotea,1
MARS,Marsh Creek,11/04/2018,Ceratopogonidae,1
MARS,Marsh Creek,11/04/2018,Cheumatopsyche,17
MARS,Marsh Creek,11/04/2018,Chironomidae,55
MARS,Marsh Creek,11/04/2018,Ephemerella,2
MARS,Marsh Creek,11/04/2018,Hydracarina,4
MARS,Marsh Creek,11/04/2018,Leucrocuta,10
MARS,Marsh Creek,11/04/2018,Neophylax,8
MARS,Marsh Creek,11/04/2018,Optioservus,6
MARS,Marsh Creek,11/04/2018,Prosimulium,25
MARS,Marsh Creek,11/04/2018,Prostoia,1
MARS,Marsh Creek,11/04/2018,Turbellaria,6
MESH,Meshoppen Creek,12/04/2016,Acentrella,5
MESH,Meshoppen Creek,12/04/2016,Acroneuria,11
MESH,Meshoppen Creek,12/04/2016,Atherix,1
MESH,Meshoppen Creek,12/04/2016,Caecidotea,1
MESH,Meshoppen Creek,12/04/2016,Caenis,1
MESH,Meshoppen Creek,12/04/2016,Chimarra,1
MESH,Meshoppen Creek,12/04/2016,Chironomidae,1
MESH,Meshoppen Creek,12/04/2016,Corydalus,1
MESH,Meshoppen Creek,12/04/2016,Epeorus,1
MESH,Meshoppen Creek,12/04/2016,Ephemerella,13
MESH,Meshoppen Creek,12/04/2016,Eurylophella,1
MESH,Meshoppen Creek,12/04/2016,Heptageniidae,6
MESH,Meshoppen Creek,12/04/2016,Hydropsyche,2
MESH,Meshoppen Creek,12/04/2016,Isonychia,11
MESH,Meshoppen Creek,12/04/2016,Isoperla,3
MESH,Meshoppen Creek,12/04/2016,Leptophlebiidae,2
MESH,Meshoppen Creek,12/04/2016,Leucrocuta,4
MESH,Meshoppen Creek,12/04/2016,Leuctra,24
MESH,Meshoppen Creek,12/04/2016,Oligochaeta,7
MESH,Meshoppen Creek,12/04/2016,Maccaffertium,13
MESH,Meshoppen Creek,12/04/2016,Optioservus,17
MESH,Meshoppen Creek,12/04/2016,Paraleptophlebia,1
MESH,Meshoppen Creek,12/04/2016,Psephenus,1
MESH,Meshoppen Creek,12/04/2016,Serratella,4
MESH,Meshoppen Creek,12/04/2016,Stenelmis,1
MESH,Meshoppen Creek,12/04/2016,Taeniopteryx,97
MESH,Meshoppen Creek,12/04/2016,Acentrella,3
MESH,Meshoppen Creek,12/04/2016,Baetis,1
MESH,Meshoppen Creek,12/04/2016,Ephemerella,7
MESH,Meshoppen Creek,12/04/2016,Serratella,8
MESH,Meshoppen Creek,12/04/2016,Leucrocuta,1
MESH,Meshoppen Creek,12/04/2016,Maccaffertium,8
MESH,Meshoppen Creek,12/04/2016,Isonychia,28
MESH,Meshoppen Creek,12/04/2016,Paraleptophlebia,2
MESH,Meshoppen Creek,12/04/2016,Acroneuria,4
MESH,Meshoppen Creek,12/04/2016,Agnetina,1
MESH,Meshoppen Creek,12/04/2016,Paragnetina,3
MESH,Meshoppen Creek,12/04/2016,Taeniopteryx,3
MESH,Meshoppen Creek,12/04/2016,Apatania,1
MESH,Meshoppen Creek,12/04/2016,Brachycentrus,4
MESH,Meshoppen Creek,12/04/2016,Ceratopsyche,81
MESH,Meshoppen Creek,12/04/2016,Cheumatopsyche,28
MESH,Meshoppen Creek,12/04/2016,Leucotrichia,5
MESH,Meshoppen Creek,12/04/2016,Chimarra,18
MESH,Meshoppen Creek,12/04/2016,Stylogomphus,1
MESH,Meshoppen Creek,12/04/2016,Sialis,1
MESH,Meshoppen Creek,12/04/2016,Optioservus,5
MESH,Meshoppen Creek,12/04/2016,Stenelmis,4
MESH,Meshoppen Creek,12/04/2016,Psephenus,11
MESH,Meshoppen Creek,12/04/2016,Atherix,1
MESH,Meshoppen Creek,12/04/2016,Chironomidae,5
MESH,Meshoppen Creek,12/04/2016,Antocha,2
MESH,Meshoppen Creek,12/04/2016,Hirudinea,1
MESH,Meshoppen Creek,12/04/2016,Oligochaeta,1
MESH,Meshoppen Creek,12/04/2016,Acentrella,3
MESH,Meshoppen Creek,12/04/2016,Ephemerella,20
MESH,Meshoppen Creek,12/04/2016,Eurylophella,1
MESH,Meshoppen Creek,12/04/2016,Serratella,17
MESH,Meshoppen Creek,12/04/2016,Epeorus,1
MESH,Meshoppen Creek,12/04/2016,Heptagenia,1
MESH,Meshoppen Creek,12/04/2016,Leucrocuta,11
MESH,Meshoppen Creek,12/04/2016,Maccaffertium,11
MESH,Meshoppen Creek,12/04/2016,Isonychia,16
MESH,Meshoppen Creek,12/04/2016,Paraleptophlebia,2
MESH,Meshoppen Creek,12/04/2016,Acroneuria,2
MESH,Meshoppen Creek,12/04/2016,Taeniopteryx,4
MESH,Meshoppen Creek,12/04/2016,Brachycentrus,10
MESH,Meshoppen Creek,12/04/2016,Glossosoma,2
MESH,Meshoppen Creek,12/04/2016,Ceratopsyche,17
MESH,Meshoppen Creek,12/04/2016,Cheumatopsyche,19
MESH,Meshoppen Creek,12/04/2016,Leucotrichia,7
MESH,Meshoppen Creek,12/04/2016,Chimarra,6
MESH,Meshoppen Creek,12/04/2016,Polycentropus,2
MESH,Meshoppen Creek,12/04/2016,Neophylax,4
MESH,Meshoppen Creek,12/04/2016,Argia,1
MESH,Meshoppen Creek,12/04/2016,Gomphidae,1
MESH,Meshoppen Creek,12/04/2016,Corydalus,1
MESH,Meshoppen Creek,12/04/2016,Optioservus,14
MESH,Meshoppen Creek,12/04/2016,Stenelmis,12
MESH,Meshoppen Creek,12/04/2016,Psephenus,2
MESH,Meshoppen Creek,12/04/2016,Chironomidae,13
MESH,Meshoppen Creek,12/04/2016,Hemerodromia,3
MESH,Meshoppen Creek,12/04/2016,Chrysops,1
MESH,Meshoppen Creek,12/04/2016,Antocha,2
MESH,Meshoppen Creek,12/04/2016,Nemertea,5
MESH,Meshoppen Creek,12/04/2016,Turbellaria,1
MESH,Meshoppen Creek,12/04/2016,Oligochaeta,9
MESH,Meshoppen Creek,12/04/2016,Hydracarina,3
MESH,Meshoppen Creek,12/04/2016,Serratella,41
MESH,Meshoppen Creek,12/04/2016,Epeorus,2
MESH,Meshoppen Creek,12/04/2016,Leucrocuta,5
MESH,Meshoppen Creek,12/04/2016,Maccaffertium,3
MESH,Meshoppen Creek,12/04/2016,Isonychia,2
MESH,Meshoppen Creek,12/04/2016,Acroneuria,1
MESH,Meshoppen Creek,12/04/2016,Pteronarcys,1
MESH,Meshoppen Creek,12/04/2016,Taeniopteryx,2
MESH,Meshoppen Creek,12/04/2016,Apatania,1
MESH,Meshoppen Creek,12/04/2016,Brachycentrus,5
MESH,Meshoppen Creek,12/04/2016,Ceratopsyche,39
MESH,Meshoppen Creek,12/04/2016,Cheumatopsyche,36
MESH,Meshoppen Creek,12/04/2016,Hydroptila,2
MESH,Meshoppen Creek,12/04/2016,Chimarra,2
MESH,Meshoppen Creek,12/04/2016,Neophylax,1
MESH,Meshoppen Creek,12/04/2016,Optioservus,8
MESH,Meshoppen Creek,12/04/2016,Stenelmis,6
MESH,Meshoppen Creek,12/04/2016,Psephenus,10
MESH,Meshoppen Creek,12/04/2016,Atherix,1
MESH,Meshoppen Creek,12/04/2016,Chironomidae,3
MESH,Meshoppen Creek,12/04/2016,Hemerodromia,1
MESH,Meshoppen Creek,12/04/2016,Antocha,3
MESH,Meshoppen Creek,12/04/2016,Caenis,2
MESH,Meshoppen Creek,12/04/2016,Ephemerella,26
MESH,Meshoppen Creek,12/04/2016,Eurylophella,1
MESH,Meshoppen Creek,12/04/2016,Turbellaria,3
MESH,Meshoppen Creek,12/04/2016,Oligochaeta,25
MESH,Meshoppen Creek,12/04/2016,Hydracarina,2
MESH,Meshoppen Creek,12/04/2016,Hydracarina,1
MESH,Meshoppen Creek,12/04/2016,Acentrella,1
MESH,Meshoppen Creek,12/04/2016,Baetis,2
MESH,Meshoppen Creek,12/04/2016,Caenis,1
MESH,Meshoppen Creek,12/04/2016,Ephemerella,8
MESH,Meshoppen Creek,12/04/2016,Serratella,47
MESH,Meshoppen Creek,12/04/2016,Heptagenia,1
MESH,Meshoppen Creek,12/04/2016,Leucrocuta,7
MESH,Meshoppen Creek,12/04/2016,Maccaffertium,19
MESH,Meshoppen Creek,12/04/2016,Isonychia,5
MESH,Meshoppen Creek,12/04/2016,Paraleptophlebia,3
MESH,Meshoppen Creek,12/04/2016,Acroneuria,6
MESH,Meshoppen Creek,12/04/2016,Ceratopsyche,13
MESH,Meshoppen Creek,12/04/2016,Cheumatopsyche,30
MESH,Meshoppen Creek,12/04/2016,Hydroptila,1
MESH,Meshoppen Creek,12/04/2016,Chimarra,15
MESH,Meshoppen Creek,12/04/2016,Macronychus,1
MESH,Meshoppen Creek,12/04/2016,Optioservus,10
MESH,Meshoppen Creek,12/04/2016,Stenelmis,17
MESH,Meshoppen Creek,12/04/2016,Psephenus,5
MESH,Meshoppen Creek,12/04/2016,Chironomidae,5
MESH,Meshoppen Creek,12/04/2016,Hemerodromia,3
MESH,Meshoppen Creek,12/04/2016,Antocha,1
MESH,Meshoppen Creek,12/04/2016,Nemertea,1
MESH,Meshoppen Creek,12/04/2016,Nematoda,1
MESH,Meshoppen Creek,12/04/2016,Turbellaria,4
MESH,Meshoppen Creek,12/04/2016,Oligochaeta,25
MESH,Meshoppen Creek,12/04/2016,Prostoia,2
MESH,Meshoppen Creek,12/04/2016,Macronychus,1
MESH,Meshoppen Creek,12/04/2016,Hemerodromia,2
MESH,Meshoppen Creek,12/04/2016,Chironomidae,66
MESH,Meshoppen Creek,12/04/2016,Eurylophella,3
MESH,Meshoppen Creek,12/04/2016,Clinocera,2
MESH,Meshoppen Creek,12/04/2016,Leucrocuta,5
MESH,Meshoppen Creek,12/04/2016,Maccaffertium,10
MESH,Meshoppen Creek,12/04/2016,Hydracarina,3
MESH,Meshoppen Creek,12/04/2016,Oligochaeta,47
MESH,Meshoppen Creek,12/04/2016,Hydroptila,4
MESH,Meshoppen Creek,12/04/2016,Chimarra,1
MESH,Meshoppen Creek,12/04/2016,Antocha,1
MESH,Meshoppen Creek,12/04/2016,Acroneuria,1
MESH,Meshoppen Creek,12/04/2016,Drunella,16
MESH,Meshoppen Creek,12/04/2016,Isonychia,4
MESH,Meshoppen Creek,12/04/2016,Optioservus,11
MESH,Meshoppen Creek,12/04/2016,Ephemera,1
MESH,Meshoppen Creek,12/04/2016,Serratella,7
MESH,Meshoppen Creek,12/04/2016,Cheumatopsyche,1
MESH,Meshoppen Creek,12/04/2016,Caenis,2
MESH,Meshoppen Creek,12/04/2016,Amphinemura,5
MESH,Meshoppen Creek,12/04/2016,Simulium,1
MESH,Meshoppen Creek,12/04/2016,Forcipomyia,1
MESH,Meshoppen Creek,12/04/2016,Psephenus,2
MESH,Meshoppen Creek,12/04/2016,Stenelmis,5
MESH,Meshoppen Creek,12/04/2016,Leuctra,1
MESH,Meshoppen Creek,12/04/2016,Isoperla,1
MESH,Meshoppen Creek,12/04/2016,Ephemerella,9
Mill-Loyal,Mill Creek,30/04/2025,Cinygmula,29
Mill-Loyal,Mill Creek,30/04/2025,Psephenus,1
Mill-Loyal,Mill Creek,30/04/2025,Sweltsa,1
Mill-Loyal,Mill Creek,30/04/2025,Oulimnius,1
Mill-Loyal,Mill Creek,30/04/2025,Wormaldia,1
Mill-Loyal,Mill Creek,30/04/2025,Acroneuria,1
Mill-Loyal,Mill Creek,30/04/2025,Haploperla,2
Mill-Loyal,Mill Creek,30/04/2025,Cheumatopsyche,5
Mill-Loyal,Mill Creek,30/04/2025,Chironomidae,23
Mill-Loyal,Mill Creek,30/04/2025,Chloroperlidae,3
Mill-Loyal,Mill Creek,30/04/2025,Cultus,1
Mill-Loyal,Mill Creek,30/04/2025,Paraleptophlebia,13
Mill-Loyal,Mill Creek,30/04/2025,Drunella,56
Mill-Loyal,Mill Creek,30/04/2025,Hexatoma,2
Mill-Loyal,Mill Creek,30/04/2025,Ceratopogonidae,2
Mill-Loyal,Mill Creek,30/04/2025,Leuctra,1
Mill-Loyal,Mill Creek,30/04/2025,Ephemerella,11
Mill-Loyal,Mill Creek,30/04/2025,Epeorus,16
Mill-Loyal,Mill Creek,30/04/2025,Hydracarina,1
Mill-Loyal,Mill Creek,30/04/2025,Leucrocuta,3
Mill-Loyal,Mill Creek,30/04/2025,Leptophlebiidae,15
Mill-Loyal,Mill Creek,30/04/2025,Isoperla,2
Mill-Loyal,Mill Creek,30/04/2025,Hydropsyche,8
Mill-Loyal,Mill Creek,30/04/2025,Baetis,16
Mill-Loyal,Mill Creek,30/04/2025,Isonychia,3
Mill-Loyal,Mill Creek,30/04/2025,Neophylax,3
Mill-Loyal,Mill Creek,30/04/2025,Hydracarina,4
Mill-Loyal,Mill Creek,30/04/2025,Acentrella,13
Mill-Loyal,Mill Creek,30/04/2025,Acerpenna,1
Mill-Loyal,Mill Creek,30/04/2025,Acroneuria,1
Mill-Loyal,Mill Creek,30/04/2025,Antocha,2
Mill-Loyal,Mill Creek,30/04/2025,Baetis,11
Mill-Loyal,Mill Creek,30/04/2025,Chironomidae,42
Mill-Loyal,Mill Creek,30/04/2025,Cinygmula,15
Mill-Loyal,Mill Creek,30/04/2025,Diphetor,1
Mill-Loyal,Mill Creek,30/04/2025,Drunella,18
Mill-Loyal,Mill Creek,30/04/2025,Epeorus,23
Mill-Loyal,Mill Creek,30/04/2025,Ephemerella,26
Mill-Loyal,Mill Creek,30/04/2025,Eurylophella,1
Mill-Loyal,Mill Creek,30/04/2025,Optioservus,1
Mill-Loyal,Mill Creek,30/04/2025,Stenacron,1
Mill-Loyal,Mill Creek,30/04/2025,Haploperla,12
Mill-Loyal,Mill Creek,30/04/2025,Oulimnius,5
Mill-Loyal,Mill Creek,30/04/2025,Sweltsa,3
Mill-Loyal,Mill Creek,30/04/2025,Nigronia,1
Mill-Loyal,Mill Creek,30/04/2025,Neoplasta,3
Mill-Loyal,Mill Creek,30/04/2025,Paraleptophlebia,6
Mill-Loyal,Mill Creek,30/04/2025,Maccaffertium,1
Mill-Loyal,Mill Creek,30/04/2025,Leuctra,5
Mill-Loyal,Mill Creek,30/04/2025,Leucrocuta,1
Mill-Loyal,Mill Creek,30/04/2025,Isoperla,2
Mill-Loyal,Mill Creek,30/04/2025,Hydropsyche,4
Mill-Loyal,Mill Creek,30/04/2025,Pteronarcys,1
Mill-Loyal,Mill Creek,30/04/2025,Alloperla,1
Mill-Loyal,Mill Creek,30/04/2025,Antocha,1
Mill-Loyal,Mill Creek,30/04/2025,Baetis,27
Mill-Loyal,Mill Creek,30/04/2025,Chelifera,1
Mill-Loyal,Mill Creek,30/04/2025,Cheumatopsyche,3
Mill-Loyal,Mill Creek,30/04/2025,Chironomidae,63
Mill-Loyal,Mill Creek,30/04/2025,Chloroperlidae,3
Mill-Loyal,Mill Creek,30/04/2025,Cinygmula,11
Mill-Loyal,Mill Creek,30/04/2025,Cultus,1
Mill-Loyal,Mill Creek,30/04/2025,Diphetor,1
Mill-Loyal,Mill Creek,30/04/2025,Drunella,30
Mill-Loyal,Mill Creek,30/04/2025,Epeorus,16
Mill-Loyal,Mill Creek,30/04/2025,Ephemerella,10
Mill-Loyal,Mill Creek,30/04/2025,Eurylophella,1
Mill-Loyal,Mill Creek,30/04/2025,Haploperla,1
Mill-Loyal,Mill Creek,30/04/2025,Hexatoma,4
Mill-Loyal,Mill Creek,30/04/2025,Hydropsyche,6
Mill-Loyal,Mill Creek,30/04/2025,Isoperla,3
Mill-Loyal,Mill Creek,30/04/2025,Lepidostoma,1
Mill-Loyal,Mill Creek,30/04/2025,Leucrocuta,3
Mill-Loyal,Mill Creek,30/04/2025,Leuctra,2
Mill-Loyal,Mill Creek,30/04/2025,Maccaffertium,1
Mill-Loyal,Mill Creek,30/04/2025,Paraleptophlebia,19
Mill-Loyal,Mill Creek,30/04/2025,Neophylax,12
Mill-Loyal,Mill Creek,30/04/2025,Neoplasta,1
Mill-Loyal,Mill Creek,30/04/2025,Optioservus,2
Mill-Loyal,Mill Creek,30/04/2025,Oulimnius,3
Mill-Loyal,Mill Creek,30/04/2025,Prosimulium,1
Mill-Loyal,Mill Creek,30/04/2025,Sweltsa,2
Mill-Loyal,Mill Creek,30/04/2025,Hydracarina,1
Moose,Moose Creek,29/04/2024,Dolophilodes,7
Moose,Moose Creek,29/04/2024,Rhyacophila,2
Moose,Moose Creek,29/04/2024,Polycentropus,1
Moose,Moose Creek,29/04/2024,Diplectrona,4
Moose,Moose Creek,29/04/2024,Lanthus,1
Moose,Moose Creek,29/04/2024,Maccaffertium,1
Moose,Moose Creek,29/04/2024,Epeorus,14
Moose,Moose Creek,29/04/2024,Drunella,13
Moose,Moose Creek,29/04/2024,Isoperla,4
Moose,Moose Creek,29/04/2024,Lepidostoma,2
Moose,Moose Creek,29/04/2024,Leuctra,19
Moose,Moose Creek,29/04/2024,Oulimnius,10
Moose,Moose Creek,29/04/2024,Simulium,15
Moose,Moose Creek,29/04/2024,Amphinemura,15
Moose,Moose Creek,29/04/2024,Acroneuria,1
Moose,Moose Creek,29/04/2024,Acerpenna,2
Moose,Moose Creek,29/04/2024,Baetis,14
Moose,Moose Creek,29/04/2024,Ceratopogonidae,3
Moose,Moose Creek,29/04/2024,Chironomidae,74
Moose,Moose Creek,29/04/2024,Chloroperlidae,4
Moose,Moose Creek,29/04/2024,Cinygmula,1
Moose,Moose Creek,29/04/2024,Dicranota,1
Moose,Moose Creek,29/04/2024,Diphetor,2
Moose,Moose Creek,29/04/2024,Promoresia,2
Moose,Moose Creek,29/04/2024,Oligochaeta,4
Moose,Moose Creek,29/04/2024,Hydropsyche,4
Moose,Moose Creek,29/04/2024,Acerpenna,13
Moose,Moose Creek,29/04/2024,Acroneuria,4
Moose,Moose Creek,29/04/2024,Amphinemura,21
Moose,Moose Creek,29/04/2024,Baetis,17
Moose,Moose Creek,29/04/2024,Cambaridae,2
Moose,Moose Creek,29/04/2024,Ceratopogonidae,1
Moose,Moose Creek,29/04/2024,Chironomidae,24
Moose,Moose Creek,29/04/2024,Dicranota,2
Moose,Moose Creek,29/04/2024,Diphetor,9
Moose,Moose Creek,29/04/2024,Diplectrona,18
Moose,Moose Creek,29/04/2024,Dolophilodes,1
Moose,Moose Creek,29/04/2024,Drunella,20
Moose,Moose Creek,29/04/2024,Epeorus,13
Moose,Moose Creek,29/04/2024,Ephemerella,2
Moose,Moose Creek,29/04/2024,Haploperla,3
Moose,Moose Creek,29/04/2024,Hydropsyche,4
Moose,Moose Creek,29/04/2024,Isoperla,1
Moose,Moose Creek,29/04/2024,Lanthus,1
Moose,Moose Creek,29/04/2024,Lepidostoma,4
Moose,Moose Creek,29/04/2024,Leuctra,26
Moose,Moose Creek,29/04/2024,Neophylax,1
Moose,Moose Creek,29/04/2024,Neoplasta,1
Moose,Moose Creek,29/04/2024,Oligochaeta,3
Moose,Moose Creek,29/04/2024,Promoresia,1
Moose,Moose Creek,29/04/2024,Optioservus,2
Moose,Moose Creek,29/04/2024,Oulimnius,6
Moose,Moose Creek,29/04/2024,Prosimulium,3
Moose,Moose Creek,29/04/2024,Rhyacophila,8
Moose,Moose Creek,29/04/2024,Rhyacophila,4
Moose,Moose Creek,29/04/2024,Prosimulium,12
Moose,Moose Creek,29/04/2024,Hexatoma,1
Moose,Moose Creek,29/04/2024,Hydropsyche,14
Moose,Moose Creek,29/04/2024,Baetis,12
Moose,Moose Creek,29/04/2024,Drunella,10
Moose,Moose Creek,29/04/2024,Neophylax,1
Moose,Moose Creek,29/04/2024,Lepidostoma,1
Moose,Moose Creek,29/04/2024,Optioservus,1
Moose,Moose Creek,29/04/2024,Epeorus,58
Moose,Moose Creek,29/04/2024,Gomphidae,1
Moose,Moose Creek,29/04/2024,Paraleptophlebia,1
Moose,Moose Creek,29/04/2024,Peltoperla,2
Moose,Moose Creek,29/04/2024,Eurylophella,1
Moose,Moose Creek,29/04/2024,Leuctra,44
Moose,Moose Creek,29/04/2024,Ceratopogonidae,1
Moose,Moose Creek,29/04/2024,Amphinemura,28
Moose,Moose Creek,29/04/2024,Chironomidae,9
Moose,Moose Creek,29/04/2024,Isoperla,1
Moose,Moose Creek,29/04/2024,Diplectrona,12
Moose,Moose Creek,29/04/2024,Chloroperlidae,4
Moose,Moose Creek,29/04/2024,Oligochaeta,2
Moose,Moose Creek,29/04/2024,Maccaffertium,1
Moose,Moose Creek,29/04/2024,Oulimnius,1
Moose,Moose Creek,29/04/2024,Acroneuria,1
Moose,Moose Creek,29/04/2024,Amphinemura,8
Moose,Moose Creek,29/04/2024,Cambarus,2
Moose,Moose Creek,29/04/2024,Chironomidae,2
Moose,Moose Creek,29/04/2024,Crambidae,1
Moose,Moose Creek,29/04/2024,Dicranota,1
Moose,Moose Creek,29/04/2024,Diplectrona,14
Moose,Moose Creek,29/04/2024,Diptera,1
Moose,Moose Creek,29/04/2024,Dolophilodes,1
Moose,Moose Creek,29/04/2024,Heptageniidae,2
Moose,Moose Creek,29/04/2024,Hexatoma,3
Moose,Moose Creek,29/04/2024,Hydropsyche,12
Moose,Moose Creek,29/04/2024,Lanthus,2
Moose,Moose Creek,29/04/2024,Lepidostoma,4
Moose,Moose Creek,29/04/2024,Leuctra,10
Moose,Moose Creek,29/04/2024,Maccaffertium,6
Moose,Moose Creek,29/04/2024,Molanna,2
Moose,Moose Creek,29/04/2024,Molophilus,2
Moose,Moose Creek,29/04/2024,Parapsyche,1
Moose,Moose Creek,29/04/2024,Peltoperla,2
Moose,Moose Creek,29/04/2024,Polycentropus,1
Moose,Moose Creek,29/04/2024,Rhyacophila,6
Moose,Moose Creek,29/04/2024,Sweltsa,3
Moose,Moose Creek,29/04/2024,Baetis,23
Moose,Moose Creek,29/04/2024,Eurylophella,2
Moose,Moose Creek,29/04/2024,Leucrocuta,1
Moose,Moose Creek,29/04/2024,Maccaffertium,15
Moose,Moose Creek,29/04/2024,Paracapnia,14
Moose,Moose Creek,29/04/2024,Sweltsa,11
Moose,Moose Creek,29/04/2024,Leuctra,26
Moose,Moose Creek,29/04/2024,Acroneuria,1
Moose,Moose Creek,29/04/2024,Ceratopsyche,8
Moose,Moose Creek,29/04/2024,Diplectrona,32
Moose,Moose Creek,29/04/2024,Lepidostoma,1
Moose,Moose Creek,29/04/2024,Molanna,1
Moose,Moose Creek,29/04/2024,Dolophilodes,22
Moose,Moose Creek,29/04/2024,Polycentropus,2
Moose,Moose Creek,29/04/2024,Rhyacophila,21
Moose,Moose Creek,29/04/2024,Gomphidae,1
Moose,Moose Creek,29/04/2024,Oulimnius,2
Moose,Moose Creek,29/04/2024,Ceratopogonidae,1
Moose,Moose Creek,29/04/2024,Chironomidae,18
Moose,Moose Creek,29/04/2024,Dixa,1
Moose,Moose Creek,29/04/2024,Simulium,1
Moose,Moose Creek,29/04/2024,Dicranota,2
Moose,Moose Creek,29/04/2024,Hexatoma,4
Moose,Moose Creek,29/04/2024,Limnophila,1
Moose,Moose Creek,29/04/2024,Pseudolimnophila,1
Moose,Moose Creek,29/04/2024,Tipula,1
Moose,Moose Creek,29/04/2024,Oligochaeta,2
Moose,Moose Creek,29/04/2024,Baetis,8
Moose,Moose Creek,29/04/2024,Epeorus,17
Moose,Moose Creek,29/04/2024,Maccaffertium,6
Moose,Moose Creek,29/04/2024,Stenacron,1
Moose,Moose Creek,29/04/2024,Paracapnia,14
Moose,Moose Creek,29/04/2024,Sweltsa,3
Moose,Moose Creek,29/04/2024,Leuctra,26
Moose,Moose Creek,29/04/2024,Amphinemura,2
Moose,Moose Creek,29/04/2024,Acroneuria,4
Moose,Moose Creek,29/04/2024,Cultus,2
Moose,Moose Creek,29/04/2024,Isoperla,1
Moose,Moose Creek,29/04/2024,Taeniopteryx,6
Moose,Moose Creek,29/04/2024,Ceratopsyche,6
Moose,Moose Creek,29/04/2024,Diplectrona,31
Moose,Moose Creek,29/04/2024,Dolophilodes,16
Moose,Moose Creek,29/04/2024,Polycentropus,1
Moose,Moose Creek,29/04/2024,Rhyacophila,15
Moose,Moose Creek,29/04/2024,Lanthus,3
Moose,Moose Creek,29/04/2024,Oulimnius,2
Moose,Moose Creek,29/04/2024,Chironomidae,39
Moose,Moose Creek,29/04/2024,Simulium,1
Moose,Moose Creek,29/04/2024,Dicranota,1
Moose,Moose Creek,29/04/2024,Hexatoma,1
Moose,Moose Creek,29/04/2024,Nematoda,1
Moose,Moose Creek,29/04/2024,Oligochaeta,4
Moose,Moose Creek,29/04/2024,Epeorus,34
Moose,Moose Creek,29/04/2024,Maccaffertium,1
Moose,Moose Creek,29/04/2024,Paracapnia,21
Moose,Moose Creek,29/04/2024,Sweltsa,7
Moose,Moose Creek,29/04/2024,Leuctra,61
Moose,Moose Creek,29/04/2024,Amphinemura,4
Moose,Moose Creek,29/04/2024,Taeniopterygidae,2
Moose,Moose Creek,29/04/2024,Taeniopteryx,1
Moose,Moose Creek,29/04/2024,Ceratopsyche,8
Moose,Moose Creek,29/04/2024,Diplectrona,14
Moose,Moose Creek,29/04/2024,Baetis,18
Moose,Moose Creek,29/04/2024,Dolophilodes,17
Moose,Moose Creek,29/04/2024,Polycentropus,1
Moose,Moose Creek,29/04/2024,Rhyacophila,8
Moose,Moose Creek,29/04/2024,Oulimnius,2
Moose,Moose Creek,29/04/2024,Promoresia,1
Moose,Moose Creek,29/04/2024,Chironomidae,12
Moose,Moose Creek,29/04/2024,Dicranota,1
Moose,Moose Creek,29/04/2024,Hexatoma,2
Moose,Moose Creek,29/04/2024,Oligochaeta,7
Moose,Moose Creek,29/04/2024,Baetis,16
Moose,Moose Creek,29/04/2024,Eurylophella,1
Moose,Moose Creek,29/04/2024,Epeorus,1
Moose,Moose Creek,29/04/2024,Maccaffertium,5
Moose,Moose Creek,29/04/2024,Paracapnia,17
Moose,Moose Creek,29/04/2024,Sweltsa,5
Moose,Moose Creek,29/04/2024,Leuctra,23
Moose,Moose Creek,29/04/2024,Peltoperla,1
Moose,Moose Creek,29/04/2024,Taeniopteryx,6
Moose,Moose Creek,29/04/2024,Adicrophleps,1
Moose,Moose Creek,29/04/2024,Ceratopsyche,40
Moose,Moose Creek,29/04/2024,Diplectrona,17
Moose,Moose Creek,29/04/2024,Limnephilidae,3
Moose,Moose Creek,29/04/2024,Dolophilodes,22
Moose,Moose Creek,29/04/2024,Wormaldia,4
Moose,Moose Creek,29/04/2024,Rhyacophila,16
Moose,Moose Creek,29/04/2024,Lanthus,2
Moose,Moose Creek,29/04/2024,Oulimnius,4
Moose,Moose Creek,29/04/2024,Promoresia,1
Moose,Moose Creek,29/04/2024,Chironomidae,9
Moose,Moose Creek,29/04/2024,Hemerodromia,1
Moose,Moose Creek,29/04/2024,Simulium,4
Moose,Moose Creek,29/04/2024,Antocha,1
Moose,Moose Creek,29/04/2024,Dicranota,6
Moose,Moose Creek,29/04/2024,Hexatoma,2
Moose,Moose Creek,29/04/2024,Nematoda,1
Moose,Moose Creek,29/04/2024,Oligochaeta,2
Moose,Moose Creek,29/04/2024,Antocha,1
Moose,Moose Creek,29/04/2024,Ceratopsyche,8
Moose,Moose Creek,29/04/2024,Parapsyche,1
Moose,Moose Creek,29/04/2024,Lepidostoma,26
Moose,Moose Creek,29/04/2024,Dolophilodes,1
Moose,Moose Creek,29/04/2024,Rhyacophila,7
Moose,Moose Creek,29/04/2024,Dicranota,1
Moose,Moose Creek,29/04/2024,Oligochaeta,4
Moose,Moose Creek,29/04/2024,Oulimnius,2
Moose,Moose Creek,29/04/2024,Prosimulium,4
Moose,Moose Creek,29/04/2024,Chironomidae,19
Moose,Moose Creek,29/04/2024,Leuctra,57
Moose,Moose Creek,29/04/2024,Wormaldia,1
Moose,Moose Creek,29/04/2024,Promoresia,1
Moose,Moose Creek,29/04/2024,Isoperla,1
Moose,Moose Creek,29/04/2024,Sphaeriidae,1
Moose,Moose Creek,29/04/2024,Drunella,1
Moose,Moose Creek,29/04/2024,Epeorus,19
Moose,Moose Creek,29/04/2024,Diploperla,1
Moose,Moose Creek,29/04/2024,Acroneuria,1
Moose,Moose Creek,29/04/2024,Amphinemura,29
Moose,Moose Creek,29/04/2024,Eurylophella,3
Moose,Moose Creek,29/04/2024,Haploperla,1
Moose,Moose Creek,29/04/2024,Diplectrona,6
Moose,Moose Creek,29/04/2024,Maccaffertium,5
Moose,Moose Creek,29/04/2024,Hexatoma,3
Moose,Moose Creek,29/04/2024,Baetis,4
Moose,Moose Creek,29/04/2024,Oreogeton,1
Moose,Moose Creek,29/04/2024,Gomphidae,1
Moose,Moose Creek,29/04/2024,Sweltsa,2
Moose,Moose Creek,29/04/2024,Amphinemura,63
Moose,Moose Creek,29/04/2024,Lepidostoma,12
Moose,Moose Creek,29/04/2024,Eurylophella,2
Moose,Moose Creek,29/04/2024,Lanthus,2
Moose,Moose Creek,29/04/2024,Peltoperla,3
Moose,Moose Creek,29/04/2024,Acroneuria,3
Moose,Moose Creek,29/04/2024,Ceratopsyche,5
Moose,Moose Creek,29/04/2024,Diplectrona,10
Moose,Moose Creek,29/04/2024,Hydropsyche,2
Moose,Moose Creek,29/04/2024,Parapsyche,1
Moose,Moose Creek,29/04/2024,Leuctra,65
Moose,Moose Creek,29/04/2024,Baetis,1
Moose,Moose Creek,29/04/2024,Cambarus,2
Moose,Moose Creek,29/04/2024,Nematoda,1
Moose,Moose Creek,29/04/2024,Dicranota,1
Moose,Moose Creek,29/04/2024,Hexatoma,1
Moose,Moose Creek,29/04/2024,Prosimulium,1
Moose,Moose Creek,29/04/2024,Chironomidae,8
Moose,Moose Creek,29/04/2024,Oulimnius,1
Moose,Moose Creek,29/04/2024,Haploperla,2
Moose,Moose Creek,29/04/2024,Rhyacophila,1
Moose,Moose Creek,29/04/2024,Baetis,2
Moose,Moose Creek,29/04/2024,Chironomidae,19
Moose,Moose Creek,29/04/2024,Chloroperlidae,6
Moose,Moose Creek,29/04/2024,Dolophilodes,2
Moose,Moose Creek,29/04/2024,Hexatoma,3
Moose,Moose Creek,29/04/2024,Lepidostoma,1
Moose,Moose Creek,29/04/2024,Leucrocuta,1
Moose,Moose Creek,29/04/2024,Oemopteryx,1
Moose,Moose Creek,29/04/2024,Prosimulium,2
Moose,Moose Creek,29/04/2024,Amphinemura,57
Moose,Moose Creek,29/04/2024,Ceratopsyche,3
Moose,Moose Creek,29/04/2024,Diplectrona,9
Moose,Moose Creek,29/04/2024,Drunella,2
Moose,Moose Creek,29/04/2024,Epeorus,20
Moose,Moose Creek,29/04/2024,Leuctra,44
Moose,Moose Creek,29/04/2024,Maccaffertium,6
Moose,Moose Creek,29/04/2024,Nematoda,1
Moose,Moose Creek,29/04/2024,Oligochaeta,3
Moose,Moose Creek,29/04/2024,Oulimnius,2
Moose,Moose Creek,29/04/2024,Polycentropus,2
Moose,Moose Creek,29/04/2024,Rhyacophila,12
Moose,Moose Creek,29/04/2024,Stenacron,1
Moose,Moose Creek,29/04/2024,Sweltsa,2
Moose,Moose Creek,29/04/2024,Tipula,1
Moose,Moose Creek,29/04/2024,Wormaldia,1
PINE,Pine Creek,10/04/2025,Hydracarina,2
PINE,Pine Creek,10/04/2025,Oligochaeta,2
PINE,Pine Creek,10/04/2025,Hexatoma,1
PINE,Pine Creek,10/04/2025,Hydropsyche,6
PINE,Pine Creek,10/04/2025,Rhithrogena,1
PINE,Pine Creek,10/04/2025,Leptophlebiidae,3
PINE,Pine Creek,10/04/2025,Psilotreta,3
PINE,Pine Creek,10/04/2025,Leuctra,14
PINE,Pine Creek,10/04/2025,Nematoda,2
PINE,Pine Creek,10/04/2025,Simulium,5
PINE,Pine Creek,10/04/2025,Neophylax,8
PINE,Pine Creek,10/04/2025,Ephemerella,27
PINE,Pine Creek,10/04/2025,Promoresia,2
PINE,Pine Creek,10/04/2025,Optioservus,20
PINE,Pine Creek,10/04/2025,Oulimnius,11
PINE,Pine Creek,10/04/2025,Paragnetina,1
PINE,Pine Creek,10/04/2025,Pisidium,1
PINE,Pine Creek,10/04/2025,Polycentropodidae,3
PINE,Pine Creek,10/04/2025,Isoperla,1
PINE,Pine Creek,10/04/2025,Paraleptophlebia,1
PINE,Pine Creek,10/04/2025,Rhyacophila,3
PINE,Pine Creek,10/04/2025,Acerpenna,1
PINE,Pine Creek,10/04/2025,Acentrella,7
PINE,Pine Creek,10/04/2025,Baetis,4
PINE,Pine Creek,10/04/2025,Antocha,3
PINE,Pine Creek,10/04/2025,Ceratopogonidae,3
PINE,Pine Creek,10/04/2025,Cheumatopsyche,8
PINE,Pine Creek,10/04/2025,Chironomidae,20
PINE,Pine Creek,10/04/2025,Habrophlebiodes,1
PINE,Pine Creek,10/04/2025,Epeorus,4
PINE,Pine Creek,10/04/2025,Eurylophella,1
PINE,Pine Creek,10/04/2025,Teloganopsis,3
PINE,Pine Creek,10/04/2025,Diphetor,1
PINE,Pine Creek,10/04/2025,Psephenus,1
PINE,Pine Creek,10/04/2025,Leucrocuta,1
PINE,Pine Creek,10/04/2025,Chloroperlidae,1
PINE,Pine Creek,10/04/2025,Cinygmula,3
PINE,Pine Creek,10/04/2025,Drunella,12
PINE,Pine Creek,10/04/2025,Agapetus,2
PINE,Pine Creek,10/04/2025,Agnetina,3
PINE,Pine Creek,10/04/2025,Hydropsyche,3
PINE,Pine Creek,10/04/2025,Teloganopsis,3
PINE,Pine Creek,10/04/2025,Sweltsa,1
PINE,Pine Creek,10/04/2025,Rhyacophila,1
PINE,Pine Creek,10/04/2025,Rhithrogena,2
PINE,Pine Creek,10/04/2025,Prosimulium,1
PINE,Pine Creek,10/04/2025,Oulimnius,5
PINE,Pine Creek,10/04/2025,Optioservus,3
PINE,Pine Creek,10/04/2025,Oligochaeta,2
PINE,Pine Creek,10/04/2025,Neoplasta,2
PINE,Pine Creek,10/04/2025,Paraleptophlebia,16
PINE,Pine Creek,10/04/2025,Maccaffertium,1
PINE,Pine Creek,10/04/2025,Leuctra,14
PINE,Pine Creek,10/04/2025,Hydracarina,1
PINE,Pine Creek,10/04/2025,Isoperla,3
PINE,Pine Creek,10/04/2025,Epeorus,12
PINE,Pine Creek,10/04/2025,Hemerodromia,2
PINE,Pine Creek,10/04/2025,Ephemerella,1
PINE,Pine Creek,10/04/2025,Drunella,2
PINE,Pine Creek,10/04/2025,Diphetor,3
PINE,Pine Creek,10/04/2025,Cinygmula,2
PINE,Pine Creek,10/04/2025,Chironomidae,82
PINE,Pine Creek,10/04/2025,Cheumatopsyche,5
PINE,Pine Creek,10/04/2025,Ceratopogonidae,1
PINE,Pine Creek,10/04/2025,Baetis,42
PINE,Pine Creek,10/04/2025,Agnetina,4
PINE,Pine Creek,10/04/2025,Acentrella,1
PINE,Pine Creek,10/04/2025,Leucrocuta,1
PINE,Pine Creek,10/04/2025,Dolophilodes,2
PINE,Pine Creek,10/04/2025,Acentrella,13
PINE,Pine Creek,10/04/2025,Acroneuria,1
PINE,Pine Creek,10/04/2025,Agnetina,3
PINE,Pine Creek,10/04/2025,Antocha,1
PINE,Pine Creek,10/04/2025,Baetis,64
PINE,Pine Creek,10/04/2025,Cheumatopsyche,3
PINE,Pine Creek,10/04/2025,Chironomidae,24
PINE,Pine Creek,10/04/2025,Chloroperlidae,1
PINE,Pine Creek,10/04/2025,Cinygmula,5
PINE,Pine Creek,10/04/2025,Dicranota,1
PINE,Pine Creek,10/04/2025,Diphetor,3
PINE,Pine Creek,10/04/2025,Dolophilodes,1
PINE,Pine Creek,10/04/2025,Drunella,9
PINE,Pine Creek,10/04/2025,Epeorus,9
PINE,Pine Creek,10/04/2025,Ephemerella,8
PINE,Pine Creek,10/04/2025,Hexatoma,1
PINE,Pine Creek,10/04/2025,Hydropsyche,5
PINE,Pine Creek,10/04/2025,Leptophlebiidae,6
PINE,Pine Creek,10/04/2025,Leucrocuta,2
PINE,Pine Creek,10/04/2025,Leuctra,14
PINE,Pine Creek,10/04/2025,Paraleptophlebia,15
PINE,Pine Creek,10/04/2025,Neophylax,3
PINE,Pine Creek,10/04/2025,Neoplasta,2
PINE,Pine Creek,10/04/2025,Oligochaeta,1
PINE,Pine Creek,10/04/2025,Promoresia,3
PINE,Pine Creek,10/04/2025,Optioservus,6
PINE,Pine Creek,10/04/2025,Oulimnius,4
PINE,Pine Creek,10/04/2025,Paragnetina,2
PINE,Pine Creek,10/04/2025,Rhyacophila,2
PINE,Pine Creek,10/04/2025,Simulium,13
PINE,Pine Creek,10/04/2025,Sphaeriidae,1
PINE,Pine Creek,10/04/2025,Teloganopsis,2
PINE,Pine Creek,10/04/2025,Hydracarina,2
PLES,Pleasant Stream,27/04/2023,Teloganopsis,6
PLES,Pleasant Stream,27/04/2023,Leptophlebiidae,11
PLES,Pleasant Stream,27/04/2023,Haploperla,1
PLES,Pleasant Stream,27/04/2023,Cinygmula,20
PLES,Pleasant Stream,27/04/2023,Hydropsyche,1
PLES,Pleasant Stream,27/04/2023,Nematoda,1
PLES,Pleasant Stream,27/04/2023,Cryptolabis,1
PLES,Pleasant Stream,27/04/2023,Agnetina,1
PLES,Pleasant Stream,27/04/2023,Antocha,1
PLES,Pleasant Stream,27/04/2023,Ceratopogonidae,1
PLES,Pleasant Stream,27/04/2023,Cheumatopsyche,1
PLES,Pleasant Stream,27/04/2023,Simulium,1
PLES,Pleasant Stream,27/04/2023,Hexatoma,2
PLES,Pleasant Stream,27/04/2023,Isonychia,3
PLES,Pleasant Stream,27/04/2023,Hemerodromia,1
PLES,Pleasant Stream,27/04/2023,Cultus,1
PLES,Pleasant Stream,27/04/2023,Dolophilodes,1
PLES,Pleasant Stream,27/04/2023,Drunella,42
PLES,Pleasant Stream,27/04/2023,Epeorus,14
PLES,Pleasant Stream,27/04/2023,Ephemerella,40
PLES,Pleasant Stream,27/04/2023,Chloroperlidae,2
PLES,Pleasant Stream,27/04/2023,Acentrella,7
PLES,Pleasant Stream,27/04/2023,Chironomidae,26
PLES,Pleasant Stream,27/04/2023,Leuctra,1
PLES,Pleasant Stream,27/04/2023,Psilotreta,1
PLES,Pleasant Stream,27/04/2023,Polycentropus,2
PLES,Pleasant Stream,27/04/2023,Paraleptophlebia,3
PLES,Pleasant Stream,27/04/2023,Optioservus,5
PLES,Pleasant Stream,27/04/2023,Neophylax,3
PLES,Pleasant Stream,27/04/2023,Hydracarina,1
PLES,Pleasant Stream,27/04/2023,Hydropsyche,8
PLES,Pleasant Stream,27/04/2023,Diphetor,2
PLES,Pleasant Stream,27/04/2023,Paraleptophlebia,12
PLES,Pleasant Stream,27/04/2023,Prosimulium,1
PLES,Pleasant Stream,27/04/2023,Acerpenna,1
PLES,Pleasant Stream,27/04/2023,Haploperla,18
PLES,Pleasant Stream,27/04/2023,Maccaffertium,1
PLES,Pleasant Stream,27/04/2023,Isoperla,8
PLES,Pleasant Stream,27/04/2023,Cinygmula,59
PLES,Pleasant Stream,27/04/2023,Lepidostoma,1
PLES,Pleasant Stream,27/04/2023,Drunella,3
PLES,Pleasant Stream,27/04/2023,Rhithrogena,1
PLES,Pleasant Stream,27/04/2023,Baetis,25
PLES,Pleasant Stream,27/04/2023,Leuctra,1
PLES,Pleasant Stream,27/04/2023,Diploperla,1
PLES,Pleasant Stream,27/04/2023,Isogenoides,2
PLES,Pleasant Stream,27/04/2023,Taenionema,4
PLES,Pleasant Stream,27/04/2023,Chironomidae,22
PLES,Pleasant Stream,27/04/2023,Hexatoma,1
PLES,Pleasant Stream,27/04/2023,Sweltsa,1
PLES,Pleasant Stream,27/04/2023,Ephemerella,22
PLES,Pleasant Stream,27/04/2023,Epeorus,27
PLES,Pleasant Stream,27/04/2023,Acerpenna,1
PLES,Pleasant Stream,27/04/2023,Baetis,1
PLES,Pleasant Stream,27/04/2023,Baetisca,1
PLES,Pleasant Stream,27/04/2023,Ephemerella,6
PLES,Pleasant Stream,27/04/2023,Eurylophella,3
PLES,Pleasant Stream,27/04/2023,Serratella,16
PLES,Pleasant Stream,27/04/2023,Epeorus,4
PLES,Pleasant Stream,27/04/2023,Leucrocuta,2
PLES,Pleasant Stream,27/04/2023,Maccaffertium,4
PLES,Pleasant Stream,27/04/2023,Rhithrogena,2
PLES,Pleasant Stream,27/04/2023,Isonychia,5
PLES,Pleasant Stream,27/04/2023,Paraleptophlebia,17
PLES,Pleasant Stream,27/04/2023,Sweltsa,3
PLES,Pleasant Stream,27/04/2023,Acroneuria,1
PLES,Pleasant Stream,27/04/2023,Perlodidae,3
PLES,Pleasant Stream,27/04/2023,Isogenoides,1
PLES,Pleasant Stream,27/04/2023,Isoperla,15
PLES,Pleasant Stream,27/04/2023,Taeniopteryx,4
PLES,Pleasant Stream,27/04/2023,Brachycentrus,5
PLES,Pleasant Stream,27/04/2023,Glossosoma,1
PLES,Pleasant Stream,27/04/2023,Ceratopsyche,30
PLES,Pleasant Stream,27/04/2023,Cheumatopsyche,9
PLES,Pleasant Stream,27/04/2023,Lepidostoma,10
PLES,Pleasant Stream,27/04/2023,Dolophilodes,4
PLES,Pleasant Stream,27/04/2023,Rhyacophila,1
PLES,Pleasant Stream,27/04/2023,Nigronia,1
PLES,Pleasant Stream,27/04/2023,Optioservus,1
PLES,Pleasant Stream,27/04/2023,Oulimnius,2
PLES,Pleasant Stream,27/04/2023,Chironomidae,69
PLES,Pleasant Stream,27/04/2023,Hemerodromia,1
PLES,Pleasant Stream,27/04/2023,Antocha,2
PLES,Pleasant Stream,27/04/2023,Cryptolabis,1
PLES,Pleasant Stream,27/04/2023,Dicranota,1
PLES,Pleasant Stream,27/04/2023,Hexatoma,1
PLES,Pleasant Stream,27/04/2023,Nematoda,2
PLES,Pleasant Stream,27/04/2023,Oligochaeta,6
PLES,Pleasant Stream,27/04/2023,Hydracarina,2
PLES,Pleasant Stream,27/04/2023,Ephemerella,32
PLES,Pleasant Stream,27/04/2023,Eurylophella,1
PLES,Pleasant Stream,27/04/2023,Serratella,10
PLES,Pleasant Stream,27/04/2023,Epeorus,8
PLES,Pleasant Stream,27/04/2023,Maccaffertium,1
PLES,Pleasant Stream,27/04/2023,Isonychia,1
PLES,Pleasant Stream,27/04/2023,Paraleptophlebia,12
PLES,Pleasant Stream,27/04/2023,Sweltsa,1
PLES,Pleasant Stream,27/04/2023,Leuctra,1
PLES,Pleasant Stream,27/04/2023,Paragnetina,1
PLES,Pleasant Stream,27/04/2023,Perlodidae,4
PLES,Pleasant Stream,27/04/2023,Isoperla,15
PLES,Pleasant Stream,27/04/2023,Taeniopteryx,3
PLES,Pleasant Stream,27/04/2023,Brachycentrus,2
PLES,Pleasant Stream,27/04/2023,Ceratopsyche,27
PLES,Pleasant Stream,27/04/2023,Cheumatopsyche,8
PLES,Pleasant Stream,27/04/2023,Hydroptila,4
PLES,Pleasant Stream,27/04/2023,Baetis,1
PLES,Pleasant Stream,27/04/2023,Diphetor,1
PLES,Pleasant Stream,27/04/2023,Baetisca,3
PLES,Pleasant Stream,27/04/2023,Lepidostoma,19
PLES,Pleasant Stream,27/04/2023,Dolophilodes,15
PLES,Pleasant Stream,27/04/2023,Rhyacophila,3
PLES,Pleasant Stream,27/04/2023,Oulimnius,2
PLES,Pleasant Stream,27/04/2023,Stenelmis,1
PLES,Pleasant Stream,27/04/2023,Ceratopogonidae,1
PLES,Pleasant Stream,27/04/2023,Chironomidae,27
PLES,Pleasant Stream,27/04/2023,Antocha,1
PLES,Pleasant Stream,27/04/2023,Hexatoma,2
PLES,Pleasant Stream,27/04/2023,Oligochaeta,1
PLES,Pleasant Stream,27/04/2023,Hydracarina,3
PLES,Pleasant Stream,27/04/2023,Hydracarina,1
PLES,Pleasant Stream,27/04/2023,Acentrella,2
PLES,Pleasant Stream,27/04/2023,Baetis,5
PLES,Pleasant Stream,27/04/2023,Ephemerella,11
PLES,Pleasant Stream,27/04/2023,Epeorus,1
PLES,Pleasant Stream,27/04/2023,Leucrocuta,2
PLES,Pleasant Stream,27/04/2023,Maccaffertium,1
PLES,Pleasant Stream,27/04/2023,Rhithrogena,3
PLES,Pleasant Stream,27/04/2023,Isonychia,1
PLES,Pleasant Stream,27/04/2023,Paraleptophlebia,17
PLES,Pleasant Stream,27/04/2023,Chloroperlidae,1
PLES,Pleasant Stream,27/04/2023,Sweltsa,9
PLES,Pleasant Stream,27/04/2023,Acroneuria,1
PLES,Pleasant Stream,27/04/2023,Agnetina,2
PLES,Pleasant Stream,27/04/2023,Paragnetina,1
PLES,Pleasant Stream,27/04/2023,Perlodidae,3
PLES,Pleasant Stream,27/04/2023,Isoperla,8
PLES,Pleasant Stream,27/04/2023,Taeniopteryx,3
PLES,Pleasant Stream,27/04/2023,Brachycentrus,3
PLES,Pleasant Stream,27/04/2023,Glossosoma,3
PLES,Pleasant Stream,27/04/2023,Ceratopsyche,92
PLES,Pleasant Stream,27/04/2023,Cheumatopsyche,2
PLES,Pleasant Stream,27/04/2023,Lepidostoma,6
PLES,Pleasant Stream,27/04/2023,Limnephilidae,1
PLES,Pleasant Stream,27/04/2023,Dolophilodes,7
PLES,Pleasant Stream,27/04/2023,Rhyacophila,1
PLES,Pleasant Stream,27/04/2023,Nigronia,1
PLES,Pleasant Stream,27/04/2023,Optioservus,1
PLES,Pleasant Stream,27/04/2023,Oulimnius,1
PLES,Pleasant Stream,27/04/2023,Chironomidae,19
PLES,Pleasant Stream,27/04/2023,Antocha,1
PLES,Pleasant Stream,27/04/2023,Hexatoma,1
PLES,Pleasant Stream,27/04/2023,Branchiobdellida,1
PLES,Pleasant Stream,27/04/2023,Optioservus,1
PLES,Pleasant Stream,27/04/2023,Diphetor,3
PLES,Pleasant Stream,27/04/2023,Polycentropus,1
PLES,Pleasant Stream,27/04/2023,Clinocera,1
PLES,Pleasant Stream,27/04/2023,Philopotamidae,2
PLES,Pleasant Stream,27/04/2023,Rhyacophila,3
PLES,Pleasant Stream,27/04/2023,Serratella,3
PLES,Pleasant Stream,27/04/2023,Antocha,2
PLES,Pleasant Stream,27/04/2023,Paraleptophlebia,18
PLES,Pleasant Stream,27/04/2023,Ephemerella,30
PLES,Pleasant Stream,27/04/2023,Drunella,30
PLES,Pleasant Stream,27/04/2023,Baetisca,1
PLES,Pleasant Stream,27/04/2023,Chironomidae,45
PLES,Pleasant Stream,27/04/2023,Baetis,6
PLES,Pleasant Stream,27/04/2023,Neophylax,1
PLES,Pleasant Stream,27/04/2023,Hexatoma,1
PLES,Pleasant Stream,27/04/2023,Peltoperlidae,1
PLES,Pleasant Stream,27/04/2023,Bezzia,3
PLES,Pleasant Stream,27/04/2023,Psephenus,1
PLES,Pleasant Stream,27/04/2023,Oulimnius,1
PLES,Pleasant Stream,27/04/2023,Haploperla,1
PLES,Pleasant Stream,27/04/2023,Acerpenna,1
PLES,Pleasant Stream,27/04/2023,Maccaffertium,1
PLES,Pleasant Stream,27/04/2023,Epeorus,3
PLES,Pleasant Stream,27/04/2023,Cinygmula,7
PLES,Pleasant Stream,27/04/2023,Agnetina,2
PLES,Pleasant Stream,27/04/2023,Sweltsa,3
PLES,Pleasant Stream,27/04/2023,Hydracarina,2
PLES,Pleasant Stream,27/04/2023,Amphinemura,1
PLES,Pleasant Stream,27/04/2023,Acroneuria,3
PLES,Pleasant Stream,27/04/2023,Ceraclea,1
PLES,Pleasant Stream,27/04/2023,Isoperla,2
PLES,Pleasant Stream,27/04/2023,Leuctra,1
PLES,Pleasant Stream,27/04/2023,Ceratopsyche,10
PLES,Pleasant Stream,27/04/2023,Cheumatopsyche,3
PLES,Pleasant Stream,27/04/2023,Lepidostoma,3
PLES,Pleasant Stream,27/04/2023,Brachycentrus,1
PLES,Pleasant Stream,27/04/2023,Epeorus,21
PLES,Pleasant Stream,27/04/2023,Drunella,16
PLES,Pleasant Stream,27/04/2023,Ephemerella,22
PLES,Pleasant Stream,27/04/2023,Serratella,1
PLES,Pleasant Stream,27/04/2023,Ceratopsyche,5
PLES,Pleasant Stream,27/04/2023,Diphetor,1
PLES,Pleasant Stream,27/04/2023,Pteronarcys,2
PLES,Pleasant Stream,27/04/2023,Haploperla,5
PLES,Pleasant Stream,27/04/2023,Sweltsa,1
PLES,Pleasant Stream,27/04/2023,Amphinemura,1
PLES,Pleasant Stream,27/04/2023,Ostrocerca,1
PLES,Pleasant Stream,27/04/2023,Peltoperla,2
PLES,Pleasant Stream,27/04/2023,Cinygmula,9
PLES,Pleasant Stream,27/04/2023,Hydracarina,1
PLES,Pleasant Stream,27/04/2023,Baetisca,1
PLES,Pleasant Stream,27/04/2023,Cheumatopsyche,1
PLES,Pleasant Stream,27/04/2023,Hemerodromia,1
PLES,Pleasant Stream,27/04/2023,Paraleptophlebia,8
PLES,Pleasant Stream,27/04/2023,Antocha,1
PLES,Pleasant Stream,27/04/2023,Diplectrona,1
PLES,Pleasant Stream,27/04/2023,Oulimnius,5
PLES,Pleasant Stream,27/04/2023,Ceratopogonidae,1
PLES,Pleasant Stream,27/04/2023,Oligochaeta,1
PLES,Pleasant Stream,27/04/2023,Clinocera,4
PLES,Pleasant Stream,27/04/2023,Simulium,2
PLES,Pleasant Stream,27/04/2023,Isoperla,3
PLES,Pleasant Stream,27/04/2023,Hexatoma,2
PLES,Pleasant Stream,27/04/2023,Chironomidae,84
PLES,Pleasant Stream,27/04/2023,Baetis,3
PLES,Pleasant Stream,27/04/2023,Acroneuria,1
PLES,Pleasant Stream,27/04/2023,Ameletus,1
PLES,Pleasant Stream,27/04/2023,Baetis,24
PLES,Pleasant Stream,27/04/2023,Brachycentrus,1
PLES,Pleasant Stream,27/04/2023,Ceratopogonidae,1
PLES,Pleasant Stream,27/04/2023,Chironomidae,12
PLES,Pleasant Stream,27/04/2023,Chloroperlidae,8
PLES,Pleasant Stream,27/04/2023,Cinygmula,11
PLES,Pleasant Stream,27/04/2023,Ephemerella,45
PLES,Pleasant Stream,27/04/2023,Hexatoma,1
PLES,Pleasant Stream,27/04/2023,Optioservus,1
PLES,Pleasant Stream,27/04/2023,Prosimulium,7
PLES,Pleasant Stream,27/04/2023,Pteronarcys,1
PLES,Pleasant Stream,27/04/2023,Rhithrogena,4
PLES,Pleasant Stream,27/04/2023,Serratella,1
PLES,Pleasant Stream,27/04/2023,Taenionema,28
PLES,Pleasant Stream,27/04/2023,Ceratopsyche,4
PLES,Pleasant Stream,27/04/2023,Diphetor,1
PLES,Pleasant Stream,27/04/2023,Drunella,7
PLES,Pleasant Stream,27/04/2023,Epeorus,46
PLES,Pleasant Stream,27/04/2023,Eurylophella,1
PLES,Pleasant Stream,27/04/2023,Isoperla,6
PLES,Pleasant Stream,27/04/2023,Leptophlebiidae,8
PLES,Pleasant Stream,27/04/2023,Maccaffertium,2
PLES,Pleasant Stream,27/04/2023,Rhyacophila,2
Portage,Portage Creek,11/04/2018,Acentrella,3
Portage,Portage Creek,11/04/2018,Acroneuria,1
Portage,Portage Creek,11/04/2018,Atherix,3
Portage,Portage Creek,11/04/2018,Caenis,1
Portage,Portage Creek,11/04/2018,Cheumatopsyche,8
Portage,Portage Creek,11/04/2018,Chimarra,1
Portage,Portage Creek,11/04/2018,Chironomidae,3
Portage,Portage Creek,11/04/2018,Corydalus,2
Portage,Portage Creek,11/04/2018,Epeorus,4
Portage,Portage Creek,11/04/2018,Ephemerella,1
Portage,Portage Creek,11/04/2018,Helicopsyche,1
Portage,Portage Creek,11/04/2018,Hydropsyche,2
Portage,Portage Creek,11/04/2018,Isonychia,78
Portage,Portage Creek,11/04/2018,Lanthus,38
Portage,Portage Creek,11/04/2018,Leucrocuta,17
Portage,Portage Creek,11/04/2018,Maccaffertium,58
Portage,Portage Creek,11/04/2018,Optioservus,4
Portage,Portage Creek,11/04/2018,Orconectes,1
Portage,Portage Creek,11/04/2018,Paragnetina,2
Portage,Portage Creek,11/04/2018,Psephenus,17
Portage,Portage Creek,11/04/2018,Serratella,4
Portage,Portage Creek,11/04/2018,Stenelmis,6
Portage,Portage Creek,11/04/2018,Acentrella,4
Portage,Portage Creek,11/04/2018,Ephemerella,1
Portage,Portage Creek,11/04/2018,Serratella,2
Portage,Portage Creek,11/04/2018,Epeorus,6
Portage,Portage Creek,11/04/2018,Leucrocuta,9
Portage,Portage Creek,11/04/2018,Maccaffertium,19
Portage,Portage Creek,11/04/2018,Stenacron,1
Portage,Portage Creek,11/04/2018,Isonychia,21
Portage,Portage Creek,11/04/2018,Paraleptophlebia,7
Portage,Portage Creek,11/04/2018,Paragnetina,2
Portage,Portage Creek,11/04/2018,Taeniopterygidae,5
Portage,Portage Creek,11/04/2018,Taeniopteryx,15
Portage,Portage Creek,11/04/2018,Glossosoma,1
Portage,Portage Creek,11/04/2018,Ceratopsyche,19
Portage,Portage Creek,11/04/2018,Cheumatopsyche,23
Portage,Portage Creek,11/04/2018,Leucotrichia,1
Portage,Portage Creek,11/04/2018,Chimarra,3
Portage,Portage Creek,11/04/2018,Polycentropus,1
Portage,Portage Creek,11/04/2018,Ophiogomphus,8
Portage,Portage Creek,11/04/2018,Optioservus,2
Portage,Portage Creek,11/04/2018,Psephenus,38
Portage,Portage Creek,11/04/2018,Chironomidae,5
Portage,Portage Creek,11/04/2018,Hemerodromia,2
Portage,Portage Creek,11/04/2018,Antocha,1
Portage,Portage Creek,11/04/2018,Hexatoma,1
Portage,Portage Creek,11/04/2018,Hydracarina,3
Portage,Portage Creek,11/04/2018,Acentrella,1
Portage,Portage Creek,11/04/2018,Ephemerella,1
Portage,Portage Creek,11/04/2018,Eurylophella,6
Portage,Portage Creek,11/04/2018,Epeorus,11
Portage,Portage Creek,11/04/2018,Leucrocuta,27
Portage,Portage Creek,11/04/2018,Maccaffertium,59
Portage,Portage Creek,11/04/2018,Stenacron,3
Portage,Portage Creek,11/04/2018,Isonychia,12
Portage,Portage Creek,11/04/2018,Paraleptophlebia,16
Portage,Portage Creek,11/04/2018,Allocapnia,1
Portage,Portage Creek,11/04/2018,Paragnetina,2
Portage,Portage Creek,11/04/2018,Taeniopteryx,3
Portage,Portage Creek,11/04/2018,Ceratopsyche,11
Portage,Portage Creek,11/04/2018,Cheumatopsyche,10
Portage,Portage Creek,11/04/2018,Lepidostoma,2
Portage,Portage Creek,11/04/2018,Chimarra,1
Portage,Portage Creek,11/04/2018,Ophiogomphus,13
Portage,Portage Creek,11/04/2018,Sialis,1
Portage,Portage Creek,11/04/2018,Optioservus,1
Portage,Portage Creek,11/04/2018,Psephenus,16
Portage,Portage Creek,11/04/2018,Ceratopogonidae,1
Portage,Portage Creek,11/04/2018,Chironomidae,5
Portage,Portage Creek,11/04/2018,Antocha,9
Portage,Portage Creek,11/04/2018,Turbellaria,1
Portage,Portage Creek,11/04/2018,Oligochaeta,8
Portage,Portage Creek,11/04/2018,Ephemerella,3
Portage,Portage Creek,11/04/2018,Eurylophella,2
Portage,Portage Creek,11/04/2018,Serratella,4
Portage,Portage Creek,11/04/2018,Epeorus,9
Portage,Portage Creek,11/04/2018,Leucrocuta,27
Portage,Portage Creek,11/04/2018,Maccaffertium,43
Portage,Portage Creek,11/04/2018,Stenacron,1
Portage,Portage Creek,11/04/2018,Isonychia,28
Portage,Portage Creek,11/04/2018,Paraleptophlebia,17
Portage,Portage Creek,11/04/2018,Allocapnia,2
Portage,Portage Creek,11/04/2018,Paragnetina,1
Portage,Portage Creek,11/04/2018,Taeniopteryx,10
Portage,Portage Creek,11/04/2018,Apatania,3
Portage,Portage Creek,11/04/2018,Ceratopsyche,6
Portage,Portage Creek,11/04/2018,Cheumatopsyche,16
Portage,Portage Creek,11/04/2018,Lepidostoma,5
Portage,Portage Creek,11/04/2018,Chimarra,3
Portage,Portage Creek,11/04/2018,Polycentropus,1
Portage,Portage Creek,11/04/2018,Ophiogomphus,2
Portage,Portage Creek,11/04/2018,Optioservus,3
Portage,Portage Creek,11/04/2018,Psephenus,6
Portage,Portage Creek,11/04/2018,Atherix,1
Portage,Portage Creek,11/04/2018,Chironomidae,16
Portage,Portage Creek,11/04/2018,Hemerodromia,1
Portage,Portage Creek,11/04/2018,Turbellaria,6
Portage,Portage Creek,11/04/2018,Oligochaeta,13
Portage,Portage Creek,11/04/2018,Hydracarina,2
Portage,Portage Creek,11/04/2018,Acentrella,1
Portage,Portage Creek,11/04/2018,Baetis,2
Portage,Portage Creek,11/04/2018,Ephemerella,36
Portage,Portage Creek,11/04/2018,Serratella,4
Portage,Portage Creek,11/04/2018,Epeorus,5
Portage,Portage Creek,11/04/2018,Leucrocuta,22
Portage,Portage Creek,11/04/2018,Maccaffertium,47
Portage,Portage Creek,11/04/2018,Stenacron,1
Portage,Portage Creek,11/04/2018,Isonychia,13
Portage,Portage Creek,11/04/2018,Paraleptophlebia,29
Portage,Portage Creek,11/04/2018,Tallaperla,2
Portage,Portage Creek,11/04/2018,Acroneuria,1
Portage,Portage Creek,11/04/2018,Paragnetina,1
Portage,Portage Creek,11/04/2018,Isogenoides,1
Portage,Portage Creek,11/04/2018,Isoperla,1
Portage,Portage Creek,11/04/2018,Pteronarcys,1
Portage,Portage Creek,11/04/2018,Taeniopteryx,1
Portage,Portage Creek,11/04/2018,Apatania,2
Portage,Portage Creek,11/04/2018,Helicopsyche,1
Portage,Portage Creek,11/04/2018,Ceratopsyche,11
Portage,Portage Creek,11/04/2018,Cheumatopsyche,10
Portage,Portage Creek,11/04/2018,Dolophilodes,1
Portage,Portage Creek,11/04/2018,Ophiogomphus,1
Portage,Portage Creek,11/04/2018,Optioservus,1
Portage,Portage Creek,11/04/2018,Oulimnius,1
Portage,Portage Creek,11/04/2018,Stenelmis,1
Portage,Portage Creek,11/04/2018,Psephenus,2
Portage,Portage Creek,11/04/2018,Atherix,1
Portage,Portage Creek,11/04/2018,Chironomidae,1
Portage,Portage Creek,11/04/2018,Hexatoma,1
Portage,Portage Creek,11/04/2018,Nematoda,1
Portage,Portage Creek,11/04/2018,Oligochaeta,1
Portage,Portage Creek,11/04/2018,Amphinemura,1
Portage,Portage Creek,11/04/2018,Drunella,17
Portage,Portage Creek,11/04/2018,Epeorus,11
Portage,Portage Creek,11/04/2018,Gomphidae,1
Portage,Portage Creek,11/04/2018,Isonychia,2
Portage,Portage Creek,11/04/2018,Isoperla,1
Portage,Portage Creek,11/04/2018,Maccaffertium,6
Portage,Portage Creek,11/04/2018,Oligochaeta,38
Portage,Portage Creek,11/04/2018,Paraleptophlebia,2
Portage,Portage Creek,11/04/2018,Baetis,5
Portage,Portage Creek,11/04/2018,Cheumatopsyche,6
Portage,Portage Creek,11/04/2018,Chironomidae,62
Portage,Portage Creek,11/04/2018,Chloroperlidae,1
Portage,Portage Creek,11/04/2018,Cinygmula,1
Portage,Portage Creek,11/04/2018,Ephemerella,13
Portage,Portage Creek,11/04/2018,Hydracarina,4
Portage,Portage Creek,11/04/2018,Lepidostoma,2
Portage,Portage Creek,11/04/2018,Leucrocuta,3
Portage,Portage Creek,11/04/2018,Neophylax,4
Portage,Portage Creek,11/04/2018,Prosimulium,32
Portage,Portage Creek,11/04/2018,Prostoia,2
Portage,Portage Creek,11/04/2018,Taenionema,1
Portage,Portage Creek,11/04/2018,Turbellaria,2
QUIT 3.1,Quittapahilla Creek,18/04/2023,Gammarus,17
QUIT 3.1,Quittapahilla Creek,18/04/2023,Hydrobiidae,92
QUIT 3.1,Quittapahilla Creek,18/04/2023,Hydroptila,1
QUIT 3.1,Quittapahilla Creek,18/04/2023,Hydropsyche,12
QUIT 3.1,Quittapahilla Creek,18/04/2023,Antocha,1
QUIT 3.1,Quittapahilla Creek,18/04/2023,Tipula,1
QUIT 3.1,Quittapahilla Creek,18/04/2023,Baetis,4
QUIT 3.1,Quittapahilla Creek,18/04/2023,Caecidotea,1
QUIT 3.1,Quittapahilla Creek,18/04/2023,Oligochaeta,7
QUIT 3.1,Quittapahilla Creek,18/04/2023,Chironomidae,33
QUIT 3.1,Quittapahilla Creek,18/04/2023,Turbellaria,3
QUIT 3.1,Quittapahilla Creek,18/04/2023,Ephemerella,5
QUIT 3.1,Quittapahilla Creek,18/04/2023,Optioservus,23
QUIT 3.1,Quittapahilla Creek,18/04/2023,Stenelmis,7
QUIT 3.1,Quittapahilla Creek,18/04/2023,Tricorythodes,5
QUIT 3.1,Quittapahilla Creek,18/04/2023,Chironomidae,58
QUIT 3.1,Quittapahilla Creek,18/04/2023,Oligochaeta,24
QUIT 3.1,Quittapahilla Creek,18/04/2023,Ephemerella,4
QUIT 3.1,Quittapahilla Creek,18/04/2023,Tricorythodes,4
QUIT 3.1,Quittapahilla Creek,18/04/2023,Stenelmis,5
QUIT 3.1,Quittapahilla Creek,18/04/2023,Simulium,28
QUIT 3.1,Quittapahilla Creek,18/04/2023,Optioservus,25
QUIT 3.1,Quittapahilla Creek,18/04/2023,Hydropsyche,6
QUIT 3.1,Quittapahilla Creek,18/04/2023,Hydracarina,1
QUIT 3.1,Quittapahilla Creek,18/04/2023,Turbellaria,16
QUIT 3.1,Quittapahilla Creek,18/04/2023,Neoplasta,2
QUIT 3.1,Quittapahilla Creek,18/04/2023,Hemerodromia,2
QUIT 3.1,Quittapahilla Creek,18/04/2023,Cheumatopsyche,1
QUIT 3.1,Quittapahilla Creek,18/04/2023,Caecidotea,1
QUIT 3.1,Quittapahilla Creek,18/04/2023,Baetis,2
QUIT 3.1,Quittapahilla Creek,18/04/2023,Antocha,3
QUIT 3.1,Quittapahilla Creek,18/04/2023,Hydrobiidae,16
QUIT 3.1,Quittapahilla Creek,18/04/2023,Gammarus,11
QUIT 3.1,Quittapahilla Creek,18/04/2023,Chironomidae,153
QUIT 3.1,Quittapahilla Creek,18/04/2023,Baetis,1
QUIT 3.1,Quittapahilla Creek,18/04/2023,Ephemerella,2
QUIT 3.1,Quittapahilla Creek,18/04/2023,Cheumatopsyche,2
QUIT 3.1,Quittapahilla Creek,18/04/2023,Hydropsyche,10
QUIT 3.1,Quittapahilla Creek,18/04/2023,Turbellaria,2
QUIT 3.1,Quittapahilla Creek,18/04/2023,Optioservus,8
QUIT 3.1,Quittapahilla Creek,18/04/2023,Neoplasta,2
QUIT 3.1,Quittapahilla Creek,18/04/2023,Antocha,1
QUIT 3.1,Quittapahilla Creek,18/04/2023,Caecidotea,3
QUIT 3.1,Quittapahilla Creek,18/04/2023,Oligochaeta,7
QUIT 3.1,Quittapahilla Creek,18/04/2023,Gammarus,12
QUIT 3.1,Quittapahilla Creek,18/04/2023,Hemerodromia,3
QUIT 3.1,Quittapahilla Creek,18/04/2023,Nemertea,1
QUIT 3.1,Quittapahilla Creek,18/04/2023,Nematoda,3
QUIT 3.1,Quittapahilla Creek,18/04/2023,Stenelmis,3
QUIT 3.1,Quittapahilla Creek,18/04/2023,Turbellaria,1
QUIT 3.1,Quittapahilla Creek,18/04/2023,Oligochaeta,28
QUIT 3.1,Quittapahilla Creek,18/04/2023,Crangonyx,3
QUIT 3.1,Quittapahilla Creek,18/04/2023,Gammarus,49
QUIT 3.1,Quittapahilla Creek,18/04/2023,Caecidotea,2
QUIT 3.1,Quittapahilla Creek,18/04/2023,Psephenus,2
QUIT 3.1,Quittapahilla Creek,18/04/2023,Neoplasta,2
QUIT 3.1,Quittapahilla Creek,18/04/2023,Chironomidae,65
QUIT 3.1,Quittapahilla Creek,18/04/2023,Hydracarina,1
QUIT 3.1,Quittapahilla Creek,18/04/2023,Tricorythodes,9
QUIT 3.1,Quittapahilla Creek,18/04/2023,Simulium,1
QUIT 3.1,Quittapahilla Creek,18/04/2023,Stenelmis,7
QUIT 3.1,Quittapahilla Creek,18/04/2023,Hemerodromia,1
QUIT 3.1,Quittapahilla Creek,18/04/2023,Ephemerella,7
QUIT 3.1,Quittapahilla Creek,18/04/2023,Ceratopsyche,3
QUIT 3.1,Quittapahilla Creek,18/04/2023,Hydropsyche,1
QUIT 3.1,Quittapahilla Creek,18/04/2023,Hydroptila,2
QUIT 3.1,Quittapahilla Creek,18/04/2023,Chimarra,1
QUIT 3.1,Quittapahilla Creek,18/04/2023,Optioservus,24
QUIT 3.1,Quittapahilla Creek,18/04/2023,Baetidae,1
QUIT 3.1,Quittapahilla Creek,18/04/2023,Ceratopsyche,15
QUIT 3.1,Quittapahilla Creek,18/04/2023,Gammarus,73
QUIT 3.1,Quittapahilla Creek,18/04/2023,Oligochaeta,17
QUIT 3.1,Quittapahilla Creek,18/04/2023,Simulium,2
QUIT 3.1,Quittapahilla Creek,18/04/2023,Stenelmis,3
QUIT 3.1,Quittapahilla Creek,18/04/2023,Cheumatopsyche,5
QUIT 3.1,Quittapahilla Creek,18/04/2023,Chironomidae,63
QUIT 3.1,Quittapahilla Creek,18/04/2023,Ephemerella,5
QUIT 3.1,Quittapahilla Creek,18/04/2023,Hemerodromia,3
QUIT 3.1,Quittapahilla Creek,18/04/2023,Hydropsyche,5
QUIT 3.1,Quittapahilla Creek,18/04/2023,Optioservus,33
QUIT 3.1,Quittapahilla Creek,18/04/2023,Tricorythodes,1
QUIT 3.1,Quittapahilla Creek,18/04/2023,Turbellaria,2
Sangerfield,Sangerfield River,12/04/2018,Acentrella,2
Sangerfield,Sangerfield River,12/04/2018,Cheumatopsyche,2
Sangerfield,Sangerfield River,12/04/2018,Chimarra,1
Sangerfield,Sangerfield River,12/04/2018,Chironomidae,4
Sangerfield,Sangerfield River,12/04/2018,Corbiculidae,1
Sangerfield,Sangerfield River,12/04/2018,Dolophilodes,1
Sangerfield,Sangerfield River,12/04/2018,Dubiraphia,1
Sangerfield,Sangerfield River,12/04/2018,Ephemerella,57
Sangerfield,Sangerfield River,12/04/2018,Isogenoides,1
Sangerfield,Sangerfield River,12/04/2018,Isonychia,4
Sangerfield,Sangerfield River,12/04/2018,Isoperla,13
Sangerfield,Sangerfield River,12/04/2018,Leucrocuta,1
Sangerfield,Sangerfield River,12/04/2018,Leuctra,13
Sangerfield,Sangerfield River,12/04/2018,Limnephilidae,1
Sangerfield,Sangerfield River,12/04/2018,Maccaffertium,14
Sangerfield,Sangerfield River,12/04/2018,Optioservus,6
Sangerfield,Sangerfield River,12/04/2018,Paraleptophlebia,1
Sangerfield,Sangerfield River,12/04/2018,Psephenus,1
Sangerfield,Sangerfield River,12/04/2018,Serratella,1
Sangerfield,Sangerfield River,12/04/2018,Taeniopteryx,104
Sangerfield,Sangerfield River,12/04/2018,Ephemerella,1
Sangerfield,Sangerfield River,12/04/2018,Serratella,2
Sangerfield,Sangerfield River,12/04/2018,Ephemera,1
Sangerfield,Sangerfield River,12/04/2018,Epeorus,2
Sangerfield,Sangerfield River,12/04/2018,Leucrocuta,4
Sangerfield,Sangerfield River,12/04/2018,Maccaffertium,18
Sangerfield,Sangerfield River,12/04/2018,Paraleptophlebia,1
Sangerfield,Sangerfield River,12/04/2018,Anthopotamus,1
Sangerfield,Sangerfield River,12/04/2018,Acroneuria,1
Sangerfield,Sangerfield River,12/04/2018,Agnetina,1
Sangerfield,Sangerfield River,12/04/2018,Neoperla,1
Sangerfield,Sangerfield River,12/04/2018,Perlodidae,1
Sangerfield,Sangerfield River,12/04/2018,Taeniopteryx,20
Sangerfield,Sangerfield River,12/04/2018,Ceratopsyche,4
Sangerfield,Sangerfield River,12/04/2018,Cheumatopsyche,17
Sangerfield,Sangerfield River,12/04/2018,Chimarra,16
Sangerfield,Sangerfield River,12/04/2018,Rhyacophila,1
Sangerfield,Sangerfield River,12/04/2018,Optioservus,73
Sangerfield,Sangerfield River,12/04/2018,Promoresia,2
Sangerfield,Sangerfield River,12/04/2018,Stenelmis,15
Sangerfield,Sangerfield River,12/04/2018,Psephenus,4
Sangerfield,Sangerfield River,12/04/2018,Ceratopogonidae,3
Sangerfield,Sangerfield River,12/04/2018,Chironomidae,25
Sangerfield,Sangerfield River,12/04/2018,Hemerodromia,3
Sangerfield,Sangerfield River,12/04/2018,Antocha,5
Sangerfield,Sangerfield River,12/04/2018,Nematoda,1
Sangerfield,Sangerfield River,12/04/2018,Sphaeriidae,1
Sangerfield,Sangerfield River,12/04/2018,Oligochaeta,5
Sangerfield,Sangerfield River,12/04/2018,Orconectes,1
Sangerfield,Sangerfield River,12/04/2018,Hydracarina,8
Sangerfield,Sangerfield River,12/04/2018,Acentrella,1
Sangerfield,Sangerfield River,12/04/2018,Baetis,2
Sangerfield,Sangerfield River,12/04/2018,Ephemerella,26
Sangerfield,Sangerfield River,12/04/2018,Serratella,1
Sangerfield,Sangerfield River,12/04/2018,Epeorus,1
Sangerfield,Sangerfield River,12/04/2018,Leucrocuta,6
Sangerfield,Sangerfield River,12/04/2018,Maccaffertium,27
Sangerfield,Sangerfield River,12/04/2018,Isonychia,2
Sangerfield,Sangerfield River,12/04/2018,Paraleptophlebia,9
Sangerfield,Sangerfield River,12/04/2018,Allocapnia,5
Sangerfield,Sangerfield River,12/04/2018,Paracapnia,2
Sangerfield,Sangerfield River,12/04/2018,Acroneuria,1
Sangerfield,Sangerfield River,12/04/2018,Agnetina,1
Sangerfield,Sangerfield River,12/04/2018,Paragnetina,1
Sangerfield,Sangerfield River,12/04/2018,Isoperla,4
Sangerfield,Sangerfield River,12/04/2018,Taeniopteryx,2
Sangerfield,Sangerfield River,12/04/2018,Glossosoma,1
Sangerfield,Sangerfield River,12/04/2018,Ceratopsyche,39
Sangerfield,Sangerfield River,12/04/2018,Cheumatopsyche,9
Sangerfield,Sangerfield River,12/04/2018,Chimarra,24
Sangerfield,Sangerfield River,12/04/2018,Psychomyia,1
Sangerfield,Sangerfield River,12/04/2018,Optioservus,24
Sangerfield,Sangerfield River,12/04/2018,Promoresia,2
Sangerfield,Sangerfield River,12/04/2018,Stenelmis,4
Sangerfield,Sangerfield River,12/04/2018,Psephenus,1
Sangerfield,Sangerfield River,12/04/2018,Atherix,2
Sangerfield,Sangerfield River,12/04/2018,Chironomidae,20
Sangerfield,Sangerfield River,12/04/2018,Hemerodromia,3
Sangerfield,Sangerfield River,12/04/2018,Simulium,1
Sangerfield,Sangerfield River,12/04/2018,Antocha,4
Sangerfield,Sangerfield River,12/04/2018,Nematoda,2
Sangerfield,Sangerfield River,12/04/2018,Hydracarina,2
Sangerfield,Sangerfield River,12/04/2018,Ephemerella,24
Sangerfield,Sangerfield River,12/04/2018,Serratella,1
Sangerfield,Sangerfield River,12/04/2018,Leucrocuta,1
Sangerfield,Sangerfield River,12/04/2018,Maccaffertium,9
Sangerfield,Sangerfield River,12/04/2018,Paraleptophlebia,2
Sangerfield,Sangerfield River,12/04/2018,Anthopotamus,1
Sangerfield,Sangerfield River,12/04/2018,Paracapnia,1
Sangerfield,Sangerfield River,12/04/2018,Acroneuria,2
Sangerfield,Sangerfield River,12/04/2018,Agnetina,2
Sangerfield,Sangerfield River,12/04/2018,Neoperla,1
Sangerfield,Sangerfield River,12/04/2018,Paragnetina,1
Sangerfield,Sangerfield River,12/04/2018,Isoperla,4
Sangerfield,Sangerfield River,12/04/2018,Taeniopteryx,1
Sangerfield,Sangerfield River,12/04/2018,Ceratopsyche,14
Sangerfield,Sangerfield River,12/04/2018,Cheumatopsyche,18
Sangerfield,Sangerfield River,12/04/2018,Chimarra,14
Sangerfield,Sangerfield River,12/04/2018,Optioservus,50
Sangerfield,Sangerfield River,12/04/2018,Stenelmis,10
Sangerfield,Sangerfield River,12/04/2018,Psephenus,33
Sangerfield,Sangerfield River,12/04/2018,Atherix,3
Sangerfield,Sangerfield River,12/04/2018,Chironomidae,16
Sangerfield,Sangerfield River,12/04/2018,Hemerodromia,2
Sangerfield,Sangerfield River,12/04/2018,Antocha,5
Sangerfield,Sangerfield River,12/04/2018,Nematoda,3
Sangerfield,Sangerfield River,12/04/2018,Turbellaria,1
Sangerfield,Sangerfield River,12/04/2018,Sphaeriidae,1
Sangerfield,Sangerfield River,12/04/2018,Oligochaeta,2
Sangerfield,Sangerfield River,12/04/2018,Plauditus,1
Sangerfield,Sangerfield River,12/04/2018,Caenis,1
Sangerfield,Sangerfield River,12/04/2018,Ephemerella,29
Sangerfield,Sangerfield River,12/04/2018,Serratella,2
Sangerfield,Sangerfield River,12/04/2018,Leucrocuta,1
Sangerfield,Sangerfield River,12/04/2018,Maccaffertium,5
Sangerfield,Sangerfield River,12/04/2018,Stenacron,1
Sangerfield,Sangerfield River,12/04/2018,Isonychia,2
Sangerfield,Sangerfield River,12/04/2018,Paraleptophlebia,3
Sangerfield,Sangerfield River,12/04/2018,Neoperla,1
Sangerfield,Sangerfield River,12/04/2018,Paragnetina,1
Sangerfield,Sangerfield River,12/04/2018,Taeniopteryx,3
Sangerfield,Sangerfield River,12/04/2018,Helicopsyche,1
Sangerfield,Sangerfield River,12/04/2018,Ceratopsyche,22
Sangerfield,Sangerfield River,12/04/2018,Cheumatopsyche,15
Sangerfield,Sangerfield River,12/04/2018,Chimarra,22
Sangerfield,Sangerfield River,12/04/2018,Psychomyia,13
Sangerfield,Sangerfield River,12/04/2018,Rhyacophila,1
Sangerfield,Sangerfield River,12/04/2018,Optioservus,48
Sangerfield,Sangerfield River,12/04/2018,Stenelmis,14
Sangerfield,Sangerfield River,12/04/2018,Psephenus,8
Sangerfield,Sangerfield River,12/04/2018,Chironomidae,6
Sangerfield,Sangerfield River,12/04/2018,Hemerodromia,2
Sangerfield,Sangerfield River,12/04/2018,Antocha,9
Sangerfield,Sangerfield River,12/04/2018,Sphaeriidae,1
Sangerfield,Sangerfield River,12/04/2018,Hydracarina,1
Sangerfield,Sangerfield River,12/04/2018,Ephemerella,25
Sangerfield,Sangerfield River,12/04/2018,Serratella,3
Sangerfield,Sangerfield River,12/04/2018,Leucrocuta,2
Sangerfield,Sangerfield River,12/04/2018,Maccaffertium,7
Sangerfield,Sangerfield River,12/04/2018,Stenacron,1
Sangerfield,Sangerfield River,12/04/2018,Paracapnia,1
Sangerfield,Sangerfield River,12/04/2018,Neoperla,1
Sangerfield,Sangerfield River,12/04/2018,Perlodidae,1
Sangerfield,Sangerfield River,12/04/2018,Taeniopteryx,3
Sangerfield,Sangerfield River,12/04/2018,Ceratopsyche,9
Sangerfield,Sangerfield River,12/04/2018,Cheumatopsyche,7
Sangerfield,Sangerfield River,12/04/2018,Chimarra,11
Sangerfield,Sangerfield River,12/04/2018,Psychomyia,4
Sangerfield,Sangerfield River,12/04/2018,Optioservus,67
Sangerfield,Sangerfield River,12/04/2018,Stenelmis,21
Sangerfield,Sangerfield River,12/04/2018,Psephenus,15
Sangerfield,Sangerfield River,12/04/2018,Bezzia,1
Sangerfield,Sangerfield River,12/04/2018,Chironomidae,34
Sangerfield,Sangerfield River,12/04/2018,Hemerodromia,2
Sangerfield,Sangerfield River,12/04/2018,Antocha,4
Sangerfield,Sangerfield River,12/04/2018,Turbellaria,1
Sangerfield,Sangerfield River,12/04/2018,Sphaeriidae,1
Sangerfield,Sangerfield River,12/04/2018,Oligochaeta,1
Sangerfield,Sangerfield River,12/04/2018,Acroneuria,1
Sangerfield,Sangerfield River,12/04/2018,Baetis,2
Sangerfield,Sangerfield River,12/04/2018,Caenis,2
Sangerfield,Sangerfield River,12/04/2018,Cheumatopsyche,5
Sangerfield,Sangerfield River,12/04/2018,Chironomidae,55
Sangerfield,Sangerfield River,12/04/2018,Ephemerella,6
Sangerfield,Sangerfield River,12/04/2018,Hemerodromia,2
Sangerfield,Sangerfield River,12/04/2018,Hydracarina,4
Sangerfield,Sangerfield River,12/04/2018,Leucrocuta,8
Sangerfield,Sangerfield River,12/04/2018,Nemouridae,2
Sangerfield,Sangerfield River,12/04/2018,Neophylax,7
Sangerfield,Sangerfield River,12/04/2018,Optioservus,21
Sangerfield,Sangerfield River,12/04/2018,Orconectes,1
Sangerfield,Sangerfield River,12/04/2018,Psychomyia,2
Sangerfield,Sangerfield River,12/04/2018,Serratella,5
Sangerfield,Sangerfield River,12/04/2018,Agnetina,2
Sangerfield,Sangerfield River,12/04/2018,Antocha,7
Sangerfield,Sangerfield River,12/04/2018,Ceratopsyche,12
Sangerfield,Sangerfield River,12/04/2018,Chimarra,2
Sangerfield,Sangerfield River,12/04/2018,Clinocera,5
Sangerfield,Sangerfield River,12/04/2018,Diphetor,1
Sangerfield,Sangerfield River,12/04/2018,Epeorus,2
Sangerfield,Sangerfield River,12/04/2018,Ephemera,1
Sangerfield,Sangerfield River,12/04/2018,Eurylophella,1
Sangerfield,Sangerfield River,12/04/2018,Isonychia,1
Sangerfield,Sangerfield River,12/04/2018,Leptoceridae,1
Sangerfield,Sangerfield River,12/04/2018,Leptophlebiidae,8
Sangerfield,Sangerfield River,12/04/2018,Maccaffertium,9
Sangerfield,Sangerfield River,12/04/2018,Oligochaeta,1
Sangerfield,Sangerfield River,12/04/2018,Paraleptophlebia,2
Sangerfield,Sangerfield River,12/04/2018,Psephenus,4
Sangerfield,Sangerfield River,12/04/2018,Sphaeriidae,16
Sangerfield,Sangerfield River,12/04/2018,Stenacron,1
Sangerfield,Sangerfield River,12/04/2018,Stenelmis,12
SING 0.9,Sing Sing Creek,17/04/2025,Glossosoma,1
SING 0.9,Sing Sing Creek,17/04/2025,Chironomidae,63
SING 0.9,Sing Sing Creek,17/04/2025,Eurylophella,1
SING 0.9,Sing Sing Creek,17/04/2025,Ephemerella,8
SING 0.9,Sing Sing Creek,17/04/2025,Dubiraphia,2
SING 0.9,Sing Sing Creek,17/04/2025,Acerpenna,1
SING 0.9,Sing Sing Creek,17/04/2025,Amnicola,8
SING 0.9,Sing Sing Creek,17/04/2025,Antocha,1
SING 0.9,Sing Sing Creek,17/04/2025,Atherix,1
SING 0.9,Sing Sing Creek,17/04/2025,Caenis,5
SING 0.9,Sing Sing Creek,17/04/2025,Cheumatopsyche,10
SING 0.9,Sing Sing Creek,17/04/2025,Helichus,1
SING 0.9,Sing Sing Creek,17/04/2025,Teloganopsis,3
SING 0.9,Sing Sing Creek,17/04/2025,Chimarra,5
SING 0.9,Sing Sing Creek,17/04/2025,Helicopsyche,5
SING 0.9,Sing Sing Creek,17/04/2025,Hemerodromia,2
SING 0.9,Sing Sing Creek,17/04/2025,Hydropsyche,9
SING 0.9,Sing Sing Creek,17/04/2025,Hydroptila,1
SING 0.9,Sing Sing Creek,17/04/2025,Nematoda,1
SING 0.9,Sing Sing Creek,17/04/2025,Neoplasta,1
SING 0.9,Sing Sing Creek,17/04/2025,Oligochaeta,13
SING 0.9,Sing Sing Creek,17/04/2025,Optioservus,16
SING 0.9,Sing Sing Creek,17/04/2025,Psephenus,2
SING 0.9,Sing Sing Creek,17/04/2025,Simulium,2
SING 0.9,Sing Sing Creek,17/04/2025,Stenelmis,48
SING 0.9,Sing Sing Creek,17/04/2025,Hydracarina,5
SING 0.9,Sing Sing Creek,17/04/2025,Diphetor,1
SING 0.9,Sing Sing Creek,17/04/2025,Simulium,2
SING 0.9,Sing Sing Creek,17/04/2025,Agnetina,1
SING 0.9,Sing Sing Creek,17/04/2025,Ameletus,1
SING 0.9,Sing Sing Creek,17/04/2025,Ancylidae,1
SING 0.9,Sing Sing Creek,17/04/2025,Antocha,1
SING 0.9,Sing Sing Creek,17/04/2025,Caecidotea,1
SING 0.9,Sing Sing Creek,17/04/2025,Caenis,7
SING 0.9,Sing Sing Creek,17/04/2025,Cheumatopsyche,41
SING 0.9,Sing Sing Creek,17/04/2025,Chimarra,25
SING 0.9,Sing Sing Creek,17/04/2025,Chironomidae,33
SING 0.9,Sing Sing Creek,17/04/2025,Chrysops,1
SING 0.9,Sing Sing Creek,17/04/2025,Corbiculidae,2
SING 0.9,Sing Sing Creek,17/04/2025,Dubiraphia,2
SING 0.9,Sing Sing Creek,17/04/2025,Ephemerella,4
SING 0.9,Sing Sing Creek,17/04/2025,Helicopsyche,1
SING 0.9,Sing Sing Creek,17/04/2025,Hydropsyche,15
SING 0.9,Sing Sing Creek,17/04/2025,Isonychia,1
SING 0.9,Sing Sing Creek,17/04/2025,Leuctra,7
SING 0.9,Sing Sing Creek,17/04/2025,Maccaffertium,1
SING 0.9,Sing Sing Creek,17/04/2025,Nigronia,1
SING 0.9,Sing Sing Creek,17/04/2025,Optioservus,15
SING 0.9,Sing Sing Creek,17/04/2025,Paracapnia,1
SING 0.9,Sing Sing Creek,17/04/2025,Promoresia,2
SING 0.9,Sing Sing Creek,17/04/2025,Prosimulium,2
SING 0.9,Sing Sing Creek,17/04/2025,Psephenus,2
SING 0.9,Sing Sing Creek,17/04/2025,Pycnopsyche,3
SING 0.9,Sing Sing Creek,17/04/2025,Rhagovelia,1
SING 0.9,Sing Sing Creek,17/04/2025,Serratella,1
SING 0.9,Sing Sing Creek,17/04/2025,Simulium,5
SING 0.9,Sing Sing Creek,17/04/2025,Stenacron,2
SING 0.9,Sing Sing Creek,17/04/2025,Stenelmis,1
SING 0.9,Sing Sing Creek,17/04/2025,Sweltsa,1
SING 0.9,Sing Sing Creek,17/04/2025,Taeniopteryx,31
SING 0.9,Sing Sing Creek,17/04/2025,Tipula,1
SING 0.9,Sing Sing Creek,17/04/2025,Tropisternus,1
SING 0.9,Sing Sing Creek,17/04/2025,Caenis,9
SING 0.9,Sing Sing Creek,17/04/2025,Eurylophella,1
SING 0.9,Sing Sing Creek,17/04/2025,Allocapnia,9
SING 0.9,Sing Sing Creek,17/04/2025,Taeniopteryx,79
SING 0.9,Sing Sing Creek,17/04/2025,Ceratopsyche,1
SING 0.9,Sing Sing Creek,17/04/2025,Cheumatopsyche,28
SING 0.9,Sing Sing Creek,17/04/2025,Oecetis,1
SING 0.9,Sing Sing Creek,17/04/2025,Chimarra,13
SING 0.9,Sing Sing Creek,17/04/2025,Polycentropus,1
SING 0.9,Sing Sing Creek,17/04/2025,Dubiraphia,2
SING 0.9,Sing Sing Creek,17/04/2025,Optioservus,10
SING 0.9,Sing Sing Creek,17/04/2025,Stenelmis,4
SING 0.9,Sing Sing Creek,17/04/2025,Psephenus,1
SING 0.9,Sing Sing Creek,17/04/2025,Chironomidae,52
SING 0.9,Sing Sing Creek,17/04/2025,Hemerodromia,1
SING 0.9,Sing Sing Creek,17/04/2025,Ancylidae,2
SING 0.9,Sing Sing Creek,17/04/2025,Hydrobiidae,2
SING 0.9,Sing Sing Creek,17/04/2025,Oligochaeta,1
SING 0.9,Sing Sing Creek,17/04/2025,Crangonyx,2
SING 0.9,Sing Sing Creek,17/04/2025,Caecidotea,4
SING 0.9,Sing Sing Creek,17/04/2025,Hydracarina,3
SING 0.9,Sing Sing Creek,17/04/2025,Caenis,2
SING 0.9,Sing Sing Creek,17/04/2025,Ephemerella,10
SING 0.9,Sing Sing Creek,17/04/2025,Leucrocuta,1
SING 0.9,Sing Sing Creek,17/04/2025,Stenacron,5
SING 0.9,Sing Sing Creek,17/04/2025,Isonychia,1
SING 0.9,Sing Sing Creek,17/04/2025,Paraleptophlebia,1
SING 0.9,Sing Sing Creek,17/04/2025,Isoperla,1
SING 0.9,Sing Sing Creek,17/04/2025,Taeniopteryx,20
SING 0.9,Sing Sing Creek,17/04/2025,Ceratopsyche,3
SING 0.9,Sing Sing Creek,17/04/2025,Cheumatopsyche,24
SING 0.9,Sing Sing Creek,17/04/2025,Limnephilidae,3
SING 0.9,Sing Sing Creek,17/04/2025,Chimarra,2
SING 0.9,Sing Sing Creek,17/04/2025,Neureclipsis,1
SING 0.9,Sing Sing Creek,17/04/2025,Polycentropus,1
SING 0.9,Sing Sing Creek,17/04/2025,Psychomyia,1
SING 0.9,Sing Sing Creek,17/04/2025,Gomphidae,3
SING 0.9,Sing Sing Creek,17/04/2025,Dubiraphia,1
SING 0.9,Sing Sing Creek,17/04/2025,Optioservus,6
SING 0.9,Sing Sing Creek,17/04/2025,Oulimnius,1
SING 0.9,Sing Sing Creek,17/04/2025,Stenelmis,3
SING 0.9,Sing Sing Creek,17/04/2025,Atherix,2
SING 0.9,Sing Sing Creek,17/04/2025,Chironomidae,118
SING 0.9,Sing Sing Creek,17/04/2025,Hemerodromia,3
SING 0.9,Sing Sing Creek,17/04/2025,Simulium,3
SING 0.9,Sing Sing Creek,17/04/2025,Tabanidae,1
SING 0.9,Sing Sing Creek,17/04/2025,Antocha,2
SING 0.9,Sing Sing Creek,17/04/2025,Physidae,1
SING 0.9,Sing Sing Creek,17/04/2025,Sphaeriidae,1
SING 0.9,Sing Sing Creek,17/04/2025,Oligochaeta,7
SING 0.9,Sing Sing Creek,17/04/2025,Gammarus,3
SING 0.9,Sing Sing Creek,17/04/2025,Hydracarina,4
SING 0.9,Sing Sing Creek,17/04/2025,Caenis,2
SING 0.9,Sing Sing Creek,17/04/2025,Ephemerella,1
SING 0.9,Sing Sing Creek,17/04/2025,Leucrocuta,4
SING 0.9,Sing Sing Creek,17/04/2025,Stenacron,2
SING 0.9,Sing Sing Creek,17/04/2025,Isonychia,1
SING 0.9,Sing Sing Creek,17/04/2025,Leptophlebiidae,1
SING 0.9,Sing Sing Creek,17/04/2025,Taeniopteryx,4
SING 0.9,Sing Sing Creek,17/04/2025,Ceratopsyche,5
SING 0.9,Sing Sing Creek,17/04/2025,Cheumatopsyche,11
SING 0.9,Sing Sing Creek,17/04/2025,Mystacides,1
SING 0.9,Sing Sing Creek,17/04/2025,Oecetis,1
SING 0.9,Sing Sing Creek,17/04/2025,Limnephilidae,1
SING 0.9,Sing Sing Creek,17/04/2025,Chimarra,8
SING 0.9,Sing Sing Creek,17/04/2025,Neophylax,2
SING 0.9,Sing Sing Creek,17/04/2025,Dubiraphia,1
SING 0.9,Sing Sing Creek,17/04/2025,Optioservus,26
SING 0.9,Sing Sing Creek,17/04/2025,Stenelmis,10
SING 0.9,Sing Sing Creek,17/04/2025,Psephenus,2
SING 0.9,Sing Sing Creek,17/04/2025,Chironomidae,104
SING 0.9,Sing Sing Creek,17/04/2025,Hemerodromia,2
SING 0.9,Sing Sing Creek,17/04/2025,Neoplasta,1
SING 0.9,Sing Sing Creek,17/04/2025,Antocha,5
SING 0.9,Sing Sing Creek,17/04/2025,Ancylidae,1
SING 0.9,Sing Sing Creek,17/04/2025,Sphaeriidae,1
SING 0.9,Sing Sing Creek,17/04/2025,Oligochaeta,8
SING 0.9,Sing Sing Creek,17/04/2025,Hydracarina,10
SING 0.9,Sing Sing Creek,17/04/2025,Hydracarina,6
SING 0.9,Sing Sing Creek,17/04/2025,Caenis,2
SING 0.9,Sing Sing Creek,17/04/2025,Ephemerella,3
SING 0.9,Sing Sing Creek,17/04/2025,Ephemera,2
SING 0.9,Sing Sing Creek,17/04/2025,Stenacron,1
SING 0.9,Sing Sing Creek,17/04/2025,Acroneuria,1
SING 0.9,Sing Sing Creek,17/04/2025,Helicopsyche,5
SING 0.9,Sing Sing Creek,17/04/2025,Cheumatopsyche,26
SING 0.9,Sing Sing Creek,17/04/2025,Hydropsyche,1
SING 0.9,Sing Sing Creek,17/04/2025,Lepidostoma,1
SING 0.9,Sing Sing Creek,17/04/2025,Mystacides,3
SING 0.9,Sing Sing Creek,17/04/2025,Oecetis,1
SING 0.9,Sing Sing Creek,17/04/2025,Chimarra,6
SING 0.9,Sing Sing Creek,17/04/2025,Polycentropus,2
SING 0.9,Sing Sing Creek,17/04/2025,Nigronia,1
SING 0.9,Sing Sing Creek,17/04/2025,Sialis,1
SING 0.9,Sing Sing Creek,17/04/2025,Dubiraphia,3
SING 0.9,Sing Sing Creek,17/04/2025,Optioservus,38
SING 0.9,Sing Sing Creek,17/04/2025,Stenelmis,24
SING 0.9,Sing Sing Creek,17/04/2025,Psephenus,2
SING 0.9,Sing Sing Creek,17/04/2025,Atherix,1
SING 0.9,Sing Sing Creek,17/04/2025,Chironomidae,62
SING 0.9,Sing Sing Creek,17/04/2025,Hemerodromia,2
SING 0.9,Sing Sing Creek,17/04/2025,Tipula,1
SING 0.9,Sing Sing Creek,17/04/2025,Physidae,1
SING 0.9,Sing Sing Creek,17/04/2025,Turbellaria,2
SING 0.9,Sing Sing Creek,17/04/2025,Oligochaeta,2
SING 0.9,Sing Sing Creek,17/04/2025,Gammarus,1
SING 0.9,Sing Sing Creek,17/04/2025,Acerpenna,1
SING 0.9,Sing Sing Creek,17/04/2025,Antocha,1
SING 0.9,Sing Sing Creek,17/04/2025,Ceratopsyche,3
SING 0.9,Sing Sing Creek,17/04/2025,Chimarra,9
SING 0.9,Sing Sing Creek,17/04/2025,Clinocera,2
SING 0.9,Sing Sing Creek,17/04/2025,Diphetor,5
SING 0.9,Sing Sing Creek,17/04/2025,Hydrobiidae,3
SING 0.9,Sing Sing Creek,17/04/2025,Maccaffertium,1
SING 0.9,Sing Sing Creek,17/04/2025,Macronychus,1
SING 0.9,Sing Sing Creek,17/04/2025,Neureclipsis,1
SING 0.9,Sing Sing Creek,17/04/2025,Oligochaeta,1
SING 0.9,Sing Sing Creek,17/04/2025,Psephenus,2
SING 0.9,Sing Sing Creek,17/04/2025,Simulium,7
SING 0.9,Sing Sing Creek,17/04/2025,Stenelmis,19
SING 0.9,Sing Sing Creek,17/04/2025,Baetis,1
SING 0.9,Sing Sing Creek,17/04/2025,Caenis,3
SING 0.9,Sing Sing Creek,17/04/2025,Cheumatopsyche,5
SING 0.9,Sing Sing Creek,17/04/2025,Chironomidae,93
SING 0.9,Sing Sing Creek,17/04/2025,Ephemerella,1
SING 0.9,Sing Sing Creek,17/04/2025,Hydracarina,3
SING 0.9,Sing Sing Creek,17/04/2025,Hydropsyche,3
SING 0.9,Sing Sing Creek,17/04/2025,Leuctridae,1
SING 0.9,Sing Sing Creek,17/04/2025,Neophylax,1
SING 0.9,Sing Sing Creek,17/04/2025,Nigronia,1
SING 0.9,Sing Sing Creek,17/04/2025,Oecetis,1
SING 0.9,Sing Sing Creek,17/04/2025,Optioservus,9
SING 0.9,Sing Sing Creek,17/04/2025,Prosimulium,38
SING 0.9,Sing Sing Creek,17/04/2025,Prostoia,1
SNAK,Snake Creek,26/04/2023,Ceratopogonidae,10
SNAK,Snake Creek,26/04/2023,Teloganopsis,2
SNAK,Snake Creek,26/04/2023,Hydracarina,14
SNAK,Snake Creek,26/04/2023,Acentrella,3
SNAK,Snake Creek,26/04/2023,Stenelmis,16
SNAK,Snake Creek,26/04/2023,Hemerodromia,1
SNAK,Snake Creek,26/04/2023,Acroneuria,1
SNAK,Snake Creek,26/04/2023,Baetis,1
SNAK,Snake Creek,26/04/2023,Cheumatopsyche,16
SNAK,Snake Creek,26/04/2023,Chimarra,2
SNAK,Snake Creek,26/04/2023,Chironomidae,23
SNAK,Snake Creek,26/04/2023,Cinygmula,8
SNAK,Snake Creek,26/04/2023,Drunella,15
SNAK,Snake Creek,26/04/2023,Epeorus,2
SNAK,Snake Creek,26/04/2023,Neophylax,1
SNAK,Snake Creek,26/04/2023,Atherix,1
SNAK,Snake Creek,26/04/2023,Ephemerella,51
SNAK,Snake Creek,26/04/2023,Hydropsyche,4
SNAK,Snake Creek,26/04/2023,Isonychia,3
SNAK,Snake Creek,26/04/2023,Maccaffertium,2
SNAK,Snake Creek,26/04/2023,Optioservus,8
SNAK,Snake Creek,26/04/2023,Pericoma,1
SNAK,Snake Creek,26/04/2023,Hexatoma,1
SNAK,Snake Creek,26/04/2023,Trichoclinocera,5
SNAK,Snake Creek,26/04/2023,Leptophlebiidae,1
SNAK,Snake Creek,26/04/2023,Haploperla,3
SNAK,Snake Creek,26/04/2023,Gomphidae,1
SNAK,Snake Creek,26/04/2023,Psephenus,6
SNAK,Snake Creek,26/04/2023,Polycentropus,3
SNAK,Snake Creek,26/04/2023,Epeorus,7
SNAK,Snake Creek,26/04/2023,Diphetor,1
SNAK,Snake Creek,26/04/2023,Cinygmula,18
SNAK,Snake Creek,26/04/2023,Ephemerella,23
SNAK,Snake Creek,26/04/2023,Chloroperlidae,3
SNAK,Snake Creek,26/04/2023,Chironomidae,13
SNAK,Snake Creek,26/04/2023,Eurylophella,5
SNAK,Snake Creek,26/04/2023,Cheumatopsyche,45
SNAK,Snake Creek,26/04/2023,Paraleptophlebia,24
SNAK,Snake Creek,26/04/2023,Baetis,19
SNAK,Snake Creek,26/04/2023,Serratella,3
SNAK,Snake Creek,26/04/2023,Antocha,1
SNAK,Snake Creek,26/04/2023,Chimarra,1
SNAK,Snake Creek,26/04/2023,Trichoclinocera,2
SNAK,Snake Creek,26/04/2023,Leucrocuta,4
SNAK,Snake Creek,26/04/2023,Maccaffertium,6
SNAK,Snake Creek,26/04/2023,Leptophlebiidae,1
SNAK,Snake Creek,26/04/2023,Isoperla,3
SNAK,Snake Creek,26/04/2023,Isonychia,1
SNAK,Snake Creek,26/04/2023,Prosimulium,13
SNAK,Snake Creek,26/04/2023,Hydracarina,3
SNAK,Snake Creek,26/04/2023,Stenacron,1
SNAK,Snake Creek,26/04/2023,Polycentropus,2
SNAK,Snake Creek,26/04/2023,Prostoia,2
SNAK,Snake Creek,26/04/2023,Psephenus,1
SNAK,Snake Creek,26/04/2023,Agnetina,1
SNAK,Snake Creek,26/04/2023,Acerpenna,1
SNAK,Snake Creek,26/04/2023,Hydropsyche,19
SNAK,Snake Creek,26/04/2023,Acentrella,9
SNAK,Snake Creek,26/04/2023,Acerpenna,1
SNAK,Snake Creek,26/04/2023,Agnetina,1
SNAK,Snake Creek,26/04/2023,Atherix,2
SNAK,Snake Creek,26/04/2023,Baetis,1
SNAK,Snake Creek,26/04/2023,Cheumatopsyche,2
SNAK,Snake Creek,26/04/2023,Chironomidae,11
SNAK,Snake Creek,26/04/2023,Dicranota,1
SNAK,Snake Creek,26/04/2023,Diplectrona,1
SNAK,Snake Creek,26/04/2023,Dolophilodes,2
SNAK,Snake Creek,26/04/2023,Epeorus,6
SNAK,Snake Creek,26/04/2023,Ephemerella,14
SNAK,Snake Creek,26/04/2023,Eurylophella,1
SNAK,Snake Creek,26/04/2023,Hexatoma,9
SNAK,Snake Creek,26/04/2023,Hydropsyche,4
SNAK,Snake Creek,26/04/2023,Isonychia,35
SNAK,Snake Creek,26/04/2023,Isoperla,4
SNAK,Snake Creek,26/04/2023,Lepidostoma,2
SNAK,Snake Creek,26/04/2023,Leptophlebia,1
SNAK,Snake Creek,26/04/2023,Leptophlebiidae,61
SNAK,Snake Creek,26/04/2023,Leucrocuta,2
SNAK,Snake Creek,26/04/2023,Leuctra,1
SNAK,Snake Creek,26/04/2023,Maccaffertium,2
SNAK,Snake Creek,26/04/2023,Optioservus,4
SNAK,Snake Creek,26/04/2023,Oulimnius,1
SNAK,Snake Creek,26/04/2023,Paracapnia,1
SNAK,Snake Creek,26/04/2023,Paragnetina,4
SNAK,Snake Creek,26/04/2023,Paraleptophlebia,26
SNAK,Snake Creek,26/04/2023,Perlidae,1
SNAK,Snake Creek,26/04/2023,Rhyacophila,1
SNAK,Snake Creek,26/04/2023,Simulium,1
SNAK,Snake Creek,26/04/2023,Stenacron,1
SNAK,Snake Creek,26/04/2023,Sweltsa,4
SNAK,Snake Creek,26/04/2023,Taeniopterygidae,2
SNAK,Snake Creek,26/04/2023,Taeniopteryx,7
SNAK,Snake Creek,26/04/2023,Acentrella,2
SNAK,Snake Creek,26/04/2023,Caenis,2
SNAK,Snake Creek,26/04/2023,Ephemerella,8
SNAK,Snake Creek,26/04/2023,Eurylophella,2
SNAK,Snake Creek,26/04/2023,Serratella,2
SNAK,Snake Creek,26/04/2023,Epeorus,1
SNAK,Snake Creek,26/04/2023,Leucrocuta,5
SNAK,Snake Creek,26/04/2023,Maccaffertium,14
SNAK,Snake Creek,26/04/2023,Paraleptophlebia,30
SNAK,Snake Creek,26/04/2023,Paracapnia,1
SNAK,Snake Creek,26/04/2023,Isoperla,2
SNAK,Snake Creek,26/04/2023,Ceratopsyche,42
SNAK,Snake Creek,26/04/2023,Cheumatopsyche,28
SNAK,Snake Creek,26/04/2023,Dolophilodes,1
SNAK,Snake Creek,26/04/2023,Polycentropus,1
SNAK,Snake Creek,26/04/2023,Ophiogomphus,2
SNAK,Snake Creek,26/04/2023,Optioservus,9
SNAK,Snake Creek,26/04/2023,Stenelmis,1
SNAK,Snake Creek,26/04/2023,Psephenus,3
SNAK,Snake Creek,26/04/2023,Atherix,3
SNAK,Snake Creek,26/04/2023,Chironomidae,33
SNAK,Snake Creek,26/04/2023,Hemerodromia,8
SNAK,Snake Creek,26/04/2023,Hexatoma,4
SNAK,Snake Creek,26/04/2023,Branchiobdellida,1
SNAK,Snake Creek,26/04/2023,Hydracarina,4
SNAK,Snake Creek,26/04/2023,Acentrella,1
SNAK,Snake Creek,26/04/2023,Ephemerella,21
SNAK,Snake Creek,26/04/2023,Eurylophella,2
SNAK,Snake Creek,26/04/2023,Serratella,4
SNAK,Snake Creek,26/04/2023,Ephemera,1
SNAK,Snake Creek,26/04/2023,Epeorus,1
SNAK,Snake Creek,26/04/2023,Leucrocuta,12
SNAK,Snake Creek,26/04/2023,Maccaffertium,8
SNAK,Snake Creek,26/04/2023,Isonychia,6
SNAK,Snake Creek,26/04/2023,Paraleptophlebia,22
SNAK,Snake Creek,26/04/2023,Acroneuria,1
SNAK,Snake Creek,26/04/2023,Isoperla,5
SNAK,Snake Creek,26/04/2023,Glossosoma,1
SNAK,Snake Creek,26/04/2023,Ceratopsyche,43
SNAK,Snake Creek,26/04/2023,Cheumatopsyche,44
SNAK,Snake Creek,26/04/2023,Optioservus,4
SNAK,Snake Creek,26/04/2023,Psephenus,3
SNAK,Snake Creek,26/04/2023,Atherix,1
SNAK,Snake Creek,26/04/2023,Chironomidae,19
SNAK,Snake Creek,26/04/2023,Hemerodromia,6
SNAK,Snake Creek,26/04/2023,Antocha,20
SNAK,Snake Creek,26/04/2023,Hexatoma,1
SNAK,Snake Creek,26/04/2023,Nematoda,1
SNAK,Snake Creek,26/04/2023,Turbellaria,1
SNAK,Snake Creek,26/04/2023,Hydracarina,7
SNAK,Snake Creek,26/04/2023,Isonychia,25
SNAK,Snake Creek,26/04/2023,Paraleptophlebia,8
SNAK,Snake Creek,26/04/2023,Sweltsa,1
SNAK,Snake Creek,26/04/2023,Paragnetina,2
SNAK,Snake Creek,26/04/2023,Isoperla,26
SNAK,Snake Creek,26/04/2023,Ceratopsyche,17
SNAK,Snake Creek,26/04/2023,Cheumatopsyche,35
SNAK,Snake Creek,26/04/2023,Lepidostoma,1
SNAK,Snake Creek,26/04/2023,Ceraclea,1
SNAK,Snake Creek,26/04/2023,Chimarra,2
SNAK,Snake Creek,26/04/2023,Dolophilodes,2
SNAK,Snake Creek,26/04/2023,Optioservus,1
SNAK,Snake Creek,26/04/2023,Chironomidae,16
SNAK,Snake Creek,26/04/2023,Antocha,1
SNAK,Snake Creek,26/04/2023,Hexatoma,1
SNAK,Snake Creek,26/04/2023,Oligochaeta,2
SNAK,Snake Creek,26/04/2023,Hydracarina,1
SNAK,Snake Creek,26/04/2023,Caenis,1
SNAK,Snake Creek,26/04/2023,Ephemerella,60
SNAK,Snake Creek,26/04/2023,Serratella,5
SNAK,Snake Creek,26/04/2023,Epeorus,15
SNAK,Snake Creek,26/04/2023,Leucrocuta,3
SNAK,Snake Creek,26/04/2023,Maccaffertium,11
SNAK,Snake Creek,26/04/2023,Hydracarina,1
SNAK,Snake Creek,26/04/2023,Acerpenna,1
SNAK,Snake Creek,26/04/2023,Caenis,1
SNAK,Snake Creek,26/04/2023,Ephemerella,21
SNAK,Snake Creek,26/04/2023,Eurylophella,1
SNAK,Snake Creek,26/04/2023,Serratella,10
SNAK,Snake Creek,26/04/2023,Epeorus,1
SNAK,Snake Creek,26/04/2023,Leucrocuta,14
SNAK,Snake Creek,26/04/2023,Maccaffertium,8
SNAK,Snake Creek,26/04/2023,Isonychia,7
SNAK,Snake Creek,26/04/2023,Paraleptophlebia,20
SNAK,Snake Creek,26/04/2023,Paragnetina,1
SNAK,Snake Creek,26/04/2023,Isoperla,3
SNAK,Snake Creek,26/04/2023,Taeniopteryx,2
SNAK,Snake Creek,26/04/2023,Ceratopsyche,33
SNAK,Snake Creek,26/04/2023,Cheumatopsyche,53
SNAK,Snake Creek,26/04/2023,Chimarra,6
SNAK,Snake Creek,26/04/2023,Dolophilodes,2
SNAK,Snake Creek,26/04/2023,Polycentropus,2
SNAK,Snake Creek,26/04/2023,Ophiogomphus,1
SNAK,Snake Creek,26/04/2023,Optioservus,13
SNAK,Snake Creek,26/04/2023,Psephenus,5
SNAK,Snake Creek,26/04/2023,Chironomidae,13
SNAK,Snake Creek,26/04/2023,Antocha,3
SNAK,Snake Creek,26/04/2023,Hexatoma,1
SNAK,Snake Creek,26/04/2023,Nemertea,2
SNAK,Snake Creek,26/04/2023,Turbellaria,2
SNAK,Snake Creek,26/04/2023,Ameletus,3
SNAK,Snake Creek,26/04/2023,Baetis,19
SNAK,Snake Creek,26/04/2023,Ceratopogonidae,1
SNAK,Snake Creek,26/04/2023,Cheumatopsyche,7
SNAK,Snake Creek,26/04/2023,Chironomidae,51
SNAK,Snake Creek,26/04/2023,Cinygmula,10
SNAK,Snake Creek,26/04/2023,Ephemerella,9
SNAK,Snake Creek,26/04/2023,Haploperla,7
SNAK,Snake Creek,26/04/2023,Hexatoma,2
SNAK,Snake Creek,26/04/2023,Hydracarina,5
SNAK,Snake Creek,26/04/2023,Leucrocuta,5
SNAK,Snake Creek,26/04/2023,Neophylax,2
SNAK,Snake Creek,26/04/2023,Optioservus,2
SNAK,Snake Creek,26/04/2023,Prosimulium,10
SNAK,Snake Creek,26/04/2023,Prostoia,4
SNAK,Snake Creek,26/04/2023,Taenionema,5
SNAK,Snake Creek,26/04/2023,Antocha,1
SNAK,Snake Creek,26/04/2023,Ceratopsyche,8
SNAK,Snake Creek,26/04/2023,Clinocera,2
SNAK,Snake Creek,26/04/2023,Drunella,5
SNAK,Snake Creek,26/04/2023,Epeorus,15
SNAK,Snake Creek,26/04/2023,Isonychia,1
SNAK,Snake Creek,26/04/2023,Isoperla,1
SNAK,Snake Creek,26/04/2023,Leptophlebiidae,38
SNAK,Snake Creek,26/04/2023,Leuctra,2
SNAK,Snake Creek,26/04/2023,Oligochaeta,1
SNAK,Snake Creek,26/04/2023,Stenacron,1
SBCD 3.4,South Branch Codorus Creek,18/04/2023,Teloganopsis,8
SBCD 3.4,South Branch Codorus Creek,18/04/2023,Hydracarina,3
SBCD 3.4,South Branch Codorus Creek,18/04/2023,Hydropsyche,6
SBCD 3.4,South Branch Codorus Creek,18/04/2023,Perlesta,3
SBCD 3.4,South Branch Codorus Creek,18/04/2023,Leucotrichia,1
SBCD 3.4,South Branch Codorus Creek,18/04/2023,Baetis,6
SBCD 3.4,South Branch Codorus Creek,18/04/2023,Macronychus,1
SBCD 3.4,South Branch Codorus Creek,18/04/2023,Optioservus,26
SBCD 3.4,South Branch Codorus Creek,18/04/2023,Simulium,14
SBCD 3.4,South Branch Codorus Creek,18/04/2023,Taeniopteryx,1
SBCD 3.4,South Branch Codorus Creek,18/04/2023,Turbellaria,2
SBCD 3.4,South Branch Codorus Creek,18/04/2023,Cheumatopsyche,9
SBCD 3.4,South Branch Codorus Creek,18/04/2023,Oligochaeta,18
SBCD 3.4,South Branch Codorus Creek,18/04/2023,Maccaffertium,7
SBCD 3.4,South Branch Codorus Creek,18/04/2023,Stenelmis,22
SBCD 3.4,South Branch Codorus Creek,18/04/2023,Capniidae,2
SBCD 3.4,South Branch Codorus Creek,18/04/2023,Isonychia,3
SBCD 3.4,South Branch Codorus Creek,18/04/2023,Chimarra,2
SBCD 3.4,South Branch Codorus Creek,18/04/2023,Chironomidae,87
SBCD 3.4,South Branch Codorus Creek,18/04/2023,Crangonyx,2
SBCD 3.4,South Branch Codorus Creek,18/04/2023,Hemerodromia,2
SBCD 3.4,South Branch Codorus Creek,18/04/2023,Caecidotea,1
SBCD 3.4,South Branch Codorus Creek,18/04/2023,Optioservus,9
SBCD 3.4,South Branch Codorus Creek,18/04/2023,Ephemerellidae,3
SBCD 3.4,South Branch Codorus Creek,18/04/2023,Maccaffertium,19
SBCD 3.4,South Branch Codorus Creek,18/04/2023,Leuctra,2
SBCD 3.4,South Branch Codorus Creek,18/04/2023,Amphinemura,1
SBCD 3.4,South Branch Codorus Creek,18/04/2023,Perlesta,2
SBCD 3.4,South Branch Codorus Creek,18/04/2023,Cheumatopsyche,26
SBCD 3.4,South Branch Codorus Creek,18/04/2023,Antocha,6
SBCD 3.4,South Branch Codorus Creek,18/04/2023,Stenelmis,35
SBCD 3.4,South Branch Codorus Creek,18/04/2023,Ephemerella,1
SBCD 3.4,South Branch Codorus Creek,18/04/2023,Ceratopogonidae,1
SBCD 3.4,South Branch Codorus Creek,18/04/2023,Chironomidae,51
SBCD 3.4,South Branch Codorus Creek,18/04/2023,Trichoclinocera,2
SBCD 3.4,South Branch Codorus Creek,18/04/2023,Oligochaeta,15
SBCD 3.4,South Branch Codorus Creek,18/04/2023,Hemerodromia,11
SBCD 3.4,South Branch Codorus Creek,18/04/2023,Hydracarina,1
SBCD 3.4,South Branch Codorus Creek,18/04/2023,Hydropsyche,12
SBCD 3.4,South Branch Codorus Creek,18/04/2023,Chimarra,1
SBCD 3.4,South Branch Codorus Creek,18/04/2023,Nematoda,8
SBCD 3.4,South Branch Codorus Creek,18/04/2023,Acentrella,1
SBCD 3.4,South Branch Codorus Creek,18/04/2023,Crangonyx,2
SBCD 3.4,South Branch Codorus Creek,18/04/2023,Optioservus,1
SBCD 3.4,South Branch Codorus Creek,18/04/2023,Caecidotea,6
SBCD 3.4,South Branch Codorus Creek,18/04/2023,Oligochaeta,62
SBCD 3.4,South Branch Codorus Creek,18/04/2023,Microcylloepus,2
SBCD 3.4,South Branch Codorus Creek,18/04/2023,Hydracarina,6
SBCD 3.4,South Branch Codorus Creek,18/04/2023,Ampullaridae,1
SBCD 3.4,South Branch Codorus Creek,18/04/2023,Chelifera,6
SBCD 3.4,South Branch Codorus Creek,18/04/2023,Chironomidae,41
SBCD 3.4,South Branch Codorus Creek,18/04/2023,Nemertea,1
SBCD 3.4,South Branch Codorus Creek,18/04/2023,Stenelmis,13
SBCD 3.4,South Branch Codorus Creek,18/04/2023,Oulimnius,1
SBCD 3.4,South Branch Codorus Creek,18/04/2023,Macronychus,1
SBCD 3.4,South Branch Codorus Creek,18/04/2023,Cheumatopsyche,16
SBCD 3.4,South Branch Codorus Creek,18/04/2023,Ceratopsyche,2
SBCD 3.4,South Branch Codorus Creek,18/04/2023,Perlesta,16
SBCD 3.4,South Branch Codorus Creek,18/04/2023,Isonychia,14
SBCD 3.4,South Branch Codorus Creek,18/04/2023,Maccaffertium,35
SBCD 3.4,South Branch Codorus Creek,18/04/2023,Serratella,6
SBCD 3.4,South Branch Codorus Creek,18/04/2023,Dannella,1
SBCD 3.4,South Branch Codorus Creek,18/04/2023,Psephenus,4
SBCD 3.4,South Branch Codorus Creek,18/04/2023,Acentrella,1
SBCD 3.4,South Branch Codorus Creek,18/04/2023,Cheumatopsyche,8
SBCD 3.4,South Branch Codorus Creek,18/04/2023,Chironomidae,95
SBCD 3.4,South Branch Codorus Creek,18/04/2023,Crangonyx,2
SBCD 3.4,South Branch Codorus Creek,18/04/2023,Hemerodromia,2
SBCD 3.4,South Branch Codorus Creek,18/04/2023,Hydracarina,5
SBCD 3.4,South Branch Codorus Creek,18/04/2023,Optioservus,12
SBCD 3.4,South Branch Codorus Creek,18/04/2023,Serratella,3
SBCD 3.4,South Branch Codorus Creek,18/04/2023,Antocha,6
SBCD 3.4,South Branch Codorus Creek,18/04/2023,Ceratopsyche,6
SBCD 3.4,South Branch Codorus Creek,18/04/2023,Clinocera,1
SBCD 3.4,South Branch Codorus Creek,18/04/2023,Isonychia,10
SBCD 3.4,South Branch Codorus Creek,18/04/2023,Maccaffertium,27
SBCD 3.4,South Branch Codorus Creek,18/04/2023,Oligochaeta,10
SBCD 3.4,South Branch Codorus Creek,18/04/2023,Psephenus,7
SBCD 3.4,South Branch Codorus Creek,18/04/2023,Simulium,2
SBCD 3.4,South Branch Codorus Creek,18/04/2023,Stenelmis,27
SBCD 3.4,South Branch Codorus Creek,18/04/2023,Tipula,1
SBCD 3.4,South Branch Codorus Creek,18/04/2023,Serratella,2
SBCD 3.4,South Branch Codorus Creek,18/04/2023,Caecidotea,3
SBCD 3.4,South Branch Codorus Creek,18/04/2023,Acentrella,1
SBCD 3.4,South Branch Codorus Creek,18/04/2023,Neoplasta,1
SBCD 3.4,South Branch Codorus Creek,18/04/2023,Optioservus,11
SBCD 3.4,South Branch Codorus Creek,18/04/2023,Maccaffertium,8
SBCD 3.4,South Branch Codorus Creek,18/04/2023,Cheumatopsyche,12
SBCD 3.4,South Branch Codorus Creek,18/04/2023,Stenelmis,30
SBCD 3.4,South Branch Codorus Creek,18/04/2023,Psephenus,3
SBCD 3.4,South Branch Codorus Creek,18/04/2023,Perlesta,3
SBCD 3.4,South Branch Codorus Creek,18/04/2023,Oligochaeta,58
SBCD 3.4,South Branch Codorus Creek,18/04/2023,Turbellaria,1
SBCD 3.4,South Branch Codorus Creek,18/04/2023,Crangonyx,1
SBCD 3.4,South Branch Codorus Creek,18/04/2023,Chironomidae,63
SBCD 3.4,South Branch Codorus Creek,18/04/2023,Hydracarina,1
SBCD 3.4,South Branch Codorus Creek,18/04/2023,Nematoda,6
SBCD 3.4,South Branch Codorus Creek,18/04/2023,Isonychia,8
SBCD 3.4,South Branch Codorus Creek,18/04/2023,Trichoclinocera,4
SBCC 20.4,South Branch Conewago Creek,30/04/2025,Ephemerella,4
SBCC 20.4,South Branch Conewago Creek,30/04/2025,Amphinemura,45
SBCC 20.4,South Branch Conewago Creek,30/04/2025,Leuctra,4
SBCC 20.4,South Branch Conewago Creek,30/04/2025,Baetis,2
SBCC 20.4,South Branch Conewago Creek,30/04/2025,Cheumatopsyche,13
SBCC 20.4,South Branch Conewago Creek,30/04/2025,Chimarra,3
SBCC 20.4,South Branch Conewago Creek,30/04/2025,Dolophilodes,9
SBCC 20.4,South Branch Conewago Creek,30/04/2025,Gomphidae,5
SBCC 20.4,South Branch Conewago Creek,30/04/2025,Antocha,1
SBCC 20.4,South Branch Conewago Creek,30/04/2025,Hydracarina,1
SBCC 20.4,South Branch Conewago Creek,30/04/2025,Neophylax,6
SBCC 20.4,South Branch Conewago Creek,30/04/2025,Oligochaeta,1
SBCC 20.4,South Branch Conewago Creek,30/04/2025,Optioservus,26
SBCC 20.4,South Branch Conewago Creek,30/04/2025,Oulimnius,17
SBCC 20.4,South Branch Conewago Creek,30/04/2025,Taeniopteryx,3
SBCC 20.4,South Branch Conewago Creek,30/04/2025,Teloganopsis,4
SBCC 20.4,South Branch Conewago Creek,30/04/2025,Maccaffertium,20
SBCC 20.4,South Branch Conewago Creek,30/04/2025,Chironomidae,64
SBCC 20.4,South Branch Conewago Creek,30/04/2025,Stenelmis,1
SBCC 20.4,South Branch Conewago Creek,30/04/2025,Ectopria,1
SBCC 20.4,South Branch Conewago Creek,30/04/2025,Clinocera,1
SBCC 20.4,South Branch Conewago Creek,30/04/2025,Tipula,1
SBCC 20.4,South Branch Conewago Creek,30/04/2025,Nigronia,2
SBCC 20.4,South Branch Conewago Creek,30/04/2025,Dicranota,2
SBCC 20.4,South Branch Conewago Creek,30/04/2025,Oulimnius,4
SBCC 20.4,South Branch Conewago Creek,30/04/2025,Acroneuria,5
SBCC 20.4,South Branch Conewago Creek,30/04/2025,Hydropsyche,10
SBCC 20.4,South Branch Conewago Creek,30/04/2025,Dolophilodes,10
SBCC 20.4,South Branch Conewago Creek,30/04/2025,Anchytarsus,10
SBCC 20.4,South Branch Conewago Creek,30/04/2025,Stenonema,22
SBCC 20.4,South Branch Conewago Creek,30/04/2025,Optioservus,22
SBCC 20.4,South Branch Conewago Creek,30/04/2025,Chironomidae,22
SBCC 20.4,South Branch Conewago Creek,30/04/2025,Leuctra,30
SBCC 20.4,South Branch Conewago Creek,30/04/2025,Cheumatopsyche,34
SBCC 20.4,South Branch Conewago Creek,30/04/2025,Chimarra,42
SBTK,South Branch Tunkhannock Creek,23/04/2025,Hemerodromia,6
SBTK,South Branch Tunkhannock Creek,23/04/2025,Hydracarina,9
SBTK,South Branch Tunkhannock Creek,23/04/2025,Acentrella,11
SBTK,South Branch Tunkhannock Creek,23/04/2025,Antocha,2
SBTK,South Branch Tunkhannock Creek,23/04/2025,Caenis,3
SBTK,South Branch Tunkhannock Creek,23/04/2025,Cheumatopsyche,8
SBTK,South Branch Tunkhannock Creek,23/04/2025,Chimarra,2
SBTK,South Branch Tunkhannock Creek,23/04/2025,Chironomidae,115
SBTK,South Branch Tunkhannock Creek,23/04/2025,Chloroperlidae,1
SBTK,South Branch Tunkhannock Creek,23/04/2025,Psephenus,2
SBTK,South Branch Tunkhannock Creek,23/04/2025,Eurylophella,1
SBTK,South Branch Tunkhannock Creek,23/04/2025,Hydropsyche,4
SBTK,South Branch Tunkhannock Creek,23/04/2025,Isonychia,1
SBTK,South Branch Tunkhannock Creek,23/04/2025,Leucrocuta,1
SBTK,South Branch Tunkhannock Creek,23/04/2025,Maccaffertium,6
SBTK,South Branch Tunkhannock Creek,23/04/2025,Neoplasta,1
SBTK,South Branch Tunkhannock Creek,23/04/2025,Oecetis,1
SBTK,South Branch Tunkhannock Creek,23/04/2025,Oligochaeta,27
SBTK,South Branch Tunkhannock Creek,23/04/2025,Trichoclinocera,4
SBTK,South Branch Tunkhannock Creek,23/04/2025,Teloganopsis,1
SBTK,South Branch Tunkhannock Creek,23/04/2025,Stenelmis,16
SBTK,South Branch Tunkhannock Creek,23/04/2025,Ephemerella,11
SBTK,South Branch Tunkhannock Creek,23/04/2025,Acentrella,1
SBTK,South Branch Tunkhannock Creek,23/04/2025,Acroneuria,4
SBTK,South Branch Tunkhannock Creek,23/04/2025,Agnetina,1
SBTK,South Branch Tunkhannock Creek,23/04/2025,Apatania,1
SBTK,South Branch Tunkhannock Creek,23/04/2025,Argia,2
SBTK,South Branch Tunkhannock Creek,23/04/2025,Brachycentrus,12
SBTK,South Branch Tunkhannock Creek,23/04/2025,Cheumatopsyche,22
SBTK,South Branch Tunkhannock Creek,23/04/2025,Chimarra,1
SBTK,South Branch Tunkhannock Creek,23/04/2025,Chironomidae,1
SBTK,South Branch Tunkhannock Creek,23/04/2025,Dolophilodes,2
SBTK,South Branch Tunkhannock Creek,23/04/2025,Ephemera,1
SBTK,South Branch Tunkhannock Creek,23/04/2025,Eurylophella,2
SBTK,South Branch Tunkhannock Creek,23/04/2025,Hydracarina,1
SBTK,South Branch Tunkhannock Creek,23/04/2025,Hydropsyche,10
SBTK,South Branch Tunkhannock Creek,23/04/2025,Isonychia,5
SBTK,South Branch Tunkhannock Creek,23/04/2025,Lanthus,1
SBTK,South Branch Tunkhannock Creek,23/04/2025,Leuctra,1
SBTK,South Branch Tunkhannock Creek,23/04/2025,Oligochaeta,3
SBTK,South Branch Tunkhannock Creek,23/04/2025,Maccaffertium,40
SBTK,South Branch Tunkhannock Creek,23/04/2025,Optioservus,8
SBTK,South Branch Tunkhannock Creek,23/04/2025,Orconectes,3
SBTK,South Branch Tunkhannock Creek,23/04/2025,Paragnetina,1
SBTK,South Branch Tunkhannock Creek,23/04/2025,Promoresia,1
SBTK,South Branch Tunkhannock Creek,23/04/2025,Psephenus,3
SBTK,South Branch Tunkhannock Creek,23/04/2025,Stenacron,1
SBTK,South Branch Tunkhannock Creek,23/04/2025,Stenelmis,2
SBTK,South Branch Tunkhannock Creek,23/04/2025,Taeniopteryx,101
SBTK,South Branch Tunkhannock Creek,23/04/2025,Tipula,2
SBTK,South Branch Tunkhannock Creek,23/04/2025,Acentrella,3
SBTK,South Branch Tunkhannock Creek,23/04/2025,Baetis,2
SBTK,South Branch Tunkhannock Creek,23/04/2025,Ephemerella,2
SBTK,South Branch Tunkhannock Creek,23/04/2025,Eurylophella,2
SBTK,South Branch Tunkhannock Creek,23/04/2025,Serratella,1
SBTK,South Branch Tunkhannock Creek,23/04/2025,Leucrocuta,1
SBTK,South Branch Tunkhannock Creek,23/04/2025,Maccaffertium,11
SBTK,South Branch Tunkhannock Creek,23/04/2025,Paragnetina,1
SBTK,South Branch Tunkhannock Creek,23/04/2025,Apatania,3
SBTK,South Branch Tunkhannock Creek,23/04/2025,Brachycentrus,2
SBTK,South Branch Tunkhannock Creek,23/04/2025,Ceratopsyche,18
SBTK,South Branch Tunkhannock Creek,23/04/2025,Cheumatopsyche,86
SBTK,South Branch Tunkhannock Creek,23/04/2025,Leucotrichia,3
SBTK,South Branch Tunkhannock Creek,23/04/2025,Chimarra,3
SBTK,South Branch Tunkhannock Creek,23/04/2025,Argia,1
SBTK,South Branch Tunkhannock Creek,23/04/2025,Optioservus,18
SBTK,South Branch Tunkhannock Creek,23/04/2025,Stenelmis,7
SBTK,South Branch Tunkhannock Creek,23/04/2025,Psephenus,14
SBTK,South Branch Tunkhannock Creek,23/04/2025,Atherix,2
SBTK,South Branch Tunkhannock Creek,23/04/2025,Chironomidae,6
SBTK,South Branch Tunkhannock Creek,23/04/2025,Hemerodromia,2
SBTK,South Branch Tunkhannock Creek,23/04/2025,Antocha,5
SBTK,South Branch Tunkhannock Creek,23/04/2025,Nemertea,1
SBTK,South Branch Tunkhannock Creek,23/04/2025,Nematoda,1
SBTK,South Branch Tunkhannock Creek,23/04/2025,Turbellaria,1
SBTK,South Branch Tunkhannock Creek,23/04/2025,Oligochaeta,23
SBTK,South Branch Tunkhannock Creek,23/04/2025,Orconectes,1
SBTK,South Branch Tunkhannock Creek,23/04/2025,Hydracarina,5
SBTK,South Branch Tunkhannock Creek,23/04/2025,Acentrella,1
SBTK,South Branch Tunkhannock Creek,23/04/2025,Ephemerella,6
SBTK,South Branch Tunkhannock Creek,23/04/2025,Serratella,2
SBTK,South Branch Tunkhannock Creek,23/04/2025,Maccaffertium,10
SBTK,South Branch Tunkhannock Creek,23/04/2025,Isonychia,1
SBTK,South Branch Tunkhannock Creek,23/04/2025,Acroneuria,1
SBTK,South Branch Tunkhannock Creek,23/04/2025,Taeniopteryx,1
SBTK,South Branch Tunkhannock Creek,23/04/2025,Apatania,2
SBTK,South Branch Tunkhannock Creek,23/04/2025,Brachycentrus,1
SBTK,South Branch Tunkhannock Creek,23/04/2025,Ceratopsyche,9
SBTK,South Branch Tunkhannock Creek,23/04/2025,Cheumatopsyche,27
SBTK,South Branch Tunkhannock Creek,23/04/2025,Chimarra,1
SBTK,South Branch Tunkhannock Creek,23/04/2025,Rhyacophila,1
SBTK,South Branch Tunkhannock Creek,23/04/2025,Neophylax,5
SBTK,South Branch Tunkhannock Creek,23/04/2025,Boyeria,1
SBTK,South Branch Tunkhannock Creek,23/04/2025,Optioservus,38
SBTK,South Branch Tunkhannock Creek,23/04/2025,Promoresia,1
SBTK,South Branch Tunkhannock Creek,23/04/2025,Stenelmis,29
SBTK,South Branch Tunkhannock Creek,23/04/2025,Psephenus,14
SBTK,South Branch Tunkhannock Creek,23/04/2025,Chironomidae,25
SBTK,South Branch Tunkhannock Creek,23/04/2025,Hemerodromia,7
SBTK,South Branch Tunkhannock Creek,23/04/2025,Antocha,5
SBTK,South Branch Tunkhannock Creek,23/04/2025,Nemertea,7
SBTK,South Branch Tunkhannock Creek,23/04/2025,Turbellaria,3
SBTK,South Branch Tunkhannock Creek,23/04/2025,Hirudinea,1
SBTK,South Branch Tunkhannock Creek,23/04/2025,Oligochaeta,23
SBTK,South Branch Tunkhannock Creek,23/04/2025,Hydracarina,10
SBTK,South Branch Tunkhannock Creek,23/04/2025,Caenis,3
SBTK,South Branch Tunkhannock Creek,23/04/2025,Ephemerella,11
SBTK,South Branch Tunkhannock Creek,23/04/2025,Eurylophella,2
SBTK,South Branch Tunkhannock Creek,23/04/2025,Serratella,4
SBTK,South Branch Tunkhannock Creek,23/04/2025,Maccaffertium,12
SBTK,South Branch Tunkhannock Creek,23/04/2025,Isonychia,1
SBTK,South Branch Tunkhannock Creek,23/04/2025,Acroneuria,2
SBTK,South Branch Tunkhannock Creek,23/04/2025,Taeniopteryx,1
SBTK,South Branch Tunkhannock Creek,23/04/2025,Apatania,6
SBTK,South Branch Tunkhannock Creek,23/04/2025,Brachycentrus,4
SBTK,South Branch Tunkhannock Creek,23/04/2025,Micrasema,1
SBTK,South Branch Tunkhannock Creek,23/04/2025,Ceratopsyche,11
SBTK,South Branch Tunkhannock Creek,23/04/2025,Cheumatopsyche,45
SBTK,South Branch Tunkhannock Creek,23/04/2025,Leucotrichia,1
SBTK,South Branch Tunkhannock Creek,23/04/2025,Chimarra,1
SBTK,South Branch Tunkhannock Creek,23/04/2025,Neophylax,2
SBTK,South Branch Tunkhannock Creek,23/04/2025,Optioservus,11
SBTK,South Branch Tunkhannock Creek,23/04/2025,Promoresia,2
SBTK,South Branch Tunkhannock Creek,23/04/2025,Stenelmis,9
SBTK,South Branch Tunkhannock Creek,23/04/2025,Psephenus,6
SBTK,South Branch Tunkhannock Creek,23/04/2025,Atherix,3
SBTK,South Branch Tunkhannock Creek,23/04/2025,Chironomidae,34
SBTK,South Branch Tunkhannock Creek,23/04/2025,Hemerodromia,7
SBTK,South Branch Tunkhannock Creek,23/04/2025,Nemertea,9
SBTK,South Branch Tunkhannock Creek,23/04/2025,Nematoda,1
SBTK,South Branch Tunkhannock Creek,23/04/2025,Ancylidae,2
SBTK,South Branch Tunkhannock Creek,23/04/2025,Turbellaria,4
SBTK,South Branch Tunkhannock Creek,23/04/2025,Oligochaeta,18
SBTK,South Branch Tunkhannock Creek,23/04/2025,Hydracarina,10
SBTK,South Branch Tunkhannock Creek,23/04/2025,Hydracarina,3
SBTK,South Branch Tunkhannock Creek,23/04/2025,Caenis,9
SBTK,South Branch Tunkhannock Creek,23/04/2025,Ephemerella,16
SBTK,South Branch Tunkhannock Creek,23/04/2025,Eurylophella,5
SBTK,South Branch Tunkhannock Creek,23/04/2025,Serratella,1
SBTK,South Branch Tunkhannock Creek,23/04/2025,Maccaffertium,6
SBTK,South Branch Tunkhannock Creek,23/04/2025,Isonychia,1
SBTK,South Branch Tunkhannock Creek,23/04/2025,Acroneuria,6
SBTK,South Branch Tunkhannock Creek,23/04/2025,Paragnetina,1
SBTK,South Branch Tunkhannock Creek,23/04/2025,Apatania,11
SBTK,South Branch Tunkhannock Creek,23/04/2025,Brachycentrus,15
SBTK,South Branch Tunkhannock Creek,23/04/2025,Micrasema,1
SBTK,South Branch Tunkhannock Creek,23/04/2025,Helicopsyche,1
SBTK,South Branch Tunkhannock Creek,23/04/2025,Ceratopsyche,11
SBTK,South Branch Tunkhannock Creek,23/04/2025,Cheumatopsyche,33
SBTK,South Branch Tunkhannock Creek,23/04/2025,Ceraclea,1
SBTK,South Branch Tunkhannock Creek,23/04/2025,Coenagrionidae,1
SBTK,South Branch Tunkhannock Creek,23/04/2025,Nigronia,1
SBTK,South Branch Tunkhannock Creek,23/04/2025,Sialis,2
SBTK,South Branch Tunkhannock Creek,23/04/2025,Optioservus,15
SBTK,South Branch Tunkhannock Creek,23/04/2025,Stenelmis,22
SBTK,South Branch Tunkhannock Creek,23/04/2025,Psephenus,9
SBTK,South Branch Tunkhannock Creek,23/04/2025,Atherix,1
SBTK,South Branch Tunkhannock Creek,23/04/2025,Chironomidae,18
SBTK,South Branch Tunkhannock Creek,23/04/2025,Hemerodromia,5
SBTK,South Branch Tunkhannock Creek,23/04/2025,Antocha,2
SBTK,South Branch Tunkhannock Creek,23/04/2025,Nematoda,1
SBTK,South Branch Tunkhannock Creek,23/04/2025,Turbellaria,4
SBTK,South Branch Tunkhannock Creek,23/04/2025,Oligochaeta,19
SBTK,South Branch Tunkhannock Creek,23/04/2025,Caenis,14
SBTK,South Branch Tunkhannock Creek,23/04/2025,Simulium,1
SBTK,South Branch Tunkhannock Creek,23/04/2025,Chimarra,1
SBTK,South Branch Tunkhannock Creek,23/04/2025,Nematoda,2
SBTK,South Branch Tunkhannock Creek,23/04/2025,Turbellaria,1
SBTK,South Branch Tunkhannock Creek,23/04/2025,Oligochaeta,21
SBTK,South Branch Tunkhannock Creek,23/04/2025,Hydracarina,11
SBTK,South Branch Tunkhannock Creek,23/04/2025,Hemerodromia,1
SBTK,South Branch Tunkhannock Creek,23/04/2025,Acentrella,13
SBTK,South Branch Tunkhannock Creek,23/04/2025,Optioservus,4
SBTK,South Branch Tunkhannock Creek,23/04/2025,Drunella,1
SBTK,South Branch Tunkhannock Creek,23/04/2025,Argia,1
SBTK,South Branch Tunkhannock Creek,23/04/2025,Eurylophella,1
SBTK,South Branch Tunkhannock Creek,23/04/2025,Maccaffertium,2
SBTK,South Branch Tunkhannock Creek,23/04/2025,Psephenus,22
SBTK,South Branch Tunkhannock Creek,23/04/2025,Antocha,3
SBTK,South Branch Tunkhannock Creek,23/04/2025,Neophylax,2
SBTK,South Branch Tunkhannock Creek,23/04/2025,Promoresia,1
SBTK,South Branch Tunkhannock Creek,23/04/2025,Clinocera,12
SBTK,South Branch Tunkhannock Creek,23/04/2025,Chironomidae,25
SBTK,South Branch Tunkhannock Creek,23/04/2025,Stenelmis,50
SBTK,South Branch Tunkhannock Creek,23/04/2025,Leuctra,1
SBTK,South Branch Tunkhannock Creek,23/04/2025,Amphinemura,5
SBTK,South Branch Tunkhannock Creek,23/04/2025,Acroneuria,1
SBTK,South Branch Tunkhannock Creek,23/04/2025,Perlodidae,1
SBTK,South Branch Tunkhannock Creek,23/04/2025,Ceratopsyche,13
SBTK,South Branch Tunkhannock Creek,23/04/2025,Cheumatopsyche,13
SBTK,South Branch Tunkhannock Creek,23/04/2025,Ephemerella,7
Sugar Run,Sugar Run,29/04/2025,Neophylax,2
Sugar Run,Sugar Run,29/04/2025,Nematoda,2
Sugar Run,Sugar Run,29/04/2025,Maccaffertium,12
Sugar Run,Sugar Run,29/04/2025,Hydroptila,1
Sugar Run,Sugar Run,29/04/2025,Isonychia,8
Sugar Run,Sugar Run,29/04/2025,Ephemerella,2
Sugar Run,Sugar Run,29/04/2025,Hydropsyche,10
Sugar Run,Sugar Run,29/04/2025,Perlesta,1
Sugar Run,Sugar Run,29/04/2025,Leucrocuta,2
Sugar Run,Sugar Run,29/04/2025,Prosimulium,19
Sugar Run,Sugar Run,29/04/2025,Prostoma,1
Sugar Run,Sugar Run,29/04/2025,Psephenus,4
Sugar Run,Sugar Run,29/04/2025,Simulium,3
Sugar Run,Sugar Run,29/04/2025,Stenelmis,7
Sugar Run,Sugar Run,29/04/2025,Trichoclinocera,2
Sugar Run,Sugar Run,29/04/2025,Hydracarina,1
Sugar Run,Sugar Run,29/04/2025,Oligochaeta,1
Sugar Run,Sugar Run,29/04/2025,Hemerodromia,8
Sugar Run,Sugar Run,29/04/2025,Optioservus,9
Sugar Run,Sugar Run,29/04/2025,Epeorus,3
Sugar Run,Sugar Run,29/04/2025,Drunella,5
Sugar Run,Sugar Run,29/04/2025,Chironomidae,48
Sugar Run,Sugar Run,29/04/2025,Chimarra,7
Sugar Run,Sugar Run,29/04/2025,Cheumatopsyche,5
Sugar Run,Sugar Run,29/04/2025,Caenis,2
Sugar Run,Sugar Run,29/04/2025,Baetis,1
Sugar Run,Sugar Run,29/04/2025,Argia,1
Sugar Run,Sugar Run,29/04/2025,Amphinemura,6
Sugar Run,Sugar Run,29/04/2025,Acentrella,24
Sugar Run,Sugar Run,29/04/2025,Neoplasta,1
Sugar Run,Sugar Run,29/04/2025,Wormaldia,11
Sugar Run,Sugar Run,29/04/2025,Polycentropus,4
Sugar Run,Sugar Run,29/04/2025,Acroneuria,2
Sugar Run,Sugar Run,29/04/2025,Amphinemura,11
Sugar Run,Sugar Run,29/04/2025,Antocha,2
Sugar Run,Sugar Run,29/04/2025,Caenis,3
Sugar Run,Sugar Run,29/04/2025,Cheumatopsyche,6
Sugar Run,Sugar Run,29/04/2025,Chironomidae,67
Sugar Run,Sugar Run,29/04/2025,Cinygmula,2
Sugar Run,Sugar Run,29/04/2025,Drunella,2
Sugar Run,Sugar Run,29/04/2025,Ephemerella,2
Sugar Run,Sugar Run,29/04/2025,Eurylophella,1
Sugar Run,Sugar Run,29/04/2025,Hemerodromia,2
Sugar Run,Sugar Run,29/04/2025,Hydropsyche,3
Sugar Run,Sugar Run,29/04/2025,Isonychia,7
Sugar Run,Sugar Run,29/04/2025,Isoperla,1
Sugar Run,Sugar Run,29/04/2025,Leptophlebiidae,1
Sugar Run,Sugar Run,29/04/2025,Leucrocuta,3
Sugar Run,Sugar Run,29/04/2025,Maccaffertium,6
Sugar Run,Sugar Run,29/04/2025,Nematoda,1
Sugar Run,Sugar Run,29/04/2025,Optioservus,4
Sugar Run,Sugar Run,29/04/2025,Prosimulium,74
Sugar Run,Sugar Run,29/04/2025,Prostoia,1
Sugar Run,Sugar Run,29/04/2025,Trichoclinocera,4
Sugar Run,Sugar Run,29/04/2025,Hydracarina,2
Sugar Run,Sugar Run,29/04/2025,Acentrella,1
Sugar Run,Sugar Run,29/04/2025,Acerpenna,1
Sugar Run,Sugar Run,29/04/2025,Acroneuria,5
Sugar Run,Sugar Run,29/04/2025,Argia,1
Sugar Run,Sugar Run,29/04/2025,Atherix,14
Sugar Run,Sugar Run,29/04/2025,Baetis,7
Sugar Run,Sugar Run,29/04/2025,Caenis,67
Sugar Run,Sugar Run,29/04/2025,Cheumatopsyche,3
Sugar Run,Sugar Run,29/04/2025,Chimarra,2
Sugar Run,Sugar Run,29/04/2025,Chironomidae,4
Sugar Run,Sugar Run,29/04/2025,Heptagenia,1
Sugar Run,Sugar Run,29/04/2025,Heptageniidae,7
Sugar Run,Sugar Run,29/04/2025,Heterocloeon,4
Sugar Run,Sugar Run,29/04/2025,Hydropsyche,2
Sugar Run,Sugar Run,29/04/2025,Isonychia,7
Sugar Run,Sugar Run,29/04/2025,Leucrocuta,13
Sugar Run,Sugar Run,29/04/2025,Maccaffertium,54
Sugar Run,Sugar Run,29/04/2025,Nigronia,2
Sugar Run,Sugar Run,29/04/2025,Optioservus,1
Sugar Run,Sugar Run,29/04/2025,Orconectes,1
Sugar Run,Sugar Run,29/04/2025,Paragnetina,1
Sugar Run,Sugar Run,29/04/2025,Psephenus,6
Sugar Run,Sugar Run,29/04/2025,Psilotreta,2
Sugar Run,Sugar Run,29/04/2025,Psychomyia,1
Sugar Run,Sugar Run,29/04/2025,Sialis,1
Sugar Run,Sugar Run,29/04/2025,Stenacron,1
Sugar Run,Sugar Run,29/04/2025,Stenelmis,7
Sugar Run,Sugar Run,29/04/2025,Tipula,1
Sugar Run,Sugar Run,29/04/2025,Acentrella,1
Sugar Run,Sugar Run,29/04/2025,Baetis,4
Sugar Run,Sugar Run,29/04/2025,Diphetor,1
Sugar Run,Sugar Run,29/04/2025,Caenis,1
Sugar Run,Sugar Run,29/04/2025,Eurylophella,3
Sugar Run,Sugar Run,29/04/2025,Leucrocuta,28
Sugar Run,Sugar Run,29/04/2025,Maccaffertium,23
Sugar Run,Sugar Run,29/04/2025,Stenacron,1
Sugar Run,Sugar Run,29/04/2025,Isonychia,36
Sugar Run,Sugar Run,29/04/2025,Paraleptophlebia,6
Sugar Run,Sugar Run,29/04/2025,Capniidae,1
Sugar Run,Sugar Run,29/04/2025,Agnetina,6
Sugar Run,Sugar Run,29/04/2025,Ceratopsyche,37
Sugar Run,Sugar Run,29/04/2025,Cheumatopsyche,10
Sugar Run,Sugar Run,29/04/2025,Hydropsyche,2
Sugar Run,Sugar Run,29/04/2025,Chimarra,12
Sugar Run,Sugar Run,29/04/2025,Optioservus,4
Sugar Run,Sugar Run,29/04/2025,Stenelmis,1
Sugar Run,Sugar Run,29/04/2025,Psephenus,17
Sugar Run,Sugar Run,29/04/2025,Atherix,3
Sugar Run,Sugar Run,29/04/2025,Chironomidae,10
Sugar Run,Sugar Run,29/04/2025,Simulium,1
Sugar Run,Sugar Run,29/04/2025,Antocha,1
Sugar Run,Sugar Run,29/04/2025,Hexatoma,1
Sugar Run,Sugar Run,29/04/2025,Acerpenna,1
Sugar Run,Sugar Run,29/04/2025,Caenis,1
Sugar Run,Sugar Run,29/04/2025,Ephemerella,2
Sugar Run,Sugar Run,29/04/2025,Eurylophella,3
Sugar Run,Sugar Run,29/04/2025,Epeorus,1
Sugar Run,Sugar Run,29/04/2025,Leucrocuta,24
Sugar Run,Sugar Run,29/04/2025,Maccaffertium,25
Sugar Run,Sugar Run,29/04/2025,Isonychia,38
Sugar Run,Sugar Run,29/04/2025,Paraleptophlebia,5
Sugar Run,Sugar Run,29/04/2025,Allocapnia,1
Sugar Run,Sugar Run,29/04/2025,Acroneuria,4
Sugar Run,Sugar Run,29/04/2025,Paragnetina,1
Sugar Run,Sugar Run,29/04/2025,Ceratopsyche,48
Sugar Run,Sugar Run,29/04/2025,Cheumatopsyche,26
Sugar Run,Sugar Run,29/04/2025,Chimarra,15
Sugar Run,Sugar Run,29/04/2025,Rhyacophila,1
Sugar Run,Sugar Run,29/04/2025,Optioservus,6
Sugar Run,Sugar Run,29/04/2025,Stenelmis,2
Sugar Run,Sugar Run,29/04/2025,Psephenus,2
Sugar Run,Sugar Run,29/04/2025,Atherix,4
Sugar Run,Sugar Run,29/04/2025,Chironomidae,9
Sugar Run,Sugar Run,29/04/2025,Hemerodromia,1
Sugar Run,Sugar Run,29/04/2025,Turbellaria,3
Sugar Run,Sugar Run,29/04/2025,Oligochaeta,1
Sugar Run,Sugar Run,29/04/2025,Hydracarina,3
Sugar Run,Sugar Run,29/04/2025,Ceratopsyche,25
Sugar Run,Sugar Run,29/04/2025,Cheumatopsyche,8
Sugar Run,Sugar Run,29/04/2025,Dolophilodes,1
Sugar Run,Sugar Run,29/04/2025,Polycentropus,3
Sugar Run,Sugar Run,29/04/2025,Psychomyia,2
Sugar Run,Sugar Run,29/04/2025,Neophylax,7
Sugar Run,Sugar Run,29/04/2025,Coenagrionidae,1
Sugar Run,Sugar Run,29/04/2025,Nigronia,2
Sugar Run,Sugar Run,29/04/2025,Optioservus,27
Sugar Run,Sugar Run,29/04/2025,Stenelmis,3
Sugar Run,Sugar Run,29/04/2025,Psephenus,21
Sugar Run,Sugar Run,29/04/2025,Atherix,16
Sugar Run,Sugar Run,29/04/2025,Chironomidae,16
Sugar Run,Sugar Run,29/04/2025,Antocha,1
Sugar Run,Sugar Run,29/04/2025,Nemertea,6
Sugar Run,Sugar Run,29/04/2025,Ancylidae,1
Sugar Run,Sugar Run,29/04/2025,Turbellaria,2
Sugar Run,Sugar Run,29/04/2025,Hydracarina,6
Sugar Run,Sugar Run,29/04/2025,Caenis,2
Sugar Run,Sugar Run,29/04/2025,Ephemerella,21
Sugar Run,Sugar Run,29/04/2025,Eurylophella,7
Sugar Run,Sugar Run,29/04/2025,Heptageniidae,1
Sugar Run,Sugar Run,29/04/2025,Epeorus,1
Sugar Run,Sugar Run,29/04/2025,Leucrocuta,3
Sugar Run,Sugar Run,29/04/2025,Maccaffertium,19
Sugar Run,Sugar Run,29/04/2025,Isonychia,10
Sugar Run,Sugar Run,29/04/2025,Paraleptophlebia,1
Sugar Run,Sugar Run,29/04/2025,Allocapnia,1
Sugar Run,Sugar Run,29/04/2025,Acroneuria,8
Sugar Run,Sugar Run,29/04/2025,Taeniopteryx,4
Sugar Run,Sugar Run,29/04/2025,Ephemerella,1
Sugar Run,Sugar Run,29/04/2025,Epeorus,2
Sugar Run,Sugar Run,29/04/2025,Leucrocuta,10
Sugar Run,Sugar Run,29/04/2025,Maccaffertium,10
Sugar Run,Sugar Run,29/04/2025,Isonychia,18
Sugar Run,Sugar Run,29/04/2025,Paraleptophlebia,3
Sugar Run,Sugar Run,29/04/2025,Acroneuria,13
Sugar Run,Sugar Run,29/04/2025,Ceratopsyche,26
Sugar Run,Sugar Run,29/04/2025,Cheumatopsyche,45
Sugar Run,Sugar Run,29/04/2025,Hydropsyche,1
Sugar Run,Sugar Run,29/04/2025,Leucotrichia,2
Sugar Run,Sugar Run,29/04/2025,Chimarra,29
Sugar Run,Sugar Run,29/04/2025,Dolophilodes,1
Sugar Run,Sugar Run,29/04/2025,Rhyacophila,3
Sugar Run,Sugar Run,29/04/2025,Optioservus,15
Sugar Run,Sugar Run,29/04/2025,Stenelmis,8
Sugar Run,Sugar Run,29/04/2025,Psephenus,8
Sugar Run,Sugar Run,29/04/2025,Atherix,2
Sugar Run,Sugar Run,29/04/2025,Chironomidae,10
Sugar Run,Sugar Run,29/04/2025,Antocha,1
Sugar Run,Sugar Run,29/04/2025,Nemertea,2
Sugar Run,Sugar Run,29/04/2025,Amphinemura,12
Sugar Run,Sugar Run,29/04/2025,Clinocera,2
Sugar Run,Sugar Run,29/04/2025,Isonychia,1
Sugar Run,Sugar Run,29/04/2025,Leuctra,1
Sugar Run,Sugar Run,29/04/2025,Nematoda,1
Sugar Run,Sugar Run,29/04/2025,Caenis,1
Sugar Run,Sugar Run,29/04/2025,Chironomidae,22
Sugar Run,Sugar Run,29/04/2025,Leucrocuta,1
Sugar Run,Sugar Run,29/04/2025,Optioservus,1
Sugar Run,Sugar Run,29/04/2025,Prosimulium,162
Sugar Run,Sugar Run,29/04/2025,Prosimulium,50
Sugar Run,Sugar Run,29/04/2025,Neophylax,3
Sugar Run,Sugar Run,29/04/2025,Rhyacophila,2
Sugar Run,Sugar Run,29/04/2025,Hydropsyche,3
Sugar Run,Sugar Run,29/04/2025,Cheumatopsyche,5
Sugar Run,Sugar Run,29/04/2025,Psephenus,1
Sugar Run,Sugar Run,29/04/2025,Ephemera,2
Sugar Run,Sugar Run,29/04/2025,Clinocera,10
Sugar Run,Sugar Run,29/04/2025,Stenelmis,2
Sugar Run,Sugar Run,29/04/2025,Chironomidae,17
Sugar Run,Sugar Run,29/04/2025,Oligochaeta,1
Sugar Run,Sugar Run,29/04/2025,Amphinemura,16
Sugar Run,Sugar Run,29/04/2025,Hydatophylax,1
Sugar Run,Sugar Run,29/04/2025,Caenis,12
Sugar Run,Sugar Run,29/04/2025,Optioservus,2
Sugar Run,Sugar Run,29/04/2025,Drunella,2
Sugar Run,Sugar Run,29/04/2025,Polycentropus,1
Sugar Run,Sugar Run,29/04/2025,Chrysops,1
Sugar Run,Sugar Run,29/04/2025,Chimarra,2
Sugar Run,Sugar Run,29/04/2025,Leucrocuta,3
Sugar Run,Sugar Run,29/04/2025,Ephemerella,1
Sugar Run,Sugar Run,29/04/2025,Maccaffertium,23
Sugar Run,Sugar Run,29/04/2025,Eurylophella,4
Sugar Run,Sugar Run,29/04/2025,Baetis,3
Sugar Run,Sugar Run,29/04/2025,Epeorus,2
Sugar Run,Sugar Run,29/04/2025,Paraleptophlebia,3
Sugar Run,Sugar Run,29/04/2025,Ostrocerca,1
Sugar Run,Sugar Run,29/04/2025,Acroneuria,8
Sugar Run,Sugar Run,29/04/2025,Leuctra,1
Sugar Run,Sugar Run,29/04/2025,Stenacron,3
Sugar Run,Sugar Run,29/04/2025,Isonychia,12
TIOG,Tioga River,17/04/2025,Lanthus,1
TIOG,Tioga River,17/04/2025,Ostrocerca,1
TIOG,Tioga River,17/04/2025,Optioservus,6
TIOG,Tioga River,17/04/2025,Promoresia,3
TIOG,Tioga River,17/04/2025,Oligochaeta,1
TIOG,Tioga River,17/04/2025,Neoplasta,1
TIOG,Tioga River,17/04/2025,Acroneuria,2
TIOG,Tioga River,17/04/2025,Neophylax,1
TIOG,Tioga River,17/04/2025,Oulimnius,3
TIOG,Tioga River,17/04/2025,Leuctra,2
TIOG,Tioga River,17/04/2025,Baetis,3
TIOG,Tioga River,17/04/2025,Isoperla,4
TIOG,Tioga River,17/04/2025,Isonychia,1
TIOG,Tioga River,17/04/2025,Hydropsyche,4
TIOG,Tioga River,17/04/2025,Hexatoma,1
TIOG,Tioga River,17/04/2025,Acerpenna,1
TIOG,Tioga River,17/04/2025,Paraleptophlebia,21
TIOG,Tioga River,17/04/2025,Diphetor,3
TIOG,Tioga River,17/04/2025,Simulium,6
TIOG,Tioga River,17/04/2025,Sweltsa,1
TIOG,Tioga River,17/04/2025,Leptophlebiidae,4
TIOG,Tioga River,17/04/2025,Teloganopsis,13
TIOG,Tioga River,17/04/2025,Habrophlebia,1
TIOG,Tioga River,17/04/2025,Ephemerella,15
TIOG,Tioga River,17/04/2025,Amphinemura,2
TIOG,Tioga River,17/04/2025,Drunella,1
TIOG,Tioga River,17/04/2025,Rhyacophila,7
TIOG,Tioga River,17/04/2025,Cultus,1
TIOG,Tioga River,17/04/2025,Cinygmula,5
TIOG,Tioga River,17/04/2025,Chironomidae,50
TIOG,Tioga River,17/04/2025,Haploperla,1
TIOG,Tioga River,17/04/2025,Cheumatopsyche,8
TIOG,Tioga River,17/04/2025,Antocha,5
TIOG,Tioga River,17/04/2025,Agnetina,10
TIOG,Tioga River,17/04/2025,Epeorus,13
TIOG,Tioga River,17/04/2025,Micrasema,1
TIOG,Tioga River,17/04/2025,Acentrella,15
TIOG,Tioga River,17/04/2025,Acroneuria,4
TIOG,Tioga River,17/04/2025,Agnetina,6
TIOG,Tioga River,17/04/2025,Alloperla,1
TIOG,Tioga River,17/04/2025,Baetis,1
TIOG,Tioga River,17/04/2025,Cheumatopsyche,2
TIOG,Tioga River,17/04/2025,Chironomidae,4
TIOG,Tioga River,17/04/2025,Dicranota,2
TIOG,Tioga River,17/04/2025,Dolophilodes,41
TIOG,Tioga River,17/04/2025,Epeorus,5
TIOG,Tioga River,17/04/2025,Ephemerella,7
TIOG,Tioga River,17/04/2025,Hexatoma,5
TIOG,Tioga River,17/04/2025,Hydropsyche,9
TIOG,Tioga River,17/04/2025,Isogenoides,1
TIOG,Tioga River,17/04/2025,Isonychia,1
TIOG,Tioga River,17/04/2025,Isoperla,3
TIOG,Tioga River,17/04/2025,Lepidostoma,3
TIOG,Tioga River,17/04/2025,Leucrocuta,1
TIOG,Tioga River,17/04/2025,Leuctra,6
TIOG,Tioga River,17/04/2025,Limnophila,1
TIOG,Tioga River,17/04/2025,Maccaffertium,6
TIOG,Tioga River,17/04/2025,Nigronia,1
TIOG,Tioga River,17/04/2025,Optioservus,10
TIOG,Tioga River,17/04/2025,Oulimnius,3
TIOG,Tioga River,17/04/2025,Paracapnia,3
TIOG,Tioga River,17/04/2025,Pedicia,1
TIOG,Tioga River,17/04/2025,Plecoptera,1
TIOG,Tioga River,17/04/2025,Polycentropus,1
TIOG,Tioga River,17/04/2025,Promoresia,1
TIOG,Tioga River,17/04/2025,Pteronarcys,2
TIOG,Tioga River,17/04/2025,Rhyacophila,6
TIOG,Tioga River,17/04/2025,Serratella,1
TIOG,Tioga River,17/04/2025,Sweltsa,13
TIOG,Tioga River,17/04/2025,Taeniopterygidae,1
TIOG,Tioga River,17/04/2025,Taeniopteryx,28
TIOG,Tioga River,17/04/2025,Acentrella,1
TIOG,Tioga River,17/04/2025,Caenis,1
TIOG,Tioga River,17/04/2025,Ephemerella,63
TIOG,Tioga River,17/04/2025,Serratella,6
TIOG,Tioga River,17/04/2025,Ephemera,1
TIOG,Tioga River,17/04/2025,Epeorus,1
TIOG,Tioga River,17/04/2025,Maccaffertium,6
TIOG,Tioga River,17/04/2025,Stenacron,2
TIOG,Tioga River,17/04/2025,Isonychia,6
TIOG,Tioga River,17/04/2025,Paraleptophlebia,27
TIOG,Tioga River,17/04/2025,Paracapnia,3
TIOG,Tioga River,17/04/2025,Sweltsa,2
TIOG,Tioga River,17/04/2025,Leuctra,10
TIOG,Tioga River,17/04/2025,Perlodidae,3
TIOG,Tioga River,17/04/2025,Taeniopteryx,26
TIOG,Tioga River,17/04/2025,Ceratopsyche,8
TIOG,Tioga River,17/04/2025,Cheumatopsyche,4
TIOG,Tioga River,17/04/2025,Limnephilidae,1
TIOG,Tioga River,17/04/2025,Psilotreta,1
TIOG,Tioga River,17/04/2025,Chimarra,4
TIOG,Tioga River,17/04/2025,Dolophilodes,4
TIOG,Tioga River,17/04/2025,Psychomyia,2
TIOG,Tioga River,17/04/2025,Rhyacophila,5
TIOG,Tioga River,17/04/2025,Boyeria,1
TIOG,Tioga River,17/04/2025,Nigronia,2
TIOG,Tioga River,17/04/2025,Helichus,1
TIOG,Tioga River,17/04/2025,Optioservus,12
TIOG,Tioga River,17/04/2025,Oulimnius,1
TIOG,Tioga River,17/04/2025,Chironomidae,16
TIOG,Tioga River,17/04/2025,Antocha,1
TIOG,Tioga River,17/04/2025,Hexatoma,1
TIOG,Tioga River,17/04/2025,Limnophila,1
TIOG,Tioga River,17/04/2025,Nematoda,1
TIOG,Tioga River,17/04/2025,Turbellaria,1
TIOG,Tioga River,17/04/2025,Oligochaeta,1
TIOG,Tioga River,17/04/2025,Hydracarina,3
TIOG,Tioga River,17/04/2025,Acerpenna,4
TIOG,Tioga River,17/04/2025,Ephemerella,16
TIOG,Tioga River,17/04/2025,Serratella,17
TIOG,Tioga River,17/04/2025,Epeorus,8
TIOG,Tioga River,17/04/2025,Leucrocuta,2
TIOG,Tioga River,17/04/2025,Maccaffertium,6
TIOG,Tioga River,17/04/2025,Isonychia,4
TIOG,Tioga River,17/04/2025,Paraleptophlebia,30
TIOG,Tioga River,17/04/2025,Allocapnia,2
TIOG,Tioga River,17/04/2025,Paracapnia,4
TIOG,Tioga River,17/04/2025,Leuctra,6
TIOG,Tioga River,17/04/2025,Acroneuria,1
TIOG,Tioga River,17/04/2025,Agnetina,1
TIOG,Tioga River,17/04/2025,Isogenoides,2
TIOG,Tioga River,17/04/2025,Isoperla,11
TIOG,Tioga River,17/04/2025,Taeniopteryx,8
TIOG,Tioga River,17/04/2025,Micrasema,1
TIOG,Tioga River,17/04/2025,Ceratopsyche,19
TIOG,Tioga River,17/04/2025,Cheumatopsyche,18
TIOG,Tioga River,17/04/2025,Hydroptila,2
TIOG,Tioga River,17/04/2025,Dolophilodes,6
TIOG,Tioga River,17/04/2025,Polycentropus,1
TIOG,Tioga River,17/04/2025,Psychomyia,2
TIOG,Tioga River,17/04/2025,Rhyacophila,6
TIOG,Tioga River,17/04/2025,Neophylax,2
TIOG,Tioga River,17/04/2025,Boyeria,1
TIOG,Tioga River,17/04/2025,Nigronia,2
TIOG,Tioga River,17/04/2025,Optioservus,8
TIOG,Tioga River,17/04/2025,Stenelmis,1
TIOG,Tioga River,17/04/2025,Chironomidae,34
TIOG,Tioga River,17/04/2025,Hemerodromia,2
TIOG,Tioga River,17/04/2025,Antocha,2
TIOG,Tioga River,17/04/2025,Dicranota,1
TIOG,Tioga River,17/04/2025,Hexatoma,2
TIOG,Tioga River,17/04/2025,Sphaeriidae,1
TIOG,Tioga River,17/04/2025,Branchiobdellida,1
TIOG,Tioga River,17/04/2025,Hydracarina,3
TIOG,Tioga River,17/04/2025,Micrasema,2
TIOG,Tioga River,17/04/2025,Ceratopsyche,6
TIOG,Tioga River,17/04/2025,Cheumatopsyche,9
TIOG,Tioga River,17/04/2025,Hydroptila,3
TIOG,Tioga River,17/04/2025,Acerpenna,1
TIOG,Tioga River,17/04/2025,Diphetor,1
TIOG,Tioga River,17/04/2025,Limnephilidae,1
TIOG,Tioga River,17/04/2025,Dolophilodes,3
TIOG,Tioga River,17/04/2025,Polycentropus,3
TIOG,Tioga River,17/04/2025,Psychomyia,1
TIOG,Tioga River,17/04/2025,Rhyacophila,11
TIOG,Tioga River,17/04/2025,Neophylax,2
TIOG,Tioga River,17/04/2025,Gomphidae,1
TIOG,Tioga River,17/04/2025,Nigronia,2
TIOG,Tioga River,17/04/2025,Optioservus,11
TIOG,Tioga River,17/04/2025,Promoresia,2
TIOG,Tioga River,17/04/2025,Stenelmis,1
TIOG,Tioga River,17/04/2025,Ceratopogonidae,1
TIOG,Tioga River,17/04/2025,Chironomidae,49
TIOG,Tioga River,17/04/2025,Hemerodromia,2
TIOG,Tioga River,17/04/2025,Antocha,2
TIOG,Tioga River,17/04/2025,Dicranota,2
TIOG,Tioga River,17/04/2025,Hexatoma,1
TIOG,Tioga River,17/04/2025,Turbellaria,2
TIOG,Tioga River,17/04/2025,Sphaeriidae,3
TIOG,Tioga River,17/04/2025,Oligochaeta,1
TIOG,Tioga River,17/04/2025,Hydracarina,1
TIOG,Tioga River,17/04/2025,Ephemerella,7
TIOG,Tioga River,17/04/2025,Eurylophella,1
TIOG,Tioga River,17/04/2025,Serratella,21
TIOG,Tioga River,17/04/2025,Ephemera,2
TIOG,Tioga River,17/04/2025,Epeorus,3
TIOG,Tioga River,17/04/2025,Leucrocuta,5
TIOG,Tioga River,17/04/2025,Maccaffertium,6
TIOG,Tioga River,17/04/2025,Stenacron,1
TIOG,Tioga River,17/04/2025,Paraleptophlebia,29
TIOG,Tioga River,17/04/2025,Paracapnia,2
TIOG,Tioga River,17/04/2025,Sweltsa,3
TIOG,Tioga River,17/04/2025,Leuctra,5
TIOG,Tioga River,17/04/2025,Acroneuria,2
TIOG,Tioga River,17/04/2025,Agnetina,2
TIOG,Tioga River,17/04/2025,Isoperla,4
TIOG,Tioga River,17/04/2025,Taeniopteryx,4
TIOG,Tioga River,17/04/2025,Hydracarina,1
TIOG,Tioga River,17/04/2025,Ephemerella,6
TIOG,Tioga River,17/04/2025,Serratella,15
TIOG,Tioga River,17/04/2025,Epeorus,3
TIOG,Tioga River,17/04/2025,Leucrocuta,5
TIOG,Tioga River,17/04/2025,Maccaffertium,2
TIOG,Tioga River,17/04/2025,Paraleptophlebia,46
TIOG,Tioga River,17/04/2025,Paracapnia,9
TIOG,Tioga River,17/04/2025,Sweltsa,4
TIOG,Tioga River,17/04/2025,Leuctra,12
TIOG,Tioga River,17/04/2025,Acroneuria,1
TIOG,Tioga River,17/04/2025,Agnetina,1
TIOG,Tioga River,17/04/2025,Isoperla,7
TIOG,Tioga River,17/04/2025,Taeniopteryx,4
TIOG,Tioga River,17/04/2025,Glossosoma,2
TIOG,Tioga River,17/04/2025,Ceratopsyche,28
TIOG,Tioga River,17/04/2025,Cheumatopsyche,11
TIOG,Tioga River,17/04/2025,Dolophilodes,21
TIOG,Tioga River,17/04/2025,Polycentropus,1
TIOG,Tioga River,17/04/2025,Psychomyia,1
TIOG,Tioga River,17/04/2025,Rhyacophila,6
TIOG,Tioga River,17/04/2025,Neophylax,8
TIOG,Tioga River,17/04/2025,Optioservus,12
TIOG,Tioga River,17/04/2025,Promoresia,1
TIOG,Tioga River,17/04/2025,Chironomidae,21
TIOG,Tioga River,17/04/2025,Dicranota,2
TIOG,Tioga River,17/04/2025,Hexatoma,1
TIOG,Tioga River,17/04/2025,Nemertea,1
TIOG,Tioga River,17/04/2025,Nematoda,1
TIOG,Tioga River,17/04/2025,Oligochaeta,1
TIOG,Tioga River,17/04/2025,Cheumatopsyche,2
TIOG,Tioga River,17/04/2025,Ephemerella,7
TIOG,Tioga River,17/04/2025,Hydracarina,2
TIOG,Tioga River,17/04/2025,Lepidostoma,2
TIOG,Tioga River,17/04/2025,Isoperla,1
TIOG,Tioga River,17/04/2025,Agnetina,2
TIOG,Tioga River,17/04/2025,Prostoia,1
TIOG,Tioga River,17/04/2025,Amphinemura,2
TIOG,Tioga River,17/04/2025,Leuctra,15
TIOG,Tioga River,17/04/2025,Polycentropus,1
TIOG,Tioga River,17/04/2025,Epeorus,10
TIOG,Tioga River,17/04/2025,Cinygmula,2
TIOG,Tioga River,17/04/2025,Drunella,3
TIOG,Tioga River,17/04/2025,Bezzia,2
TIOG,Tioga River,17/04/2025,Ceraclea,1
TIOG,Tioga River,17/04/2025,Habrophlebia,2
TIOG,Tioga River,17/04/2025,Haploperla,2
TIOG,Tioga River,17/04/2025,Sweltsa,1
TIOG,Tioga River,17/04/2025,Serratella,13
TIOG,Tioga River,17/04/2025,Neoplasta,1
TIOG,Tioga River,17/04/2025,Leucrocuta,4
TIOG,Tioga River,17/04/2025,Oulimnius,2
TIOG,Tioga River,17/04/2025,Rhyacophila,10
TIOG,Tioga River,17/04/2025,Acerpenna,2
TIOG,Tioga River,17/04/2025,Optioservus,7
TIOG,Tioga River,17/04/2025,Baetis,5
TIOG,Tioga River,17/04/2025,Simulium,1
TIOG,Tioga River,17/04/2025,Maccaffertium,1
TIOG,Tioga River,17/04/2025,Diphetor,3
TIOG,Tioga River,17/04/2025,Prosimulium,3
TIOG,Tioga River,17/04/2025,Dicranota,1
TIOG,Tioga River,17/04/2025,Oligochaeta,5
TIOG,Tioga River,17/04/2025,Chironomidae,63
TIOG,Tioga River,17/04/2025,Sphaeriidae,1
TIOG,Tioga River,17/04/2025,Hemerodromia,1
TIOG,Tioga River,17/04/2025,Paraleptophlebia,33
TROT,Trout Run,29/04/2024,Chimarra,2
TROT,Trout Run,29/04/2024,Cheumatopsyche,3
TROT,Trout Run,29/04/2024,Baetis,9
TROT,Trout Run,29/04/2024,Amphinemura,11
TROT,Trout Run,29/04/2024,Acroneuria,1
TROT,Trout Run,29/04/2024,Hydracarina,1
TROT,Trout Run,29/04/2024,Haploperla,6
TROT,Trout Run,29/04/2024,Prosimulium,2
TROT,Trout Run,29/04/2024,Oulimnius,5
TROT,Trout Run,29/04/2024,Promoresia,6
TROT,Trout Run,29/04/2024,Oligochaeta,4
TROT,Trout Run,29/04/2024,Mystacides,1
TROT,Trout Run,29/04/2024,Leptophlebiidae,1
TROT,Trout Run,29/04/2024,Acerpenna,9
TROT,Trout Run,29/04/2024,Dolophilodes,3
TROT,Trout Run,29/04/2024,Maccaffertium,23
TROT,Trout Run,29/04/2024,Chironomidae,37
TROT,Trout Run,29/04/2024,Ephemerella,1
TROT,Trout Run,29/04/2024,Hemerodromia,1
TROT,Trout Run,29/04/2024,Hexatoma,1
TROT,Trout Run,29/04/2024,Isoperla,3
TROT,Trout Run,29/04/2024,Lanthus,1
TROT,Trout Run,29/04/2024,Lepidostoma,4
TROT,Trout Run,29/04/2024,Drunella,2
TROT,Trout Run,29/04/2024,Leuctra,58
TROT,Trout Run,29/04/2024,Epeorus,9
TROT,Trout Run,29/04/2024,Acerpenna,9
TROT,Trout Run,29/04/2024,Amphinemura,2
TROT,Trout Run,29/04/2024,Antocha,2
TROT,Trout Run,29/04/2024,Cambarus,1
TROT,Trout Run,29/04/2024,Cheumatopsyche,4
TROT,Trout Run,29/04/2024,Chironomidae,72
TROT,Trout Run,29/04/2024,Chloroperlidae,1
TROT,Trout Run,29/04/2024,Diplectrona,1
TROT,Trout Run,29/04/2024,Drunella,6
TROT,Trout Run,29/04/2024,Epeorus,20
TROT,Trout Run,29/04/2024,Ephemerella,4
TROT,Trout Run,29/04/2024,Eurylophella,1
TROT,Trout Run,29/04/2024,Gomphidae,3
TROT,Trout Run,29/04/2024,Haploperla,8
TROT,Trout Run,29/04/2024,Hemerodromia,1
TROT,Trout Run,29/04/2024,Hexatoma,6
TROT,Trout Run,29/04/2024,Hydropsyche,4
TROT,Trout Run,29/04/2024,Isoperla,5
TROT,Trout Run,29/04/2024,Lepidostoma,1
TROT,Trout Run,29/04/2024,Leptophlebiidae,6
TROT,Trout Run,29/04/2024,Leuctra,21
TROT,Trout Run,29/04/2024,Maccaffertium,19
TROT,Trout Run,29/04/2024,Oligochaeta,3
TROT,Trout Run,29/04/2024,Promoresia,5
TROT,Trout Run,29/04/2024,Oulimnius,9
TROT,Trout Run,29/04/2024,Paragnetina,1
TROT,Trout Run,29/04/2024,Paraleptophlebia,1
TROT,Trout Run,29/04/2024,Simulium,1
TROT,Trout Run,29/04/2024,Stenacron,2
TROT,Trout Run,29/04/2024,Wormaldia,1
TROT,Trout Run,29/04/2024,Acerpenna,2
TROT,Trout Run,29/04/2024,Acroneuria,6
TROT,Trout Run,29/04/2024,Baetis,6
TROT,Trout Run,29/04/2024,Bezzia,1
TROT,Trout Run,29/04/2024,Boyeria,1
TROT,Trout Run,29/04/2024,Cambarus,2
TROT,Trout Run,29/04/2024,Chimarra,2
TROT,Trout Run,29/04/2024,Chironomidae,55
TROT,Trout Run,29/04/2024,Diploperla,1
TROT,Trout Run,29/04/2024,Dolophilodes,39
TROT,Trout Run,29/04/2024,Epeorus,1
TROT,Trout Run,29/04/2024,Eurylophella,1
TROT,Trout Run,29/04/2024,Heptageniidae,1
TROT,Trout Run,29/04/2024,Hexatoma,4
TROT,Trout Run,29/04/2024,Hydropsyche,4
TROT,Trout Run,29/04/2024,Leptophlebiidae,3
TROT,Trout Run,29/04/2024,Leuctra,35
TROT,Trout Run,29/04/2024,Oligochaeta,13
TROT,Trout Run,29/04/2024,Maccaffertium,7
TROT,Trout Run,29/04/2024,Nigronia,2
TROT,Trout Run,29/04/2024,Optioservus,4
TROT,Trout Run,29/04/2024,Oulimnius,2
TROT,Trout Run,29/04/2024,Paracapnia,9
TROT,Trout Run,29/04/2024,Promoresia,3
TROT,Trout Run,29/04/2024,Psilotreta,1
TROT,Trout Run,29/04/2024,Rhagovelia,1
TROT,Trout Run,29/04/2024,Rhyacophila,1
TROT,Trout Run,29/04/2024,Simulium,1
TROT,Trout Run,29/04/2024,Stenacron,6
TROT,Trout Run,29/04/2024,Sweltsa,2
TROT,Trout Run,29/04/2024,Baetis,12
TROT,Trout Run,29/04/2024,Epeorus,5
TROT,Trout Run,29/04/2024,Maccaffertium,25
TROT,Trout Run,29/04/2024,Isonychia,1
TROT,Trout Run,29/04/2024,Paracapnia,3
TROT,Trout Run,29/04/2024,Leuctra,1
TROT,Trout Run,29/04/2024,Acroneuria,1
TROT,Trout Run,29/04/2024,Ceratopsyche,11
TROT,Trout Run,29/04/2024,Hydropsyche,2
TROT,Trout Run,29/04/2024,Dolophilodes,73
TROT,Trout Run,29/04/2024,Rhyacophila,2
TROT,Trout Run,29/04/2024,Oulimnius,3
TROT,Trout Run,29/04/2024,Stenelmis,1
TROT,Trout Run,29/04/2024,Chironomidae,53
TROT,Trout Run,29/04/2024,Roederiodes,3
TROT,Trout Run,29/04/2024,Hexatoma,3
TROT,Trout Run,29/04/2024,Tipula,1
TROT,Trout Run,29/04/2024,Oligochaeta,12
TROT,Trout Run,29/04/2024,Eurylophella,2
TROT,Trout Run,29/04/2024,Epeorus,18
TROT,Trout Run,29/04/2024,Leucrocuta,1
TROT,Trout Run,29/04/2024,Maccaffertium,3
TROT,Trout Run,29/04/2024,Stenacron,1
TROT,Trout Run,29/04/2024,Paracapnia,8
TROT,Trout Run,29/04/2024,Chloroperlidae,1
TROT,Trout Run,29/04/2024,Leuctridae,1
TROT,Trout Run,29/04/2024,Acroneuria,1
TROT,Trout Run,29/04/2024,Perlodidae,1
TROT,Trout Run,29/04/2024,Glossosoma,3
TROT,Trout Run,29/04/2024,Ceratopsyche,5
TROT,Trout Run,29/04/2024,Cheumatopsyche,2
TROT,Trout Run,29/04/2024,Limnephilidae,1
TROT,Trout Run,29/04/2024,Dolophilodes,8
TROT,Trout Run,29/04/2024,Rhyacophila,2
TROT,Trout Run,29/04/2024,Oulimnius,7
TROT,Trout Run,29/04/2024,Promoresia,8
TROT,Trout Run,29/04/2024,Chironomidae,109
TROT,Trout Run,29/04/2024,Hemerodromia,3
TROT,Trout Run,29/04/2024,Oligochaeta,30
TROT,Trout Run,29/04/2024,Eurylophella,2
TROT,Trout Run,29/04/2024,Epeorus,23
TROT,Trout Run,29/04/2024,Maccaffertium,4
TROT,Trout Run,29/04/2024,Paracapnia,11
TROT,Trout Run,29/04/2024,Leuctra,6
TROT,Trout Run,29/04/2024,Acroneuria,3
TROT,Trout Run,29/04/2024,Isoperla,1
TROT,Trout Run,29/04/2024,Taeniopteryx,1
TROT,Trout Run,29/04/2024,Glossosoma,2
TROT,Trout Run,29/04/2024,Ceratopsyche,15
TROT,Trout Run,29/04/2024,Diplectrona,1
TROT,Trout Run,29/04/2024,Acerpenna,1
TROT,Trout Run,29/04/2024,Lepidostoma,1
TROT,Trout Run,29/04/2024,Dolophilodes,15
TROT,Trout Run,29/04/2024,Boyeria,1
TROT,Trout Run,29/04/2024,Chironomidae,80
TROT,Trout Run,29/04/2024,Hemerodromia,1
TROT,Trout Run,29/04/2024,Antocha,1
TROT,Trout Run,29/04/2024,Oligochaeta,56
TROT,Trout Run,29/04/2024,Acentrella,1
TROT,Trout Run,29/04/2024,Epeorus,19
TROT,Trout Run,29/04/2024,Maccaffertium,3
TROT,Trout Run,29/04/2024,Paracapnia,8
TROT,Trout Run,29/04/2024,Chloroperlidae,1
TROT,Trout Run,29/04/2024,Leuctra,3
TROT,Trout Run,29/04/2024,Acroneuria,1
TROT,Trout Run,29/04/2024,Isoperla,1
TROT,Trout Run,29/04/2024,Glossosoma,1
TROT,Trout Run,29/04/2024,Ceratopsyche,5
TROT,Trout Run,29/04/2024,Cheumatopsyche,1
TROT,Trout Run,29/04/2024,Diplectrona,1
TROT,Trout Run,29/04/2024,Lepidostoma,1
TROT,Trout Run,29/04/2024,Chimarra,11
TROT,Trout Run,29/04/2024,Polycentropus,1
TROT,Trout Run,29/04/2024,Oulimnius,3
TROT,Trout Run,29/04/2024,Chironomidae,113
TROT,Trout Run,29/04/2024,Hemerodromia,1
TROT,Trout Run,29/04/2024,Roederiodes,1
TROT,Trout Run,29/04/2024,Dicranota,3
TROT,Trout Run,29/04/2024,Oligochaeta,30
TROT,Trout Run,29/04/2024,Ceratopsyche,4
TROT,Trout Run,29/04/2024,Neoplasta,3
TROT,Trout Run,29/04/2024,Boyeria,1
TROT,Trout Run,29/04/2024,Simulium,1
TROT,Trout Run,29/04/2024,Dicranota,4
TROT,Trout Run,29/04/2024,Rhyacophila,2
TROT,Trout Run,29/04/2024,Dolophilodes,8
TROT,Trout Run,29/04/2024,Lepidostoma,4
TROT,Trout Run,29/04/2024,Maccaffertium,2
TROT,Trout Run,29/04/2024,Acerpenna,1
TROT,Trout Run,29/04/2024,Oulimnius,1
TROT,Trout Run,29/04/2024,Chironomidae,84
TROT,Trout Run,29/04/2024,Leucrocuta,1
TROT,Trout Run,29/04/2024,Paraleptophlebia,1
TROT,Trout Run,29/04/2024,Haploperla,3
TROT,Trout Run,29/04/2024,Sweltsa,2
TROT,Trout Run,29/04/2024,Leuctra,28
TROT,Trout Run,29/04/2024,Amphinemura,10
TROT,Trout Run,29/04/2024,Acroneuria,5
TROT,Trout Run,29/04/2024,Isoperla,19
TROT,Trout Run,29/04/2024,Epeorus,39
TROT,Trout Run,29/04/2024,Baetis,6
TROT,Trout Run,29/04/2024,Oligochaeta,4
TROT,Trout Run,29/04/2024,Optioservus,2
TROT,Trout Run,29/04/2024,Maccaffertium,2
TROT,Trout Run,29/04/2024,Oligochaeta,19
TROT,Trout Run,29/04/2024,Hydracarina,1
TROT,Trout Run,29/04/2024,Chironomidae,109
TROT,Trout Run,29/04/2024,Ceratopogonidae,2
TROT,Trout Run,29/04/2024,Leuctra,47
TROT,Trout Run,29/04/2024,Acerpenna,6
TROT,Trout Run,29/04/2024,Leucrocuta,1
TROT,Trout Run,29/04/2024,Stenacron,1
TROT,Trout Run,29/04/2024,Hexatoma,2
TROT,Trout Run,29/04/2024,Haploperla,5
TROT,Trout Run,29/04/2024,Baetis,1
TROT,Trout Run,29/04/2024,Amphinemura,3
TROT,Trout Run,29/04/2024,Isoperla,2
TROT,Trout Run,29/04/2024,Ceratopsyche,1
TROT,Trout Run,29/04/2024,Lepidostoma,1
TROT,Trout Run,29/04/2024,Dolophilodes,4
TROT,Trout Run,29/04/2024,Oulimnius,11
TROT,Trout Run,29/04/2024,Promoresia,2
TROT,Trout Run,29/04/2024,Habrophlebia,2
TROT,Trout Run,29/04/2024,Epeorus,9
TROT,Trout Run,29/04/2024,Dicranota,1
TROT,Trout Run,29/04/2024,Acerpenna,1
TROT,Trout Run,29/04/2024,Amphinemura,4
TROT,Trout Run,29/04/2024,Ceratopsyche,1
TROT,Trout Run,29/04/2024,Dicranota,2
TROT,Trout Run,29/04/2024,Epeorus,8
TROT,Trout Run,29/04/2024,Eurylophella,3
TROT,Trout Run,29/04/2024,Isoperla,2
TROT,Trout Run,29/04/2024,Leuctra,21
TROT,Trout Run,29/04/2024,Maccaffertium,4
TROT,Trout Run,29/04/2024,Neoplasta,2
TROT,Trout Run,29/04/2024,Oligochaeta,3
TROT,Trout Run,29/04/2024,Paracapnia,1
TROT,Trout Run,29/04/2024,Rhyacophila,1
TROT,Trout Run,29/04/2024,Sweltsa,1
TROT,Trout Run,29/04/2024,Acroneuria,5
TROT,Trout Run,29/04/2024,Ceratopogonidae,1
TROT,Trout Run,29/04/2024,Cheumatopsyche,1
TROT,Trout Run,29/04/2024,Chironomidae,113
TROT,Trout Run,29/04/2024,Chloroperlidae,7
TROT,Trout Run,29/04/2024,Dolophilodes,1
TROT,Trout Run,29/04/2024,Lepidostoma,1
TROT,Trout Run,29/04/2024,Molophilus,1
TROT,Trout Run,29/04/2024,Prosimulium,10
TROT,Trout Run,29/04/2024,Tallaperla,1
Tuscarora,Tuscarora Creek,10/04/2018,Argia,12
Tuscarora,Tuscarora Creek,10/04/2018,Atherix,6
Tuscarora,Tuscarora Creek,10/04/2018,Berosus,1
Tuscarora,Tuscarora Creek,10/04/2018,Caenis,11
Tuscarora,Tuscarora Creek,10/04/2018,Cheumatopsyche,21
Tuscarora,Tuscarora Creek,10/04/2018,Chimarra,38
Tuscarora,Tuscarora Creek,10/04/2018,Chironomidae,39
Tuscarora,Tuscarora Creek,10/04/2018,Gomphidae,1
Tuscarora,Tuscarora Creek,10/04/2018,Gomphus,1
Tuscarora,Tuscarora Creek,10/04/2018,Hydracarina,1
Tuscarora,Tuscarora Creek,10/04/2018,Hydropsyche,6
Tuscarora,Tuscarora Creek,10/04/2018,Isonychia,23
Tuscarora,Tuscarora Creek,10/04/2018,Leucrocuta,10
Tuscarora,Tuscarora Creek,10/04/2018,Maccaffertium,23
Tuscarora,Tuscarora Creek,10/04/2018,Neophylax,1
Tuscarora,Tuscarora Creek,10/04/2018,Optioservus,4
Tuscarora,Tuscarora Creek,10/04/2018,Psephenus,13
Tuscarora,Tuscarora Creek,10/04/2018,Serratella,3
Tuscarora,Tuscarora Creek,10/04/2018,Sialis,1
Tuscarora,Tuscarora Creek,10/04/2018,Stenacron,1
Tuscarora,Tuscarora Creek,10/04/2018,Stenelmis,4
Tuscarora,Tuscarora Creek,10/04/2018,Taeniopteryx,9
Tuscarora,Tuscarora Creek,10/04/2018,Tipula,1
Tuscarora,Tuscarora Creek,10/04/2018,Tricorythodes,2
Tuscarora,Tuscarora Creek,10/04/2018,Baetis,1
Tuscarora,Tuscarora Creek,10/04/2018,Caenis,21
Tuscarora,Tuscarora Creek,10/04/2018,Ephemerella,6
Tuscarora,Tuscarora Creek,10/04/2018,Eurylophella,3
Tuscarora,Tuscarora Creek,10/04/2018,Serratella,3
Tuscarora,Tuscarora Creek,10/04/2018,Ephemera,1
Tuscarora,Tuscarora Creek,10/04/2018,Leucrocuta,1
Tuscarora,Tuscarora Creek,10/04/2018,Maccaffertium,10
Tuscarora,Tuscarora Creek,10/04/2018,Isonychia,20
Tuscarora,Tuscarora Creek,10/04/2018,Tricorythodes,2
Tuscarora,Tuscarora Creek,10/04/2018,Paraleptophlebia,2
Tuscarora,Tuscarora Creek,10/04/2018,Acroneuria,1
Tuscarora,Tuscarora Creek,10/04/2018,Taeniopteryx,7
Tuscarora,Tuscarora Creek,10/04/2018,Helicopsyche,2
Tuscarora,Tuscarora Creek,10/04/2018,Ceratopsyche,11
Tuscarora,Tuscarora Creek,10/04/2018,Cheumatopsyche,17
Tuscarora,Tuscarora Creek,10/04/2018,Hydropsyche,1
Tuscarora,Tuscarora Creek,10/04/2018,Chimarra,6
Tuscarora,Tuscarora Creek,10/04/2018,Polycentropus,2
Tuscarora,Tuscarora Creek,10/04/2018,Psychomyia,1
Tuscarora,Tuscarora Creek,10/04/2018,Argia,7
Tuscarora,Tuscarora Creek,10/04/2018,Gomphidae,3
Tuscarora,Tuscarora Creek,10/04/2018,Optioservus,8
Tuscarora,Tuscarora Creek,10/04/2018,Stenelmis,5
Tuscarora,Tuscarora Creek,10/04/2018,Berosus,1
Tuscarora,Tuscarora Creek,10/04/2018,Psephenus,39
Tuscarora,Tuscarora Creek,10/04/2018,Chironomidae,35
Tuscarora,Tuscarora Creek,10/04/2018,Hemerodromia,1
Tuscarora,Tuscarora Creek,10/04/2018,Sphaeriidae,4
Tuscarora,Tuscarora Creek,10/04/2018,Hydracarina,5
Tuscarora,Tuscarora Creek,10/04/2018,Caenis,110
Tuscarora,Tuscarora Creek,10/04/2018,Eurylophella,6
Tuscarora,Tuscarora Creek,10/04/2018,Ephemera,2
Tuscarora,Tuscarora Creek,10/04/2018,Leucrocuta,1
Tuscarora,Tuscarora Creek,10/04/2018,Maccaffertium,13
Tuscarora,Tuscarora Creek,10/04/2018,Stenacron,6
Tuscarora,Tuscarora Creek,10/04/2018,Paraleptophlebia,7
Tuscarora,Tuscarora Creek,10/04/2018,Polycentropus,1
Tuscarora,Tuscarora Creek,10/04/2018,Neophylax,2
Tuscarora,Tuscarora Creek,10/04/2018,Stenelmis,6
Tuscarora,Tuscarora Creek,10/04/2018,Psephenus,22
Tuscarora,Tuscarora Creek,10/04/2018,Dasyhelea,1
Tuscarora,Tuscarora Creek,10/04/2018,Chironomidae,40
Tuscarora,Tuscarora Creek,10/04/2018,Hemerodromia,2
Tuscarora,Tuscarora Creek,10/04/2018,Turbellaria,1
Tuscarora,Tuscarora Creek,10/04/2018,Oligochaeta,7
Tuscarora,Tuscarora Creek,10/04/2018,Caenis,10
Tuscarora,Tuscarora Creek,10/04/2018,Ephemerella,2
Tuscarora,Tuscarora Creek,10/04/2018,Eurylophella,9
Tuscarora,Tuscarora Creek,10/04/2018,Leucrocuta,32
Tuscarora,Tuscarora Creek,10/04/2018,Maccaffertium,66
Tuscarora,Tuscarora Creek,10/04/2018,Isonychia,30
Tuscarora,Tuscarora Creek,10/04/2018,Paraleptophlebia,8
Tuscarora,Tuscarora Creek,10/04/2018,Paracapnia,1
Tuscarora,Tuscarora Creek,10/04/2018,Strophopteryx,3
Tuscarora,Tuscarora Creek,10/04/2018,Ceratopsyche,8
Tuscarora,Tuscarora Creek,10/04/2018,Cheumatopsyche,3
Tuscarora,Tuscarora Creek,10/04/2018,Chimarra,3
Tuscarora,Tuscarora Creek,10/04/2018,Neophylax,2
Tuscarora,Tuscarora Creek,10/04/2018,Argia,3
Tuscarora,Tuscarora Creek,10/04/2018,Optioservus,3
Tuscarora,Tuscarora Creek,10/04/2018,Psephenus,10
Tuscarora,Tuscarora Creek,10/04/2018,Atherix,1
Tuscarora,Tuscarora Creek,10/04/2018,Chironomidae,20
Tuscarora,Tuscarora Creek,10/04/2018,Hemerodromia,3
Tuscarora,Tuscarora Creek,10/04/2018,Antocha,5
Tuscarora,Tuscarora Creek,10/04/2018,Oligochaeta,2
Tuscarora,Tuscarora Creek,10/04/2018,Hydracarina,3
Tuscarora,Tuscarora Creek,10/04/2018,Hydracarina,7
Tuscarora,Tuscarora Creek,10/04/2018,Caenis,13
Tuscarora,Tuscarora Creek,10/04/2018,Eurylophella,2
Tuscarora,Tuscarora Creek,10/04/2018,Leucrocuta,34
Tuscarora,Tuscarora Creek,10/04/2018,Maccaffertium,23
Tuscarora,Tuscarora Creek,10/04/2018,Isonychia,21
Tuscarora,Tuscarora Creek,10/04/2018,Paraleptophlebia,4
Tuscarora,Tuscarora Creek,10/04/2018,Acroneuria,1
Tuscarora,Tuscarora Creek,10/04/2018,Helicopsyche,2
Tuscarora,Tuscarora Creek,10/04/2018,Cheumatopsyche,7
Tuscarora,Tuscarora Creek,10/04/2018,Hydroptila,1
Tuscarora,Tuscarora Creek,10/04/2018,Chimarra,25
Tuscarora,Tuscarora Creek,10/04/2018,Argia,2
Tuscarora,Tuscarora Creek,10/04/2018,Ophiogomphus,1
Tuscarora,Tuscarora Creek,10/04/2018,Optioservus,12
Tuscarora,Tuscarora Creek,10/04/2018,Stenelmis,3
Tuscarora,Tuscarora Creek,10/04/2018,Berosus,1
Tuscarora,Tuscarora Creek,10/04/2018,Psephenus,21
Tuscarora,Tuscarora Creek,10/04/2018,Atherix,2
Tuscarora,Tuscarora Creek,10/04/2018,Chironomidae,18
Tuscarora,Tuscarora Creek,10/04/2018,Hemerodromia,4
Tuscarora,Tuscarora Creek,10/04/2018,Turbellaria,2
Tuscarora,Tuscarora Creek,10/04/2018,Oligochaeta,2
Tuscarora,Tuscarora Creek,10/04/2018,Antocha,2
Tuscarora,Tuscarora Creek,10/04/2018,Argia,1
Tuscarora,Tuscarora Creek,10/04/2018,Ceratopsyche,4
Tuscarora,Tuscarora Creek,10/04/2018,Chimarra,3
Tuscarora,Tuscarora Creek,10/04/2018,Clinocera,2
Tuscarora,Tuscarora Creek,10/04/2018,Isonychia,3
Tuscarora,Tuscarora Creek,10/04/2018,Leptophlebiidae,4
Tuscarora,Tuscarora Creek,10/04/2018,Maccaffertium,16
Tuscarora,Tuscarora Creek,10/04/2018,Psephenus,8
Tuscarora,Tuscarora Creek,10/04/2018,Stenacron,4
Tuscarora,Tuscarora Creek,10/04/2018,Allocapnia,2
Tuscarora,Tuscarora Creek,10/04/2018,Caenis,1
Tuscarora,Tuscarora Creek,10/04/2018,Cheumatopsyche,4
Tuscarora,Tuscarora Creek,10/04/2018,Chironomidae,88
Tuscarora,Tuscarora Creek,10/04/2018,Hydracarina,6
Tuscarora,Tuscarora Creek,10/04/2018,Leucrocuta,37
Tuscarora,Tuscarora Creek,10/04/2018,Neophylax,3
Tuscarora,Tuscarora Creek,10/04/2018,Optioservus,1
Tuscarora,Tuscarora Creek,10/04/2018,Prosimulium,3
Tuscarora,Tuscarora Creek,10/04/2018,Prostoia,3
Tuscarora,Tuscarora Creek,10/04/2018,Stenonema,1
WBOT 3.3,West Branch Octoraro Creek,29/04/2025,Nematoda,2
WBOT 3.3,West Branch Octoraro Creek,29/04/2025,Corbicula,1
WBOT 3.3,West Branch Octoraro Creek,29/04/2025,Chironomidae,36
WBOT 3.3,West Branch Octoraro Creek,29/04/2025,Chimarra,7
WBOT 3.3,West Branch Octoraro Creek,29/04/2025,Cheumatopsyche,2
WBOT 3.3,West Branch Octoraro Creek,29/04/2025,Baetis,1
WBOT 3.3,West Branch Octoraro Creek,29/04/2025,Antocha,3
WBOT 3.3,West Branch Octoraro Creek,29/04/2025,Helicopsyche,3
WBOT 3.3,West Branch Octoraro Creek,29/04/2025,Teloganopsis,17
WBOT 3.3,West Branch Octoraro Creek,29/04/2025,Turbellaria,1
WBOT 3.3,West Branch Octoraro Creek,29/04/2025,Acentrella,1
WBOT 3.3,West Branch Octoraro Creek,29/04/2025,Isonychia,2
WBOT 3.3,West Branch Octoraro Creek,29/04/2025,Simulium,2
WBOT 3.3,West Branch Octoraro Creek,29/04/2025,Hemerodromia,3
WBOT 3.3,West Branch Octoraro Creek,29/04/2025,Perlesta,2
WBOT 3.3,West Branch Octoraro Creek,29/04/2025,Oulimnius,2
WBOT 3.3,West Branch Octoraro Creek,29/04/2025,Oligochaeta,63
WBOT 3.3,West Branch Octoraro Creek,29/04/2025,Maccaffertium,14
WBOT 3.3,West Branch Octoraro Creek,29/04/2025,Hydropsyche,4
WBOT 3.3,West Branch Octoraro Creek,29/04/2025,Hydracarina,2
WBOT 3.3,West Branch Octoraro Creek,29/04/2025,Stenelmis,53
WBOT 3.3,West Branch Octoraro Creek,29/04/2025,Oligochaeta,12
WBOT 3.3,West Branch Octoraro Creek,29/04/2025,Optioservus,1
WBOT 3.3,West Branch Octoraro Creek,29/04/2025,Oulimnius,3
WBOT 3.3,West Branch Octoraro Creek,29/04/2025,Maccaffertium,6
WBOT 3.3,West Branch Octoraro Creek,29/04/2025,Perlesta,1
WBOT 3.3,West Branch Octoraro Creek,29/04/2025,Protoptila,1
WBOT 3.3,West Branch Octoraro Creek,29/04/2025,Psephenus,3
WBOT 3.3,West Branch Octoraro Creek,29/04/2025,Leucrocuta,2
WBOT 3.3,West Branch Octoraro Creek,29/04/2025,Teloganopsis,16
WBOT 3.3,West Branch Octoraro Creek,29/04/2025,Chimarra,2
WBOT 3.3,West Branch Octoraro Creek,29/04/2025,Turbellaria,4
WBOT 3.3,West Branch Octoraro Creek,29/04/2025,Stenelmis,56
WBOT 3.3,West Branch Octoraro Creek,29/04/2025,Isonychia,1
WBOT 3.3,West Branch Octoraro Creek,29/04/2025,Hydropsyche,5
WBOT 3.3,West Branch Octoraro Creek,29/04/2025,Hemerodromia,4
WBOT 3.3,West Branch Octoraro Creek,29/04/2025,Gammarus,2
WBOT 3.3,West Branch Octoraro Creek,29/04/2025,Chironomidae,52
WBOT 3.3,West Branch Octoraro Creek,29/04/2025,Cheumatopsyche,1
WBOT 3.3,West Branch Octoraro Creek,29/04/2025,Baetis,38
WBOT 3.3,West Branch Octoraro Creek,29/04/2025,Antocha,1
WBOT 3.3,West Branch Octoraro Creek,29/04/2025,Acentrella,4
WBOT 3.3,West Branch Octoraro Creek,29/04/2025,Hydracarina,2
WBOT 3.3,West Branch Octoraro Creek,29/04/2025,Crangonyx,1
WBOT 3.3,West Branch Octoraro Creek,29/04/2025,Acentrella,14
WBOT 3.3,West Branch Octoraro Creek,29/04/2025,Argia,1
WBOT 3.3,West Branch Octoraro Creek,29/04/2025,Cheumatopsyche,1
WBOT 3.3,West Branch Octoraro Creek,29/04/2025,Chimarra,2
WBOT 3.3,West Branch Octoraro Creek,29/04/2025,Chironomidae,53
WBOT 3.3,West Branch Octoraro Creek,29/04/2025,Hemerodromia,1
WBOT 3.3,West Branch Octoraro Creek,29/04/2025,Hydropsyche,4
WBOT 3.3,West Branch Octoraro Creek,29/04/2025,Isonychia,11
WBOT 3.3,West Branch Octoraro Creek,29/04/2025,Isoperla,2
WBOT 3.3,West Branch Octoraro Creek,29/04/2025,Maccaffertium,5
WBOT 3.3,West Branch Octoraro Creek,29/04/2025,Oligochaeta,12
WBOT 3.3,West Branch Octoraro Creek,29/04/2025,Oulimnius,3
WBOT 3.3,West Branch Octoraro Creek,29/04/2025,Perlesta,9
WBOT 3.3,West Branch Octoraro Creek,29/04/2025,Prostoma,1
WBOT 3.3,West Branch Octoraro Creek,29/04/2025,Psephenus,12
WBOT 3.3,West Branch Octoraro Creek,29/04/2025,Simulium,2
WBOT 3.3,West Branch Octoraro Creek,29/04/2025,Stenelmis,84
WBOT 3.3,West Branch Octoraro Creek,29/04/2025,Teloganopsis,2
WBOT 3.3,West Branch Octoraro Creek,29/04/2025,Trichoclinocera,3
WBOT 3.3,West Branch Octoraro Creek,29/04/2025,Hydracarina,3
WEST 2.0,West Creek,15/04/2024,Antocha,1
WEST 2.0,West Creek,15/04/2024,Leucrocuta,2
WEST 2.0,West Creek,15/04/2024,Stenelmis,6
WEST 2.0,West Creek,15/04/2024,Psephenus,4
WEST 2.0,West Creek,15/04/2024,Prosimulium,1
WEST 2.0,West Creek,15/04/2024,Polycentropus,2
WEST 2.0,West Creek,15/04/2024,Plauditus,1
WEST 2.0,West Creek,15/04/2024,Optioservus,2
WEST 2.0,West Creek,15/04/2024,Oligochaeta,2
WEST 2.0,West Creek,15/04/2024,Neoplasta,1
WEST 2.0,West Creek,15/04/2024,Neophylax,2
WEST 2.0,West Creek,15/04/2024,Caenis,1
WEST 2.0,West Creek,15/04/2024,Leuctra,1
WEST 2.0,West Creek,15/04/2024,Trichoclinocera,1
WEST 2.0,West Creek,15/04/2024,Isoperla,5
WEST 2.0,West Creek,15/04/2024,Isonychia,2
WEST 2.0,West Creek,15/04/2024,Hydropsyche,7
WEST 2.0,West Creek,15/04/2024,Gomphidae,1
WEST 2.0,West Creek,15/04/2024,Ephemerella,43
WEST 2.0,West Creek,15/04/2024,Drunella,3
WEST 2.0,West Creek,15/04/2024,Dolophilodes,2
WEST 2.0,West Creek,15/04/2024,Cinygmula,7
WEST 2.0,West Creek,15/04/2024,Chironomidae,24
WEST 2.0,West Creek,15/04/2024,Chimarra,1
WEST 2.0,West Creek,15/04/2024,Cheumatopsyche,1
WEST 2.0,West Creek,15/04/2024,Maccaffertium,12
WEST 2.0,West Creek,15/04/2024,Amphinemura,1
WEST 2.0,West Creek,15/04/2024,Acroneuria,2
WEST 2.0,West Creek,15/04/2024,Agapetus,1
WEST 2.0,West Creek,15/04/2024,Acentrella,51
WEST 2.0,West Creek,15/04/2024,Simulium,18
WEST 2.0,West Creek,15/04/2024,Acerpenna,3
WEST 2.0,West Creek,15/04/2024,Acroneuria,2
WEST 2.0,West Creek,15/04/2024,Alloperla,2
WEST 2.0,West Creek,15/04/2024,Antocha,8
WEST 2.0,West Creek,15/04/2024,Baetis,2
WEST 2.0,West Creek,15/04/2024,Boyeria,1
WEST 2.0,West Creek,15/04/2024,Caenis,1
WEST 2.0,West Creek,15/04/2024,Ceratopogonidae,1
WEST 2.0,West Creek,15/04/2024,Cheumatopsyche,7
WEST 2.0,West Creek,15/04/2024,Chimarra,2
WEST 2.0,West Creek,15/04/2024,Chironomidae,31
WEST 2.0,West Creek,15/04/2024,Cinygmula,9
WEST 2.0,West Creek,15/04/2024,Cultus,1
WEST 2.0,West Creek,15/04/2024,Drunella,10
WEST 2.0,West Creek,15/04/2024,Epeorus,7
WEST 2.0,West Creek,15/04/2024,Ephemerella,10
WEST 2.0,West Creek,15/04/2024,Orconectes,1
WEST 2.0,West Creek,15/04/2024,Gomphidae,1
WEST 2.0,West Creek,15/04/2024,Hemerodromia,4
WEST 2.0,West Creek,15/04/2024,Hydropsyche,8
WEST 2.0,West Creek,15/04/2024,Isonychia,3
WEST 2.0,West Creek,15/04/2024,Isoperla,10
WEST 2.0,West Creek,15/04/2024,Leptophlebiidae,2
WEST 2.0,West Creek,15/04/2024,Leucrocuta,11
WEST 2.0,West Creek,15/04/2024,Leuctra,3
WEST 2.0,West Creek,15/04/2024,Maccaffertium,23
WEST 2.0,West Creek,15/04/2024,Neophylax,3
WEST 2.0,West Creek,15/04/2024,Neoplasta,1
WEST 2.0,West Creek,15/04/2024,Oligochaeta,11
WEST 2.0,West Creek,15/04/2024,Optioservus,4
WEST 2.0,West Creek,15/04/2024,Psephenus,5
WEST 2.0,West Creek,15/04/2024,Rhyacophila,2
WEST 2.0,West Creek,15/04/2024,Simulium,2
WEST 2.0,West Creek,15/04/2024,Sphaeriidae,1
WEST 2.0,West Creek,15/04/2024,Stenacron,3
WEST 2.0,West Creek,15/04/2024,Stenelmis,1
WEST 2.0,West Creek,15/04/2024,Trichoclinocera,7
WEST 2.0,West Creek,15/04/2024,Hydracarina,1
WEST 2.0,West Creek,15/04/2024,Baetis,1
WEST 2.0,West Creek,15/04/2024,Rhyacophila,1
WEST 2.0,West Creek,15/04/2024,Acentrella,19
WEST 2.0,West Creek,15/04/2024,Leucrocuta,1
WEST 2.0,West Creek,15/04/2024,Epeorus,9
WEST 2.0,West Creek,15/04/2024,Drunella,6
WEST 2.0,West Creek,15/04/2024,Ephemerella,25
WEST 2.0,West Creek,15/04/2024,Eurylophella,1
WEST 2.0,West Creek,15/04/2024,Serratella,1
WEST 2.0,West Creek,15/04/2024,Cinygmula,15
WEST 2.0,West Creek,15/04/2024,Diphetor,1
WEST 2.0,West Creek,15/04/2024,Hydracarina,1
WEST 2.0,West Creek,15/04/2024,Amphinemura,1
WEST 2.0,West Creek,15/04/2024,Trichoclinocera,2
WEST 2.0,West Creek,15/04/2024,Oulimnius,2
WEST 2.0,West Creek,15/04/2024,Simulium,2
WEST 2.0,West Creek,15/04/2024,Chironomidae,99
WEST 2.0,West Creek,15/04/2024,Ceratopogonidae,1
WEST 2.0,West Creek,15/04/2024,Psephenus,3
WEST 2.0,West Creek,15/04/2024,Isonychia,1
WEST 2.0,West Creek,15/04/2024,Optioservus,1
WEST 2.0,West Creek,15/04/2024,Maccaffertium,9
WEST 2.0,West Creek,15/04/2024,Isoperla,1
WEST 2.0,West Creek,15/04/2024,Dolophilodes,3
WEST 2.0,West Creek,15/04/2024,Chimarra,1
WEST 2.0,West Creek,15/04/2024,Stactobiella,1
WEST 2.0,West Creek,15/04/2024,Haploperla,3
WEST 2.0,West Creek,15/04/2024,Hydropsyche,1
WEST 2.0,West Creek,15/04/2024,Oligochaeta,10
WEST 2.0,West Creek,15/04/2024,Antocha,1
WEST 2.0,West Creek,15/04/2024,Polycentropus,1
WEST 2.0,West Creek,15/04/2024,Oligochaeta,4
WEST 2.0,West Creek,15/04/2024,Ceratopogonidae,1
WEST 2.0,West Creek,15/04/2024,Acerpenna,1
WEST 2.0,West Creek,15/04/2024,Ephemerellidae,1
WEST 2.0,West Creek,15/04/2024,Epeorus,10
WEST 2.0,West Creek,15/04/2024,Maccaffertium,4
WEST 2.0,West Creek,15/04/2024,Isonychia,5
WEST 2.0,West Creek,15/04/2024,Paraleptophlebia,2
WEST 2.0,West Creek,15/04/2024,Acroneuria,1
WEST 2.0,West Creek,15/04/2024,Nigronia,1
WEST 2.0,West Creek,15/04/2024,Chironomidae,31
WEST 2.0,West Creek,15/04/2024,Cheumatopsyche,2
WEST 2.0,West Creek,15/04/2024,Antocha,5
WEST 2.0,West Creek,15/04/2024,Drunella,6
WEST 2.0,West Creek,15/04/2024,Psephenus,1
WEST 2.0,West Creek,15/04/2024,Isoperla,10
WEST 2.0,West Creek,15/04/2024,Optioservus,6
WEST 2.0,West Creek,15/04/2024,Taenionema,4
WEST 2.0,West Creek,15/04/2024,Gomphidae,2
WEST 2.0,West Creek,15/04/2024,Rhyacophila,2
WEST 2.0,West Creek,15/04/2024,Polycentropus,1
WEST 2.0,West Creek,15/04/2024,Hydropsyche,6
WEST 2.0,West Creek,15/04/2024,Diplectrona,1
WEST 2.0,West Creek,15/04/2024,Baetis,4
WEST 2.0,West Creek,15/04/2024,Oulimnius,1
WEST 2.0,West Creek,15/04/2024,Ephemerella,68
WEST 2.0,West Creek,15/04/2024,Prosimulium,1
WEST 2.0,West Creek,15/04/2024,Cinygmula,47
WEST 2.0,West Creek,15/04/2024,Acentrella,4
WEST 2.0,West Creek,15/04/2024,Plauditus,2
WEST 2.0,West Creek,15/04/2024,Ephemerella,1
WEST 2.0,West Creek,15/04/2024,Serratella,3
WEST 2.0,West Creek,15/04/2024,Epeorus,5
WEST 2.0,West Creek,15/04/2024,Leucrocuta,8
WEST 2.0,West Creek,15/04/2024,Maccaffertium,36
WEST 2.0,West Creek,15/04/2024,Isonychia,19
WEST 2.0,West Creek,15/04/2024,Paraleptophlebia,1
WEST 2.0,West Creek,15/04/2024,Acroneuria,1
WEST 2.0,West Creek,15/04/2024,Paragnetina,6
WEST 2.0,West Creek,15/04/2024,Taeniopterygidae,15
WEST 2.0,West Creek,15/04/2024,Taeniopteryx,28
WEST 2.0,West Creek,15/04/2024,Apatania,1
WEST 2.0,West Creek,15/04/2024,Glossosoma,2
WEST 2.0,West Creek,15/04/2024,Ceratopsyche,27
WEST 2.0,West Creek,15/04/2024,Cheumatopsyche,4
WEST 2.0,West Creek,15/04/2024,Chimarra,20
WEST 2.0,West Creek,15/04/2024,Polycentropus,1
WEST 2.0,West Creek,15/04/2024,Gomphidae,4
WEST 2.0,West Creek,15/04/2024,Optioservus,5
WEST 2.0,West Creek,15/04/2024,Oulimnius,1
WEST 2.0,West Creek,15/04/2024,Stenelmis,1
WEST 2.0,West Creek,15/04/2024,Psephenus,13
WEST 2.0,West Creek,15/04/2024,Atherix,1
WEST 2.0,West Creek,15/04/2024,Chironomidae,19
WEST 2.0,West Creek,15/04/2024,Hemerodromia,2
WEST 2.0,West Creek,15/04/2024,Simulium,1
WEST 2.0,West Creek,15/04/2024,Antocha,1
WEST 2.0,West Creek,15/04/2024,Dicranota,1
WEST 2.0,West Creek,15/04/2024,Nemertea,2
WEST 2.0,West Creek,15/04/2024,Hydracarina,4
WEST 2.0,West Creek,15/04/2024,Caenis,1
WEST 2.0,West Creek,15/04/2024,Eurylophella,2
WEST 2.0,West Creek,15/04/2024,Epeorus,11
WEST 2.0,West Creek,15/04/2024,Leucrocuta,20
WEST 2.0,West Creek,15/04/2024,Maccaffertium,37
WEST 2.0,West Creek,15/04/2024,Isonychia,15
WEST 2.0,West Creek,15/04/2024,Paraleptophlebia,1
WEST 2.0,West Creek,15/04/2024,Acroneuria,1
WEST 2.0,West Creek,15/04/2024,Agnetina,1
WEST 2.0,West Creek,15/04/2024,Paragnetina,4
WEST 2.0,West Creek,15/04/2024,Taeniopterygidae,7
WEST 2.0,West Creek,15/04/2024,Taeniopteryx,12
WEST 2.0,West Creek,15/04/2024,Glossosoma,2
WEST 2.0,West Creek,15/04/2024,Ceratopsyche,9
WEST 2.0,West Creek,15/04/2024,Cheumatopsyche,2
WEST 2.0,West Creek,15/04/2024,Chimarra,2
WEST 2.0,West Creek,15/04/2024,Dolophilodes,1
WEST 2.0,West Creek,15/04/2024,Rhyacophila,3
WEST 2.0,West Creek,15/04/2024,Neophylax,4
WEST 2.0,West Creek,15/04/2024,Gomphidae,5
WEST 2.0,West Creek,15/04/2024,Ophiogomphus,2
WEST 2.0,West Creek,15/04/2024,Corydalus,2
WEST 2.0,West Creek,15/04/2024,Optioservus,15
WEST 2.0,West Creek,15/04/2024,Psephenus,3
WEST 2.0,West Creek,15/04/2024,Atherix,2
WEST 2.0,West Creek,15/04/2024,Chironomidae,47
WEST 2.0,West Creek,15/04/2024,Hemerodromia,1
WEST 2.0,West Creek,15/04/2024,Antocha,2
WEST 2.0,West Creek,15/04/2024,Nemertea,5
WEST 2.0,West Creek,15/04/2024,Nematoda,1
WEST 2.0,West Creek,15/04/2024,Turbellaria,1
WEST 2.0,West Creek,15/04/2024,Oligochaeta,5
WEST 2.0,West Creek,15/04/2024,Hydracarina,1
WEST 2.0,West Creek,15/04/2024,Ephemerella,1
WEST 2.0,West Creek,15/04/2024,Epeorus,9
WEST 2.0,West Creek,15/04/2024,Leucrocuta,5
WEST 2.0,West Creek,15/04/2024,Maccaffertium,8
WEST 2.0,West Creek,15/04/2024,Isonychia,7
WEST 2.0,West Creek,15/04/2024,Allocapnia,4
WEST 2.0,West Creek,15/04/2024,Leuctra,1
WEST 2.0,West Creek,15/04/2024,Acroneuria,2
WEST 2.0,West Creek,15/04/2024,Paragnetina,2
WEST 2.0,West Creek,15/04/2024,Isogenoides,1
WEST 2.0,West Creek,15/04/2024,Isoperla,5
WEST 2.0,West Creek,15/04/2024,Taeniopterygidae,20
WEST 2.0,West Creek,15/04/2024,Taeniopteryx,13
WEST 2.0,West Creek,15/04/2024,Ceratopsyche,14
WEST 2.0,West Creek,15/04/2024,Cheumatopsyche,5
WEST 2.0,West Creek,15/04/2024,Lepidostoma,2
WEST 2.0,West Creek,15/04/2024,Chimarra,18
WEST 2.0,West Creek,15/04/2024,Dolophilodes,2
WEST 2.0,West Creek,15/04/2024,Polycentropus,4
WEST 2.0,West Creek,15/04/2024,Neophylax,1
WEST 2.0,West Creek,15/04/2024,Argia,1
WEST 2.0,West Creek,15/04/2024,Gomphidae,1
WEST 2.0,West Creek,15/04/2024,Corydalus,1
WEST 2.0,West Creek,15/04/2024,Optioservus,6
WEST 2.0,West Creek,15/04/2024,Psephenus,13
WEST 2.0,West Creek,15/04/2024,Atherix,2
WEST 2.0,West Creek,15/04/2024,Chironomidae,92
WEST 2.0,West Creek,15/04/2024,Hemerodromia,1
WEST 2.0,West Creek,15/04/2024,Antocha,1
WEST 2.0,West Creek,15/04/2024,Nemertea,1
WEST 2.0,West Creek,15/04/2024,Turbellaria,1
WEST 2.0,West Creek,15/04/2024,Oligochaeta,6
WEST 2.0,West Creek,15/04/2024,Hydracarina,3
WEST 2.0,West Creek,15/04/2024,Hydracarina,4
WEST 2.0,West Creek,15/04/2024,Acentrella,2
WEST 2.0,West Creek,15/04/2024,Ephemerella,2
WEST 2.0,West Creek,15/04/2024,Eurylophella,4
WEST 2.0,West Creek,15/04/2024,Serratella,2
WEST 2.0,West Creek,15/04/2024,Ephemera,1
WEST 2.0,West Creek,15/04/2024,Epeorus,3
WEST 2.0,West Creek,15/04/2024,Leucrocuta,2
WEST 2.0,West Creek,15/04/2024,Maccaffertium,29
WEST 2.0,West Creek,15/04/2024,Isonychia,4
WEST 2.0,West Creek,15/04/2024,Paraleptophlebia,6
WEST 2.0,West Creek,15/04/2024,Haploperla,1
WEST 2.0,West Creek,15/04/2024,Peltoperla,1
WEST 2.0,West Creek,15/04/2024,Acroneuria,2
WEST 2.0,West Creek,15/04/2024,Paragnetina,1
WEST 2.0,West Creek,15/04/2024,Isogenoides,1
WEST 2.0,West Creek,15/04/2024,Taeniopteryx,6
WEST 2.0,West Creek,15/04/2024,Apatania,2
WEST 2.0,West Creek,15/04/2024,Helicopsyche,1
WEST 2.0,West Creek,15/04/2024,Ceratopsyche,1
WEST 2.0,West Creek,15/04/2024,Cheumatopsyche,2
WEST 2.0,West Creek,15/04/2024,Diplectrona,6
WEST 2.0,West Creek,15/04/2024,Lepidostoma,1
WEST 2.0,West Creek,15/04/2024,Chimarra,4
WEST 2.0,West Creek,15/04/2024,Dolophilodes,1
WEST 2.0,West Creek,15/04/2024,Wormaldia,1
WEST 2.0,West Creek,15/04/2024,Rhyacophila,3
WEST 2.0,West Creek,15/04/2024,Gomphidae,2
WEST 2.0,West Creek,15/04/2024,Sialis,1
WEST 2.0,West Creek,15/04/2024,Dubiraphia,1
WEST 2.0,West Creek,15/04/2024,Macronychus,1
WEST 2.0,West Creek,15/04/2024,Optioservus,23
WEST 2.0,West Creek,15/04/2024,Oulimnius,3
WEST 2.0,West Creek,15/04/2024,Psephenus,14
WEST 2.0,West Creek,15/04/2024,Atherix,4
WEST 2.0,West Creek,15/04/2024,Bezzia,3
WEST 2.0,West Creek,15/04/2024,Chironomidae,29
WEST 2.0,West Creek,15/04/2024,Hemerodromia,2
WEST 2.0,West Creek,15/04/2024,Simulium,3
WEST 2.0,West Creek,15/04/2024,Antocha,2
WEST 2.0,West Creek,15/04/2024,Dicranota,1
WEST 2.0,West Creek,15/04/2024,Hexatoma,1
WEST 2.0,West Creek,15/04/2024,Pseudolimnophila,1
WEST 2.0,West Creek,15/04/2024,Nemertea,1
WEST 2.0,West Creek,15/04/2024,Ancylidae,2
WEST 2.0,West Creek,15/04/2024,Physidae,1
WEST 2.0,West Creek,15/04/2024,Turbellaria,1
WEST 2.0,West Creek,15/04/2024,Sphaeriidae,4
WEST 2.0,West Creek,15/04/2024,Oligochaeta,11
WEST 2.0,West Creek,15/04/2024,Cambaridae,1
WEST 2.0,West Creek,15/04/2024,Hydracarina,4
WEST 2.0,West Creek,15/04/2024,Ephemerella,30
WEST 2.0,West Creek,15/04/2024,Serratella,1
WEST 2.0,West Creek,15/04/2024,Cinygmula,6
WEST 2.0,West Creek,15/04/2024,Epeorus,5
WEST 2.0,West Creek,15/04/2024,Leuctra,2
WEST 2.0,West Creek,15/04/2024,Paragnetina,2
WEST 2.0,West Creek,15/04/2024,Isoperla,1
WEST 2.0,West Creek,15/04/2024,Baetis,1
WEST 2.0,West Creek,15/04/2024,Acerpenna,1
WEST 2.0,West Creek,15/04/2024,Neoplasta,2
WEST 2.0,West Creek,15/04/2024,Oligochaeta,3
WEST 2.0,West Creek,15/04/2024,Acroneuria,2
WEST 2.0,West Creek,15/04/2024,Acentrella,20
WEST 2.0,West Creek,15/04/2024,Antocha,2
WEST 2.0,West Creek,15/04/2024,Simulium,1
WEST 2.0,West Creek,15/04/2024,Prosimulium,57
WEST 2.0,West Creek,15/04/2024,Optioservus,2
WEST 2.0,West Creek,15/04/2024,Clinocera,2
WEST 2.0,West Creek,15/04/2024,Chironomidae,51
WEST 2.0,West Creek,15/04/2024,Drunella,13
WEST 2.0,West Creek,15/04/2024,Paraleptophlebia,5
WEST 2.0,West Creek,15/04/2024,Amphinemura,2
WEST 2.0,West Creek,15/04/2024,Isonychia,1
WEST 2.0,West Creek,15/04/2024,Stenelmis,1
WEST 2.0,West Creek,15/04/2024,Maccaffertium,2
WEST 2.0,West Creek,15/04/2024,Drunella,10
WEST 2.0,West Creek,15/04/2024,Baetis,1
WEST 2.0,West Creek,15/04/2024,Diphetor,1
WEST 2.0,West Creek,15/04/2024,Plauditus,55
WEST 2.0,West Creek,15/04/2024,Ephemerella,13
WEST 2.0,West Creek,15/04/2024,Maccaffertium,5
WEST 2.0,West Creek,15/04/2024,Leptophlebiidae,1
WEST 2.0,West Creek,15/04/2024,Isoperla,1
WEST 2.0,West Creek,15/04/2024,Agapetus,1
WEST 2.0,West Creek,15/04/2024,Stenelmis,30
WEST 2.0,West Creek,15/04/2024,Acentrella,29
WEST 2.0,West Creek,15/04/2024,Taeniopteryx,3
WEST 2.0,West Creek,15/04/2024,Chironomidae,42
WEST 2.0,West Creek,15/04/2024,Leucrocuta,4
WEST 2.0,West Creek,15/04/2024,Oligochaeta,8
WEST 2.0,West Creek,15/04/2024,Ceratopogonidae,1
WEST 2.0,West Creek,15/04/2024,Clinocera,3
WEST 2.0,West Creek,15/04/2024,Optioservus,9
WEST 2.0,West Creek,15/04/2024,Cinygmula,1
WEST 2.0,West Creek,15/04/2024,Nematoda,2
WEST 2.0,West Creek,15/04/2024,Dolophilodes,1
WEST 2.0,West Creek,15/04/2024,Hydracarina,2
WEST 2.0,West Creek,15/04/2024,Simulium,2
WEST 2.0,West Creek,15/04/2024,Psephenus,2
WEST 2.0,West Creek,15/04/2024,Acroneuria,1
WEST 2.0,West Creek,15/04/2024,Ceratopogonidae,1
WEST 2.0,West Creek,15/04/2024,Cheumatopsyche,1
WEST 2.0,West Creek,15/04/2024,Chironomidae,36
WEST 2.0,West Creek,15/04/2024,Cinygmula,25
WEST 2.0,West Creek,15/04/2024,Ephemerella,18
WEST 2.0,West Creek,15/04/2024,Hexatoma,1
WEST 2.0,West Creek,15/04/2024,Leucrocuta,1
WEST 2.0,West Creek,15/04/2024,Nemertea,1
WEST 2.0,West Creek,15/04/2024,Neophylax,1
WEST 2.0,West Creek,15/04/2024,Optioservus,4
WEST 2.0,West Creek,15/04/2024,Prosimulium,49
WEST 2.0,West Creek,15/04/2024,Prostoia,2
WEST 2.0,West Creek,15/04/2024,Taenionema,18
WEST 2.0,West Creek,15/04/2024,Antocha,2
WEST 2.0,West Creek,15/04/2024,Ceratopsyche,3
WEST 2.0,West Creek,15/04/2024,Clinocera,1
WEST 2.0,West Creek,15/04/2024,Diplectrona,1
WEST 2.0,West Creek,15/04/2024,Drunella,3
WEST 2.0,West Creek,15/04/2024,Epeorus,12
WEST 2.0,West Creek,15/04/2024,Eurylophella,2
WEST 2.0,West Creek,15/04/2024,Isonychia,3
WEST 2.0,West Creek,15/04/2024,Isoperla,2
WEST 2.0,West Creek,15/04/2024,Lanthus,1
WEST 2.0,West Creek,15/04/2024,Leptophlebiidae,3
WEST 2.0,West Creek,15/04/2024,Maccaffertium,6
WEST 2.0,West Creek,15/04/2024,Oligochaeta,9
WEST 2.0,West Creek,15/04/2024,Psephenus,6
WEST 2.0,West Creek,15/04/2024,Rhyacophila,3
WEST 2.0,West Creek,15/04/2024,Sphaeriidae,1
