CE_Lab_Sam_ID,Field_Samp_ID,Station_ID,Waterbody,Coll Date,Fraction Sorted,Final ID,PA_TAXON_NAME,Life Stage,Count,Not Unique,Damaged,Comments,Phylum,Class,Order,Family,PA_HILS_ID_LEVEL,PA_TROPHIC
26-109-01,EBOT 5.4,EBOT 5.4,East Branch Octoraro Creek,14-Apr-26,6/28 of 4/28,Antocha sp.,Antocha,Larva,3,FALSE,FALSE,,Arthropoda,Insecta,Diptera,Limoniidae,3,CG
26-109-01,EBOT 5.4,EBOT 5.4,East Branch Octoraro Creek,14-Apr-26,6/28 of 4/28,Argia sp.,Argia,Larva,1,FALSE,FALSE,,Arthropoda,Insecta,Odonata,Coenagrionidae,6,PR
26-109-01,EBOT 5.4,EBOT 5.4,East Branch Octoraro Creek,14-Apr-26,6/28 of 4/28,Baetis sp.,Baetis,Larva,10,FALSE,FALSE,,Arthropoda,Insecta,Ephemeroptera,Baetidae,6,CG
26-109-01,EBOT 5.4,EBOT 5.4,East Branch Octoraro Creek,14-Apr-26,6/28 of 4/28,Caenis sp.,Caenis,Larva,4,FALSE,FALSE,,Arthropoda,Insecta,Ephemeroptera,Caenidae,7,CG
26-109-01,EBOT 5.4,EBOT 5.4,East Branch Octoraro Creek,14-Apr-26,6/28 of 4/28,Cheumatopsyche sp.,Cheumatopsyche,Larva,2,FALSE,FALSE,,Arthropoda,Insecta,Trichoptera,Hydropsychidae,6,FC
26-109-01,EBOT 5.4,EBOT 5.4,East Branch Octoraro Creek,14-Apr-26,6/28 of 4/28,Chironomidae,Chironomidae,Larva,62,FALSE,FALSE,,Arthropoda,Insecta,Diptera,Chironomidae,6,CG
26-109-01,EBOT 5.4,EBOT 5.4,East Branch Octoraro Creek,14-Apr-26,6/28 of 4/28,Gammarus sp.,Gammarus,,10,FALSE,FALSE,,Arthropoda,Malocostraca,Amphipoda,Gammaridae,4,CG
26-109-01,EBOT 5.4,EBOT 5.4,East Branch Octoraro Creek,14-Apr-26,6/28 of 4/28,Helicopsyche borealis,Helicopsyche,Larva,2,FALSE,FALSE,,Arthropoda,Insecta,Trichoptera,Helicopsychidae,3,SC
26-109-01,EBOT 5.4,EBOT 5.4,East Branch Octoraro Creek,14-Apr-26,6/28 of 4/28,Hemerodromia sp.,Hemerodromia,Larva,1,FALSE,FALSE,,Arthropoda,Insecta,Diptera,Empididae,6,PR
26-109-01,EBOT 5.4,EBOT 5.4,East Branch Octoraro Creek,14-Apr-26,6/28 of 4/28,Hydropsyche sp.,Hydropsyche,Larva,2,FALSE,FALSE,2 H. morosa gr. (formerly Ceratopsyche),Arthropoda,Insecta,Trichoptera,Hydropsychidae,5,FC
26-109-01,EBOT 5.4,EBOT 5.4,East Branch Octoraro Creek,14-Apr-26,6/28 of 4/28,Iswaeon anoka,Iswaeon,Larva,5,FALSE,FALSE,,Arthropoda,Insecta,Ephemeroptera,Baetidae,6,CG
26-109-01,EBOT 5.4,EBOT 5.4,East Branch Octoraro Creek,14-Apr-26,6/28 of 4/28,Leucrocuta sp.,Leucrocuta,Larva,1,FALSE,FALSE,,Arthropoda,Insecta,Ephemeroptera,Heptageniidae,1,SC
26-109-01,EBOT 5.4,EBOT 5.4,East Branch Octoraro Creek,14-Apr-26,6/28 of 4/28,Maccaffertium sp.,Maccaffertium,Larva,7,FALSE,FALSE,,Arthropoda,Insecta,Ephemeroptera,Heptageniidae,3,SC
26-109-01,EBOT 5.4,EBOT 5.4,East Branch Octoraro Creek,14-Apr-26,6/28 of 4/28,Oligochaeta,Oligochaeta,,33,FALSE,FALSE,,Annelida,Clitellata,,,10,CG
26-109-01,EBOT 5.4,EBOT 5.4,East Branch Octoraro Creek,14-Apr-26,6/28 of 4/28,Optioservus fastiditus group,Optioservus,Larva,3,FALSE,FALSE,,Arthropoda,Insecta,Coleoptera,Elmidae,4,SC
26-109-01,EBOT 5.4,EBOT 5.4,East Branch Octoraro Creek,14-Apr-26,6/28 of 4/28,Physella sp.,Physella,,1,FALSE,FALSE,,Mollusca,Gastropoda,Basommatophora,Physidae,8,SC
26-109-01,EBOT 5.4,EBOT 5.4,East Branch Octoraro Creek,14-Apr-26,6/28 of 4/28,Pisidium sp.,Pisidium,Immature,1,FALSE,FALSE,,Mollusca,Bivalvia,Sphaeriida,Sphaeriidae,8,FC
26-109-01,EBOT 5.4,EBOT 5.4,East Branch Octoraro Creek,14-Apr-26,6/28 of 4/28,Prostoma sp.,Prostoma,,1,FALSE,FALSE,,Nemertea,Hoplonemertea,Monostilifera,Prostomatidae ,6,PR
26-109-01,EBOT 5.4,EBOT 5.4,East Branch Octoraro Creek,14-Apr-26,6/28 of 4/28,Protoptila sp.,Protoptila,Larva,5,FALSE,FALSE,,Arthropoda,Insecta,Trichoptera,Glossosomatidae,1,SC
26-109-01,EBOT 5.4,EBOT 5.4,East Branch Octoraro Creek,14-Apr-26,6/28 of 4/28,Simulium sp.,Simulium,Larva,1,FALSE,FALSE,,Arthropoda,Insecta,Diptera,Simuliidae,6,FC
26-109-01,EBOT 5.4,EBOT 5.4,East Branch Octoraro Creek,14-Apr-26,6/28 of 4/28,Stenelmis sp.,Stenelmis,Larva/Adult,40,FALSE,FALSE,32 L8 A,Arthropoda,Insecta,Coleoptera,Elmidae,5,SC
26-109-01,EBOT 5.4,EBOT 5.4,East Branch Octoraro Creek,14-Apr-26,6/28 of 4/28,Teloganopsis deficiens,Teloganopsis,Larva,10,FALSE,FALSE,,Arthropoda,Insecta,Ephemeroptera,Ephemerellidae,2,CG
26-109-01,EBOT 5.4,EBOT 5.4,East Branch Octoraro Creek,14-Apr-26,6/28 of 4/28,Tipula sp.,Tipula,Larva,1,FALSE,FALSE,,Arthropoda,Insecta,Diptera,Tipulidae,4,SH
26-109-01,EBOT 5.4,EBOT 5.4,East Branch Octoraro Creek,14-Apr-26,6/28 of 4/28,Trombidiformes,Hydracarina,,4,FALSE,FALSE,,Arthropoda,Arachnida,Trombidiformes,,7,PR
26-109-02,DEER 25.0,DEER 25.0,Deer Creek,09-Apr-26,9/28 of 4/28,Acroneuria sp.,Acroneuria,Larva,1,FALSE,FALSE,,Arthropoda,Insecta,Plecoptera,Perlidae,0,PR
26-109-02,DEER 25.0,DEER 25.0,Deer Creek,09-Apr-26,9/28 of 4/28,Alloperla sp.,Alloperla,Larva,1,FALSE,FALSE,,Arthropoda,Insecta,Plecoptera,Chloroperlidae,0,CG
26-109-02,DEER 25.0,DEER 25.0,Deer Creek,09-Apr-26,9/28 of 4/28,Amphinemura sp.,Amphinemura,Larva,1,FALSE,FALSE,,Arthropoda,Insecta,Plecoptera,Nemouridae,3,SH
26-109-02,DEER 25.0,DEER 25.0,Deer Creek,09-Apr-26,9/28 of 4/28,Antocha sp.,Antocha,Larva,4,FALSE,FALSE,,Arthropoda,Insecta,Diptera,Limoniidae,3,CG
26-109-02,DEER 25.0,DEER 25.0,Deer Creek,09-Apr-26,9/28 of 4/28,Argia sp.,Argia,Larva,1,FALSE,FALSE,,Arthropoda,Insecta,Odonata,Coenagrionidae,6,PR
26-109-02,DEER 25.0,DEER 25.0,Deer Creek,09-Apr-26,9/28 of 4/28,Cheumatopsyche sp.,Cheumatopsyche,Larva,15,FALSE,FALSE,,Arthropoda,Insecta,Trichoptera,Hydropsychidae,6,FC
26-109-02,DEER 25.0,DEER 25.0,Deer Creek,09-Apr-26,9/28 of 4/28,Chimarra sp.,Chimarra,Larva,2,FALSE,FALSE,,Arthropoda,Insecta,Trichoptera,Philopotamidae,4,FC
26-109-02,DEER 25.0,DEER 25.0,Deer Creek,09-Apr-26,9/28 of 4/28,Chironomidae,Chironomidae,Larva,57,FALSE,FALSE,,Arthropoda,Insecta,Diptera,Chironomidae,6,CG
26-109-02,DEER 25.0,DEER 25.0,Deer Creek,09-Apr-26,9/28 of 4/28,Corydalus cornutus,Corydalus,Larva,1,FALSE,FALSE,,Arthropoda,Insecta,Megaloptera,Corydalidae,4,PR
26-109-02,DEER 25.0,DEER 25.0,Deer Creek,09-Apr-26,9/28 of 4/28,Dolophilodes distincta,Dolophilodes,Larva,1,FALSE,FALSE,,Arthropoda,Insecta,Trichoptera,Philopotamidae,0,FC
26-109-02,DEER 25.0,DEER 25.0,Deer Creek,09-Apr-26,9/28 of 4/28,Ephemerella sp.,Ephemerella,Larva,17,FALSE,FALSE,,Arthropoda,Insecta,Ephemeroptera,Ephemerellidae,1,CG
26-109-02,DEER 25.0,DEER 25.0,Deer Creek,09-Apr-26,9/28 of 4/28,Eurylophella sp.,Eurylophella,Early Instar,1,FALSE,FALSE,,Arthropoda,Insecta,Ephemeroptera,Ephemerellidae,4,SC
26-109-02,DEER 25.0,DEER 25.0,Deer Creek,09-Apr-26,9/28 of 4/28,Hydropsyche sp.,Hydropsyche,Larva,18,FALSE,FALSE,,Arthropoda,Insecta,Trichoptera,Hydropsychidae,5,FC
26-109-02,DEER 25.0,DEER 25.0,Deer Creek,09-Apr-26,9/28 of 4/28,Hydroptila sp.,Hydroptila,Larva,2,FALSE,FALSE,,Arthropoda,Insecta,Trichoptera,Hydroptilidae,6,SC
26-109-02,DEER 25.0,DEER 25.0,Deer Creek,09-Apr-26,9/28 of 4/28,Isonychia sp.,Isonychia,Larva,4,FALSE,FALSE,,Arthropoda,Insecta,Ephemeroptera,Isonychiidae,3,CG
26-109-02,DEER 25.0,DEER 25.0,Deer Creek,09-Apr-26,9/28 of 4/28,Isoperla sp.,Isoperla,Immature,1,FALSE,FALSE,,Arthropoda,Insecta,Plecoptera,Perlodidae,2,PR
26-109-02,DEER 25.0,DEER 25.0,Deer Creek,09-Apr-26,9/28 of 4/28,Lepidostoma sp.,Lepidostoma,Larva,2,FALSE,FALSE,,Arthropoda,Insecta,Trichoptera,Lepidostomatidae,1,SH
26-109-02,DEER 25.0,DEER 25.0,Deer Creek,09-Apr-26,9/28 of 4/28,Maccaffertium sp.,Maccaffertium,Larva,15,FALSE,FALSE,,Arthropoda,Insecta,Ephemeroptera,Heptageniidae,3,SC
26-109-02,DEER 25.0,DEER 25.0,Deer Creek,09-Apr-26,9/28 of 4/28,Nematoda,Nematoda,,2,FALSE,FALSE,,Nematoda,,,,9,CG
26-109-02,DEER 25.0,DEER 25.0,Deer Creek,09-Apr-26,9/28 of 4/28,Oligochaeta,Oligochaeta,,10,FALSE,FALSE,,Annelida,Clitellata,,,10,CG
26-109-02,DEER 25.0,DEER 25.0,Deer Creek,09-Apr-26,9/28 of 4/28,Optioservus fastiditus group,Optioservus,Larva/Adult,11,FALSE,FALSE,10 L/1 A,Arthropoda,Insecta,Coleoptera,Elmidae,4,SC
26-109-02,DEER 25.0,DEER 25.0,Deer Creek,09-Apr-26,9/28 of 4/28,Oulimnius sp.,Oulimnius,Larva/Adult,5,FALSE,FALSE,4 L/1 A,Arthropoda,Insecta,Coleoptera,Elmidae,5,SC
26-109-02,DEER 25.0,DEER 25.0,Deer Creek,09-Apr-26,9/28 of 4/28,Perlesta sp.,Perlesta,Immature,2,FALSE,FALSE,,Arthropoda,Insecta,Plecoptera,Perlidae,4,PR
26-109-02,DEER 25.0,DEER 25.0,Deer Creek,09-Apr-26,9/28 of 4/28,Psephenus sp.,Psephenus,Larva,3,FALSE,FALSE,,Arthropoda,Insecta,Coleoptera,Psephenidae,4,SC
26-109-02,DEER 25.0,DEER 25.0,Deer Creek,09-Apr-26,9/28 of 4/28,Simulium sp.,Simulium,Larva,19,FALSE,FALSE,,Arthropoda,Insecta,Diptera,Simuliidae,6,FC
26-109-02,DEER 25.0,DEER 25.0,Deer Creek,09-Apr-26,9/28 of 4/28,Teloganopsis deficiens,Teloganopsis,Larva,7,FALSE,FALSE,,Arthropoda,Insecta,Ephemeroptera,Ephemerellidae,2,CG
26-109-02,DEER 25.0,DEER 25.0,Deer Creek,09-Apr-26,9/28 of 4/28,Trombidiformes,Hydracarina,,2,FALSE,FALSE,,Arthropoda,Arachnida,Trombidiformes,,7,PR
26-109-03,YLBR 12.8,YLBR 12.8,Yellow Breeches Creek,05-May-26,4/28,Baetis sp.,Baetis,Larva,7,FALSE,FALSE,,Arthropoda,Insecta,Ephemeroptera,Baetidae,6,CG
26-109-03,YLBR 12.8,YLBR 12.8,Yellow Breeches Creek,05-May-26,4/28,Caenis sp.,Caenis,Larva,1,FALSE,FALSE,,Arthropoda,Insecta,Ephemeroptera,Caenidae,7,CG
26-109-03,YLBR 12.8,YLBR 12.8,Yellow Breeches Creek,05-May-26,4/28,Ceratopogoninae,Ceratopogonidae,Larva,1,FALSE,FALSE,,Arthropoda,Insecta,Diptera,Ceratopogonidae,6,PR
26-109-03,YLBR 12.8,YLBR 12.8,Yellow Breeches Creek,05-May-26,4/28,Chironomidae,Chironomidae,Larva,43,FALSE,FALSE,,Arthropoda,Insecta,Diptera,Chironomidae,6,CG
26-109-03,YLBR 12.8,YLBR 12.8,Yellow Breeches Creek,05-May-26,4/28,Corbicula sp.,Corbicula,,4,FALSE,FALSE,,Mollusca,Bivalvia,Veneroida,Corbiculidae,4,FC
26-109-03,YLBR 12.8,YLBR 12.8,Yellow Breeches Creek,05-May-26,4/28,Ephemera sp.,Ephemera,Immature,2,FALSE,FALSE,,Arthropoda,Insecta,Ephemeroptera,Ephemeridae,2,CG
26-109-03,YLBR 12.8,YLBR 12.8,Yellow Breeches Creek,05-May-26,4/28,Ferrissia sp.,Ferrissia,,2,FALSE,FALSE,,Mollusca,Gastropoda,Basommatophora,Planorbidae,7,SC
26-109-03,YLBR 12.8,YLBR 12.8,Yellow Breeches Creek,05-May-26,4/28,Gammarus sp.,Gammarus,,91,FALSE,FALSE,,Arthropoda,Malocostraca,Amphipoda,Gammaridae,4,CG
26-109-03,YLBR 12.8,YLBR 12.8,Yellow Breeches Creek,05-May-26,4/28,Hydropsyche sp.,Hydropsyche,Larva,2,FALSE,FALSE,,Arthropoda,Insecta,Trichoptera,Hydropsychidae,5,FC
26-109-03,YLBR 12.8,YLBR 12.8,Yellow Breeches Creek,05-May-26,4/28,Lepidostoma sp.,Lepidostoma,Larva,4,FALSE,FALSE,,Arthropoda,Insecta,Trichoptera,Lepidostomatidae,1,SH
26-109-03,YLBR 12.8,YLBR 12.8,Yellow Breeches Creek,05-May-26,4/28,Leucrocuta sp.,Leucrocuta,Larva,1,FALSE,FALSE,,Arthropoda,Insecta,Ephemeroptera,Heptageniidae,1,SC
26-109-03,YLBR 12.8,YLBR 12.8,Yellow Breeches Creek,05-May-26,4/28,Maccaffertium sp.,Maccaffertium,Larva,5,FALSE,FALSE,,Arthropoda,Insecta,Ephemeroptera,Heptageniidae,3,SC
26-109-03,YLBR 12.8,YLBR 12.8,Yellow Breeches Creek,05-May-26,4/28,Oligochaeta,Oligochaeta,,10,FALSE,FALSE,,Annelida,Clitellata,,,10,CG
26-109-03,YLBR 12.8,YLBR 12.8,Yellow Breeches Creek,05-May-26,4/28,Optioservus fastiditus group,Optioservus,Larva,10,FALSE,FALSE,,Arthropoda,Insecta,Coleoptera,Elmidae,4,SC
26-109-03,YLBR 12.8,YLBR 12.8,Yellow Breeches Creek,05-May-26,4/28,Perlesta sp.,Perlesta,Immature,1,FALSE,FALSE,,Arthropoda,Insecta,Plecoptera,Perlidae,4,PR
26-109-03,YLBR 12.8,YLBR 12.8,Yellow Breeches Creek,05-May-26,4/28,Psephenus sp.,Psephenus,Larva,2,FALSE,FALSE,,Arthropoda,Insecta,Coleoptera,Psephenidae,4,SC
26-109-03,YLBR 12.8,YLBR 12.8,Yellow Breeches Creek,05-May-26,4/28,Pycnopsyche sp.,Pycnopsyche,Larva,1,FALSE,FALSE,,Arthropoda,Insecta,Trichoptera,Limnephilidae,4,SH
26-109-03,YLBR 12.8,YLBR 12.8,Yellow Breeches Creek,05-May-26,4/28,Setodes sp.,Setodes,Larva,1,FALSE,FALSE,,Arthropoda,Insecta,Trichoptera,Leptoceridae,2,CG
26-109-03,YLBR 12.8,YLBR 12.8,Yellow Breeches Creek,05-May-26,4/28,Stenelmis sp.,Stenelmis,Larva,7,FALSE,FALSE,,Arthropoda,Insecta,Coleoptera,Elmidae,5,SC
26-109-03,YLBR 12.8,YLBR 12.8,Yellow Breeches Creek,05-May-26,4/28,Trombidiformes,Hydracarina,,9,FALSE,FALSE,,Arthropoda,Arachnida,Trombidiformes,,7,PR
26-109-04,SWAT 23.7,SWAT 23.7,Swatara Creek,05-May-26,6/28 of 4/28,Acentrella sp.,Acentrella,Larva,3,FALSE,FALSE,,Arthropoda,Insecta,Ephemeroptera,Baetidae,4,SC
26-109-04,SWAT 23.7,SWAT 23.7,Swatara Creek,05-May-26,6/28 of 4/28,Agnetina sp.,Agnetina,Immature,1,FALSE,FALSE,,Arthropoda,Insecta,Plecoptera,Perlidae,2,PR
26-109-04,SWAT 23.7,SWAT 23.7,Swatara Creek,05-May-26,6/28 of 4/28,Anthopotamus sp.,Anthopotamus,Larva,6,FALSE,FALSE,,Arthropoda,Insecta,Ephemeroptera,Potamanthidae,4,CG
26-109-04,SWAT 23.7,SWAT 23.7,Swatara Creek,05-May-26,6/28 of 4/28,Baetis sp.,Baetis,Larva,23,FALSE,FALSE,,Arthropoda,Insecta,Ephemeroptera,Baetidae,6,CG
26-109-04,SWAT 23.7,SWAT 23.7,Swatara Creek,05-May-26,6/28 of 4/28,Cheumatopsyche sp.,Cheumatopsyche,Early Instar,2,FALSE,FALSE,,Arthropoda,Insecta,Trichoptera,Hydropsychidae,6,FC
26-109-04,SWAT 23.7,SWAT 23.7,Swatara Creek,05-May-26,6/28 of 4/28,Chimarra sp.,Chimarra,Larva,2,FALSE,FALSE,,Arthropoda,Insecta,Trichoptera,Philopotamidae,4,FC
26-109-04,SWAT 23.7,SWAT 23.7,Swatara Creek,05-May-26,6/28 of 4/28,Chironomidae,Chironomidae,Larva,62,FALSE,FALSE,,Arthropoda,Insecta,Diptera,Chironomidae,6,CG
26-109-04,SWAT 23.7,SWAT 23.7,Swatara Creek,05-May-26,6/28 of 4/28,Dubiraphia sp.,Dubiraphia,Larva,1,FALSE,FALSE,,Arthropoda,Insecta,Coleoptera,Elmidae,6,SC
26-109-04,SWAT 23.7,SWAT 23.7,Swatara Creek,05-May-26,6/28 of 4/28,Ephemerella sp.,Ephemerella,Larva,3,FALSE,FALSE,,Arthropoda,Insecta,Ephemeroptera,Ephemerellidae,1,CG
26-109-04,SWAT 23.7,SWAT 23.7,Swatara Creek,05-May-26,6/28 of 4/28,Helicopsyche borealis,Helicopsyche,Larva,1,FALSE,FALSE,,Arthropoda,Insecta,Trichoptera,Helicopsychidae,3,SC
26-109-04,SWAT 23.7,SWAT 23.7,Swatara Creek,05-May-26,6/28 of 4/28,Hemerodromia sp.,Hemerodromia,Larva,3,FALSE,FALSE,,Arthropoda,Insecta,Diptera,Empididae,6,PR
26-109-04,SWAT 23.7,SWAT 23.7,Swatara Creek,05-May-26,6/28 of 4/28,Heptageniidae,Heptageniidae,Early Instar,7,FALSE,FALSE,Leucrocuta/Nixe,Arthropoda,Insecta,Ephemeroptera,Heptageniidae,3,SC
26-109-04,SWAT 23.7,SWAT 23.7,Swatara Creek,05-May-26,6/28 of 4/28,Hydropsyche sp.,Hydropsyche,Larva,4,FALSE,FALSE,3 H. morosa gr. (formerly Ceratopsyche),Arthropoda,Insecta,Trichoptera,Hydropsychidae,5,FC
26-109-04,SWAT 23.7,SWAT 23.7,Swatara Creek,05-May-26,6/28 of 4/28,Hydroptila sp.,Hydroptila,Larva,1,FALSE,FALSE,,Arthropoda,Insecta,Trichoptera,Hydroptilidae,6,SC
26-109-04,SWAT 23.7,SWAT 23.7,Swatara Creek,05-May-26,6/28 of 4/28,Isonychia sp.,Isonychia,Immature,2,FALSE,FALSE,,Arthropoda,Insecta,Ephemeroptera,Isonychiidae,3,CG
26-109-04,SWAT 23.7,SWAT 23.7,Swatara Creek,05-May-26,6/28 of 4/28,Maccaffertium sp.,Maccaffertium,Immature,6,FALSE,FALSE,,Arthropoda,Insecta,Ephemeroptera,Heptageniidae,3,SC
26-109-04,SWAT 23.7,SWAT 23.7,Swatara Creek,05-May-26,6/28 of 4/28,Nematoda,Nematoda,,1,FALSE,FALSE,,Nematoda,,,,9,CG
26-109-04,SWAT 23.7,SWAT 23.7,Swatara Creek,05-May-26,6/28 of 4/28,Neoperla sp.,Neoperla,Immature,4,FALSE,FALSE,,Arthropoda,Insecta,Plecoptera,Perlidae,3,PR
26-109-04,SWAT 23.7,SWAT 23.7,Swatara Creek,05-May-26,6/28 of 4/28,Neophylax sp.,Neophylax,Larva,1,FALSE,FALSE,,Arthropoda,Insecta,Trichoptera,Thremmatidae,3,SC
26-109-04,SWAT 23.7,SWAT 23.7,Swatara Creek,05-May-26,6/28 of 4/28,Oligochaeta,Oligochaeta,,4,FALSE,FALSE,,Annelida,Clitellata,,,10,CG
26-109-04,SWAT 23.7,SWAT 23.7,Swatara Creek,05-May-26,6/28 of 4/28,Optioservus fastiditus group,Optioservus,Larva/Adult,20,FALSE,FALSE,18 L/2 A,Arthropoda,Insecta,Coleoptera,Elmidae,4,SC
26-109-04,SWAT 23.7,SWAT 23.7,Swatara Creek,05-May-26,6/28 of 4/28,Plauditus sp.,Plauditus,Larva,10,FALSE,FALSE,,Arthropoda,Insecta,Ephemeroptera,Baetidae,4,CG
26-109-04,SWAT 23.7,SWAT 23.7,Swatara Creek,05-May-26,6/28 of 4/28,Psephenus sp.,Psephenus,Larva,9,FALSE,FALSE,,Arthropoda,Insecta,Coleoptera,Psephenidae,4,SC
26-109-04,SWAT 23.7,SWAT 23.7,Swatara Creek,05-May-26,6/28 of 4/28,Stenelmis sp.,Stenelmis,Larva/Adult,45,FALSE,FALSE,38 L/7 A,Arthropoda,Insecta,Coleoptera,Elmidae,5,SC
26-109-04,SWAT 23.7,SWAT 23.7,Swatara Creek,05-May-26,6/28 of 4/28,Taeniopteryx sp.,Taeniopteryx,Early Instar,1,FALSE,FALSE,,Arthropoda,Insecta,Plecoptera,Taeniopterygidae,2,SH
26-109-04,SWAT 23.7,SWAT 23.7,Swatara Creek,05-May-26,6/28 of 4/28,Teloganopsis deficiens,Teloganopsis,Larva,6,FALSE,FALSE,,Arthropoda,Insecta,Ephemeroptera,Ephemerellidae,2,CG
26-109-04,SWAT 23.7,SWAT 23.7,Swatara Creek,05-May-26,6/28 of 4/28,Trepaxonemata,Turbellaria,,1,FALSE,FALSE,,Plathyhelminthes,Trepaxonemata,,,9,PR
26-109-04,SWAT 23.7,SWAT 23.7,Swatara Creek,05-May-26,6/28 of 4/28,Trombidiformes,Hydracarina,,7,FALSE,FALSE,,Arthropoda,Arachnida,Trombidiformes,,7,PR
26-109-05,WBOT 3.3,WBOT 3.3,West Branch Octoraro Creek ,14-Apr-26,8/28 of 4/28,Acentrella sp.,Acentrella,Larva,3,FALSE,FALSE,,Arthropoda,Insecta,Ephemeroptera,Baetidae,4,SC
26-109-05,WBOT 3.3,WBOT 3.3,West Branch Octoraro Creek ,14-Apr-26,8/28 of 4/28,Amphinemura sp.,Amphinemura,Larva,1,FALSE,FALSE,,Arthropoda,Insecta,Plecoptera,Nemouridae,3,SH
26-109-05,WBOT 3.3,WBOT 3.3,West Branch Octoraro Creek ,14-Apr-26,8/28 of 4/28,Antocha sp.,Antocha,Larva,6,FALSE,FALSE,,Arthropoda,Insecta,Diptera,Limoniidae,3,CG
26-109-05,WBOT 3.3,WBOT 3.3,West Branch Octoraro Creek ,14-Apr-26,8/28 of 4/28,Baetis sp.,Baetis,Larva,5,FALSE,FALSE,,Arthropoda,Insecta,Ephemeroptera,Baetidae,6,CG
26-109-05,WBOT 3.3,WBOT 3.3,West Branch Octoraro Creek ,14-Apr-26,8/28 of 4/28,Cheumatopsyche sp.,Cheumatopsyche,Larva,4,FALSE,FALSE,,Arthropoda,Insecta,Trichoptera,Hydropsychidae,6,FC
26-109-05,WBOT 3.3,WBOT 3.3,West Branch Octoraro Creek ,14-Apr-26,8/28 of 4/28,Chimarra sp.,Chimarra,Larva,10,FALSE,FALSE,,Arthropoda,Insecta,Trichoptera,Philopotamidae,4,FC
26-109-05,WBOT 3.3,WBOT 3.3,West Branch Octoraro Creek ,14-Apr-26,8/28 of 4/28,Chironomidae,Chironomidae,Larva,82,FALSE,FALSE,,Arthropoda,Insecta,Diptera,Chironomidae,6,CG
26-109-05,WBOT 3.3,WBOT 3.3,West Branch Octoraro Creek ,14-Apr-26,8/28 of 4/28,Crangonyx sp.,Crangonyx,,1,FALSE,FALSE,,Arthropoda,Malocostraca,Amphipoda,Crangonyctidae,4,CG
26-109-05,WBOT 3.3,WBOT 3.3,West Branch Octoraro Creek ,14-Apr-26,8/28 of 4/28,Hemerodromia sp.,Hemerodromia,Larva,5,FALSE,FALSE,,Arthropoda,Insecta,Diptera,Empididae,6,PR
26-109-05,WBOT 3.3,WBOT 3.3,West Branch Octoraro Creek ,14-Apr-26,8/28 of 4/28,Hydropsyche sp.,Hydropsyche,Larva,7,FALSE,FALSE,7 H. morosa gr. (formerly Ceratopsyche),Arthropoda,Insecta,Trichoptera,Hydropsychidae,5,FC
26-109-05,WBOT 3.3,WBOT 3.3,West Branch Octoraro Creek ,14-Apr-26,8/28 of 4/28,Isonychia sp.,Isonychia,Larva,5,FALSE,FALSE,,Arthropoda,Insecta,Ephemeroptera,Isonychiidae,3,CG
26-109-05,WBOT 3.3,WBOT 3.3,West Branch Octoraro Creek ,14-Apr-26,8/28 of 4/28,Leucrocuta sp.,Leucrocuta,Larva,2,FALSE,FALSE,,Arthropoda,Insecta,Ephemeroptera,Heptageniidae,1,SC
26-109-05,WBOT 3.3,WBOT 3.3,West Branch Octoraro Creek ,14-Apr-26,8/28 of 4/28,Maccaffertium sp.,Maccaffertium,Larva,9,FALSE,FALSE,,Arthropoda,Insecta,Ephemeroptera,Heptageniidae,3,SC
26-109-05,WBOT 3.3,WBOT 3.3,West Branch Octoraro Creek ,14-Apr-26,8/28 of 4/28,Nematoda,Nematoda,,1,FALSE,FALSE,,Nematoda,,,,9,CG
26-109-05,WBOT 3.3,WBOT 3.3,West Branch Octoraro Creek ,14-Apr-26,8/28 of 4/28,Oligochaeta,Oligochaeta,,8,FALSE,FALSE,,Annelida,Clitellata,,,10,CG
26-109-05,WBOT 3.3,WBOT 3.3,West Branch Octoraro Creek ,14-Apr-26,8/28 of 4/28,Optioservus fastiditus group,Optioservus,Larva,3,FALSE,FALSE,,Arthropoda,Insecta,Coleoptera,Elmidae,4,SC
26-109-05,WBOT 3.3,WBOT 3.3,West Branch Octoraro Creek ,14-Apr-26,8/28 of 4/28,Oulimnius sp.,Oulimnius,Larva/Adult,2,FALSE,FALSE,1 L/1 A,Arthropoda,Insecta,Coleoptera,Elmidae,5,SC
26-109-05,WBOT 3.3,WBOT 3.3,West Branch Octoraro Creek ,14-Apr-26,8/28 of 4/28,Prosimulium sp.,Prosimulium,Larva,1,FALSE,FALSE,,Arthropoda,Insecta,Diptera,Simuliidae,2,FC
26-109-05,WBOT 3.3,WBOT 3.3,West Branch Octoraro Creek ,14-Apr-26,8/28 of 4/28,Simulium sp.,Simulium,Larva,3,FALSE,FALSE,,Arthropoda,Insecta,Diptera,Simuliidae,6,FC
26-109-05,WBOT 3.3,WBOT 3.3,West Branch Octoraro Creek ,14-Apr-26,8/28 of 4/28,Stenelmis sp.,Stenelmis,Larva/Adult,36,FALSE,FALSE,30 L/6 A,Arthropoda,Insecta,Coleoptera,Elmidae,5,SC
26-109-05,WBOT 3.3,WBOT 3.3,West Branch Octoraro Creek ,14-Apr-26,8/28 of 4/28,Teloganopsis deficiens,Teloganopsis,Larva,18,FALSE,FALSE,,Arthropoda,Insecta,Ephemeroptera,Ephemerellidae,2,CG
26-109-05,WBOT 3.3,WBOT 3.3,West Branch Octoraro Creek ,14-Apr-26,8/28 of 4/28,Trepaxonemata,Turbellaria,,1,FALSE,FALSE,,Plathyhelminthes,Trepaxonemata,,,9,PR
26-109-05,WBOT 3.3,WBOT 3.3,West Branch Octoraro Creek ,14-Apr-26,8/28 of 4/28,Trombidiformes,Hydracarina,,5,FALSE,FALSE,,Arthropoda,Arachnida,Trombidiformes,,7,PR
26-109-06,SBCC 20.4,SBCC 20.4,West Branch Conewago ,09-Apr-26,14/28 of 4/28,Acentrella sp.,Acentrella,Larva,2,FALSE,FALSE,,Arthropoda,Insecta,Ephemeroptera,Baetidae,4,SC
26-109-06,SBCC 20.4,SBCC 20.4,West Branch Conewago ,09-Apr-26,14/28 of 4/28,Amphinemura sp.,Amphinemura,Larva,13,FALSE,FALSE,,Arthropoda,Insecta,Plecoptera,Nemouridae,3,SH
26-109-06,SBCC 20.4,SBCC 20.4,West Branch Conewago ,09-Apr-26,14/28 of 4/28,Antocha sp.,Antocha,Larva,2,FALSE,FALSE,,Arthropoda,Insecta,Diptera,Limoniidae,3,CG
26-109-06,SBCC 20.4,SBCC 20.4,West Branch Conewago ,09-Apr-26,14/28 of 4/28,Cheumatopsyche sp.,Cheumatopsyche,Larva,19,FALSE,FALSE,,Arthropoda,Insecta,Trichoptera,Hydropsychidae,6,FC
26-109-06,SBCC 20.4,SBCC 20.4,West Branch Conewago ,09-Apr-26,14/28 of 4/28,Chimarra sp.,Chimarra,Larva,4,FALSE,FALSE,,Arthropoda,Insecta,Trichoptera,Philopotamidae,4,FC
26-109-06,SBCC 20.4,SBCC 20.4,West Branch Conewago ,09-Apr-26,14/28 of 4/28,Chironomidae,Chironomidae,Larva,68,FALSE,FALSE,,Arthropoda,Insecta,Diptera,Chironomidae,6,CG
26-109-06,SBCC 20.4,SBCC 20.4,West Branch Conewago ,09-Apr-26,14/28 of 4/28,Ephemerella sp.,Ephemerella,Larva,2,FALSE,FALSE,,Arthropoda,Insecta,Ephemeroptera,Ephemerellidae,1,CG
26-109-06,SBCC 20.4,SBCC 20.4,West Branch Conewago ,09-Apr-26,14/28 of 4/28,Eurylophella sp.,Eurylophella,Larva,2,FALSE,FALSE,,Arthropoda,Insecta,Ephemeroptera,Ephemerellidae,4,SC
26-109-06,SBCC 20.4,SBCC 20.4,West Branch Conewago ,09-Apr-26,14/28 of 4/28,Hemerodromia sp.,Hemerodromia,Larva,13,FALSE,FALSE,,Arthropoda,Insecta,Diptera,Empididae,6,PR
26-109-06,SBCC 20.4,SBCC 20.4,West Branch Conewago ,09-Apr-26,14/28 of 4/28,Heptageniidae,Heptageniidae,Early Instar,1,TRUE,FALSE,,Arthropoda,Insecta,Ephemeroptera,Heptageniidae,3,SC
26-109-06,SBCC 20.4,SBCC 20.4,West Branch Conewago ,09-Apr-26,14/28 of 4/28,Leuctra sp.,Leuctra,Immature,3,FALSE,FALSE,,Arthropoda,Insecta,Plecoptera,Leuctridae,0,SH
26-109-06,SBCC 20.4,SBCC 20.4,West Branch Conewago ,09-Apr-26,14/28 of 4/28,Limnephilidae,Limnephilidae,Early Instar,1,FALSE,FALSE,,Arthropoda,Insecta,Trichoptera,Limnephilidae,4,SH
26-109-06,SBCC 20.4,SBCC 20.4,West Branch Conewago ,09-Apr-26,14/28 of 4/28,Maccaffertium sp.,Maccaffertium,Larva,9,FALSE,FALSE,,Arthropoda,Insecta,Ephemeroptera,Heptageniidae,3,SC
26-109-06,SBCC 20.4,SBCC 20.4,West Branch Conewago ,09-Apr-26,14/28 of 4/28,Neophylax sp.,Neophylax,Larva,2,FALSE,FALSE,,Arthropoda,Insecta,Trichoptera,Thremmatidae,3,SC
26-109-06,SBCC 20.4,SBCC 20.4,West Branch Conewago ,09-Apr-26,14/28 of 4/28,Oligochaeta,Oligochaeta,,21,FALSE,FALSE,,Annelida,Clitellata,,,10,CG
26-109-06,SBCC 20.4,SBCC 20.4,West Branch Conewago ,09-Apr-26,14/28 of 4/28,Optioservus fastiditus group,Optioservus,Larva/Adult,14,FALSE,FALSE,11 L/3 A,Arthropoda,Insecta,Coleoptera,Elmidae,4,SC
26-109-06,SBCC 20.4,SBCC 20.4,West Branch Conewago ,09-Apr-26,14/28 of 4/28,Oulimnius sp.,Oulimnius,Larva/Adult,20,FALSE,FALSE,4 L/16 A,Arthropoda,Insecta,Coleoptera,Elmidae,5,SC
26-109-06,SBCC 20.4,SBCC 20.4,West Branch Conewago ,09-Apr-26,14/28 of 4/28,Polycentropus sensu lato complex,Polycentropus,Larva,1,FALSE,FALSE,,Arthropoda,Insecta,Trichoptera,Polycentropodidae,6,FC
26-109-06,SBCC 20.4,SBCC 20.4,West Branch Conewago ,09-Apr-26,14/28 of 4/28,Teloganopsis deficiens,Teloganopsis,Larva,3,FALSE,FALSE,,Arthropoda,Insecta,Ephemeroptera,Ephemerellidae,2,CG
26-109-06,SBCC 20.4,SBCC 20.4,West Branch Conewago ,09-Apr-26,14/28 of 4/28,Trepaxonemata,Turbellaria,,5,FALSE,FALSE,,Plathyhelminthes,Trepaxonemata,,,9,PR
26-109-06,SBCC 20.4,SBCC 20.4,West Branch Conewago ,09-Apr-26,14/28 of 4/28,Trombidiformes,Hydracarina,,12,FALSE,FALSE,,Arthropoda,Arachnida,Trombidiformes,,7,PR
26-109-07,CONO 35,CONO 35,Conodoquinet Creek,05-May-26,17/28 of 4/28,Acerpenna sp.,Acerpenna,Larva,3,FALSE,FALSE,,Arthropoda,Insecta,Ephemeroptera,Baetidae,6,CG
26-109-07,CONO 35,CONO 35,Conodoquinet Creek,05-May-26,17/28 of 4/28,Anthopotamus sp.,Anthopotamus,Larva,1,FALSE,FALSE,,Arthropoda,Insecta,Ephemeroptera,Potamanthidae,4,CG
26-109-07,CONO 35,CONO 35,Conodoquinet Creek,05-May-26,17/28 of 4/28,Argia sp.,Argia,Larva,4,FALSE,FALSE,,Arthropoda,Insecta,Odonata,Coenagrionidae,6,PR
26-109-07,CONO 35,CONO 35,Conodoquinet Creek,05-May-26,17/28 of 4/28,Brachycentrus sp.,Brachycentrus,Early Instar,1,FALSE,FALSE,,Arthropoda,Insecta,Trichoptera,Brachycentridae,1,FC
26-109-07,CONO 35,CONO 35,Conodoquinet Creek,05-May-26,17/28 of 4/28,Caenis sp.,Caenis,Larva,4,FALSE,FALSE,,Arthropoda,Insecta,Ephemeroptera,Caenidae,7,CG
26-109-07,CONO 35,CONO 35,Conodoquinet Creek,05-May-26,17/28 of 4/28,Cheumatopsyche sp.,Cheumatopsyche,Larva,2,FALSE,FALSE,,Arthropoda,Insecta,Trichoptera,Hydropsychidae,6,FC
26-109-07,CONO 35,CONO 35,Conodoquinet Creek,05-May-26,17/28 of 4/28,Chironomidae,Chironomidae,Larva,11,FALSE,FALSE,,Arthropoda,Insecta,Diptera,Chironomidae,6,CG
26-109-07,CONO 35,CONO 35,Conodoquinet Creek,05-May-26,17/28 of 4/28,Dubiraphia sp.,Dubiraphia,Larva,2,FALSE,FALSE,,Arthropoda,Insecta,Coleoptera,Elmidae,6,SC
26-109-07,CONO 35,CONO 35,Conodoquinet Creek,05-May-26,17/28 of 4/28,Ephemerella sp.,Ephemerella,Larva,1,FALSE,FALSE,,Arthropoda,Insecta,Ephemeroptera,Ephemerellidae,1,CG
26-109-07,CONO 35,CONO 35,Conodoquinet Creek,05-May-26,17/28 of 4/28,Erpobdella sp.,Erpobdella,,1,FALSE,FALSE,,Annelida,Clitellata,Hirudinida,Erpobdellidae,8,PR
26-109-07,CONO 35,CONO 35,Conodoquinet Creek,05-May-26,17/28 of 4/28,Gammarus sp.,Gammarus,,45,FALSE,FALSE,,Arthropoda,Malocostraca,Amphipoda,Gammaridae,4,CG
26-109-07,CONO 35,CONO 35,Conodoquinet Creek,05-May-26,17/28 of 4/28,Helicopsyche borealis,Helicopsyche,Larva,14,FALSE,FALSE,,Arthropoda,Insecta,Trichoptera,Helicopsychidae,3,SC
26-109-07,CONO 35,CONO 35,Conodoquinet Creek,05-May-26,17/28 of 4/28,Hydropsyche sp.,Hydropsyche,Larva,2,FALSE,FALSE,,Arthropoda,Insecta,Trichoptera,Hydropsychidae,5,FC
26-109-07,CONO 35,CONO 35,Conodoquinet Creek,05-May-26,17/28 of 4/28,Iswaeon anoka,Iswaeon,Larva,1,FALSE,FALSE,,Arthropoda,Insecta,Ephemeroptera,Baetidae,6,CG
26-109-07,CONO 35,CONO 35,Conodoquinet Creek,05-May-26,17/28 of 4/28,Lepidostoma sp.,Lepidostoma,Larva,1,FALSE,FALSE,,Arthropoda,Insecta,Trichoptera,Lepidostomatidae,1,SH
26-109-07,CONO 35,CONO 35,Conodoquinet Creek,05-May-26,17/28 of 4/28,Leptoxis,Leptoxis,,4,FALSE,FALSE,,Mollusca,Gastropoda,Caenogastropoda (unassigned),Pleuroceridae,7,SC
26-109-07,CONO 35,CONO 35,Conodoquinet Creek,05-May-26,17/28 of 4/28,Leucrocuta sp.,Leucrocuta,Immature,3,FALSE,FALSE,,Arthropoda,Insecta,Ephemeroptera,Heptageniidae,1,SC
26-109-07,CONO 35,CONO 35,Conodoquinet Creek,05-May-26,17/28 of 4/28,Lymnaeidae,Lymnaeidae,Immature,4,FALSE,FALSE,,Mollusca,Gastropoda,Basommatophora,Lymnaeidae,7,SC
26-109-07,CONO 35,CONO 35,Conodoquinet Creek,05-May-26,17/28 of 4/28,Maccaffertium sp.,Maccaffertium,Larva,10,FALSE,FALSE,,Arthropoda,Insecta,Ephemeroptera,Heptageniidae,3,SC
26-109-07,CONO 35,CONO 35,Conodoquinet Creek,05-May-26,17/28 of 4/28,Neophylax sp.,Neophylax,Larva,1,FALSE,FALSE,,Arthropoda,Insecta,Trichoptera,Thremmatidae,3,SC
26-109-07,CONO 35,CONO 35,Conodoquinet Creek,05-May-26,17/28 of 4/28,Oligochaeta,Oligochaeta,,5,FALSE,FALSE,,Annelida,Clitellata,,,10,CG
26-109-07,CONO 35,CONO 35,Conodoquinet Creek,05-May-26,17/28 of 4/28,Optioservus fastiditus group,Optioservus,Larva,20,FALSE,FALSE,,Arthropoda,Insecta,Coleoptera,Elmidae,4,SC
26-109-07,CONO 35,CONO 35,Conodoquinet Creek,05-May-26,17/28 of 4/28,Perlesta sp.,Perlesta,Immature,2,FALSE,FALSE,,Arthropoda,Insecta,Plecoptera,Perlidae,4,PR
26-109-07,CONO 35,CONO 35,Conodoquinet Creek,05-May-26,17/28 of 4/28,Physella sp.,Physella,Immature,2,FALSE,FALSE,,Mollusca,Gastropoda,Basommatophora,Physidae,8,SC
26-109-07,CONO 35,CONO 35,Conodoquinet Creek,05-May-26,17/28 of 4/28,Pisidium sp.,Pisidium,Immature,1,FALSE,FALSE,,Mollusca,Bivalvia,Sphaeriida,Sphaeriidae,8,FC
26-109-07,CONO 35,CONO 35,Conodoquinet Creek,05-May-26,17/28 of 4/28,Polycentropus sensu lato complex,Polycentropus,Larva,1,FALSE,FALSE,,Arthropoda,Insecta,Trichoptera,Polycentropodidae,6,FC
26-109-07,CONO 35,CONO 35,Conodoquinet Creek,05-May-26,17/28 of 4/28,Protoptila sp.,Protoptila,Larva,5,FALSE,FALSE,,Arthropoda,Insecta,Trichoptera,Glossosomatidae,1,SC
26-109-07,CONO 35,CONO 35,Conodoquinet Creek,05-May-26,17/28 of 4/28,Psephenus sp.,Psephenus,Larva,3,FALSE,FALSE,,Arthropoda,Insecta,Coleoptera,Psephenidae,4,SC
26-109-07,CONO 35,CONO 35,Conodoquinet Creek,05-May-26,17/28 of 4/28,Pteronarcys sp.,Pteronarcys,Larva,1,FALSE,FALSE,,Arthropoda,Insecta,Plecoptera,Pteronarcyidae,0,SH
26-109-07,CONO 35,CONO 35,Conodoquinet Creek,05-May-26,17/28 of 4/28,Somatogyrus,Somatogyrus,,23,FALSE,FALSE,,Mollusca,Gastropoda,Littorinimorpha,Hydrobiidae,8,SC
26-109-07,CONO 35,CONO 35,Conodoquinet Creek,05-May-26,17/28 of 4/28,Sphaeriidae,Sphaeriidae,Immature,1,FALSE,TRUE,,Mollusca,Bivalvia,Sphaeriida,Sphaeriidae,8,FC
26-109-07,CONO 35,CONO 35,Conodoquinet Creek,05-May-26,17/28 of 4/28,Stenacron sp.,Stenacron,Larva,3,FALSE,FALSE,,Arthropoda,Insecta,Ephemeroptera,Heptageniidae,4,SC
26-109-07,CONO 35,CONO 35,Conodoquinet Creek,05-May-26,17/28 of 4/28,Stenelmis sp.,Stenelmis,Larva/Adult,44,FALSE,FALSE,37 L/7 A,Arthropoda,Insecta,Coleoptera,Elmidae,5,SC
26-109-07,CONO 35,CONO 35,Conodoquinet Creek,05-May-26,17/28 of 4/28,Teloganopsis deficiens,Teloganopsis,Larva,1,FALSE,FALSE,,Arthropoda,Insecta,Ephemeroptera,Ephemerellidae,2,CG
26-109-08,CHIQ 11.3,CHIQ 11.3,Chiques Creek,21-Apr-26,4/28 of 4/28,Baetis sp.,Baetis,Larva,17,FALSE,FALSE,,Arthropoda,Insecta,Ephemeroptera,Baetidae,6,CG
26-109-08,CHIQ 11.3,CHIQ 11.3,Chiques Creek,21-Apr-26,4/28 of 4/28,Caecidotea sp.,Caecidotea,,3,FALSE,FALSE,,Arthropoda,Malocostraca,Isopoda,Asellidae,6,CG
26-109-08,CHIQ 11.3,CHIQ 11.3,Chiques Creek,21-Apr-26,4/28 of 4/28,Caenis sp.,Caenis,Larva,1,FALSE,FALSE,,Arthropoda,Insecta,Ephemeroptera,Caenidae,7,CG
26-109-08,CHIQ 11.3,CHIQ 11.3,Chiques Creek,21-Apr-26,4/28 of 4/28,Capniidae,Capniidae,Early Instar,1,FALSE,FALSE,,Arthropoda,Insecta,Plecoptera,Capniidae,3,SH
26-109-08,CHIQ 11.3,CHIQ 11.3,Chiques Creek,21-Apr-26,4/28 of 4/28,Cheumatopsyche sp.,Cheumatopsyche,Larva,4,FALSE,FALSE,,Arthropoda,Insecta,Trichoptera,Hydropsychidae,6,FC
26-109-08,CHIQ 11.3,CHIQ 11.3,Chiques Creek,21-Apr-26,4/28 of 4/28,Chironomidae,Chironomidae,Larva,127,FALSE,FALSE,,Arthropoda,Insecta,Diptera,Chironomidae,6,CG
26-109-08,CHIQ 11.3,CHIQ 11.3,Chiques Creek,21-Apr-26,4/28 of 4/28,Corbicula sp.,Corbicula,Immature,1,FALSE,FALSE,,Mollusca,Bivalvia,Veneroida,Corbiculidae,4,FC
26-109-08,CHIQ 11.3,CHIQ 11.3,Chiques Creek,21-Apr-26,4/28 of 4/28,Crangonyx sp.,Crangonyx,,3,FALSE,FALSE,,Arthropoda,Malocostraca,Amphipoda,Crangonyctidae,4,CG
26-109-08,CHIQ 11.3,CHIQ 11.3,Chiques Creek,21-Apr-26,4/28 of 4/28,Hemerodromia sp.,Hemerodromia,Larva,4,FALSE,FALSE,,Arthropoda,Insecta,Diptera,Empididae,6,PR
26-109-08,CHIQ 11.3,CHIQ 11.3,Chiques Creek,21-Apr-26,4/28 of 4/28,Hydropsyche sp.,Hydropsyche,Larva,3,FALSE,FALSE,,Arthropoda,Insecta,Trichoptera,Hydropsychidae,5,FC
26-109-08,CHIQ 11.3,CHIQ 11.3,Chiques Creek,21-Apr-26,4/28 of 4/28,Maccaffertium sp.,Maccaffertium,Larva,2,FALSE,FALSE,,Arthropoda,Insecta,Ephemeroptera,Heptageniidae,3,SC
26-109-08,CHIQ 11.3,CHIQ 11.3,Chiques Creek,21-Apr-26,4/28 of 4/28,Nematoda,Nematoda,,6,FALSE,FALSE,,Nematoda,,,,9,CG
26-109-08,CHIQ 11.3,CHIQ 11.3,Chiques Creek,21-Apr-26,4/28 of 4/28,Neoplasta sp.,Neoplasta,Larva,1,FALSE,FALSE,,Arthropoda,Insecta,Diptera,Empididae,6,PR
26-109-08,CHIQ 11.3,CHIQ 11.3,Chiques Creek,21-Apr-26,4/28 of 4/28,Oligochaeta,Oligochaeta,,5,FALSE,FALSE,,Annelida,Clitellata,,,10,CG
26-109-08,CHIQ 11.3,CHIQ 11.3,Chiques Creek,21-Apr-26,4/28 of 4/28,Optioservus fastiditus group,Optioservus,Larva,6,FALSE,FALSE,,Arthropoda,Insecta,Coleoptera,Elmidae,4,SC
26-109-08,CHIQ 11.3,CHIQ 11.3,Chiques Creek,21-Apr-26,4/28 of 4/28,Perlesta sp.,Perlesta,Early Instar,1,FALSE,TRUE,,Arthropoda,Insecta,Plecoptera,Perlidae,4,PR
26-109-08,CHIQ 11.3,CHIQ 11.3,Chiques Creek,21-Apr-26,4/28 of 4/28,Psephenus sp.,Psephenus,Larva,2,FALSE,FALSE,,Arthropoda,Insecta,Coleoptera,Psephenidae,4,SC
26-109-08,CHIQ 11.3,CHIQ 11.3,Chiques Creek,21-Apr-26,4/28 of 4/28,Simulium sp.,Simulium,Larva,4,FALSE,FALSE,,Arthropoda,Insecta,Diptera,Simuliidae,6,FC
26-109-08,CHIQ 11.3,CHIQ 11.3,Chiques Creek,21-Apr-26,4/28 of 4/28,Stenelmis sp.,Stenelmis,Larva/Adult,13,FALSE,FALSE,9 L/4 A,Arthropoda,Insecta,Coleoptera,Elmidae,5,SC
26-109-08,CHIQ 11.3,CHIQ 11.3,Chiques Creek,21-Apr-26,4/28 of 4/28,Teloganopsis deficiens,Teloganopsis,Larva,2,FALSE,FALSE,,Arthropoda,Insecta,Ephemeroptera,Ephemerellidae,2,CG
26-109-08,CHIQ 11.3,CHIQ 11.3,Chiques Creek,21-Apr-26,4/28 of 4/28,Trepaxonemata,Turbellaria,,1,FALSE,FALSE,,Plathyhelminthes,Trepaxonemata,,,9,PR
26-109-08,CHIQ 11.3,CHIQ 11.3,Chiques Creek,21-Apr-26,4/28 of 4/28,Trombidiformes,Hydracarina,,6,FALSE,FALSE,,Arthropoda,Arachnida,Trombidiformes,,7,PR
26-109-09,LCHQ 7.6,LCHQ 7.6,Little Chiques Creek ,21-Apr-26,5/38,Baetis sp.,Baetis,Larva,59,FALSE,FALSE,,Arthropoda,Insecta,Ephemeroptera,Baetidae,6,CG
26-109-09,LCHQ 7.6,LCHQ 7.6,Little Chiques Creek ,21-Apr-26,5/38,Cheumatopsyche sp.,Cheumatopsyche,Larva,8,FALSE,FALSE,,Arthropoda,Insecta,Trichoptera,Hydropsychidae,6,FC
26-109-09,LCHQ 7.6,LCHQ 7.6,Little Chiques Creek ,21-Apr-26,5/38,Chimarra sp.,Chimarra,Larva,3,FALSE,FALSE,,Arthropoda,Insecta,Trichoptera,Philopotamidae,4,FC
26-109-09,LCHQ 7.6,LCHQ 7.6,Little Chiques Creek ,21-Apr-26,5/38,Chironomidae,Chironomidae,Larva,119,FALSE,FALSE,,Arthropoda,Insecta,Diptera,Chironomidae,6,CG
26-109-09,LCHQ 7.6,LCHQ 7.6,Little Chiques Creek ,21-Apr-26,5/38,Diphetor hageni,Diphetor,Larva,1,FALSE,FALSE,,Arthropoda,Insecta,Ephemeroptera,Baetidae,6,CG
26-109-09,LCHQ 7.6,LCHQ 7.6,Little Chiques Creek ,21-Apr-26,5/38,Ephemerella sp.,Ephemerella,Larva,1,FALSE,FALSE,,Arthropoda,Insecta,Ephemeroptera,Ephemerellidae,1,CG
26-109-09,LCHQ 7.6,LCHQ 7.6,Little Chiques Creek ,21-Apr-26,5/38,Gammarus sp.,Gammarus,,2,FALSE,FALSE,,Arthropoda,Malocostraca,Amphipoda,Gammaridae,4,CG
26-109-09,LCHQ 7.6,LCHQ 7.6,Little Chiques Creek ,21-Apr-26,5/38,Hemerodromia sp.,Hemerodromia,Larva,6,FALSE,FALSE,,Arthropoda,Insecta,Diptera,Empididae,6,PR
26-109-09,LCHQ 7.6,LCHQ 7.6,Little Chiques Creek ,21-Apr-26,5/38,Hydropsyche sp.,Hydropsyche,Larva,8,FALSE,FALSE,6 H. morosa gr. (formerly Ceratopsyche),Arthropoda,Insecta,Trichoptera,Hydropsychidae,5,FC
26-109-09,LCHQ 7.6,LCHQ 7.6,Little Chiques Creek ,21-Apr-26,5/38,Hydroptila sp.,Hydroptila,Larva,1,FALSE,FALSE,,Arthropoda,Insecta,Trichoptera,Hydroptilidae,6,SC
26-109-09,LCHQ 7.6,LCHQ 7.6,Little Chiques Creek ,21-Apr-26,5/38,Leucrocuta sp.,Leucrocuta,Larva,1,FALSE,FALSE,,Arthropoda,Insecta,Ephemeroptera,Heptageniidae,1,SC
26-109-09,LCHQ 7.6,LCHQ 7.6,Little Chiques Creek ,21-Apr-26,5/38,Neoplasta sp.,Neoplasta,Larva,1,FALSE,FALSE,,Arthropoda,Insecta,Diptera,Empididae,6,PR
26-109-09,LCHQ 7.6,LCHQ 7.6,Little Chiques Creek ,21-Apr-26,5/38,Oligochaeta,Oligochaeta,,7,FALSE,FALSE,,Annelida,Clitellata,,,10,CG
26-109-09,LCHQ 7.6,LCHQ 7.6,Little Chiques Creek ,21-Apr-26,5/38,Perlesta sp.,Perlesta,Early Instar,2,FALSE,FALSE,,Arthropoda,Insecta,Plecoptera,Perlidae,4,PR
26-109-09,LCHQ 7.6,LCHQ 7.6,Little Chiques Creek ,21-Apr-26,5/38,Psephenus sp.,Psephenus,Larva,2,FALSE,FALSE,,Arthropoda,Insecta,Coleoptera,Psephenidae,4,SC
26-109-09,LCHQ 7.6,LCHQ 7.6,Little Chiques Creek ,21-Apr-26,5/38,Sphaeriidae,Sphaeriidae,Immature,1,FALSE,TRUE,,Mollusca,Bivalvia,Sphaeriida,Sphaeriidae,8,FC
26-109-09,LCHQ 7.6,LCHQ 7.6,Little Chiques Creek ,21-Apr-26,5/38,Stenelmis sp.,Stenelmis,Larva,3,FALSE,FALSE,,Arthropoda,Insecta,Coleoptera,Elmidae,5,SC
26-109-09,LCHQ 7.6,LCHQ 7.6,Little Chiques Creek ,21-Apr-26,5/38,Taeniopteryx sp.,Taeniopteryx,Early Instar,2,FALSE,FALSE,,Arthropoda,Insecta,Plecoptera,Taeniopterygidae,2,SH
26-109-09,LCHQ 7.6,LCHQ 7.6,Little Chiques Creek ,21-Apr-26,5/38,Trepaxonemata,Turbellaria,,1,FALSE,FALSE,,Plathyhelminthes,Trepaxonemata,,,9,PR
26-109-09,LCHQ 7.6,LCHQ 7.6,Little Chiques Creek ,21-Apr-26,5/38,Trombidiformes,Hydracarina,,1,FALSE,FALSE,,Arthropoda,Arachnida,Trombidiformes,,7,PR
26-109-10,MILL 2.6,MILL 2.6,Mill Creek,09-Apr-26,4/28 of 4/28,Agnetina sp.,Agnetina,Larva,2,FALSE,FALSE,,Arthropoda,Insecta,Plecoptera,Perlidae,2,PR
26-109-10,MILL 2.6,MILL 2.6,Mill Creek,09-Apr-26,4/28 of 4/28,Amphinemura sp.,Amphinemura,Larva,1,FALSE,FALSE,,Arthropoda,Insecta,Plecoptera,Nemouridae,3,SH
26-109-10,MILL 2.6,MILL 2.6,Mill Creek,09-Apr-26,4/28 of 4/28,Antocha sp.,Antocha,Larva,1,FALSE,FALSE,,Arthropoda,Insecta,Diptera,Limoniidae,3,CG
26-109-10,MILL 2.6,MILL 2.6,Mill Creek,09-Apr-26,4/28 of 4/28,Baetis sp.,Baetis,Larva,3,FALSE,FALSE,,Arthropoda,Insecta,Ephemeroptera,Baetidae,6,CG
26-109-10,MILL 2.6,MILL 2.6,Mill Creek,09-Apr-26,4/28 of 4/28,Ceratopogoninae,Ceratopogonidae,Larva,1,FALSE,FALSE,,Arthropoda,Insecta,Diptera,Ceratopogonidae,6,PR
26-109-10,MILL 2.6,MILL 2.6,Mill Creek,09-Apr-26,4/28 of 4/28,Chelifera sp.,Chelifera,Larva,1,FALSE,FALSE,,Arthropoda,Insecta,Diptera,Empididae,6,PR
26-109-10,MILL 2.6,MILL 2.6,Mill Creek,09-Apr-26,4/28 of 4/28,Cheumatopsyche sp.,Cheumatopsyche,Larva,4,FALSE,FALSE,,Arthropoda,Insecta,Trichoptera,Hydropsychidae,6,FC
26-109-10,MILL 2.6,MILL 2.6,Mill Creek,09-Apr-26,4/28 of 4/28,Chironomidae,Chironomidae,Larva,19,FALSE,FALSE,,Arthropoda,Insecta,Diptera,Chironomidae,6,CG
26-109-10,MILL 2.6,MILL 2.6,Mill Creek,09-Apr-26,4/28 of 4/28,Cinygmula subaequalis,Cinygmula,Larva,10,FALSE,FALSE,,Arthropoda,Insecta,Ephemeroptera,Heptageniidae,1,CG
26-109-10,MILL 2.6,MILL 2.6,Mill Creek,09-Apr-26,4/28 of 4/28,Cultus sp.,Cultus,Immature,1,FALSE,FALSE,,Arthropoda,Insecta,Plecoptera,Perlodidae,2,PR
26-109-10,MILL 2.6,MILL 2.6,Mill Creek,09-Apr-26,4/28 of 4/28,Dolophilodes distincta,Dolophilodes,Larva,1,FALSE,FALSE,,Arthropoda,Insecta,Trichoptera,Philopotamidae,0,FC
26-109-10,MILL 2.6,MILL 2.6,Mill Creek,09-Apr-26,4/28 of 4/28,Drunella sp.,Drunella,Larva,21,FALSE,FALSE,,Arthropoda,Insecta,Ephemeroptera,Ephemerellidae,1,SC
26-109-10,MILL 2.6,MILL 2.6,Mill Creek,09-Apr-26,4/28 of 4/28,Epeorus sp.,Epeorus,Larva,63,FALSE,FALSE,,Arthropoda,Insecta,Ephemeroptera,Heptageniidae,0,SC
26-109-10,MILL 2.6,MILL 2.6,Mill Creek,09-Apr-26,4/28 of 4/28,Ephemerella sp.,Ephemerella,Larva,11,FALSE,FALSE,,Arthropoda,Insecta,Ephemeroptera,Ephemerellidae,1,CG
26-109-10,MILL 2.6,MILL 2.6,Mill Creek,09-Apr-26,4/28 of 4/28,Haploperla sp.,Haploperla,Larva,6,FALSE,FALSE,,Arthropoda,Insecta,Plecoptera,Chloroperlidae,0,PR
26-109-10,MILL 2.6,MILL 2.6,Mill Creek,09-Apr-26,4/28 of 4/28,Hydropsyche sp.,Hydropsyche,Larva,14,FALSE,FALSE,14 H. morosa gr. (formerly Ceratopsyche),Arthropoda,Insecta,Trichoptera,Hydropsychidae,5,FC
26-109-10,MILL 2.6,MILL 2.6,Mill Creek,09-Apr-26,4/28 of 4/28,Hydroptila sp.,Hydroptila,Larva,2,FALSE,FALSE,,Arthropoda,Insecta,Trichoptera,Hydroptilidae,6,SC
26-109-10,MILL 2.6,MILL 2.6,Mill Creek,09-Apr-26,4/28 of 4/28,Isoperla sp.,Isoperla,Larva,5,FALSE,FALSE,,Arthropoda,Insecta,Plecoptera,Perlodidae,2,PR
26-109-10,MILL 2.6,MILL 2.6,Mill Creek,09-Apr-26,4/28 of 4/28,Lepidostoma sp.,Lepidostoma,Larva,4,FALSE,FALSE,,Arthropoda,Insecta,Trichoptera,Lepidostomatidae,1,SH
26-109-10,MILL 2.6,MILL 2.6,Mill Creek,09-Apr-26,4/28 of 4/28,Neoleptophlebia sp.,Paraleptophlebia,Larva,19,FALSE,FALSE,,Arthropoda,Insecta,Ephemeroptera,Leptophlebiidae,1,CG
26-109-10,MILL 2.6,MILL 2.6,Mill Creek,09-Apr-26,4/28 of 4/28,Oemopteryx sp.,Oemopteryx,Larva,2,FALSE,FALSE,,Arthropoda,Insecta,Plecoptera,Taeniopterygidae,3,SH
26-109-10,MILL 2.6,MILL 2.6,Mill Creek,09-Apr-26,4/28 of 4/28,Optioservus fastiditus group,Optioservus,Larva/Adult,3,FALSE,FALSE,2 L/1 A,Arthropoda,Insecta,Coleoptera,Elmidae,4,SC
26-109-10,MILL 2.6,MILL 2.6,Mill Creek,09-Apr-26,4/28 of 4/28,Paragnetina sp.,Paragnetina,Immature,1,FALSE,FALSE,,Arthropoda,Insecta,Plecoptera,Perlidae,1,PR
26-109-10,MILL 2.6,MILL 2.6,Mill Creek,09-Apr-26,4/28 of 4/28,Polycentropodidae,Polycentropodidae,Early Instar,1,FALSE,FALSE,,Arthropoda,Insecta,Trichoptera,Polycentropodidae,6,FC
26-109-10,MILL 2.6,MILL 2.6,Mill Creek,09-Apr-26,4/28 of 4/28,Prosimulium sp.,Prosimulium,Larva,3,FALSE,FALSE,,Arthropoda,Insecta,Diptera,Simuliidae,2,FC
26-109-10,MILL 2.6,MILL 2.6,Mill Creek,09-Apr-26,4/28 of 4/28,Psephenus sp.,Psephenus,Larva,1,FALSE,FALSE,,Arthropoda,Insecta,Coleoptera,Psephenidae,4,SC
26-109-10,MILL 2.6,MILL 2.6,Mill Creek,09-Apr-26,4/28 of 4/28,Rhithrogena sp.,Rhithrogena,Larva,2,FALSE,FALSE,,Arthropoda,Insecta,Ephemeroptera,Heptageniidae,0,CG
26-109-10,MILL 2.6,MILL 2.6,Mill Creek,09-Apr-26,4/28 of 4/28,Sweltsa sp.,Sweltsa,Larva,3,FALSE,FALSE,,Arthropoda,Insecta,Plecoptera,Chloroperlidae,0,PR
26-109-10,MILL 2.6,MILL 2.6,Mill Creek,09-Apr-26,4/28 of 4/28,Trombidiformes,Hydracarina,,3,FALSE,FALSE,,Arthropoda,Arachnida,Trombidiformes,,7,PR
26-109-11,PINE,PINE,Pine Creek,15-Apr-26,16/28 of 4/28,Acroneuria sp.,Acroneuria,Immature,1,FALSE,FALSE,,Arthropoda,Insecta,Plecoptera,Perlidae,0,PR
26-109-11,PINE,PINE,Pine Creek,15-Apr-26,16/28 of 4/28,Alloperla sp.,Alloperla,Larva,1,FALSE,FALSE,,Arthropoda,Insecta,Plecoptera,Chloroperlidae,0,CG
26-109-11,PINE,PINE,Pine Creek,15-Apr-26,16/28 of 4/28,Baetis sp.,Baetis,Larva,10,FALSE,FALSE,,Arthropoda,Insecta,Ephemeroptera,Baetidae,6,CG
26-109-11,PINE,PINE,Pine Creek,15-Apr-26,16/28 of 4/28,Cheumatopsyche sp.,Cheumatopsyche,Larva,5,FALSE,FALSE,,Arthropoda,Insecta,Trichoptera,Hydropsychidae,6,FC
26-109-11,PINE,PINE,Pine Creek,15-Apr-26,16/28 of 4/28,Chironomidae,Chironomidae,Larva,42,FALSE,FALSE,,Arthropoda,Insecta,Diptera,Chironomidae,6,CG
26-109-11,PINE,PINE,Pine Creek,15-Apr-26,16/28 of 4/28,Cinygmula subaequalis,Cinygmula,Larva,7,FALSE,FALSE,,Arthropoda,Insecta,Ephemeroptera,Heptageniidae,1,CG
26-109-11,PINE,PINE,Pine Creek,15-Apr-26,16/28 of 4/28,Diphetor hageni,Diphetor,Larva,5,FALSE,FALSE,,Arthropoda,Insecta,Ephemeroptera,Baetidae,6,CG
26-109-11,PINE,PINE,Pine Creek,15-Apr-26,16/28 of 4/28,Drunella sp.,Drunella,Larva,24,FALSE,FALSE,,Arthropoda,Insecta,Ephemeroptera,Ephemerellidae,1,SC
26-109-11,PINE,PINE,Pine Creek,15-Apr-26,16/28 of 4/28,Epeorus sp.,Epeorus,Larva,18,FALSE,FALSE,,Arthropoda,Insecta,Ephemeroptera,Heptageniidae,0,SC
26-109-11,PINE,PINE,Pine Creek,15-Apr-26,16/28 of 4/28,Ephemerella sp.,Ephemerella,Larva,12,FALSE,FALSE,,Arthropoda,Insecta,Ephemeroptera,Ephemerellidae,1,CG
26-109-11,PINE,PINE,Pine Creek,15-Apr-26,16/28 of 4/28,Eurylophella sp.,Eurylophella,Larva,2,FALSE,FALSE,,Arthropoda,Insecta,Ephemeroptera,Ephemerellidae,4,SC
26-109-11,PINE,PINE,Pine Creek,15-Apr-26,16/28 of 4/28,Haploperla sp.,Haploperla,Immature,10,FALSE,FALSE,,Arthropoda,Insecta,Plecoptera,Chloroperlidae,0,PR
26-109-11,PINE,PINE,Pine Creek,15-Apr-26,16/28 of 4/28,Hemerodromia sp.,Hemerodromia,Larva,1,FALSE,FALSE,,Arthropoda,Insecta,Diptera,Empididae,6,PR
26-109-11,PINE,PINE,Pine Creek,15-Apr-26,16/28 of 4/28,Hydropsyche sp.,Hydropsyche,Larva,4,FALSE,FALSE,4 H. morosa gr. (formerly Ceratopsyche),Arthropoda,Insecta,Trichoptera,Hydropsychidae,5,FC
26-109-11,PINE,PINE,Pine Creek,15-Apr-26,16/28 of 4/28,Isonychia sp.,Isonychia,Larva,2,FALSE,FALSE,,Arthropoda,Insecta,Ephemeroptera,Isonychiidae,3,CG
26-109-11,PINE,PINE,Pine Creek,15-Apr-26,16/28 of 4/28,Isoperla sp.,Isoperla,Larva,8,FALSE,FALSE,,Arthropoda,Insecta,Plecoptera,Perlodidae,2,PR
26-109-11,PINE,PINE,Pine Creek,15-Apr-26,16/28 of 4/28,Leucrocuta sp.,Leucrocuta,Immature,5,FALSE,FALSE,,Arthropoda,Insecta,Ephemeroptera,Heptageniidae,1,SC
26-109-11,PINE,PINE,Pine Creek,15-Apr-26,16/28 of 4/28,Leuctra sp.,Leuctra,Larva,3,FALSE,FALSE,,Arthropoda,Insecta,Plecoptera,Leuctridae,0,SH
26-109-11,PINE,PINE,Pine Creek,15-Apr-26,16/28 of 4/28,Maccaffertium sp.,Maccaffertium,Larva,2,FALSE,FALSE,,Arthropoda,Insecta,Ephemeroptera,Heptageniidae,3,SC
26-109-11,PINE,PINE,Pine Creek,15-Apr-26,16/28 of 4/28,Neoleptophlebia sp.,Paraleptophlebia,Larva,19,FALSE,FALSE,,Arthropoda,Insecta,Ephemeroptera,Leptophlebiidae,1,CG
26-109-11,PINE,PINE,Pine Creek,15-Apr-26,16/28 of 4/28,Neophylax sp.,Neophylax,Larva,6,FALSE,FALSE,,Arthropoda,Insecta,Trichoptera,Thremmatidae,3,SC
26-109-11,PINE,PINE,Pine Creek,15-Apr-26,16/28 of 4/28,Neoplasta sp.,Neoplasta,Larva,1,FALSE,FALSE,,Arthropoda,Insecta,Diptera,Empididae,6,PR
26-109-11,PINE,PINE,Pine Creek,15-Apr-26,16/28 of 4/28,Oligochaeta,Oligochaeta,,1,FALSE,FALSE,,Annelida,Clitellata,,,10,CG
26-109-11,PINE,PINE,Pine Creek,15-Apr-26,16/28 of 4/28,Optioservus fastiditus group,Optioservus,Larva/Adult,3,FALSE,FALSE,1 L/2 A,Arthropoda,Insecta,Coleoptera,Elmidae,4,SC
26-109-11,PINE,PINE,Pine Creek,15-Apr-26,16/28 of 4/28,Oulimnius sp.,Oulimnius,Larva/Adult,7,FALSE,FALSE,3 L/4 A,Arthropoda,Insecta,Coleoptera,Elmidae,5,SC
26-109-11,PINE,PINE,Pine Creek,15-Apr-26,16/28 of 4/28,Polycentropus sensu lato complex,Polycentropus,Larva,2,FALSE,FALSE,,Arthropoda,Insecta,Trichoptera,Polycentropodidae,6,FC
26-109-11,PINE,PINE,Pine Creek,15-Apr-26,16/28 of 4/28,Prosimulium sp.,Prosimulium,Larva,1,FALSE,FALSE,,Arthropoda,Insecta,Diptera,Simuliidae,2,FC
26-109-11,PINE,PINE,Pine Creek,15-Apr-26,16/28 of 4/28,Rhithrogena sp.,Rhithrogena,Larva,4,FALSE,FALSE,,Arthropoda,Insecta,Ephemeroptera,Heptageniidae,0,CG
26-109-11,PINE,PINE,Pine Creek,15-Apr-26,16/28 of 4/28,Rhyacophila sp.,Rhyacophila,Larva,2,FALSE,FALSE,,Arthropoda,Insecta,Trichoptera,Rhyacophilidae,1,PR
26-109-11,PINE,PINE,Pine Creek,15-Apr-26,16/28 of 4/28,Simulium sp.,Simulium,Larva,1,FALSE,FALSE,,Arthropoda,Insecta,Diptera,Simuliidae,6,FC
26-109-11,PINE,PINE,Pine Creek,15-Apr-26,16/28 of 4/28,Teloganopsis deficiens,Teloganopsis,Larva,5,FALSE,FALSE,,Arthropoda,Insecta,Ephemeroptera,Ephemerellidae,2,CG
26-109-12,BABB 13.4,BABB 13.4,Babb Creek,14-Apr-26,5/28 of 4/28,Acroneuria sp.,Acroneuria,Immature,4,FALSE,FALSE,,Arthropoda,Insecta,Plecoptera,Perlidae,0,PR
26-109-12,BABB 13.4,BABB 13.4,Babb Creek,14-Apr-26,5/28 of 4/28,Amphinemura sp.,Amphinemura,Immature,2,FALSE,FALSE,,Arthropoda,Insecta,Plecoptera,Nemouridae,3,SH
26-109-12,BABB 13.4,BABB 13.4,Babb Creek,14-Apr-26,5/28 of 4/28,Atherix sp.,Atherix,Larva,2,FALSE,FALSE,,Arthropoda,Insecta,Diptera,Athericidae,2,PR
26-109-12,BABB 13.4,BABB 13.4,Babb Creek,14-Apr-26,5/28 of 4/28,Baetis sp.,Baetis,Larva,1,FALSE,FALSE,,Arthropoda,Insecta,Ephemeroptera,Baetidae,6,CG
26-109-12,BABB 13.4,BABB 13.4,Babb Creek,14-Apr-26,5/28 of 4/28,Ceratopogoninae,Ceratopogonidae,Larva,2,FALSE,FALSE,,Arthropoda,Insecta,Diptera,Ceratopogonidae,6,PR
26-109-12,BABB 13.4,BABB 13.4,Babb Creek,14-Apr-26,5/28 of 4/28,Chelifera sp.,Chelifera,Larva,1,FALSE,FALSE,,Arthropoda,Insecta,Diptera,Empididae,6,PR
26-109-12,BABB 13.4,BABB 13.4,Babb Creek,14-Apr-26,5/28 of 4/28,Cheumatopsyche sp.,Cheumatopsyche,Larva,4,FALSE,FALSE,,Arthropoda,Insecta,Trichoptera,Hydropsychidae,6,FC
26-109-12,BABB 13.4,BABB 13.4,Babb Creek,14-Apr-26,5/28 of 4/28,Chironomidae,Chironomidae,Larva,80,FALSE,FALSE,,Arthropoda,Insecta,Diptera,Chironomidae,6,CG
26-109-12,BABB 13.4,BABB 13.4,Babb Creek,14-Apr-26,5/28 of 4/28,Cinygmula subaequalis,Cinygmula,Larva,7,FALSE,FALSE,,Arthropoda,Insecta,Ephemeroptera,Heptageniidae,1,CG
26-109-12,BABB 13.4,BABB 13.4,Babb Creek,14-Apr-26,5/28 of 4/28,Diphetor hageni,Diphetor,Larva,9,FALSE,FALSE,,Arthropoda,Insecta,Ephemeroptera,Baetidae,6,CG
26-109-12,BABB 13.4,BABB 13.4,Babb Creek,14-Apr-26,5/28 of 4/28,Diplectrona sp.,Diplectrona,Larva,2,FALSE,FALSE,,Arthropoda,Insecta,Trichoptera,Hydropsychidae,0,FC
26-109-12,BABB 13.4,BABB 13.4,Babb Creek,14-Apr-26,5/28 of 4/28,Dolophilodes distincta,Dolophilodes,Larva,1,FALSE,FALSE,,Arthropoda,Insecta,Trichoptera,Philopotamidae,0,FC
26-109-12,BABB 13.4,BABB 13.4,Babb Creek,14-Apr-26,5/28 of 4/28,Drunella sp.,Drunella,Larva,9,FALSE,FALSE,,Arthropoda,Insecta,Ephemeroptera,Ephemerellidae,1,SC
26-109-12,BABB 13.4,BABB 13.4,Babb Creek,14-Apr-26,5/28 of 4/28,Epeorus sp.,Epeorus,Larva,24,FALSE,FALSE,,Arthropoda,Insecta,Ephemeroptera,Heptageniidae,0,SC
26-109-12,BABB 13.4,BABB 13.4,Babb Creek,14-Apr-26,5/28 of 4/28,Ephemerella sp.,Ephemerella,Larva,19,FALSE,FALSE,,Arthropoda,Insecta,Ephemeroptera,Ephemerellidae,1,CG
26-109-12,BABB 13.4,BABB 13.4,Babb Creek,14-Apr-26,5/28 of 4/28,Heptagenia sp.,Heptagenia,Larva,1,FALSE,FALSE,,Arthropoda,Insecta,Ephemeroptera,Heptageniidae,4,SC
26-109-12,BABB 13.4,BABB 13.4,Babb Creek,14-Apr-26,5/28 of 4/28,Hexatoma sp.,Hexatoma,Larva,1,FALSE,FALSE,,Arthropoda,Insecta,Diptera,Limoniidae,2,PR
26-109-12,BABB 13.4,BABB 13.4,Babb Creek,14-Apr-26,5/28 of 4/28,Hydropsyche sp.,Hydropsyche,Larva,9,FALSE,FALSE,9 H. morosa gr. (formerly Ceratopsyche),Arthropoda,Insecta,Trichoptera,Hydropsychidae,5,FC
26-109-12,BABB 13.4,BABB 13.4,Babb Creek,14-Apr-26,5/28 of 4/28,Isoperla sp.,Isoperla,Immature,1,FALSE,FALSE,,Arthropoda,Insecta,Plecoptera,Perlodidae,2,PR
26-109-12,BABB 13.4,BABB 13.4,Babb Creek,14-Apr-26,5/28 of 4/28,Lepidostoma sp.,Lepidostoma,Larva,1,FALSE,FALSE,,Arthropoda,Insecta,Trichoptera,Lepidostomatidae,1,SH
26-109-12,BABB 13.4,BABB 13.4,Babb Creek,14-Apr-26,5/28 of 4/28,Leucrocuta sp.,Leucrocuta,Larva,1,FALSE,FALSE,,Arthropoda,Insecta,Ephemeroptera,Heptageniidae,1,SC
26-109-12,BABB 13.4,BABB 13.4,Babb Creek,14-Apr-26,5/28 of 4/28,Leuctra sp.,Leuctra,Immature,7,FALSE,FALSE,,Arthropoda,Insecta,Plecoptera,Leuctridae,0,SH
26-109-12,BABB 13.4,BABB 13.4,Babb Creek,14-Apr-26,5/28 of 4/28,Neoleptophlebia sp.,Paraleptophlebia,Larva,12,FALSE,TRUE,,Arthropoda,Insecta,Ephemeroptera,Leptophlebiidae,1,CG
26-109-12,BABB 13.4,BABB 13.4,Babb Creek,14-Apr-26,5/28 of 4/28,Neophylax sp.,Neophylax,Larva,5,FALSE,FALSE,,Arthropoda,Insecta,Trichoptera,Thremmatidae,3,SC
26-109-12,BABB 13.4,BABB 13.4,Babb Creek,14-Apr-26,5/28 of 4/28,Optioservus fastiditus group,Optioservus,Larva,6,FALSE,FALSE,,Arthropoda,Insecta,Coleoptera,Elmidae,4,SC
26-109-12,BABB 13.4,BABB 13.4,Babb Creek,14-Apr-26,5/28 of 4/28,Oulimnius sp.,Oulimnius,Larva/Adult,4,FALSE,FALSE,3 L/1 A,Arthropoda,Insecta,Coleoptera,Elmidae,5,SC
26-109-12,BABB 13.4,BABB 13.4,Babb Creek,14-Apr-26,5/28 of 4/28,Paragnetina sp.,Paragnetina,Immature,1,FALSE,FALSE,,Arthropoda,Insecta,Plecoptera,Perlidae,1,PR
26-109-12,BABB 13.4,BABB 13.4,Babb Creek,14-Apr-26,5/28 of 4/28,Rhyacophila sp.,Rhyacophila,Larva,1,FALSE,FALSE,,Arthropoda,Insecta,Trichoptera,Rhyacophilidae,1,PR
26-109-12,BABB 13.4,BABB 13.4,Babb Creek,14-Apr-26,5/28 of 4/28,Sphaeriidae,Sphaeriidae,Immature,1,FALSE,FALSE,,Mollusca,Bivalvia,Sphaeriida,Sphaeriidae,8,FC
26-109-12,BABB 13.4,BABB 13.4,Babb Creek,14-Apr-26,5/28 of 4/28,Stenelmis sp.,Stenelmis,Adult,1,FALSE,FALSE,,Arthropoda,Insecta,Coleoptera,Elmidae,5,SC
26-109-12,BABB 13.4,BABB 13.4,Babb Creek,14-Apr-26,5/28 of 4/28,Sweltsa sp.,Sweltsa,Larva,1,FALSE,FALSE,,Arthropoda,Insecta,Plecoptera,Chloroperlidae,0,PR
26-109-12,BABB 13.4,BABB 13.4,Babb Creek,14-Apr-26,5/28 of 4/28,Teloganopsis deficiens,Teloganopsis,Early Instar,1,FALSE,FALSE,,Arthropoda,Insecta,Ephemeroptera,Ephemerellidae,2,CG
26-109-12,BABB 13.4,BABB 13.4,Babb Creek,14-Apr-26,5/28 of 4/28,Trombidiformes,Hydracarina,,3,FALSE,FALSE,,Arthropoda,Arachnida,Trombidiformes,,7,PR
26-109-13,LEBO 0.1,LEBO 0.1,Lebo Run,13-Apr-26,2/28 of 4/28,Acentrella sp.,Acentrella,Larva,7,FALSE,FALSE,,Arthropoda,Insecta,Ephemeroptera,Baetidae,4,SC
26-109-13,LEBO 0.1,LEBO 0.1,Lebo Run,13-Apr-26,2/28 of 4/28,Acroneuria sp.,Acroneuria,Larva,1,FALSE,FALSE,,Arthropoda,Insecta,Plecoptera,Perlidae,0,PR
26-109-13,LEBO 0.1,LEBO 0.1,Lebo Run,13-Apr-26,2/28 of 4/28,Amphinemura sp.,Amphinemura,Immature,4,FALSE,FALSE,,Arthropoda,Insecta,Plecoptera,Nemouridae,3,SH
26-109-13,LEBO 0.1,LEBO 0.1,Lebo Run,13-Apr-26,2/28 of 4/28,Atherix sp.,Atherix,Larva,2,FALSE,FALSE,,Arthropoda,Insecta,Diptera,Athericidae,2,PR
26-109-13,LEBO 0.1,LEBO 0.1,Lebo Run,13-Apr-26,2/28 of 4/28,Branchiobdellida,Branchiobdellida,,1,FALSE,FALSE,,Annelida,Clitellata,Branchiobdellida,,6,CG
26-109-13,LEBO 0.1,LEBO 0.1,Lebo Run,13-Apr-26,2/28 of 4/28,Ceratopogoninae,Ceratopogonidae,Larva,1,FALSE,FALSE,,Arthropoda,Insecta,Diptera,Ceratopogonidae,6,PR
26-109-13,LEBO 0.1,LEBO 0.1,Lebo Run,13-Apr-26,2/28 of 4/28,Chelifera sp.,Chelifera,Larva,2,FALSE,FALSE,,Arthropoda,Insecta,Diptera,Empididae,6,PR
26-109-13,LEBO 0.1,LEBO 0.1,Lebo Run,13-Apr-26,2/28 of 4/28,Cheumatopsyche sp.,Cheumatopsyche,Larva,1,FALSE,FALSE,,Arthropoda,Insecta,Trichoptera,Hydropsychidae,6,FC
26-109-13,LEBO 0.1,LEBO 0.1,Lebo Run,13-Apr-26,2/28 of 4/28,Chironomidae,Chironomidae,Larva,32,FALSE,FALSE,,Arthropoda,Insecta,Diptera,Chironomidae,6,CG
26-109-13,LEBO 0.1,LEBO 0.1,Lebo Run,13-Apr-26,2/28 of 4/28,Cinygmula subaequalis,Cinygmula,Larva,11,FALSE,FALSE,,Arthropoda,Insecta,Ephemeroptera,Heptageniidae,1,CG
26-109-13,LEBO 0.1,LEBO 0.1,Lebo Run,13-Apr-26,2/28 of 4/28,Dicranota sp.,Dicranota,Larva,1,FALSE,FALSE,,Arthropoda,Insecta,Diptera,Pedicidiidae,3,PR
26-109-13,LEBO 0.1,LEBO 0.1,Lebo Run,13-Apr-26,2/28 of 4/28,Diphetor hageni,Diphetor,Larva,3,FALSE,FALSE,,Arthropoda,Insecta,Ephemeroptera,Baetidae,6,CG
26-109-13,LEBO 0.1,LEBO 0.1,Lebo Run,13-Apr-26,2/28 of 4/28,Diplectrona sp.,Diplectrona,Larva,3,FALSE,FALSE,,Arthropoda,Insecta,Trichoptera,Hydropsychidae,0,FC
26-109-13,LEBO 0.1,LEBO 0.1,Lebo Run,13-Apr-26,2/28 of 4/28,Drunella sp.,Drunella,Larva,4,FALSE,FALSE,,Arthropoda,Insecta,Ephemeroptera,Ephemerellidae,1,SC
26-109-13,LEBO 0.1,LEBO 0.1,Lebo Run,13-Apr-26,2/28 of 4/28,Ectopria sp.,Ectopria,Larva,1,FALSE,FALSE,,Arthropoda,Insecta,Coleoptera,Psephenidae,5,SC
26-109-13,LEBO 0.1,LEBO 0.1,Lebo Run,13-Apr-26,2/28 of 4/28,Epeorus sp.,Epeorus,Larva,32,FALSE,FALSE,,Arthropoda,Insecta,Ephemeroptera,Heptageniidae,0,SC
26-109-13,LEBO 0.1,LEBO 0.1,Lebo Run,13-Apr-26,2/28 of 4/28,Ephemerella sp.,Ephemerella,Larva,10,FALSE,FALSE,,Arthropoda,Insecta,Ephemeroptera,Ephemerellidae,1,CG
26-109-13,LEBO 0.1,LEBO 0.1,Lebo Run,13-Apr-26,2/28 of 4/28,Ferrissia sp.,Ferrissia,Immature,1,FALSE,TRUE,,Mollusca,Gastropoda,Basommatophora,Planorbidae,7,SC
26-109-13,LEBO 0.1,LEBO 0.1,Lebo Run,13-Apr-26,2/28 of 4/28,Gomphidae,Gomphidae,Early Instar,2,FALSE,FALSE,,Arthropoda,Insecta,Odonata,Gomphidae,4,PR
26-109-13,LEBO 0.1,LEBO 0.1,Lebo Run,13-Apr-26,2/28 of 4/28,Isogenoides sp.,Isogenoides,Larva,1,FALSE,FALSE,,Arthropoda,Insecta,Plecoptera,Perlodidae,0,PR
26-109-13,LEBO 0.1,LEBO 0.1,Lebo Run,13-Apr-26,2/28 of 4/28,Isoperla sp.,Isoperla,Immature,3,FALSE,FALSE,,Arthropoda,Insecta,Plecoptera,Perlodidae,2,PR
26-109-13,LEBO 0.1,LEBO 0.1,Lebo Run,13-Apr-26,2/28 of 4/28,Leptophlebiidae,Leptophlebiidae,Immature,5,FALSE,TRUE,,Arthropoda,Insecta,Ephemeroptera,Leptophlebiidae,4,CG
26-109-13,LEBO 0.1,LEBO 0.1,Lebo Run,13-Apr-26,2/28 of 4/28,Leucrocuta sp.,Leucrocuta,Larva,5,FALSE,FALSE,,Arthropoda,Insecta,Ephemeroptera,Heptageniidae,1,SC
26-109-13,LEBO 0.1,LEBO 0.1,Lebo Run,13-Apr-26,2/28 of 4/28,Leuctra sp.,Leuctra,Larva,2,FALSE,FALSE,,Arthropoda,Insecta,Plecoptera,Leuctridae,0,SH
26-109-13,LEBO 0.1,LEBO 0.1,Lebo Run,13-Apr-26,2/28 of 4/28,Maccaffertium sp.,Maccaffertium,Larva,1,FALSE,FALSE,,Arthropoda,Insecta,Ephemeroptera,Heptageniidae,3,SC
26-109-13,LEBO 0.1,LEBO 0.1,Lebo Run,13-Apr-26,2/28 of 4/28,Neophylax sp.,Neophylax,Immature,8,FALSE,FALSE,,Arthropoda,Insecta,Trichoptera,Thremmatidae,3,SC
26-109-13,LEBO 0.1,LEBO 0.1,Lebo Run,13-Apr-26,2/28 of 4/28,Oligochaeta,Oligochaeta,,5,FALSE,FALSE,,Annelida,Clitellata,,,10,CG
26-109-13,LEBO 0.1,LEBO 0.1,Lebo Run,13-Apr-26,2/28 of 4/28,Optioservus elegans group,Promoresia,Larva/Adult,15,FALSE,FALSE,11 L/4 A,Arthropoda,Insecta,Coleoptera,Elmidae,2,SC
26-109-13,LEBO 0.1,LEBO 0.1,Lebo Run,13-Apr-26,2/28 of 4/28,Optioservus fastiditus group,Optioservus,Larva/Adult,15,FALSE,FALSE,10 L/5 A,Arthropoda,Insecta,Coleoptera,Elmidae,4,SC
26-109-13,LEBO 0.1,LEBO 0.1,Lebo Run,13-Apr-26,2/28 of 4/28,Oulimnius sp.,Oulimnius,Larva/Adult,34,FALSE,FALSE,22 L/12 A,Arthropoda,Insecta,Coleoptera,Elmidae,5,SC
26-109-13,LEBO 0.1,LEBO 0.1,Lebo Run,13-Apr-26,2/28 of 4/28,Perlodidae,Perlodidae,Early Instar,2,FALSE,FALSE,,Arthropoda,Insecta,Plecoptera,Perlodidae,2,PR
26-109-13,LEBO 0.1,LEBO 0.1,Lebo Run,13-Apr-26,2/28 of 4/28,Prosimulium sp.,Prosimulium,Larva,1,FALSE,FALSE,,Arthropoda,Insecta,Diptera,Simuliidae,2,FC
26-109-13,LEBO 0.1,LEBO 0.1,Lebo Run,13-Apr-26,2/28 of 4/28,Pteronarcys sp.,Pteronarcys,Immature,3,FALSE,FALSE,,Arthropoda,Insecta,Plecoptera,Pteronarcyidae,0,SH
26-109-13,LEBO 0.1,LEBO 0.1,Lebo Run,13-Apr-26,2/28 of 4/28,Simulium sp.,Simulium,Larva,5,FALSE,FALSE,,Arthropoda,Insecta,Diptera,Simuliidae,6,FC
26-109-13,LEBO 0.1,LEBO 0.1,Lebo Run,13-Apr-26,2/28 of 4/28,Sphaeriidae,Sphaeriidae,Immature,1,FALSE,FALSE,,Mollusca,Bivalvia,Sphaeriida,Sphaeriidae,8,FC
26-109-13,LEBO 0.1,LEBO 0.1,Lebo Run,13-Apr-26,2/28 of 4/28,Teloganopsis deficiens,Teloganopsis,Larva,6,FALSE,FALSE,,Arthropoda,Insecta,Ephemeroptera,Ephemerellidae,2,CG
26-109-13,LEBO 0.1,LEBO 0.1,Lebo Run,13-Apr-26,2/28 of 4/28,Trombidiformes,Hydracarina,,1,FALSE,FALSE,,Arthropoda,Arachnida,Trombidiformes,,7,PR
26-109-14,Portage,Portage,Portage Creek,23-Apr-26,4/28 of 4/28,Acentrella sp.,Acentrella,Larva,83,FALSE,FALSE,,Arthropoda,Insecta,Ephemeroptera,Baetidae,4,SC
26-109-14,Portage,Portage,Portage Creek,23-Apr-26,4/28 of 4/28,Ceraclea sp.,Ceraclea,Immature,1,FALSE,FALSE,,Arthropoda,Insecta,Trichoptera,Leptoceridae,3,CG
26-109-14,Portage,Portage,Portage Creek,23-Apr-26,4/28 of 4/28,Cheumatopsyche sp.,Cheumatopsyche,Larva,2,FALSE,FALSE,,Arthropoda,Insecta,Trichoptera,Hydropsychidae,6,FC
26-109-14,Portage,Portage,Portage Creek,23-Apr-26,4/28 of 4/28,Chimarra sp.,Chimarra,Larva,2,FALSE,FALSE,,Arthropoda,Insecta,Trichoptera,Philopotamidae,4,FC
26-109-14,Portage,Portage,Portage Creek,23-Apr-26,4/28 of 4/28,Chironomidae,Chironomidae,Larva,18,FALSE,FALSE,,Arthropoda,Insecta,Diptera,Chironomidae,6,CG
26-109-14,Portage,Portage,Portage Creek,23-Apr-26,4/28 of 4/28,Corydalus cornutus,Corydalus,Larva,1,FALSE,FALSE,,Arthropoda,Insecta,Megaloptera,Corydalidae,4,PR
26-109-14,Portage,Portage,Portage Creek,23-Apr-26,4/28 of 4/28,Drunella sp.,Drunella,Larva,39,FALSE,FALSE,,Arthropoda,Insecta,Ephemeroptera,Ephemerellidae,1,SC
26-109-14,Portage,Portage,Portage Creek,23-Apr-26,4/28 of 4/28,Epeorus sp.,Epeorus,Larva,3,FALSE,FALSE,,Arthropoda,Insecta,Ephemeroptera,Heptageniidae,0,SC
26-109-14,Portage,Portage,Portage Creek,23-Apr-26,4/28 of 4/28,Ephemerella sp.,Ephemerella,Larva,6,FALSE,FALSE,,Arthropoda,Insecta,Ephemeroptera,Ephemerellidae,1,CG
26-109-14,Portage,Portage,Portage Creek,23-Apr-26,4/28 of 4/28,Gomphidae,Gomphidae,Early Instar,2,FALSE,FALSE,,Arthropoda,Insecta,Odonata,Gomphidae,4,PR
26-109-14,Portage,Portage,Portage Creek,23-Apr-26,4/28 of 4/28,Isonychia sp.,Isonychia,Larva,2,FALSE,FALSE,,Arthropoda,Insecta,Ephemeroptera,Isonychiidae,3,CG
26-109-14,Portage,Portage,Portage Creek,23-Apr-26,4/28 of 4/28,Leucrocuta sp.,Leucrocuta,Immature,6,FALSE,FALSE,,Arthropoda,Insecta,Ephemeroptera,Heptageniidae,1,SC
26-109-14,Portage,Portage,Portage Creek,23-Apr-26,4/28 of 4/28,Maccaffertium sp.,Maccaffertium,Larva,6,FALSE,FALSE,,Arthropoda,Insecta,Ephemeroptera,Heptageniidae,3,SC
26-109-14,Portage,Portage,Portage Creek,23-Apr-26,4/28 of 4/28,Neophylax sp.,Neophylax,Immature,1,FALSE,FALSE,,Arthropoda,Insecta,Trichoptera,Thremmatidae,3,SC
26-109-14,Portage,Portage,Portage Creek,23-Apr-26,4/28 of 4/28,Oligochaeta,Oligochaeta,,12,FALSE,FALSE,,Annelida,Clitellata,,,10,CG
26-109-14,Portage,Portage,Portage Creek,23-Apr-26,4/28 of 4/28,Optioservus fastiditus group,Optioservus,Larva/Adult,4,FALSE,FALSE,3 L/1 A,Arthropoda,Insecta,Coleoptera,Elmidae,4,SC
26-109-14,Portage,Portage,Portage Creek,23-Apr-26,4/28 of 4/28,Paragnetina sp.,Paragnetina,Larva,2,FALSE,FALSE,,Arthropoda,Insecta,Plecoptera,Perlidae,1,PR
26-109-14,Portage,Portage,Portage Creek,23-Apr-26,4/28 of 4/28,Prosimulium sp.,Prosimulium,Larva,1,FALSE,FALSE,,Arthropoda,Insecta,Diptera,Simuliidae,2,FC
26-109-14,Portage,Portage,Portage Creek,23-Apr-26,4/28 of 4/28,Psephenus sp.,Psephenus,Larva,4,FALSE,FALSE,,Arthropoda,Insecta,Coleoptera,Psephenidae,4,SC
26-109-14,Portage,Portage,Portage Creek,23-Apr-26,4/28 of 4/28,Simulium sp.,Simulium,Larva,3,FALSE,FALSE,,Arthropoda,Insecta,Diptera,Simuliidae,6,FC
26-109-14,Portage,Portage,Portage Creek,23-Apr-26,4/28 of 4/28,Sphaeriidae,Sphaeriidae,Immature,1,FALSE,FALSE,,Mollusca,Bivalvia,Sphaeriida,Sphaeriidae,8,FC
26-109-14,Portage,Portage,Portage Creek,23-Apr-26,4/28 of 4/28,Stenelmis sp.,Stenelmis,Larva,9,FALSE,FALSE,,Arthropoda,Insecta,Coleoptera,Elmidae,5,SC
26-109-14,Portage,Portage,Portage Creek,23-Apr-26,4/28 of 4/28,Trichoclinocera sp.,Trichoclinocera,Larva,1,FALSE,FALSE,,Arthropoda,Insecta,Diptera,Empididae,6,PR
26-109-14,Portage,Portage,Portage Creek,23-Apr-26,4/28 of 4/28,Trombidiformes,Hydracarina,,2,FALSE,FALSE,,Arthropoda,Arachnida,Trombidiformes,,7,PR
26-109-15,LMEHOOP,LMEHOOP,Little Mehoopany Creek,07-Apr-26,7/28 of 4/28,Acroneuria sp.,Acroneuria,Larva,2,FALSE,FALSE,,Arthropoda,Insecta,Plecoptera,Perlidae,0,PR
26-109-15,LMEHOOP,LMEHOOP,Little Mehoopany Creek,07-Apr-26,7/28 of 4/28,Amphinemura sp.,Amphinemura,Larva,10,FALSE,FALSE,,Arthropoda,Insecta,Plecoptera,Nemouridae,3,SH
26-109-15,LMEHOOP,LMEHOOP,Little Mehoopany Creek,07-Apr-26,7/28 of 4/28,Baetis sp.,Baetis,Larva,8,FALSE,FALSE,,Arthropoda,Insecta,Ephemeroptera,Baetidae,6,CG
26-109-15,LMEHOOP,LMEHOOP,Little Mehoopany Creek,07-Apr-26,7/28 of 4/28,Chelifera sp.,Chelifera,Larva,1,FALSE,FALSE,,Arthropoda,Insecta,Diptera,Empididae,6,PR
26-109-15,LMEHOOP,LMEHOOP,Little Mehoopany Creek,07-Apr-26,7/28 of 4/28,Cheumatopsyche sp.,Cheumatopsyche,Larva,7,FALSE,FALSE,,Arthropoda,Insecta,Trichoptera,Hydropsychidae,6,FC
26-109-15,LMEHOOP,LMEHOOP,Little Mehoopany Creek,07-Apr-26,7/28 of 4/28,Chimarra sp.,Chimarra,Larva,3,FALSE,FALSE,,Arthropoda,Insecta,Trichoptera,Philopotamidae,4,FC
26-109-15,LMEHOOP,LMEHOOP,Little Mehoopany Creek,07-Apr-26,7/28 of 4/28,Chironomidae,Chironomidae,Larva,52,FALSE,FALSE,,Arthropoda,Insecta,Diptera,Chironomidae,6,CG
26-109-15,LMEHOOP,LMEHOOP,Little Mehoopany Creek,07-Apr-26,7/28 of 4/28,Drunella sp.,Drunella,Larva,11,FALSE,FALSE,,Arthropoda,Insecta,Ephemeroptera,Ephemerellidae,1,SC
26-109-15,LMEHOOP,LMEHOOP,Little Mehoopany Creek,07-Apr-26,7/28 of 4/28,Ephemerella sp.,Ephemerella,Larva,40,FALSE,FALSE,,Arthropoda,Insecta,Ephemeroptera,Ephemerellidae,1,CG
26-109-15,LMEHOOP,LMEHOOP,Little Mehoopany Creek,07-Apr-26,7/28 of 4/28,Eurylophella sp.,Eurylophella,Immature,2,FALSE,FALSE,,Arthropoda,Insecta,Ephemeroptera,Ephemerellidae,4,SC
26-109-15,LMEHOOP,LMEHOOP,Little Mehoopany Creek,07-Apr-26,7/28 of 4/28,Hydropsyche sp.,Hydropsyche,Larva,5,FALSE,FALSE,3 H. morosa gr. (formerly Ceratopsyche),Arthropoda,Insecta,Trichoptera,Hydropsychidae,5,FC
26-109-15,LMEHOOP,LMEHOOP,Little Mehoopany Creek,07-Apr-26,7/28 of 4/28,Leuctra sp.,Leuctra,Immature,19,FALSE,FALSE,,Arthropoda,Insecta,Plecoptera,Leuctridae,0,SH
26-109-15,LMEHOOP,LMEHOOP,Little Mehoopany Creek,07-Apr-26,7/28 of 4/28,Maccaffertium sp.,Maccaffertium,Larva,25,FALSE,FALSE,,Arthropoda,Insecta,Ephemeroptera,Heptageniidae,3,SC
26-109-15,LMEHOOP,LMEHOOP,Little Mehoopany Creek,07-Apr-26,7/28 of 4/28,Neophylax sp.,Neophylax,Larva,3,FALSE,FALSE,,Arthropoda,Insecta,Trichoptera,Thremmatidae,3,SC
26-109-15,LMEHOOP,LMEHOOP,Little Mehoopany Creek,07-Apr-26,7/28 of 4/28,Oligochaeta,Oligochaeta,,10,FALSE,FALSE,,Annelida,Clitellata,,,10,CG
26-109-15,LMEHOOP,LMEHOOP,Little Mehoopany Creek,07-Apr-26,7/28 of 4/28,Optioservus fastiditus group,Optioservus,Larva,1,FALSE,FALSE,,Arthropoda,Insecta,Coleoptera,Elmidae,4,SC
26-109-15,LMEHOOP,LMEHOOP,Little Mehoopany Creek,07-Apr-26,7/28 of 4/28,Polycentropus sensu lato complex,Polycentropus,Larva,1,FALSE,FALSE,,Arthropoda,Insecta,Trichoptera,Polycentropodidae,6,FC
26-109-15,LMEHOOP,LMEHOOP,Little Mehoopany Creek,07-Apr-26,7/28 of 4/28,Prosimulium sp.,Prosimulium,Larva,8,FALSE,FALSE,,Arthropoda,Insecta,Diptera,Simuliidae,2,FC
26-109-15,LMEHOOP,LMEHOOP,Little Mehoopany Creek,07-Apr-26,7/28 of 4/28,Rhyacophila sp.,Rhyacophila,Larva,2,FALSE,FALSE,,Arthropoda,Insecta,Trichoptera,Rhyacophilidae,1,PR
26-109-15,LMEHOOP,LMEHOOP,Little Mehoopany Creek,07-Apr-26,7/28 of 4/28,Simulium sp.,Simulium,Larva,2,FALSE,FALSE,,Arthropoda,Insecta,Diptera,Simuliidae,6,FC
26-109-15,LMEHOOP,LMEHOOP,Little Mehoopany Creek,07-Apr-26,7/28 of 4/28,Trepaxonemata,Turbellaria,,1,FALSE,FALSE,,Plathyhelminthes,Trepaxonemata,,,9,PR
26-109-15,LMEHOOP,LMEHOOP,Little Mehoopany Creek,07-Apr-26,7/28 of 4/28,Trichoclinocera sp.,Trichoclinocera,Larva,3,FALSE,FALSE,,Arthropoda,Insecta,Diptera,Empididae,6,PR
26-109-15,LMEHOOP,LMEHOOP,Little Mehoopany Creek,07-Apr-26,7/28 of 4/28,Trombidiformes,Hydracarina,,1,FALSE,FALSE,,Arthropoda,Arachnida,Trombidiformes,,7,PR
26-109-16,MARS,MARS,Marsh Creek,13-Apr-26,7/28 of 4/28,Acentrella sp.,Acentrella,Larva,41,FALSE,FALSE,,Arthropoda,Insecta,Ephemeroptera,Baetidae,4,SC
26-109-16,MARS,MARS,Marsh Creek,13-Apr-26,7/28 of 4/28,Amphinemura sp.,Amphinemura,Larva,1,FALSE,FALSE,,Arthropoda,Insecta,Plecoptera,Nemouridae,3,SH
26-109-16,MARS,MARS,Marsh Creek,13-Apr-26,7/28 of 4/28,Argia sp.,Argia,Larva,1,FALSE,FALSE,,Arthropoda,Insecta,Odonata,Coenagrionidae,6,PR
26-109-16,MARS,MARS,Marsh Creek,13-Apr-26,7/28 of 4/28,Cheumatopsyche sp.,Cheumatopsyche,Larva,9,FALSE,FALSE,,Arthropoda,Insecta,Trichoptera,Hydropsychidae,6,FC
26-109-16,MARS,MARS,Marsh Creek,13-Apr-26,7/28 of 4/28,Chimarra sp.,Chimarra,Larva,13,FALSE,FALSE,,Arthropoda,Insecta,Trichoptera,Philopotamidae,4,FC
26-109-16,MARS,MARS,Marsh Creek,13-Apr-26,7/28 of 4/28,Chironomidae,Chironomidae,Larva,16,FALSE,FALSE,,Arthropoda,Insecta,Diptera,Chironomidae,6,CG
26-109-16,MARS,MARS,Marsh Creek,13-Apr-26,7/28 of 4/28,Drunella sp.,Drunella,Larva,3,FALSE,FALSE,,Arthropoda,Insecta,Ephemeroptera,Ephemerellidae,1,SC
26-109-16,MARS,MARS,Marsh Creek,13-Apr-26,7/28 of 4/28,Epeorus sp.,Epeorus,Larva,1,FALSE,FALSE,,Arthropoda,Insecta,Ephemeroptera,Heptageniidae,0,SC
26-109-16,MARS,MARS,Marsh Creek,13-Apr-26,7/28 of 4/28,Ephemerella sp.,Ephemerella,Larva,3,FALSE,FALSE,,Arthropoda,Insecta,Ephemeroptera,Ephemerellidae,1,CG
26-109-16,MARS,MARS,Marsh Creek,13-Apr-26,7/28 of 4/28,Hemerodromia sp.,Hemerodromia,Larva,3,FALSE,FALSE,,Arthropoda,Insecta,Diptera,Empididae,6,PR
26-109-16,MARS,MARS,Marsh Creek,13-Apr-26,7/28 of 4/28,Hexatoma sp.,Hexatoma,Larva,1,FALSE,FALSE,,Arthropoda,Insecta,Diptera,Limoniidae,2,PR
26-109-16,MARS,MARS,Marsh Creek,13-Apr-26,7/28 of 4/28,Hydropsyche sp.,Hydropsyche,Larva,1,FALSE,FALSE,1 H. morosa gr. (formerly Ceratopsyche),Arthropoda,Insecta,Trichoptera,Hydropsychidae,5,FC
26-109-16,MARS,MARS,Marsh Creek,13-Apr-26,7/28 of 4/28,Isonychia sp.,Isonychia,Larva,5,FALSE,FALSE,,Arthropoda,Insecta,Ephemeroptera,Isonychiidae,3,CG
26-109-16,MARS,MARS,Marsh Creek,13-Apr-26,7/28 of 4/28,Leucrocuta sp.,Leucrocuta,Larva,6,FALSE,FALSE,,Arthropoda,Insecta,Ephemeroptera,Heptageniidae,1,SC
26-109-16,MARS,MARS,Marsh Creek,13-Apr-26,7/28 of 4/28,Maccaffertium sp.,Maccaffertium,Larva,16,FALSE,FALSE,,Arthropoda,Insecta,Ephemeroptera,Heptageniidae,3,SC
26-109-16,MARS,MARS,Marsh Creek,13-Apr-26,7/28 of 4/28,Neophylax sp.,Neophylax,Larva,2,FALSE,FALSE,,Arthropoda,Insecta,Trichoptera,Thremmatidae,3,SC
26-109-16,MARS,MARS,Marsh Creek,13-Apr-26,7/28 of 4/28,Oligochaeta,Oligochaeta,,3,FALSE,FALSE,,Annelida,Clitellata,,,10,CG
26-109-16,MARS,MARS,Marsh Creek,13-Apr-26,7/28 of 4/28,Optioservus fastiditus group,Optioservus,Larva/Adult,23,FALSE,FALSE,18 L/5 A,Arthropoda,Insecta,Coleoptera,Elmidae,4,SC
26-109-16,MARS,MARS,Marsh Creek,13-Apr-26,7/28 of 4/28,Prosimulium sp.,Prosimulium,Larva,1,FALSE,FALSE,,Arthropoda,Insecta,Diptera,Simuliidae,2,FC
26-109-16,MARS,MARS,Marsh Creek,13-Apr-26,7/28 of 4/28,Psephenus sp.,Psephenus,Larva,14,FALSE,FALSE,,Arthropoda,Insecta,Coleoptera,Psephenidae,4,SC
26-109-16,MARS,MARS,Marsh Creek,13-Apr-26,7/28 of 4/28,Simulium sp.,Simulium,Larva,8,FALSE,FALSE,,Arthropoda,Insecta,Diptera,Simuliidae,6,FC
26-109-16,MARS,MARS,Marsh Creek,13-Apr-26,7/28 of 4/28,Stenelmis sp.,Stenelmis,Larva/Adult,34,FALSE,FALSE,31 L/3 A,Arthropoda,Insecta,Coleoptera,Elmidae,5,SC
26-109-16,MARS,MARS,Marsh Creek,13-Apr-26,7/28 of 4/28,Teloganopsis deficiens,Teloganopsis,Larva,14,FALSE,FALSE,,Arthropoda,Insecta,Ephemeroptera,Ephemerellidae,2,CG
26-109-16,MARS,MARS,Marsh Creek,13-Apr-26,7/28 of 4/28,Trichoclinocera sp.,Trichoclinocera,Larva,5,FALSE,FALSE,,Arthropoda,Insecta,Diptera,Empididae,6,PR
26-109-16,MARS,MARS,Marsh Creek,13-Apr-26,7/28 of 4/28,Trombidiformes,Hydracarina,,4,FALSE,FALSE,,Arthropoda,Arachnida,Trombidiformes,,7,PR
26-109-17,SANGERFIELD,SANGERFIELD,Sangerfield River,21-Apr-26,6/28 of 4/28,Acentrella sp.,Acentrella,Larva,2,FALSE,FALSE,,Arthropoda,Insecta,Ephemeroptera,Baetidae,4,SC
26-109-17,SANGERFIELD,SANGERFIELD,Sangerfield River,21-Apr-26,6/28 of 4/28,Acerpenna sp.,Acerpenna,Larva,1,FALSE,TRUE,,Arthropoda,Insecta,Ephemeroptera,Baetidae,6,CG
26-109-17,SANGERFIELD,SANGERFIELD,Sangerfield River,21-Apr-26,6/28 of 4/28,Agnetina sp.,Agnetina,Larva,5,FALSE,FALSE,,Arthropoda,Insecta,Plecoptera,Perlidae,2,PR
26-109-17,SANGERFIELD,SANGERFIELD,Sangerfield River,21-Apr-26,6/28 of 4/28,Anthopotamus sp.,Anthopotamus,Immature,2,FALSE,FALSE,,Arthropoda,Insecta,Ephemeroptera,Potamanthidae,4,CG
26-109-17,SANGERFIELD,SANGERFIELD,Sangerfield River,21-Apr-26,6/28 of 4/28,Antocha sp.,Antocha,Larva,13,FALSE,FALSE,,Arthropoda,Insecta,Diptera,Limoniidae,3,CG
26-109-17,SANGERFIELD,SANGERFIELD,Sangerfield River,21-Apr-26,6/28 of 4/28,Baetis sp.,Baetis,Larva,3,FALSE,FALSE,,Arthropoda,Insecta,Ephemeroptera,Baetidae,6,CG
26-109-17,SANGERFIELD,SANGERFIELD,Sangerfield River,21-Apr-26,6/28 of 4/28,Cheumatopsyche sp.,Cheumatopsyche,Larva,6,FALSE,FALSE,,Arthropoda,Insecta,Trichoptera,Hydropsychidae,6,FC
26-109-17,SANGERFIELD,SANGERFIELD,Sangerfield River,21-Apr-26,6/28 of 4/28,Chimarra sp.,Chimarra,Larva,4,FALSE,FALSE,,Arthropoda,Insecta,Trichoptera,Philopotamidae,4,FC
26-109-17,SANGERFIELD,SANGERFIELD,Sangerfield River,21-Apr-26,6/28 of 4/28,Chironomidae,Chironomidae,Larva,31,FALSE,FALSE,,Arthropoda,Insecta,Diptera,Chironomidae,6,CG
26-109-17,SANGERFIELD,SANGERFIELD,Sangerfield River,21-Apr-26,6/28 of 4/28,Diphetor hageni,Diphetor,Larva,1,FALSE,TRUE,,Arthropoda,Insecta,Ephemeroptera,Baetidae,6,CG
26-109-17,SANGERFIELD,SANGERFIELD,Sangerfield River,21-Apr-26,6/28 of 4/28,Ephemerella sp.,Ephemerella,Larva,6,FALSE,FALSE,,Arthropoda,Insecta,Ephemeroptera,Ephemerellidae,1,CG
26-109-17,SANGERFIELD,SANGERFIELD,Sangerfield River,21-Apr-26,6/28 of 4/28,Helicopsyche borealis,Helicopsyche,Larva,1,FALSE,FALSE,,Arthropoda,Insecta,Trichoptera,Helicopsychidae,3,SC
26-109-17,SANGERFIELD,SANGERFIELD,Sangerfield River,21-Apr-26,6/28 of 4/28,Hemerodromia sp.,Hemerodromia,Larva,2,FALSE,FALSE,,Arthropoda,Insecta,Diptera,Empididae,6,PR
26-109-17,SANGERFIELD,SANGERFIELD,Sangerfield River,21-Apr-26,6/28 of 4/28,Hydropsyche sp.,Hydropsyche,Larva,6,FALSE,FALSE,6 H. morosa gr. (formerly Ceratopsyche),Arthropoda,Insecta,Trichoptera,Hydropsychidae,5,FC
26-109-17,SANGERFIELD,SANGERFIELD,Sangerfield River,21-Apr-26,6/28 of 4/28,Isoperla sp.,Isoperla,Larva,2,FALSE,FALSE,I. signata,Arthropoda,Insecta,Plecoptera,Perlodidae,2,PR
26-109-17,SANGERFIELD,SANGERFIELD,Sangerfield River,21-Apr-26,6/28 of 4/28,Leucrocuta sp.,Leucrocuta,Immature,11,FALSE,FALSE,,Arthropoda,Insecta,Ephemeroptera,Heptageniidae,1,SC
26-109-17,SANGERFIELD,SANGERFIELD,Sangerfield River,21-Apr-26,6/28 of 4/28,Maccaffertium sp.,Maccaffertium,Larva,4,FALSE,FALSE,,Arthropoda,Insecta,Ephemeroptera,Heptageniidae,3,SC
26-109-17,SANGERFIELD,SANGERFIELD,Sangerfield River,21-Apr-26,6/28 of 4/28,Neoleptophlebia sp.,Paraleptophlebia,Larva,17,FALSE,FALSE,,Arthropoda,Insecta,Ephemeroptera,Leptophlebiidae,1,CG
26-109-17,SANGERFIELD,SANGERFIELD,Sangerfield River,21-Apr-26,6/28 of 4/28,Neoperla sp.,Neoperla,Immature,2,FALSE,FALSE,,Arthropoda,Insecta,Plecoptera,Perlidae,3,PR
26-109-17,SANGERFIELD,SANGERFIELD,Sangerfield River,21-Apr-26,6/28 of 4/28,Neoplasta sp.,Neoplasta,Larva,1,FALSE,FALSE,,Arthropoda,Insecta,Diptera,Empididae,6,PR
26-109-17,SANGERFIELD,SANGERFIELD,Sangerfield River,21-Apr-26,6/28 of 4/28,Oligochaeta,Oligochaeta,,5,FALSE,FALSE,,Annelida,Clitellata,,,10,CG
26-109-17,SANGERFIELD,SANGERFIELD,Sangerfield River,21-Apr-26,6/28 of 4/28,Optioservus fastiditus group,Optioservus,Larva/Adult,16,FALSE,FALSE,13 L/3 A,Arthropoda,Insecta,Coleoptera,Elmidae,4,SC
26-109-17,SANGERFIELD,SANGERFIELD,Sangerfield River,21-Apr-26,6/28 of 4/28,Polycentropodidae,Polycentropodidae,Larva,1,FALSE,TRUE,,Arthropoda,Insecta,Trichoptera,Polycentropodidae,6,FC
26-109-17,SANGERFIELD,SANGERFIELD,Sangerfield River,21-Apr-26,6/28 of 4/28,Psephenus sp.,Psephenus,Larva,6,FALSE,FALSE,,Arthropoda,Insecta,Coleoptera,Psephenidae,4,SC
26-109-17,SANGERFIELD,SANGERFIELD,Sangerfield River,21-Apr-26,6/28 of 4/28,Rhyacophila sp.,Rhyacophila,Larva,2,FALSE,FALSE,,Arthropoda,Insecta,Trichoptera,Rhyacophilidae,1,PR
26-109-17,SANGERFIELD,SANGERFIELD,Sangerfield River,21-Apr-26,6/28 of 4/28,Sialis sp.,Sialis,Larva,1,FALSE,FALSE,,Arthropoda,Insecta,Megaloptera,Sialidae,6,PR
26-109-17,SANGERFIELD,SANGERFIELD,Sangerfield River,21-Apr-26,6/28 of 4/28,Stactobiella sp.,Stactobiella,Larva,2,FALSE,FALSE,,Arthropoda,Insecta,Trichoptera,Hydroptilidae,2,SC
26-109-17,SANGERFIELD,SANGERFIELD,Sangerfield River,21-Apr-26,6/28 of 4/28,Stenelmis sp.,Stenelmis,Larva/Adult,55,FALSE,FALSE,47 L/8 A,Arthropoda,Insecta,Coleoptera,Elmidae,5,SC
26-109-17,SANGERFIELD,SANGERFIELD,Sangerfield River,21-Apr-26,6/28 of 4/28,Teloganopsis deficiens,Teloganopsis,Larva,19,FALSE,FALSE,,Arthropoda,Insecta,Ephemeroptera,Ephemerellidae,2,CG
26-109-17,SANGERFIELD,SANGERFIELD,Sangerfield River,21-Apr-26,6/28 of 4/28,Trichoclinocera sp.,Trichoclinocera,Larva,4,FALSE,FALSE,,Arthropoda,Insecta,Diptera,Empididae,6,PR
26-109-17,SANGERFIELD,SANGERFIELD,Sangerfield River,21-Apr-26,6/28 of 4/28,Trombidiformes,Hydracarina,,1,FALSE,FALSE,,Arthropoda,Arachnida,Trombidiformes,,7,PR
26-109-19,LYSK 5.0,LYSK 5.0,Loyalsock Creek ,07-Apr-26,5/28 of 4/28,Acroneuria sp.,Acroneuria,Larva,5,FALSE,FALSE,,Arthropoda,Insecta,Plecoptera,Perlidae,0,PR
26-109-19,LYSK 5.0,LYSK 5.0,Loyalsock Creek ,07-Apr-26,5/28 of 4/28,Antocha sp.,Antocha,Larva,4,FALSE,FALSE,,Arthropoda,Insecta,Diptera,Limoniidae,3,CG
26-109-19,LYSK 5.0,LYSK 5.0,Loyalsock Creek ,07-Apr-26,5/28 of 4/28,Cheumatopsyche sp.,Cheumatopsyche,Larva,13,FALSE,FALSE,,Arthropoda,Insecta,Trichoptera,Hydropsychidae,6,FC
26-109-19,LYSK 5.0,LYSK 5.0,Loyalsock Creek ,07-Apr-26,5/28 of 4/28,Chironomidae,Chironomidae,Larva,71,FALSE,FALSE,,Arthropoda,Insecta,Diptera,Chironomidae,6,CG
26-109-19,LYSK 5.0,LYSK 5.0,Loyalsock Creek ,07-Apr-26,5/28 of 4/28,Chloroperlidae,Chloroperlidae,Immature,2,FALSE,FALSE,,Arthropoda,Insecta,Plecoptera,Chloroperlidae,0,PR
26-109-19,LYSK 5.0,LYSK 5.0,Loyalsock Creek ,07-Apr-26,5/28 of 4/28,Diphetor hageni,Diphetor,Larva,1,FALSE,FALSE,,Arthropoda,Insecta,Ephemeroptera,Baetidae,6,CG
26-109-19,LYSK 5.0,LYSK 5.0,Loyalsock Creek ,07-Apr-26,5/28 of 4/28,Dubiraphia sp.,Dubiraphia,Larva,1,FALSE,FALSE,,Arthropoda,Insecta,Coleoptera,Elmidae,6,SC
26-109-19,LYSK 5.0,LYSK 5.0,Loyalsock Creek ,07-Apr-26,5/28 of 4/28,Epeorus sp.,Epeorus,Early Instar,5,FALSE,FALSE,,Arthropoda,Insecta,Ephemeroptera,Heptageniidae,0,SC
26-109-19,LYSK 5.0,LYSK 5.0,Loyalsock Creek ,07-Apr-26,5/28 of 4/28,Ephemerella sp.,Ephemerella,Larva,13,FALSE,FALSE,,Arthropoda,Insecta,Ephemeroptera,Ephemerellidae,1,CG
26-109-19,LYSK 5.0,LYSK 5.0,Loyalsock Creek ,07-Apr-26,5/28 of 4/28,Eurylophella sp.,Eurylophella,Larva,4,FALSE,FALSE,,Arthropoda,Insecta,Ephemeroptera,Ephemerellidae,4,SC
26-109-19,LYSK 5.0,LYSK 5.0,Loyalsock Creek ,07-Apr-26,5/28 of 4/28,Habrophlebia vibrans,Habrophlebia,Larva,1,FALSE,FALSE,,Arthropoda,Insecta,Ephemeroptera,Leptophlebiidae,4,CG
26-109-19,LYSK 5.0,LYSK 5.0,Loyalsock Creek ,07-Apr-26,5/28 of 4/28,Helichus sp.,Helichus,Adult,1,FALSE,FALSE,,Arthropoda,Insecta,Coleoptera,Dryopidae,5,SC
26-109-19,LYSK 5.0,LYSK 5.0,Loyalsock Creek ,07-Apr-26,5/28 of 4/28,Hemerodromia sp.,Hemerodromia,Larva,5,FALSE,FALSE,,Arthropoda,Insecta,Diptera,Empididae,6,PR
26-109-19,LYSK 5.0,LYSK 5.0,Loyalsock Creek ,07-Apr-26,5/28 of 4/28,Hexatoma sp.,Hexatoma,Larva,1,FALSE,FALSE,,Arthropoda,Insecta,Diptera,Limoniidae,2,PR
26-109-19,LYSK 5.0,LYSK 5.0,Loyalsock Creek ,07-Apr-26,5/28 of 4/28,Hydropsyche sp.,Hydropsyche,Larva,4,FALSE,FALSE,4 H. morosa gr. (formerly Ceratopsyche),Arthropoda,Insecta,Trichoptera,Hydropsychidae,5,FC
26-109-19,LYSK 5.0,LYSK 5.0,Loyalsock Creek ,07-Apr-26,5/28 of 4/28,Leptophlebiidae,Leptophlebiidae,Immature,3,TRUE,TRUE,,Arthropoda,Insecta,Ephemeroptera,Leptophlebiidae,4,CG
26-109-19,LYSK 5.0,LYSK 5.0,Loyalsock Creek ,07-Apr-26,5/28 of 4/28,Leucrocuta sp.,Leucrocuta,Larva,9,FALSE,FALSE,,Arthropoda,Insecta,Ephemeroptera,Heptageniidae,1,SC
26-109-19,LYSK 5.0,LYSK 5.0,Loyalsock Creek ,07-Apr-26,5/28 of 4/28,Maccaffertium sp.,Maccaffertium,Larva,9,FALSE,FALSE,,Arthropoda,Insecta,Ephemeroptera,Heptageniidae,3,SC
26-109-19,LYSK 5.0,LYSK 5.0,Loyalsock Creek ,07-Apr-26,5/28 of 4/28,Micrasema sp.,Micrasema,Larva,1,FALSE,FALSE,,Arthropoda,Insecta,Trichoptera,Brachycentridae,2,SH
26-109-19,LYSK 5.0,LYSK 5.0,Loyalsock Creek ,07-Apr-26,5/28 of 4/28,Neoleptophlebia sp.,Paraleptophlebia,Larva,13,FALSE,FALSE,,Arthropoda,Insecta,Ephemeroptera,Leptophlebiidae,1,CG
26-109-19,LYSK 5.0,LYSK 5.0,Loyalsock Creek ,07-Apr-26,5/28 of 4/28,Nigronia sp.,Nigronia,Larva,2,FALSE,FALSE,,Arthropoda,Insecta,Megaloptera,Corydalidae,2,PR
26-109-19,LYSK 5.0,LYSK 5.0,Loyalsock Creek ,07-Apr-26,5/28 of 4/28,Oemopteryx sp.,Oemopteryx,Larva,1,FALSE,FALSE,,Arthropoda,Insecta,Plecoptera,Taeniopterygidae,3,SH
26-109-19,LYSK 5.0,LYSK 5.0,Loyalsock Creek ,07-Apr-26,5/28 of 4/28,Oligochaeta,Oligochaeta,,7,FALSE,FALSE,,Annelida,Clitellata,,,10,CG
26-109-19,LYSK 5.0,LYSK 5.0,Loyalsock Creek ,07-Apr-26,5/28 of 4/28,Optioservus elegans group,Promoresia,Larva,2,FALSE,FALSE,,Arthropoda,Insecta,Coleoptera,Elmidae,2,SC
26-109-19,LYSK 5.0,LYSK 5.0,Loyalsock Creek ,07-Apr-26,5/28 of 4/28,Optioservus fastiditus group,Optioservus,Larva/Adult,4,FALSE,FALSE,3 L/1 A,Arthropoda,Insecta,Coleoptera,Elmidae,4,SC
26-109-19,LYSK 5.0,LYSK 5.0,Loyalsock Creek ,07-Apr-26,5/28 of 4/28,Paragnetina sp.,Paragnetina,Immature,1,FALSE,FALSE,,Arthropoda,Insecta,Plecoptera,Perlidae,1,PR
26-109-19,LYSK 5.0,LYSK 5.0,Loyalsock Creek ,07-Apr-26,5/28 of 4/28,Polycentropodidae,Polycentropodidae,Immature,1,FALSE,FALSE,imm Polycentropus/Cernotina,Arthropoda,Insecta,Trichoptera,Polycentropodidae,6,FC
26-109-19,LYSK 5.0,LYSK 5.0,Loyalsock Creek ,07-Apr-26,5/28 of 4/28,Prosimulium sp.,Prosimulium,Larva,2,FALSE,FALSE,,Arthropoda,Insecta,Diptera,Simuliidae,2,FC
26-109-19,LYSK 5.0,LYSK 5.0,Loyalsock Creek ,07-Apr-26,5/28 of 4/28,Psephenus sp.,Psephenus,Larva,1,FALSE,FALSE,,Arthropoda,Insecta,Coleoptera,Psephenidae,4,SC
26-109-19,LYSK 5.0,LYSK 5.0,Loyalsock Creek ,07-Apr-26,5/28 of 4/28,Sphaeriidae,Sphaeriidae,Immature,1,FALSE,FALSE,,Mollusca,Bivalvia,Sphaeriida,Sphaeriidae,8,FC
26-109-19,LYSK 5.0,LYSK 5.0,Loyalsock Creek ,07-Apr-26,5/28 of 4/28,Stenelmis sp.,Stenelmis,Larva/Adult,5,FALSE,FALSE,2 L/3 A,Arthropoda,Insecta,Coleoptera,Elmidae,5,SC
26-109-19,LYSK 5.0,LYSK 5.0,Loyalsock Creek ,07-Apr-26,5/28 of 4/28,Teloganopsis deficiens,Teloganopsis,Larva,1,FALSE,FALSE,,Arthropoda,Insecta,Ephemeroptera,Ephemerellidae,2,CG
26-109-19,LYSK 5.0,LYSK 5.0,Loyalsock Creek ,07-Apr-26,5/28 of 4/28,Trichoclinocera sp.,Trichoclinocera,Larva,1,FALSE,FALSE,,Arthropoda,Insecta,Diptera,Empididae,6,PR
26-109-19,LYSK 5.0,LYSK 5.0,Loyalsock Creek ,07-Apr-26,5/28 of 4/28,Trombidiformes,Hydracarina,,2,FALSE,FALSE,,Arthropoda,Arachnida,Trombidiformes,,7,PR
26-109-20,LBEA 0.4,LBEA 0.4,Little Bear Creek,09-Apr-26,9/28 of 4/28,Acroneuria sp.,Acroneuria,Larva,2,FALSE,FALSE,,Arthropoda,Insecta,Plecoptera,Perlidae,0,PR
26-109-20,LBEA 0.4,LBEA 0.4,Little Bear Creek,09-Apr-26,9/28 of 4/28,Agnetina sp.,Agnetina,Larva,1,FALSE,FALSE,,Arthropoda,Insecta,Plecoptera,Perlidae,2,PR
26-109-20,LBEA 0.4,LBEA 0.4,Little Bear Creek,09-Apr-26,9/28 of 4/28,Amphinemura sp.,Amphinemura,Larva,4,FALSE,FALSE,,Arthropoda,Insecta,Plecoptera,Nemouridae,3,SH
26-109-20,LBEA 0.4,LBEA 0.4,Little Bear Creek,09-Apr-26,9/28 of 4/28,Atherix sp.,Atherix,Larva,1,FALSE,FALSE,,Arthropoda,Insecta,Diptera,Athericidae,2,PR
26-109-20,LBEA 0.4,LBEA 0.4,Little Bear Creek,09-Apr-26,9/28 of 4/28,Baetis sp.,Baetis,Larva,4,FALSE,FALSE,,Arthropoda,Insecta,Ephemeroptera,Baetidae,6,CG
26-109-20,LBEA 0.4,LBEA 0.4,Little Bear Creek,09-Apr-26,9/28 of 4/28,Chelifera sp.,Chelifera,Larva,1,FALSE,FALSE,,Arthropoda,Insecta,Diptera,Empididae,6,PR
26-109-20,LBEA 0.4,LBEA 0.4,Little Bear Creek,09-Apr-26,9/28 of 4/28,Cheumatopsyche sp.,Cheumatopsyche,Larva,2,FALSE,FALSE,,Arthropoda,Insecta,Trichoptera,Hydropsychidae,6,FC
26-109-20,LBEA 0.4,LBEA 0.4,Little Bear Creek,09-Apr-26,9/28 of 4/28,Chironomidae,Chironomidae,Larva,27,FALSE,FALSE,,Arthropoda,Insecta,Diptera,Chironomidae,6,CG
26-109-20,LBEA 0.4,LBEA 0.4,Little Bear Creek,09-Apr-26,9/28 of 4/28,Chloroperlidae,Chloroperlidae,Immature,1,TRUE,FALSE,,Arthropoda,Insecta,Plecoptera,Chloroperlidae,0,PR
26-109-20,LBEA 0.4,LBEA 0.4,Little Bear Creek,09-Apr-26,9/28 of 4/28,Cinygmula subaequalis,Cinygmula,Larva,13,FALSE,FALSE,,Arthropoda,Insecta,Ephemeroptera,Heptageniidae,1,CG
26-109-20,LBEA 0.4,LBEA 0.4,Little Bear Creek,09-Apr-26,9/28 of 4/28,Diphetor hageni,Diphetor,Larva,1,FALSE,FALSE,,Arthropoda,Insecta,Ephemeroptera,Baetidae,6,CG
26-109-20,LBEA 0.4,LBEA 0.4,Little Bear Creek,09-Apr-26,9/28 of 4/28,Diplectrona sp.,Diplectrona,Larva,8,FALSE,FALSE,,Arthropoda,Insecta,Trichoptera,Hydropsychidae,0,FC
26-109-20,LBEA 0.4,LBEA 0.4,Little Bear Creek,09-Apr-26,9/28 of 4/28,Dolophilodes distincta,Dolophilodes,Larva,3,FALSE,FALSE,,Arthropoda,Insecta,Trichoptera,Philopotamidae,0,FC
26-109-20,LBEA 0.4,LBEA 0.4,Little Bear Creek,09-Apr-26,9/28 of 4/28,Drunella sp.,Drunella,Larva,18,FALSE,FALSE,,Arthropoda,Insecta,Ephemeroptera,Ephemerellidae,1,SC
26-109-20,LBEA 0.4,LBEA 0.4,Little Bear Creek,09-Apr-26,9/28 of 4/28,Epeorus sp.,Epeorus,Larva,23,FALSE,FALSE,,Arthropoda,Insecta,Ephemeroptera,Heptageniidae,0,SC
26-109-20,LBEA 0.4,LBEA 0.4,Little Bear Creek,09-Apr-26,9/28 of 4/28,Ephemerella sp.,Ephemerella,Larva,8,FALSE,FALSE,,Arthropoda,Insecta,Ephemeroptera,Ephemerellidae,1,CG
26-109-20,LBEA 0.4,LBEA 0.4,Little Bear Creek,09-Apr-26,9/28 of 4/28,Heptagenia sp.,Heptagenia,Larva,1,FALSE,FALSE,,Arthropoda,Insecta,Ephemeroptera,Heptageniidae,4,SC
26-109-20,LBEA 0.4,LBEA 0.4,Little Bear Creek,09-Apr-26,9/28 of 4/28,Hexatoma sp.,Hexatoma,Larva,1,FALSE,FALSE,,Arthropoda,Insecta,Diptera,Limoniidae,2,PR
26-109-20,LBEA 0.4,LBEA 0.4,Little Bear Creek,09-Apr-26,9/28 of 4/28,Hydropsyche sp.,Hydropsyche,Larva,3,FALSE,FALSE,3 H. morosa gr. (formerly Ceratopsyche),Arthropoda,Insecta,Trichoptera,Hydropsychidae,5,FC
26-109-20,LBEA 0.4,LBEA 0.4,Little Bear Creek,09-Apr-26,9/28 of 4/28,Lepidostoma sp.,Lepidostoma,Larva,1,FALSE,FALSE,,Arthropoda,Insecta,Trichoptera,Lepidostomatidae,1,SH
26-109-20,LBEA 0.4,LBEA 0.4,Little Bear Creek,09-Apr-26,9/28 of 4/28,Leucrocuta sp.,Leucrocuta,Larva,1,FALSE,FALSE,,Arthropoda,Insecta,Ephemeroptera,Heptageniidae,1,SC
26-109-20,LBEA 0.4,LBEA 0.4,Little Bear Creek,09-Apr-26,9/28 of 4/28,Leuctra sp.,Leuctra,Immature,11,FALSE,FALSE,,Arthropoda,Insecta,Plecoptera,Leuctridae,0,SH
26-109-20,LBEA 0.4,LBEA 0.4,Little Bear Creek,09-Apr-26,9/28 of 4/28,Maccaffertium sp.,Maccaffertium,Larva,1,FALSE,FALSE,,Arthropoda,Insecta,Ephemeroptera,Heptageniidae,3,SC
26-109-20,LBEA 0.4,LBEA 0.4,Little Bear Creek,09-Apr-26,9/28 of 4/28,Micrasema sp.,Micrasema,Larva,1,FALSE,FALSE,,Arthropoda,Insecta,Trichoptera,Brachycentridae,2,SH
26-109-20,LBEA 0.4,LBEA 0.4,Little Bear Creek,09-Apr-26,9/28 of 4/28,Neoleptophlebia sp.,Paraleptophlebia,Larva,5,FALSE,FALSE,,Arthropoda,Insecta,Ephemeroptera,Leptophlebiidae,1,CG
26-109-20,LBEA 0.4,LBEA 0.4,Little Bear Creek,09-Apr-26,9/28 of 4/28,Neophylax sp.,Neophylax,Larva,2,FALSE,FALSE,,Arthropoda,Insecta,Trichoptera,Thremmatidae,3,SC
26-109-20,LBEA 0.4,LBEA 0.4,Little Bear Creek,09-Apr-26,9/28 of 4/28,Optioservus elegans group,Promoresia,Larva,1,FALSE,FALSE,,Arthropoda,Insecta,Coleoptera,Elmidae,2,SC
26-109-20,LBEA 0.4,LBEA 0.4,Little Bear Creek,09-Apr-26,9/28 of 4/28,Optioservus fastiditus group,Optioservus,Larva,6,FALSE,FALSE,,Arthropoda,Insecta,Coleoptera,Elmidae,4,SC
26-109-20,LBEA 0.4,LBEA 0.4,Little Bear Creek,09-Apr-26,9/28 of 4/28,Oulimnius sp.,Oulimnius,Larva/Adult,48,FALSE,FALSE,34 L/14 A,Arthropoda,Insecta,Coleoptera,Elmidae,5,SC
26-109-20,LBEA 0.4,LBEA 0.4,Little Bear Creek,09-Apr-26,9/28 of 4/28,Prosimulium sp.,Prosimulium,Larva,1,FALSE,FALSE,,Arthropoda,Insecta,Diptera,Simuliidae,2,FC
26-109-20,LBEA 0.4,LBEA 0.4,Little Bear Creek,09-Apr-26,9/28 of 4/28,Pteronarcys sp.,Pteronarcys,Early Instar,1,FALSE,FALSE,,Arthropoda,Insecta,Plecoptera,Pteronarcyidae,0,SH
26-109-20,LBEA 0.4,LBEA 0.4,Little Bear Creek,09-Apr-26,9/28 of 4/28,Rhyacophila sp.,Rhyacophila,Larva,4,FALSE,FALSE,,Arthropoda,Insecta,Trichoptera,Rhyacophilidae,1,PR
26-109-20,LBEA 0.4,LBEA 0.4,Little Bear Creek,09-Apr-26,9/28 of 4/28,Sweltsa sp.,Sweltsa,Larva,1,FALSE,FALSE,,Arthropoda,Insecta,Plecoptera,Chloroperlidae,0,PR
26-109-20,LBEA 0.4,LBEA 0.4,Little Bear Creek,09-Apr-26,9/28 of 4/28,Trichoclinocera sp.,Trichoclinocera,Larva,1,FALSE,FALSE,,Arthropoda,Insecta,Diptera,Empididae,6,PR
26-109-20,LBEA 0.4,LBEA 0.4,Little Bear Creek,09-Apr-26,9/28 of 4/28,Wormaldia sp.,Wormaldia,Larva,1,FALSE,FALSE,,Arthropoda,Insecta,Trichoptera,Philopotamidae,0,FC
26-109-22,MESH,MESH,Meshoppen Creek,07-Apr-26,12/28 of 4/28,Acroneuria sp.,Acroneuria,Larva,2,FALSE,FALSE,,Arthropoda,Insecta,Plecoptera,Perlidae,0,PR
26-109-22,MESH,MESH,Meshoppen Creek,07-Apr-26,12/28 of 4/28,Amphinemura sp.,Amphinemura,Larva,1,FALSE,FALSE,,Arthropoda,Insecta,Plecoptera,Nemouridae,3,SH
26-109-22,MESH,MESH,Meshoppen Creek,07-Apr-26,12/28 of 4/28,Antocha sp.,Antocha,Larva,2,FALSE,FALSE,,Arthropoda,Insecta,Diptera,Limoniidae,3,CG
26-109-22,MESH,MESH,Meshoppen Creek,07-Apr-26,12/28 of 4/28,Brachycentrus sp.,Brachycentrus,Larva,1,FALSE,FALSE,,Arthropoda,Insecta,Trichoptera,Brachycentridae,1,FC
26-109-22,MESH,MESH,Meshoppen Creek,07-Apr-26,12/28 of 4/28,Caenis sp.,Caenis,Larva,2,FALSE,FALSE,,Arthropoda,Insecta,Ephemeroptera,Caenidae,7,CG
26-109-22,MESH,MESH,Meshoppen Creek,07-Apr-26,12/28 of 4/28,Cheumatopsyche sp.,Cheumatopsyche,Larva,8,FALSE,FALSE,,Arthropoda,Insecta,Trichoptera,Hydropsychidae,6,FC
26-109-22,MESH,MESH,Meshoppen Creek,07-Apr-26,12/28 of 4/28,Chimarra sp.,Chimarra,Larva,4,FALSE,FALSE,,Arthropoda,Insecta,Trichoptera,Philopotamidae,4,FC
26-109-22,MESH,MESH,Meshoppen Creek,07-Apr-26,12/28 of 4/28,Chironomidae,Chironomidae,Larva,41,FALSE,FALSE,,Arthropoda,Insecta,Diptera,Chironomidae,6,CG
26-109-22,MESH,MESH,Meshoppen Creek,07-Apr-26,12/28 of 4/28,Drunella sp.,Drunella,Larva,1,FALSE,FALSE,,Arthropoda,Insecta,Ephemeroptera,Ephemerellidae,1,SC
26-109-22,MESH,MESH,Meshoppen Creek,07-Apr-26,12/28 of 4/28,Ectopria sp.,Ectopria,Larva,1,FALSE,FALSE,,Arthropoda,Insecta,Coleoptera,Psephenidae,5,SC
26-109-22,MESH,MESH,Meshoppen Creek,07-Apr-26,12/28 of 4/28,Ephemera sp.,Ephemera,Immature,3,FALSE,FALSE,,Arthropoda,Insecta,Ephemeroptera,Ephemeridae,2,CG
26-109-22,MESH,MESH,Meshoppen Creek,07-Apr-26,12/28 of 4/28,Ephemerella sp.,Ephemerella,Larva,14,FALSE,FALSE,,Arthropoda,Insecta,Ephemeroptera,Ephemerellidae,1,CG
26-109-22,MESH,MESH,Meshoppen Creek,07-Apr-26,12/28 of 4/28,Hydropsyche sp.,Hydropsyche,Larva,16,FALSE,FALSE,16 H. morosa gr. (formerly Ceratopsyche),Arthropoda,Insecta,Trichoptera,Hydropsychidae,5,FC
26-109-22,MESH,MESH,Meshoppen Creek,07-Apr-26,12/28 of 4/28,Isonychia sp.,Isonychia,Larva,1,FALSE,FALSE,,Arthropoda,Insecta,Ephemeroptera,Isonychiidae,3,CG
26-109-22,MESH,MESH,Meshoppen Creek,07-Apr-26,12/28 of 4/28,Isoperla sp.,Isoperla,Larva,1,FALSE,FALSE,,Arthropoda,Insecta,Plecoptera,Perlodidae,2,PR
26-109-22,MESH,MESH,Meshoppen Creek,07-Apr-26,12/28 of 4/28,Lepidostoma sp.,Lepidostoma,Immature,1,FALSE,FALSE,,Arthropoda,Insecta,Trichoptera,Lepidostomatidae,1,SH
26-109-22,MESH,MESH,Meshoppen Creek,07-Apr-26,12/28 of 4/28,Leucrocuta sp.,Leucrocuta,Early Instar,9,FALSE,FALSE,,Arthropoda,Insecta,Ephemeroptera,Heptageniidae,1,SC
26-109-22,MESH,MESH,Meshoppen Creek,07-Apr-26,12/28 of 4/28,Maccaffertium sp.,Maccaffertium,Larva,8,FALSE,FALSE,,Arthropoda,Insecta,Ephemeroptera,Heptageniidae,3,SC
26-109-22,MESH,MESH,Meshoppen Creek,07-Apr-26,12/28 of 4/28,Neophylax sp.,Neophylax,Larva,24,FALSE,FALSE,,Arthropoda,Insecta,Trichoptera,Thremmatidae,3,SC
26-109-22,MESH,MESH,Meshoppen Creek,07-Apr-26,12/28 of 4/28,Oligochaeta,Oligochaeta,,21,FALSE,FALSE,,Annelida,Clitellata,,,10,CG
26-109-22,MESH,MESH,Meshoppen Creek,07-Apr-26,12/28 of 4/28,Optioservus fastiditus group,Optioservus,Larva,1,FALSE,FALSE,,Arthropoda,Insecta,Coleoptera,Elmidae,4,SC
26-109-22,MESH,MESH,Meshoppen Creek,07-Apr-26,12/28 of 4/28,Polycentropus sensu lato complex,Polycentropus,Larva,1,FALSE,FALSE,,Arthropoda,Insecta,Trichoptera,Polycentropodidae,6,FC
26-109-22,MESH,MESH,Meshoppen Creek,07-Apr-26,12/28 of 4/28,Prosimulium sp.,Prosimulium,Larva,4,FALSE,FALSE,,Arthropoda,Insecta,Diptera,Simuliidae,2,FC
26-109-22,MESH,MESH,Meshoppen Creek,07-Apr-26,12/28 of 4/28,Prostoia sp.,Prostoia,Larva,3,FALSE,FALSE,,Arthropoda,Insecta,Plecoptera,Nemouridae,2,SH
26-109-22,MESH,MESH,Meshoppen Creek,07-Apr-26,12/28 of 4/28,Psephenus sp.,Psephenus,Larva,5,FALSE,FALSE,,Arthropoda,Insecta,Coleoptera,Psephenidae,4,SC
26-109-22,MESH,MESH,Meshoppen Creek,07-Apr-26,12/28 of 4/28,Stenacron sp.,Stenacron,Immature,3,FALSE,FALSE,,Arthropoda,Insecta,Ephemeroptera,Heptageniidae,4,SC
26-109-22,MESH,MESH,Meshoppen Creek,07-Apr-26,12/28 of 4/28,Stenelmis sp.,Stenelmis,Larva,13,FALSE,FALSE,,Arthropoda,Insecta,Coleoptera,Elmidae,5,SC
26-109-22,MESH,MESH,Meshoppen Creek,07-Apr-26,12/28 of 4/28,Teloganopsis deficiens,Teloganopsis,Larva,11,FALSE,FALSE,,Arthropoda,Insecta,Ephemeroptera,Ephemerellidae,2,CG
26-109-22,MESH,MESH,Meshoppen Creek,07-Apr-26,12/28 of 4/28,Trichoclinocera sp.,Trichoclinocera,Larva,3,FALSE,FALSE,,Arthropoda,Insecta,Diptera,Empididae,6,PR
26-109-22,MESH,MESH,Meshoppen Creek,07-Apr-26,12/28 of 4/28,Trombidiformes,Hydracarina,,1,FALSE,FALSE,,Arthropoda,Arachnida,Trombidiformes,,7,PR
26-109-23,TUSCARORA,TUSCARORA,Tuscarora Creek,21-Apr-26,5/28,Acentrella sp.,Acentrella,Larva,25,FALSE,FALSE,,Arthropoda,Insecta,Ephemeroptera,Baetidae,4,SC
26-109-23,TUSCARORA,TUSCARORA,Tuscarora Creek,21-Apr-26,5/28,Acerpenna sp.,Acerpenna,Larva,1,FALSE,FALSE,,Arthropoda,Insecta,Ephemeroptera,Baetidae,6,CG
26-109-23,TUSCARORA,TUSCARORA,Tuscarora Creek,21-Apr-26,5/28,Acroneuria sp.,Acroneuria,Larva,1,FALSE,FALSE,,Arthropoda,Insecta,Plecoptera,Perlidae,0,PR
26-109-23,TUSCARORA,TUSCARORA,Tuscarora Creek,21-Apr-26,5/28,Argia sp.,Argia,Larva,1,FALSE,FALSE,,Arthropoda,Insecta,Odonata,Coenagrionidae,6,PR
26-109-23,TUSCARORA,TUSCARORA,Tuscarora Creek,21-Apr-26,5/28,Caenis sp.,Caenis,Larva,48,FALSE,FALSE,,Arthropoda,Insecta,Ephemeroptera,Caenidae,7,CG
26-109-23,TUSCARORA,TUSCARORA,Tuscarora Creek,21-Apr-26,5/28,Cheumatopsyche sp.,Cheumatopsyche,Larva,4,FALSE,FALSE,,Arthropoda,Insecta,Trichoptera,Hydropsychidae,6,FC
26-109-23,TUSCARORA,TUSCARORA,Tuscarora Creek,21-Apr-26,5/28,Chimarra sp.,Chimarra,Larva,2,FALSE,FALSE,,Arthropoda,Insecta,Trichoptera,Philopotamidae,4,FC
26-109-23,TUSCARORA,TUSCARORA,Tuscarora Creek,21-Apr-26,5/28,Chironomidae,Chironomidae,Larva,65,FALSE,FALSE,,Arthropoda,Insecta,Diptera,Chironomidae,6,CG
26-109-23,TUSCARORA,TUSCARORA,Tuscarora Creek,21-Apr-26,5/28,Crangonyx sp.,Crangonyx,,1,FALSE,FALSE,,Arthropoda,Malocostraca,Amphipoda,Crangonyctidae,4,CG
26-109-23,TUSCARORA,TUSCARORA,Tuscarora Creek,21-Apr-26,5/28,Ephemerella sp.,Ephemerella,Larva,1,FALSE,FALSE,,Arthropoda,Insecta,Ephemeroptera,Ephemerellidae,1,CG
26-109-23,TUSCARORA,TUSCARORA,Tuscarora Creek,21-Apr-26,5/28,Hydropsyche sp.,Hydropsyche,Larva,6,FALSE,FALSE,,Arthropoda,Insecta,Trichoptera,Hydropsychidae,5,FC
26-109-23,TUSCARORA,TUSCARORA,Tuscarora Creek,21-Apr-26,5/28,Isoperla sp.,Isoperla,Larva,1,FALSE,FALSE,,Arthropoda,Insecta,Plecoptera,Perlodidae,2,PR
26-109-23,TUSCARORA,TUSCARORA,Tuscarora Creek,21-Apr-26,5/28,Leucrocuta sp.,Leucrocuta,Larva,4,FALSE,FALSE,,Arthropoda,Insecta,Ephemeroptera,Heptageniidae,1,SC
26-109-23,TUSCARORA,TUSCARORA,Tuscarora Creek,21-Apr-26,5/28,Maccaffertium sp.,Maccaffertium,Larva,9,FALSE,FALSE,,Arthropoda,Insecta,Ephemeroptera,Heptageniidae,3,SC
26-109-23,TUSCARORA,TUSCARORA,Tuscarora Creek,21-Apr-26,5/28,Oligochaeta,Oligochaeta,,5,FALSE,FALSE,,Annelida,Clitellata,,,10,CG
26-109-23,TUSCARORA,TUSCARORA,Tuscarora Creek,21-Apr-26,5/28,Polycentropus sensu lato complex,Polycentropus,Larva,6,FALSE,FALSE,,Arthropoda,Insecta,Trichoptera,Polycentropodidae,6,FC
26-109-23,TUSCARORA,TUSCARORA,Tuscarora Creek,21-Apr-26,5/28,Prosimulium sp.,Prosimulium,Larva,10,FALSE,FALSE,,Arthropoda,Insecta,Diptera,Simuliidae,2,FC
26-109-23,TUSCARORA,TUSCARORA,Tuscarora Creek,21-Apr-26,5/28,Prostoma sp.,Prostoma,,1,FALSE,FALSE,,Nemertea,Hoplonemertea,Monostilifera,Prostomatidae ,6,PR
26-109-23,TUSCARORA,TUSCARORA,Tuscarora Creek,21-Apr-26,5/28,Psephenus sp.,Psephenus,Larva,2,FALSE,FALSE,,Arthropoda,Insecta,Coleoptera,Psephenidae,4,SC
26-109-23,TUSCARORA,TUSCARORA,Tuscarora Creek,21-Apr-26,5/28,Stenacron sp.,Stenacron,Larva,2,FALSE,FALSE,,Arthropoda,Insecta,Ephemeroptera,Heptageniidae,4,SC
26-109-23,TUSCARORA,TUSCARORA,Tuscarora Creek,21-Apr-26,5/28,Stenelmis sp.,Stenelmis,Larva,30,FALSE,FALSE,,Arthropoda,Insecta,Coleoptera,Elmidae,5,SC
26-109-23,TUSCARORA,TUSCARORA,Tuscarora Creek,21-Apr-26,5/28,Stenonema sp.,Stenonema,Larva,2,FALSE,FALSE,S. femoratum,Arthropoda,Insecta,Ephemeroptera,Heptageniidae,4,SC
26-109-23,TUSCARORA,TUSCARORA,Tuscarora Creek,21-Apr-26,5/28,Trepaxonemata,Turbellaria,,1,FALSE,FALSE,,Plathyhelminthes,Trepaxonemata,,,9,PR
26-109-23,TUSCARORA,TUSCARORA,Tuscarora Creek,21-Apr-26,5/28,Trichoclinocera sp.,Trichoclinocera,Larva,1,FALSE,FALSE,,Arthropoda,Insecta,Diptera,Empididae,6,PR
26-109-23,TUSCARORA,TUSCARORA,Tuscarora Creek,21-Apr-26,5/28,Trombidiformes,Hydracarina,,2,FALSE,FALSE,,Arthropoda,Arachnida,Trombidiformes,,7,PR
26-109-24,EBWC,EBWC,East Branch Wyalusing Creek,08-Apr-26,6/28 of 4/28,Acerpenna sp.,Acerpenna,Larva,1,FALSE,FALSE,,Arthropoda,Insecta,Ephemeroptera,Baetidae,6,CG
26-109-24,EBWC,EBWC,East Branch Wyalusing Creek,08-Apr-26,6/28 of 4/28,Acroneuria sp.,Acroneuria,Larva,4,FALSE,FALSE,,Arthropoda,Insecta,Plecoptera,Perlidae,0,PR
26-109-24,EBWC,EBWC,East Branch Wyalusing Creek,08-Apr-26,6/28 of 4/28,Ceratopogoninae,Ceratopogonidae,Larva,1,FALSE,FALSE,,Arthropoda,Insecta,Diptera,Ceratopogonidae,6,PR
26-109-24,EBWC,EBWC,East Branch Wyalusing Creek,08-Apr-26,6/28 of 4/28,Cheumatopsyche sp.,Cheumatopsyche,Larva,5,FALSE,FALSE,,Arthropoda,Insecta,Trichoptera,Hydropsychidae,6,FC
26-109-24,EBWC,EBWC,East Branch Wyalusing Creek,08-Apr-26,6/28 of 4/28,Chimarra sp.,Chimarra,Larva,2,FALSE,FALSE,,Arthropoda,Insecta,Trichoptera,Philopotamidae,4,FC
26-109-24,EBWC,EBWC,East Branch Wyalusing Creek,08-Apr-26,6/28 of 4/28,Chironomidae,Chironomidae,Larva,56,FALSE,FALSE,,Arthropoda,Insecta,Diptera,Chironomidae,6,CG
26-109-24,EBWC,EBWC,East Branch Wyalusing Creek,08-Apr-26,6/28 of 4/28,Corydalus cornutus,Corydalus,Immature,1,FALSE,FALSE,,Arthropoda,Insecta,Megaloptera,Corydalidae,4,PR
26-109-24,EBWC,EBWC,East Branch Wyalusing Creek,08-Apr-26,6/28 of 4/28,Epeorus sp.,Epeorus,Immature,1,FALSE,FALSE,,Arthropoda,Insecta,Ephemeroptera,Heptageniidae,0,SC
26-109-24,EBWC,EBWC,East Branch Wyalusing Creek,08-Apr-26,6/28 of 4/28,Ephemerella sp.,Ephemerella,Larva,6,FALSE,FALSE,,Arthropoda,Insecta,Ephemeroptera,Ephemerellidae,1,CG
26-109-24,EBWC,EBWC,East Branch Wyalusing Creek,08-Apr-26,6/28 of 4/28,Hydropsyche sp.,Hydropsyche,Larva,3,FALSE,FALSE,3 H. morosa gr. (formerly Ceratopsyche),Arthropoda,Insecta,Trichoptera,Hydropsychidae,5,FC
26-109-24,EBWC,EBWC,East Branch Wyalusing Creek,08-Apr-26,6/28 of 4/28,Isonychia sp.,Isonychia,Larva,9,FALSE,FALSE,,Arthropoda,Insecta,Ephemeroptera,Isonychiidae,3,CG
26-109-24,EBWC,EBWC,East Branch Wyalusing Creek,08-Apr-26,6/28 of 4/28,Leucrocuta sp.,Leucrocuta,Larva,33,FALSE,FALSE,,Arthropoda,Insecta,Ephemeroptera,Heptageniidae,1,SC
26-109-24,EBWC,EBWC,East Branch Wyalusing Creek,08-Apr-26,6/28 of 4/28,Maccaffertium sp.,Maccaffertium,Larva,26,FALSE,FALSE,,Arthropoda,Insecta,Ephemeroptera,Heptageniidae,3,SC
26-109-24,EBWC,EBWC,East Branch Wyalusing Creek,08-Apr-26,6/28 of 4/28,Neoleptophlebia sp.,Paraleptophlebia,Larva,2,FALSE,TRUE,,Arthropoda,Insecta,Ephemeroptera,Leptophlebiidae,1,CG
26-109-24,EBWC,EBWC,East Branch Wyalusing Creek,08-Apr-26,6/28 of 4/28,Neophylax sp.,Neophylax,Larva,4,FALSE,FALSE,,Arthropoda,Insecta,Trichoptera,Thremmatidae,3,SC
26-109-24,EBWC,EBWC,East Branch Wyalusing Creek,08-Apr-26,6/28 of 4/28,Oligochaeta,Oligochaeta,,5,FALSE,FALSE,,Annelida,Clitellata,,,10,CG
26-109-24,EBWC,EBWC,East Branch Wyalusing Creek,08-Apr-26,6/28 of 4/28,Optioservus fastiditus group,Optioservus,Larva,6,FALSE,FALSE,,Arthropoda,Insecta,Coleoptera,Elmidae,4,SC
26-109-24,EBWC,EBWC,East Branch Wyalusing Creek,08-Apr-26,6/28 of 4/28,Prosimulium sp.,Prosimulium,Larva,9,FALSE,FALSE,,Arthropoda,Insecta,Diptera,Simuliidae,2,FC
26-109-24,EBWC,EBWC,East Branch Wyalusing Creek,08-Apr-26,6/28 of 4/28,Prostoia sp.,Prostoia,Larva,4,FALSE,FALSE,,Arthropoda,Insecta,Plecoptera,Nemouridae,2,SH
26-109-24,EBWC,EBWC,East Branch Wyalusing Creek,08-Apr-26,6/28 of 4/28,Psephenus sp.,Psephenus,Larva,3,FALSE,FALSE,,Arthropoda,Insecta,Coleoptera,Psephenidae,4,SC
26-109-24,EBWC,EBWC,East Branch Wyalusing Creek,08-Apr-26,6/28 of 4/28,Stenacron sp.,Stenacron,Immature,5,FALSE,FALSE,,Arthropoda,Insecta,Ephemeroptera,Heptageniidae,4,SC
26-109-24,EBWC,EBWC,East Branch Wyalusing Creek,08-Apr-26,6/28 of 4/28,Stenelmis sp.,Stenelmis,Larva/Adult,9,FALSE,FALSE,6 L/3 A,Arthropoda,Insecta,Coleoptera,Elmidae,5,SC
26-109-24,EBWC,EBWC,East Branch Wyalusing Creek,08-Apr-26,6/28 of 4/28,Teloganopsis deficiens,Teloganopsis,Larva,6,FALSE,FALSE,,Arthropoda,Insecta,Ephemeroptera,Ephemerellidae,2,CG
26-109-24,EBWC,EBWC,East Branch Wyalusing Creek,08-Apr-26,6/28 of 4/28,Trichoclinocera sp.,Trichoclinocera,Larva,4,FALSE,FALSE,,Arthropoda,Insecta,Diptera,Empididae,6,PR
26-109-25,Baldwin,Baldwin,Baldwin Run,21-Apr-26,20/28 of 4/28,Acentrella sp.,Acentrella,Larva,3,FALSE,FALSE,,Arthropoda,Insecta,Ephemeroptera,Baetidae,4,SC
26-109-25,Baldwin,Baldwin,Baldwin Run,21-Apr-26,20/28 of 4/28,Acroneuria sp.,Acroneuria,Larva,3,FALSE,FALSE,,Arthropoda,Insecta,Plecoptera,Perlidae,0,PR
26-109-25,Baldwin,Baldwin,Baldwin Run,21-Apr-26,20/28 of 4/28,Ameletus sp.,Ameletus,Larva,1,FALSE,FALSE,,Arthropoda,Insecta,Ephemeroptera,Ameletidae,0,CG
26-109-25,Baldwin,Baldwin,Baldwin Run,21-Apr-26,20/28 of 4/28,Amphinemura sp.,Amphinemura,Larva,1,FALSE,FALSE,,Arthropoda,Insecta,Plecoptera,Nemouridae,3,SH
26-109-25,Baldwin,Baldwin,Baldwin Run,21-Apr-26,20/28 of 4/28,Argia sp.,Argia,Larva,1,FALSE,FALSE,,Arthropoda,Insecta,Odonata,Coenagrionidae,6,PR
26-109-25,Baldwin,Baldwin,Baldwin Run,21-Apr-26,20/28 of 4/28,Baetis sp.,Baetis,Larva,1,FALSE,FALSE,,Arthropoda,Insecta,Ephemeroptera,Baetidae,6,CG
26-109-25,Baldwin,Baldwin,Baldwin Run,21-Apr-26,20/28 of 4/28,Caenis sp.,Caenis,Larva,6,FALSE,FALSE,,Arthropoda,Insecta,Ephemeroptera,Caenidae,7,CG
26-109-25,Baldwin,Baldwin,Baldwin Run,21-Apr-26,20/28 of 4/28,Cheumatopsyche sp.,Cheumatopsyche,Larva,3,FALSE,FALSE,,Arthropoda,Insecta,Trichoptera,Hydropsychidae,6,FC
26-109-25,Baldwin,Baldwin,Baldwin Run,21-Apr-26,20/28 of 4/28,Chimarra sp.,Chimarra,Larva,1,FALSE,FALSE,,Arthropoda,Insecta,Trichoptera,Philopotamidae,4,FC
26-109-25,Baldwin,Baldwin,Baldwin Run,21-Apr-26,20/28 of 4/28,Chironomidae,Chironomidae,Larva,24,FALSE,FALSE,,Arthropoda,Insecta,Diptera,Chironomidae,6,CG
26-109-25,Baldwin,Baldwin,Baldwin Run,21-Apr-26,20/28 of 4/28,Drunella sp.,Drunella,Larva,9,FALSE,FALSE,,Arthropoda,Insecta,Ephemeroptera,Ephemerellidae,1,SC
26-109-25,Baldwin,Baldwin,Baldwin Run,21-Apr-26,20/28 of 4/28,Dubiraphia sp.,Dubiraphia,Larva,1,FALSE,FALSE,,Arthropoda,Insecta,Coleoptera,Elmidae,6,SC
26-109-25,Baldwin,Baldwin,Baldwin Run,21-Apr-26,20/28 of 4/28,Epeorus sp.,Epeorus,Larva,1,FALSE,FALSE,,Arthropoda,Insecta,Ephemeroptera,Heptageniidae,0,SC
26-109-25,Baldwin,Baldwin,Baldwin Run,21-Apr-26,20/28 of 4/28,Ephemera sp.,Ephemera,Immature,2,FALSE,FALSE,,Arthropoda,Insecta,Ephemeroptera,Ephemeridae,2,CG
26-109-25,Baldwin,Baldwin,Baldwin Run,21-Apr-26,20/28 of 4/28,Ephemerella sp.,Ephemerella,Larva,4,FALSE,FALSE,,Arthropoda,Insecta,Ephemeroptera,Ephemerellidae,1,CG
26-109-25,Baldwin,Baldwin,Baldwin Run,21-Apr-26,20/28 of 4/28,Gomphidae,Gomphidae,Early Instar,2,FALSE,FALSE,,Arthropoda,Insecta,Odonata,Gomphidae,4,PR
26-109-25,Baldwin,Baldwin,Baldwin Run,21-Apr-26,20/28 of 4/28,Hemerodromia sp.,Hemerodromia,Larva,1,FALSE,FALSE,,Arthropoda,Insecta,Diptera,Empididae,6,PR
26-109-25,Baldwin,Baldwin,Baldwin Run,21-Apr-26,20/28 of 4/28,Hydropsyche sp.,Hydropsyche,Larva,1,FALSE,FALSE,1 H. morosa gr. (formerly Ceratopsyche),Arthropoda,Insecta,Trichoptera,Hydropsychidae,5,FC
26-109-25,Baldwin,Baldwin,Baldwin Run,21-Apr-26,20/28 of 4/28,Isonychia sp.,Isonychia,Larva,7,FALSE,FALSE,,Arthropoda,Insecta,Ephemeroptera,Isonychiidae,3,CG
26-109-25,Baldwin,Baldwin,Baldwin Run,21-Apr-26,20/28 of 4/28,Leucrocuta sp.,Leucrocuta,Larva,9,FALSE,FALSE,,Arthropoda,Insecta,Ephemeroptera,Heptageniidae,1,SC
26-109-25,Baldwin,Baldwin,Baldwin Run,21-Apr-26,20/28 of 4/28,Maccaffertium sp.,Maccaffertium,Larva,2,FALSE,FALSE,,Arthropoda,Insecta,Ephemeroptera,Heptageniidae,3,SC
26-109-25,Baldwin,Baldwin,Baldwin Run,21-Apr-26,20/28 of 4/28,Nematoda,Nematoda,,2,FALSE,FALSE,,Nematoda,,,,9,CG
26-109-25,Baldwin,Baldwin,Baldwin Run,21-Apr-26,20/28 of 4/28,Neophylax sp.,Neophylax,Larva,39,FALSE,FALSE,,Arthropoda,Insecta,Trichoptera,Thremmatidae,3,SC
26-109-25,Baldwin,Baldwin,Baldwin Run,21-Apr-26,20/28 of 4/28,Oligochaeta,Oligochaeta,,13,FALSE,FALSE,,Annelida,Clitellata,,,10,CG
26-109-25,Baldwin,Baldwin,Baldwin Run,21-Apr-26,20/28 of 4/28,Optioservus fastiditus group,Optioservus,Larva/Adult,6,FALSE,FALSE,4 L/2 A,Arthropoda,Insecta,Coleoptera,Elmidae,4,SC
26-109-25,Baldwin,Baldwin,Baldwin Run,21-Apr-26,20/28 of 4/28,Polycentropus sensu lato complex,Polycentropus,Larva,3,FALSE,FALSE,,Arthropoda,Insecta,Trichoptera,Polycentropodidae,6,FC
26-109-25,Baldwin,Baldwin,Baldwin Run,21-Apr-26,20/28 of 4/28,Prosimulium sp.,Prosimulium,Larva,17,FALSE,FALSE,,Arthropoda,Insecta,Diptera,Simuliidae,2,FC
26-109-25,Baldwin,Baldwin,Baldwin Run,21-Apr-26,20/28 of 4/28,Prostoma sp.,Prostoma,,3,FALSE,FALSE,,Nemertea,Hoplonemertea,Monostilifera,Prostomatidae ,6,PR
26-109-25,Baldwin,Baldwin,Baldwin Run,21-Apr-26,20/28 of 4/28,Psephenus sp.,Psephenus,Larva,13,FALSE,FALSE,,Arthropoda,Insecta,Coleoptera,Psephenidae,4,SC
26-109-25,Baldwin,Baldwin,Baldwin Run,21-Apr-26,20/28 of 4/28,Stenacron sp.,Stenacron,Immature,9,FALSE,FALSE,,Arthropoda,Insecta,Ephemeroptera,Heptageniidae,4,SC
26-109-25,Baldwin,Baldwin,Baldwin Run,21-Apr-26,20/28 of 4/28,Stenelmis sp.,Stenelmis,Larva/Adult,3,FALSE,FALSE,2 L/1 A,Arthropoda,Insecta,Coleoptera,Elmidae,5,SC
26-109-25,Baldwin,Baldwin,Baldwin Run,21-Apr-26,20/28 of 4/28,Stenonema sp.,Stenonema,Larva,1,FALSE,FALSE,S. femoratum,Arthropoda,Insecta,Ephemeroptera,Heptageniidae,4,SC
26-109-25,Baldwin,Baldwin,Baldwin Run,21-Apr-26,20/28 of 4/28,Sweltsa sp.,Sweltsa,Larva,1,FALSE,FALSE,,Arthropoda,Insecta,Plecoptera,Chloroperlidae,0,PR
26-109-25,Baldwin,Baldwin,Baldwin Run,21-Apr-26,20/28 of 4/28,Trichoclinocera sp.,Trichoclinocera,Larva,8,FALSE,FALSE,,Arthropoda,Insecta,Diptera,Empididae,6,PR
26-109-25,Baldwin,Baldwin,Baldwin Run,21-Apr-26,20/28 of 4/28,Trombidiformes,Hydracarina,,15,FALSE,FALSE,,Arthropoda,Arachnida,Trombidiformes,,7,PR
26-109-26,KISH 14.1,KISH 14.1,Kishacoquillas Creek,07-Apr-26,16/28 of 4/28,Baetis sp.,Baetis,Larva,2,FALSE,FALSE,,Arthropoda,Insecta,Ephemeroptera,Baetidae,6,CG
26-109-26,KISH 14.1,KISH 14.1,Kishacoquillas Creek,07-Apr-26,16/28 of 4/28,Caecidotea sp.,Caecidotea,,60,FALSE,FALSE,,Arthropoda,Malocostraca,Isopoda,Asellidae,6,CG
26-109-26,KISH 14.1,KISH 14.1,Kishacoquillas Creek,07-Apr-26,16/28 of 4/28,Ceratopogoninae,Ceratopogonidae,Larva,1,FALSE,FALSE,,Arthropoda,Insecta,Diptera,Ceratopogonidae,6,PR
26-109-26,KISH 14.1,KISH 14.1,Kishacoquillas Creek,07-Apr-26,16/28 of 4/28,Chimarra sp.,Chimarra,Larva,1,FALSE,FALSE,,Arthropoda,Insecta,Trichoptera,Philopotamidae,4,FC
26-109-26,KISH 14.1,KISH 14.1,Kishacoquillas Creek,07-Apr-26,16/28 of 4/28,Chironomidae,Chironomidae,Larva,112,FALSE,FALSE,,Arthropoda,Insecta,Diptera,Chironomidae,6,CG
26-109-26,KISH 14.1,KISH 14.1,Kishacoquillas Creek,07-Apr-26,16/28 of 4/28,Crangonyx sp.,Crangonyx,,2,FALSE,FALSE,,Arthropoda,Malocostraca,Amphipoda,Crangonyctidae,4,CG
26-109-26,KISH 14.1,KISH 14.1,Kishacoquillas Creek,07-Apr-26,16/28 of 4/28,Gammarus sp.,Gammarus,,1,FALSE,FALSE,,Arthropoda,Malocostraca,Amphipoda,Gammaridae,4,CG
26-109-26,KISH 14.1,KISH 14.1,Kishacoquillas Creek,07-Apr-26,16/28 of 4/28,Gyraulus sp.,Gyraulus,,1,FALSE,FALSE,,Mollusca,Gastropoda,Basommatophora,Planorbidae,6,SC
26-109-26,KISH 14.1,KISH 14.1,Kishacoquillas Creek,07-Apr-26,16/28 of 4/28,Helicopsyche borealis,Helicopsyche,Larva,1,FALSE,FALSE,,Arthropoda,Insecta,Trichoptera,Helicopsychidae,3,SC
26-109-26,KISH 14.1,KISH 14.1,Kishacoquillas Creek,07-Apr-26,16/28 of 4/28,Hydroptila sp.,Hydroptila,Early Instar,2,FALSE,FALSE,,Arthropoda,Insecta,Trichoptera,Hydroptilidae,6,SC
26-109-26,KISH 14.1,KISH 14.1,Kishacoquillas Creek,07-Apr-26,16/28 of 4/28,Maccaffertium sp.,Maccaffertium,Larva,2,FALSE,FALSE,,Arthropoda,Insecta,Ephemeroptera,Heptageniidae,3,SC
26-109-26,KISH 14.1,KISH 14.1,Kishacoquillas Creek,07-Apr-26,16/28 of 4/28,Neoplasta sp.,Neoplasta,Larva,1,FALSE,FALSE,,Arthropoda,Insecta,Diptera,Empididae,6,PR
26-109-26,KISH 14.1,KISH 14.1,Kishacoquillas Creek,07-Apr-26,16/28 of 4/28,Oligochaeta,Oligochaeta,,21,FALSE,FALSE,,Annelida,Clitellata,,,10,CG
26-109-26,KISH 14.1,KISH 14.1,Kishacoquillas Creek,07-Apr-26,16/28 of 4/28,Optioservus fastiditus group,Optioservus,Larva,4,FALSE,FALSE,,Arthropoda,Insecta,Coleoptera,Elmidae,4,SC
26-109-26,KISH 14.1,KISH 14.1,Kishacoquillas Creek,07-Apr-26,16/28 of 4/28,Prosimulium sp.,Prosimulium,Larva,1,FALSE,FALSE,,Arthropoda,Insecta,Diptera,Simuliidae,2,FC
26-109-26,KISH 14.1,KISH 14.1,Kishacoquillas Creek,07-Apr-26,16/28 of 4/28,Pycnopsyche sp.,Pycnopsyche,Larva,1,FALSE,FALSE,,Arthropoda,Insecta,Trichoptera,Limnephilidae,4,SH
26-109-26,KISH 14.1,KISH 14.1,Kishacoquillas Creek,07-Apr-26,16/28 of 4/28,Simulium sp.,Simulium,Larva,2,FALSE,FALSE,,Arthropoda,Insecta,Diptera,Simuliidae,6,FC
26-109-26,KISH 14.1,KISH 14.1,Kishacoquillas Creek,07-Apr-26,16/28 of 4/28,Stenelmis sp.,Stenelmis,Larva,1,FALSE,FALSE,,Arthropoda,Insecta,Coleoptera,Elmidae,5,SC
26-109-26,KISH 14.1,KISH 14.1,Kishacoquillas Creek,07-Apr-26,16/28 of 4/28,Trepaxonemata,Turbellaria,,3,FALSE,FALSE,,Plathyhelminthes,Trepaxonemata,,,9,PR
26-109-26,KISH 14.1,KISH 14.1,Kishacoquillas Creek,07-Apr-26,16/28 of 4/28,Trombidiformes,Hydracarina,Larva,9,FALSE,FALSE,,Arthropoda,Arachnida,Trombidiformes,,7,PR
26-109-27,BOBS,BOBS,Bobs Creek,07-Apr-26,6/28 of 4/28,Acentrella sp.,Acentrella,Larva,6,FALSE,FALSE,,Arthropoda,Insecta,Ephemeroptera,Baetidae,4,SC
26-109-27,BOBS,BOBS,Bobs Creek,07-Apr-26,6/28 of 4/28,Amphinemura sp.,Amphinemura,Larva,5,FALSE,FALSE,,Arthropoda,Insecta,Plecoptera,Nemouridae,3,SH
26-109-27,BOBS,BOBS,Bobs Creek,07-Apr-26,6/28 of 4/28,Baetis sp.,Baetis,Larva,22,FALSE,FALSE,,Arthropoda,Insecta,Ephemeroptera,Baetidae,6,CG
26-109-27,BOBS,BOBS,Bobs Creek,07-Apr-26,6/28 of 4/28,Blepharicera sp.,Blepharicera,Larva,2,FALSE,FALSE,,Arthropoda,Insecta,Diptera,Blephariceridae,0,SC
26-109-27,BOBS,BOBS,Bobs Creek,07-Apr-26,6/28 of 4/28,Branchiobdellida,Branchiobdellida,,1,FALSE,FALSE,,Annelida,Clitellata,Branchiobdellida,,6,CG
26-109-27,BOBS,BOBS,Bobs Creek,07-Apr-26,6/28 of 4/28,Ceratopogoninae,Ceratopogonidae,Larva,1,FALSE,FALSE,,Arthropoda,Insecta,Diptera,Ceratopogonidae,6,PR
26-109-27,BOBS,BOBS,Bobs Creek,07-Apr-26,6/28 of 4/28,Cheumatopsyche sp.,Cheumatopsyche,Larva,1,FALSE,FALSE,,Arthropoda,Insecta,Trichoptera,Hydropsychidae,6,FC
26-109-27,BOBS,BOBS,Bobs Creek,07-Apr-26,6/28 of 4/28,Chimarra sp.,Chimarra,Larva,1,FALSE,FALSE,,Arthropoda,Insecta,Trichoptera,Philopotamidae,4,FC
26-109-27,BOBS,BOBS,Bobs Creek,07-Apr-26,6/28 of 4/28,Chironomidae,Chironomidae,Larva,21,FALSE,FALSE,,Arthropoda,Insecta,Diptera,Chironomidae,6,CG
26-109-27,BOBS,BOBS,Bobs Creek,07-Apr-26,6/28 of 4/28,Cinygmula subaequalis,Cinygmula,Larva,1,FALSE,FALSE,,Arthropoda,Insecta,Ephemeroptera,Heptageniidae,1,CG
26-109-27,BOBS,BOBS,Bobs Creek,07-Apr-26,6/28 of 4/28,Diplectrona sp.,Diplectrona,Larva,1,FALSE,FALSE,,Arthropoda,Insecta,Trichoptera,Hydropsychidae,0,FC
26-109-27,BOBS,BOBS,Bobs Creek,07-Apr-26,6/28 of 4/28,Drunella sp.,Drunella,Larva,2,FALSE,FALSE,,Arthropoda,Insecta,Ephemeroptera,Ephemerellidae,1,SC
26-109-27,BOBS,BOBS,Bobs Creek,07-Apr-26,6/28 of 4/28,Epeorus sp.,Epeorus,Larva,17,FALSE,FALSE,,Arthropoda,Insecta,Ephemeroptera,Heptageniidae,0,SC
26-109-27,BOBS,BOBS,Bobs Creek,07-Apr-26,6/28 of 4/28,Ephemerella sp.,Ephemerella,Larva,20,FALSE,FALSE,,Arthropoda,Insecta,Ephemeroptera,Ephemerellidae,1,CG
26-109-27,BOBS,BOBS,Bobs Creek,07-Apr-26,6/28 of 4/28,Haploperla sp.,Haploperla,Larva,5,FALSE,FALSE,,Arthropoda,Insecta,Plecoptera,Chloroperlidae,0,PR
26-109-27,BOBS,BOBS,Bobs Creek,07-Apr-26,6/28 of 4/28,Hexatoma sp.,Hexatoma,Larva,2,FALSE,FALSE,,Arthropoda,Insecta,Diptera,Limoniidae,2,PR
26-109-27,BOBS,BOBS,Bobs Creek,07-Apr-26,6/28 of 4/28,Hydropsyche sp.,Hydropsyche,Larva,1,FALSE,FALSE,1 H. morosa gr. (formerly Ceratopsyche),Arthropoda,Insecta,Trichoptera,Hydropsychidae,5,FC
26-109-27,BOBS,BOBS,Bobs Creek,07-Apr-26,6/28 of 4/28,Isoperla sp.,Isoperla,Larva,3,FALSE,FALSE,,Arthropoda,Insecta,Plecoptera,Perlodidae,2,PR
26-109-27,BOBS,BOBS,Bobs Creek,07-Apr-26,6/28 of 4/28,Leptophlebiidae,Leptophlebiidae,Immature,4,TRUE,TRUE,,Arthropoda,Insecta,Ephemeroptera,Leptophlebiidae,4,CG
26-109-27,BOBS,BOBS,Bobs Creek,07-Apr-26,6/28 of 4/28,Leucrocuta sp.,Leucrocuta,Larva,4,FALSE,FALSE,,Arthropoda,Insecta,Ephemeroptera,Heptageniidae,1,SC
26-109-27,BOBS,BOBS,Bobs Creek,07-Apr-26,6/28 of 4/28,Leuctra sp.,Leuctra,Larva,4,FALSE,FALSE,,Arthropoda,Insecta,Plecoptera,Leuctridae,0,SH
26-109-27,BOBS,BOBS,Bobs Creek,07-Apr-26,6/28 of 4/28,Maccaffertium sp.,Maccaffertium,Larva,3,FALSE,FALSE,,Arthropoda,Insecta,Ephemeroptera,Heptageniidae,3,SC
26-109-27,BOBS,BOBS,Bobs Creek,07-Apr-26,6/28 of 4/28,Neoleptophlebia sp.,Paraleptophlebia,Larva,10,FALSE,FALSE,,Arthropoda,Insecta,Ephemeroptera,Leptophlebiidae,1,CG
26-109-27,BOBS,BOBS,Bobs Creek,07-Apr-26,6/28 of 4/28,Neophylax sp.,Neophylax,Larva,3,FALSE,FALSE,,Arthropoda,Insecta,Trichoptera,Thremmatidae,3,SC
26-109-27,BOBS,BOBS,Bobs Creek,07-Apr-26,6/28 of 4/28,Neoplasta sp.,Neoplasta,Larva,2,FALSE,FALSE,,Arthropoda,Insecta,Diptera,Empididae,6,PR
26-109-27,BOBS,BOBS,Bobs Creek,07-Apr-26,6/28 of 4/28,Nigronia sp.,Nigronia,Larva,1,FALSE,FALSE,,Arthropoda,Insecta,Megaloptera,Corydalidae,2,PR
26-109-27,BOBS,BOBS,Bobs Creek,07-Apr-26,6/28 of 4/28,Oulimnius sp.,Oulimnius,Larva/Adult,5,FALSE,FALSE,3 L/2 A,Arthropoda,Insecta,Coleoptera,Elmidae,5,SC
26-109-27,BOBS,BOBS,Bobs Creek,07-Apr-26,6/28 of 4/28,Prosimulium sp.,Prosimulium,Larva,38,FALSE,FALSE,,Arthropoda,Insecta,Diptera,Simuliidae,2,FC
26-109-27,BOBS,BOBS,Bobs Creek,07-Apr-26,6/28 of 4/28,Psephenus sp.,Psephenus,Larva,3,FALSE,FALSE,,Arthropoda,Insecta,Coleoptera,Psephenidae,4,SC
26-109-27,BOBS,BOBS,Bobs Creek,07-Apr-26,6/28 of 4/28,Pteronarcys sp.,Pteronarcys,Larva,3,FALSE,FALSE,,Arthropoda,Insecta,Plecoptera,Pteronarcyidae,0,SH
26-109-27,BOBS,BOBS,Bobs Creek,07-Apr-26,6/28 of 4/28,Rhyacophila sp.,Rhyacophila,Larva,3,FALSE,FALSE,,Arthropoda,Insecta,Trichoptera,Rhyacophilidae,1,PR
26-109-27,BOBS,BOBS,Bobs Creek,07-Apr-26,6/28 of 4/28,Simulium sp.,Simulium,Larva,6,FALSE,FALSE,,Arthropoda,Insecta,Diptera,Simuliidae,6,FC
26-109-27,BOBS,BOBS,Bobs Creek,07-Apr-26,6/28 of 4/28,Teloganopsis deficiens,Teloganopsis,Larva,6,FALSE,FALSE,,Arthropoda,Insecta,Ephemeroptera,Ephemerellidae,2,CG
26-109-27,BOBS,BOBS,Bobs Creek,07-Apr-26,6/28 of 4/28,Trepaxonemata,Turbellaria,,1,FALSE,FALSE,,Plathyhelminthes,Trepaxonemata,,,9,PR
26-109-27,BOBS,BOBS,Bobs Creek,07-Apr-26,6/28 of 4/28,Trichoclinocera sp.,Trichoclinocera,Larva,1,FALSE,FALSE,,Arthropoda,Insecta,Diptera,Empididae,6,PR
26-109-28,QUIT 3.1,QUIT 3.1,Quittapahilla Creek,29-Apr-26,3/28 of 4/28,Baetis sp.,Baetis,Larva,59,FALSE,FALSE,,Arthropoda,Insecta,Ephemeroptera,Baetidae,6,CG
26-109-28,QUIT 3.1,QUIT 3.1,Quittapahilla Creek,29-Apr-26,3/28 of 4/28,Caecidotea sp.,Caecidotea,,1,FALSE,FALSE,,Arthropoda,Malocostraca,Isopoda,Asellidae,6,CG
26-109-28,QUIT 3.1,QUIT 3.1,Quittapahilla Creek,29-Apr-26,3/28 of 4/28,Chironomidae,Chironomidae,Larva,36,FALSE,FALSE,,Arthropoda,Insecta,Diptera,Chironomidae,6,CG
26-109-28,QUIT 3.1,QUIT 3.1,Quittapahilla Creek,29-Apr-26,3/28 of 4/28,Crangonyx sp.,Crangonyx,,3,FALSE,FALSE,,Arthropoda,Malocostraca,Amphipoda,Crangonyctidae,4,CG
26-109-28,QUIT 3.1,QUIT 3.1,Quittapahilla Creek,29-Apr-26,3/28 of 4/28,Empididae,Empididae,Larva,1,FALSE,TRUE,,Arthropoda,Insecta,Diptera,Empididae,6,PR
26-109-28,QUIT 3.1,QUIT 3.1,Quittapahilla Creek,29-Apr-26,3/28 of 4/28,Ephemerella sp.,Ephemerella,Larva,3,FALSE,FALSE,,Arthropoda,Insecta,Ephemeroptera,Ephemerellidae,1,CG
26-109-28,QUIT 3.1,QUIT 3.1,Quittapahilla Creek,29-Apr-26,3/28 of 4/28,Gammarus sp.,Gammarus,,18,FALSE,FALSE,,Arthropoda,Malocostraca,Amphipoda,Gammaridae,4,CG
26-109-28,QUIT 3.1,QUIT 3.1,Quittapahilla Creek,29-Apr-26,3/28 of 4/28,Hydropsyche sp.,Hydropsyche,Larva,2,FALSE,FALSE,1 H. morosa gr. (formerly Ceratopsyche),Arthropoda,Insecta,Trichoptera,Hydropsychidae,5,FC
26-109-28,QUIT 3.1,QUIT 3.1,Quittapahilla Creek,29-Apr-26,3/28 of 4/28,Oligochaeta,Oligochaeta,,4,FALSE,FALSE,,Annelida,Clitellata,,,10,CG
26-109-28,QUIT 3.1,QUIT 3.1,Quittapahilla Creek,29-Apr-26,3/28 of 4/28,Optioservus fastiditus group,Optioservus,Larva,13,FALSE,FALSE,,Arthropoda,Insecta,Coleoptera,Elmidae,4,SC
26-109-28,QUIT 3.1,QUIT 3.1,Quittapahilla Creek,29-Apr-26,3/28 of 4/28,Physidae,Physidae,Immature,1,FALSE,FALSE,,Mollusca,Gastropoda,Basommatophora,Physidae,8,SC
26-109-28,QUIT 3.1,QUIT 3.1,Quittapahilla Creek,29-Apr-26,3/28 of 4/28,Potamopyrgus antipodarum,Hydrobiidae,,75,FALSE,FALSE,New Zealand mud snails,Mollusca,Gastropoda,Littorinimorpha,Hydrobiidae,8,SC
26-109-28,QUIT 3.1,QUIT 3.1,Quittapahilla Creek,29-Apr-26,3/28 of 4/28,Simulium sp.,Simulium,Larva,12,FALSE,FALSE,,Arthropoda,Insecta,Diptera,Simuliidae,6,FC
26-109-28,QUIT 3.1,QUIT 3.1,Quittapahilla Creek,29-Apr-26,3/28 of 4/28,Stenelmis sp.,Stenelmis,Larva,3,FALSE,FALSE,,Arthropoda,Insecta,Coleoptera,Elmidae,5,SC
26-109-29,TROT,TROT,Trout Run ,07-Apr-26,18/28,Acerpenna sp.,Acerpenna,Larva,6,FALSE,FALSE,,Arthropoda,Insecta,Ephemeroptera,Baetidae,6,CG
26-109-29,TROT,TROT,Trout Run ,07-Apr-26,18/28,Acroneuria sp.,Acroneuria,Larva,3,FALSE,FALSE,,Arthropoda,Insecta,Plecoptera,Perlidae,0,PR
26-109-29,TROT,TROT,Trout Run ,07-Apr-26,18/28,Ameletus sp.,Ameletus,Larva,1,FALSE,FALSE,,Arthropoda,Insecta,Ephemeroptera,Ameletidae,0,CG
26-109-29,TROT,TROT,Trout Run ,07-Apr-26,18/28,Amphinemura sp.,Amphinemura,Immature,5,FALSE,FALSE,,Arthropoda,Insecta,Plecoptera,Nemouridae,3,SH
26-109-29,TROT,TROT,Trout Run ,07-Apr-26,18/28,Cambaridae,Cambaridae,Immature,1,FALSE,FALSE,,Arthropoda,Malocostraca,Decapoda,Cambaridae,6,CG
26-109-29,TROT,TROT,Trout Run ,07-Apr-26,18/28,Chironomidae,Chironomidae,Larva,70,FALSE,FALSE,,Arthropoda,Insecta,Diptera,Chironomidae,6,CG
26-109-29,TROT,TROT,Trout Run ,07-Apr-26,18/28,Chloroperlidae,Chloroperlidae,Immature,8,FALSE,FALSE,"immatures, not distinct",Arthropoda,Insecta,Plecoptera,Chloroperlidae,0,PR
26-109-29,TROT,TROT,Trout Run ,07-Apr-26,18/28,Dasyhelea sp.,Dasyhelea,Larva,1,FALSE,FALSE,,Arthropoda,Insecta,Diptera,Ceratopogonidae,6,CG
26-109-29,TROT,TROT,Trout Run ,07-Apr-26,18/28,Dicranota sp.,Dicranota,Larva,3,FALSE,FALSE,,Arthropoda,Insecta,Diptera,Pedicidiidae,3,PR
26-109-29,TROT,TROT,Trout Run ,07-Apr-26,18/28,Diplectrona sp.,Diplectrona,Larva,2,FALSE,FALSE,,Arthropoda,Insecta,Trichoptera,Hydropsychidae,0,FC
26-109-29,TROT,TROT,Trout Run ,07-Apr-26,18/28,Dolophilodes distincta,Dolophilodes,Larva,1,FALSE,FALSE,,Arthropoda,Insecta,Trichoptera,Philopotamidae,0,FC
26-109-29,TROT,TROT,Trout Run ,07-Apr-26,18/28,Drunella sp.,Drunella,Early Instar,3,FALSE,FALSE,,Arthropoda,Insecta,Ephemeroptera,Ephemerellidae,1,SC
26-109-29,TROT,TROT,Trout Run ,07-Apr-26,18/28,Epeorus sp.,Epeorus,Larva,29,FALSE,FALSE,,Arthropoda,Insecta,Ephemeroptera,Heptageniidae,0,SC
26-109-29,TROT,TROT,Trout Run ,07-Apr-26,18/28,Ephemerella sp.,Ephemerella,Larva,8,FALSE,FALSE,,Arthropoda,Insecta,Ephemeroptera,Ephemerellidae,1,CG
26-109-29,TROT,TROT,Trout Run ,07-Apr-26,18/28,Eurylophella sp.,Eurylophella,Larva,6,FALSE,FALSE,,Arthropoda,Insecta,Ephemeroptera,Ephemerellidae,4,SC
26-109-29,TROT,TROT,Trout Run ,07-Apr-26,18/28,Habrophlebia vibrans,Habrophlebia,Larva,1,FALSE,FALSE,,Arthropoda,Insecta,Ephemeroptera,Leptophlebiidae,4,CG
26-109-29,TROT,TROT,Trout Run ,07-Apr-26,18/28,Haploperla sp.,Haploperla,Larva,6,FALSE,FALSE,,Arthropoda,Insecta,Plecoptera,Chloroperlidae,0,PR
26-109-29,TROT,TROT,Trout Run ,07-Apr-26,18/28,Hydropsyche sp.,Hydropsyche,Larva,2,FALSE,FALSE,2 H. morosa gr. (formerly Ceratopsyche),Arthropoda,Insecta,Trichoptera,Hydropsychidae,5,FC
26-109-29,TROT,TROT,Trout Run ,07-Apr-26,18/28,Isoperla sp.,Isoperla,Larva,5,FALSE,FALSE,,Arthropoda,Insecta,Plecoptera,Perlodidae,2,PR
26-109-29,TROT,TROT,Trout Run ,07-Apr-26,18/28,Lepidostoma sp.,Lepidostoma,Larva,5,FALSE,FALSE,,Arthropoda,Insecta,Trichoptera,Lepidostomatidae,1,SH
26-109-29,TROT,TROT,Trout Run ,07-Apr-26,18/28,Leucrocuta sp.,Leucrocuta,Early Instar,4,FALSE,FALSE,,Arthropoda,Insecta,Ephemeroptera,Heptageniidae,1,SC
26-109-29,TROT,TROT,Trout Run ,07-Apr-26,18/28,Leuctra sp.,Leuctra,Larva,10,FALSE,FALSE,,Arthropoda,Insecta,Plecoptera,Leuctridae,0,SH
26-109-29,TROT,TROT,Trout Run ,07-Apr-26,18/28,Maccaffertium sp.,Maccaffertium,Larva,9,FALSE,FALSE,,Arthropoda,Insecta,Ephemeroptera,Heptageniidae,3,SC
26-109-29,TROT,TROT,Trout Run ,07-Apr-26,18/28,Oemopteryx sp.,Oemopteryx,Larva,1,FALSE,FALSE,,Arthropoda,Insecta,Plecoptera,Taeniopterygidae,3,SH
26-109-29,TROT,TROT,Trout Run ,07-Apr-26,18/28,Oligochaeta,Oligochaeta,,5,FALSE,FALSE,,Annelida,Clitellata,,,10,CG
26-109-29,TROT,TROT,Trout Run ,07-Apr-26,18/28,Optioservus fastiditus group,Optioservus,Larva,1,FALSE,FALSE,,Arthropoda,Insecta,Coleoptera,Elmidae,4,SC
26-109-29,TROT,TROT,Trout Run ,07-Apr-26,18/28,Oulimnius sp.,Oulimnius,Larva,1,FALSE,FALSE,,Arthropoda,Insecta,Coleoptera,Elmidae,5,SC
26-109-29,TROT,TROT,Trout Run ,07-Apr-26,18/28,Polycentropus sensu lato complex,Polycentropus,Larva,1,FALSE,FALSE,,Arthropoda,Insecta,Trichoptera,Polycentropodidae,6,FC
26-109-29,TROT,TROT,Trout Run ,07-Apr-26,18/28,Psilotreta sp.,Psilotreta,Larva,1,FALSE,FALSE,,Arthropoda,Insecta,Trichoptera,Odontoceridae,0,SC
26-109-29,TROT,TROT,Trout Run ,07-Apr-26,18/28,Pycnopsyche sp.,Pycnopsyche,Immature,1,FALSE,FALSE,,Arthropoda,Insecta,Trichoptera,Limnephilidae,4,SH
26-109-29,TROT,TROT,Trout Run ,07-Apr-26,18/28,Rasvena terna,Rasvena,Larva,2,FALSE,FALSE,,Arthropoda,Insecta,Plecoptera,Chloroperlidae,0,PR
26-109-29,TROT,TROT,Trout Run ,07-Apr-26,18/28,Sweltsa sp.,Sweltsa,Larva,1,FALSE,FALSE,,Arthropoda,Insecta,Plecoptera,Chloroperlidae,0,PR
26-109-29,TROT,TROT,Trout Run ,07-Apr-26,18/28,Tallaperla sp.,Tallaperla,Larva,1,FALSE,FALSE,,Arthropoda,Insecta,Plecoptera,Peltoperlidae,0,SH
26-109-29,TROT,TROT,Trout Run ,07-Apr-26,18/28,Tipula sp.,Tipula,Larva,1,FALSE,FALSE,,Arthropoda,Insecta,Diptera,Tipulidae,4,SH
26-109-29,TROT,TROT,Trout Run ,07-Apr-26,18/28,Trepaxonemata,Turbellaria,,1,FALSE,FALSE,,Plathyhelminthes,Trepaxonemata,,,9,PR
26-109-30,SBCD 3.4,SBCD 3.4,SB Codorus,29-Apr-26,17/28 of 4/28,Baetis sp.,Baetis,Larva,46,FALSE,FALSE,,Arthropoda,Insecta,Ephemeroptera,Baetidae,6,CG
26-109-30,SBCD 3.4,SBCD 3.4,SB Codorus,29-Apr-26,17/28 of 4/28,Caenis sp.,Caenis,Larva,1,FALSE,FALSE,,Arthropoda,Insecta,Ephemeroptera,Caenidae,7,CG
26-109-30,SBCD 3.4,SBCD 3.4,SB Codorus,29-Apr-26,17/28 of 4/28,Cheumatopsyche sp.,Cheumatopsyche,Larva,1,FALSE,FALSE,,Arthropoda,Insecta,Trichoptera,Hydropsychidae,6,FC
26-109-30,SBCD 3.4,SBCD 3.4,SB Codorus,29-Apr-26,17/28 of 4/28,Chironomidae,Chironomidae,Larva,52,FALSE,FALSE,,Arthropoda,Insecta,Diptera,Chironomidae,6,CG
26-109-30,SBCD 3.4,SBCD 3.4,SB Codorus,29-Apr-26,17/28 of 4/28,Crangonyx sp.,Crangonyx,,1,FALSE,FALSE,,Arthropoda,Malocostraca,Amphipoda,Crangonyctidae,4,CG
26-109-30,SBCD 3.4,SBCD 3.4,SB Codorus,29-Apr-26,17/28 of 4/28,Ephemera sp.,Ephemera,Larva,1,FALSE,FALSE,,Arthropoda,Insecta,Ephemeroptera,Ephemeridae,2,CG
26-109-30,SBCD 3.4,SBCD 3.4,SB Codorus,29-Apr-26,17/28 of 4/28,Gammarus sp.,Gammarus,,3,FALSE,FALSE,,Arthropoda,Malocostraca,Amphipoda,Gammaridae,4,CG
26-109-30,SBCD 3.4,SBCD 3.4,SB Codorus,29-Apr-26,17/28 of 4/28,Hemerodromia sp.,Hemerodromia,Larva,3,FALSE,FALSE,,Arthropoda,Insecta,Diptera,Empididae,6,PR
26-109-30,SBCD 3.4,SBCD 3.4,SB Codorus,29-Apr-26,17/28 of 4/28,Hydropsyche sp.,Hydropsyche,Larva,2,FALSE,FALSE,1 H. morosa gr. (formerly Ceratopsyche),Arthropoda,Insecta,Trichoptera,Hydropsychidae,5,FC
26-109-30,SBCD 3.4,SBCD 3.4,SB Codorus,29-Apr-26,17/28 of 4/28,Isonychia sp.,Isonychia,Larva,1,FALSE,FALSE,,Arthropoda,Insecta,Ephemeroptera,Isonychiidae,3,CG
26-109-30,SBCD 3.4,SBCD 3.4,SB Codorus,29-Apr-26,17/28 of 4/28,Leucrocuta sp.,Leucrocuta,Larva,1,FALSE,FALSE,,Arthropoda,Insecta,Ephemeroptera,Heptageniidae,1,SC
26-109-30,SBCD 3.4,SBCD 3.4,SB Codorus,29-Apr-26,17/28 of 4/28,Leuctra sp.,Leuctra,Immature,1,FALSE,FALSE,,Arthropoda,Insecta,Plecoptera,Leuctridae,0,SH
26-109-30,SBCD 3.4,SBCD 3.4,SB Codorus,29-Apr-26,17/28 of 4/28,Maccaffertium sp.,Maccaffertium,Larva,7,FALSE,FALSE,,Arthropoda,Insecta,Ephemeroptera,Heptageniidae,3,SC
26-109-30,SBCD 3.4,SBCD 3.4,SB Codorus,29-Apr-26,17/28 of 4/28,Microcylloepus pusillus,Microcylloepus,Adult,1,FALSE,FALSE,,Arthropoda,Insecta,Coleoptera,Elmidae,2,SC
26-109-30,SBCD 3.4,SBCD 3.4,SB Codorus,29-Apr-26,17/28 of 4/28,Oligochaeta,Oligochaeta,,1,FALSE,FALSE,,Annelida,Clitellata,,,10,CG
26-109-30,SBCD 3.4,SBCD 3.4,SB Codorus,29-Apr-26,17/28 of 4/28,Optioservus fastiditus group,Optioservus,Larva,13,FALSE,FALSE,,Arthropoda,Insecta,Coleoptera,Elmidae,4,SC
26-109-30,SBCD 3.4,SBCD 3.4,SB Codorus,29-Apr-26,17/28 of 4/28,Perlesta sp.,Perlesta,Immature,5,FALSE,FALSE,,Arthropoda,Insecta,Plecoptera,Perlidae,4,PR
26-109-30,SBCD 3.4,SBCD 3.4,SB Codorus,29-Apr-26,17/28 of 4/28,Simulium sp.,Simulium,Larva,9,FALSE,FALSE,,Arthropoda,Insecta,Diptera,Simuliidae,6,FC
26-109-30,SBCD 3.4,SBCD 3.4,SB Codorus,29-Apr-26,17/28 of 4/28,Stenelmis sp.,Stenelmis,Larva/Adult,61,FALSE,FALSE,58 L/3 A,Arthropoda,Insecta,Coleoptera,Elmidae,5,SC
26-109-30,SBCD 3.4,SBCD 3.4,SB Codorus,29-Apr-26,17/28 of 4/28,Teloganopsis deficiens,Teloganopsis,Larva,7,FALSE,FALSE,,Arthropoda,Insecta,Ephemeroptera,Ephemerellidae,2,CG
26-109-30,SBCD 3.4,SBCD 3.4,SB Codorus,29-Apr-26,17/28 of 4/28,Trombidiformes,Hydracarina,,7,FALSE,FALSE,,Arthropoda,Arachnida,Trombidiformes,,7,PR
26-109-31,Moose,Moose,Moose Creek,07-Apr-26,8/28,Acerpenna sp.,Acerpenna,Larva,1,FALSE,FALSE,,Arthropoda,Insecta,Ephemeroptera,Baetidae,6,CG
26-109-31,Moose,Moose,Moose Creek,07-Apr-26,8/28,Acroneuria sp.,Acroneuria,Larva,1,FALSE,FALSE,,Arthropoda,Insecta,Plecoptera,Perlidae,0,PR
26-109-31,Moose,Moose,Moose Creek,07-Apr-26,8/28,Ameletus sp.,Ameletus,Larva,1,FALSE,FALSE,,Arthropoda,Insecta,Ephemeroptera,Ameletidae,0,CG
26-109-31,Moose,Moose,Moose Creek,07-Apr-26,8/28,Amphinemura sp.,Amphinemura,Larva,31,FALSE,FALSE,,Arthropoda,Insecta,Plecoptera,Nemouridae,3,SH
26-109-31,Moose,Moose,Moose Creek,07-Apr-26,8/28,Baetis sp.,Baetis,Larva,11,FALSE,FALSE,,Arthropoda,Insecta,Ephemeroptera,Baetidae,6,CG
26-109-31,Moose,Moose,Moose Creek,07-Apr-26,8/28,Ceratopogoninae,Ceratopogonidae,Larva,2,FALSE,FALSE,,Arthropoda,Insecta,Diptera,Ceratopogonidae,6,PR
26-109-31,Moose,Moose,Moose Creek,07-Apr-26,8/28,Chironomidae,Chironomidae,Larva,33,FALSE,FALSE,,Arthropoda,Insecta,Diptera,Chironomidae,6,CG
26-109-31,Moose,Moose,Moose Creek,07-Apr-26,8/28,Chloroperlidae,Chloroperlidae,Immature,5,TRUE,FALSE,"distinct genus, immature",Arthropoda,Insecta,Plecoptera,Chloroperlidae,0,PR
26-109-31,Moose,Moose,Moose Creek,07-Apr-26,8/28,Cinygmula subaequalis,Cinygmula,Larva,2,FALSE,FALSE,,Arthropoda,Insecta,Ephemeroptera,Heptageniidae,1,CG
26-109-31,Moose,Moose,Moose Creek,07-Apr-26,8/28,Dicranota sp.,Dicranota,Larva,3,FALSE,FALSE,,Arthropoda,Insecta,Diptera,Pedicidiidae,3,PR
26-109-31,Moose,Moose,Moose Creek,07-Apr-26,8/28,Diphetor hageni,Diphetor,Larva,6,FALSE,FALSE,,Arthropoda,Insecta,Ephemeroptera,Baetidae,6,CG
26-109-31,Moose,Moose,Moose Creek,07-Apr-26,8/28,Diplectrona sp.,Diplectrona,Larva,1,FALSE,FALSE,,Arthropoda,Insecta,Trichoptera,Hydropsychidae,0,FC
26-109-31,Moose,Moose,Moose Creek,07-Apr-26,8/28,Drunella sp.,Drunella,Larva,30,FALSE,FALSE,,Arthropoda,Insecta,Ephemeroptera,Ephemerellidae,1,SC
26-109-31,Moose,Moose,Moose Creek,07-Apr-26,8/28,Epeorus sp.,Epeorus,Larva,27,FALSE,FALSE,,Arthropoda,Insecta,Ephemeroptera,Heptageniidae,0,SC
26-109-31,Moose,Moose,Moose Creek,07-Apr-26,8/28,Hexatoma sp.,Hexatoma,Larva,1,FALSE,FALSE,,Arthropoda,Insecta,Diptera,Limoniidae,2,PR
26-109-31,Moose,Moose,Moose Creek,07-Apr-26,8/28,Hydropsyche sp.,Hydropsyche,Larva,6,FALSE,FALSE,6 H. morosa group (formerly Ceratopsyche),Arthropoda,Insecta,Trichoptera,Hydropsychidae,5,FC
26-109-31,Moose,Moose,Moose Creek,07-Apr-26,8/28,Lanthus sp.,Lanthus,Larva,1,FALSE,FALSE,,Arthropoda,Insecta,Odonata,Gomphidae,5,PR
26-109-31,Moose,Moose,Moose Creek,07-Apr-26,8/28,Lepidostoma sp.,Lepidostoma,Larva,6,FALSE,FALSE,,Arthropoda,Insecta,Trichoptera,Lepidostomatidae,1,SH
26-109-31,Moose,Moose,Moose Creek,07-Apr-26,8/28,Leuctra sp.,Leuctra,Larva,14,FALSE,FALSE,,Arthropoda,Insecta,Plecoptera,Leuctridae,0,SH
26-109-31,Moose,Moose,Moose Creek,07-Apr-26,8/28,Maccaffertium sp.,Maccaffertium,Larva,6,FALSE,FALSE,,Arthropoda,Insecta,Ephemeroptera,Heptageniidae,3,SC
26-109-31,Moose,Moose,Moose Creek,07-Apr-26,8/28,Molophilus sp.,Molophilus,Larva,1,FALSE,FALSE,,Arthropoda,Insecta,Diptera,Limoniidae,4,SH
26-109-31,Moose,Moose,Moose Creek,07-Apr-26,8/28,Neophylax sp.,Neophylax,Larva,3,FALSE,FALSE,,Arthropoda,Insecta,Trichoptera,Thremmatidae,3,SC
26-109-31,Moose,Moose,Moose Creek,07-Apr-26,8/28,Oligochaeta,Oligochaeta,,4,FALSE,FALSE,,Annelida,Clitellata,,,10,CG
26-109-31,Moose,Moose,Moose Creek,07-Apr-26,8/28,Oreogeton sp.,Oreogeton,Larva,1,FALSE,FALSE,,Arthropoda,Insecta,Diptera,Empididae,6,PR
26-109-31,Moose,Moose,Moose Creek,07-Apr-26,8/28,Oulimnius sp.,Oulimnius,Larva,11,FALSE,FALSE,,Arthropoda,Insecta,Coleoptera,Elmidae,5,SC
26-109-31,Moose,Moose,Moose Creek,07-Apr-26,8/28,Peltoperlidae,Peltoperlidae,Larva,1,FALSE,TRUE,,Arthropoda,Insecta,Plecoptera,Peltoperlidae,2,SH
26-109-31,Moose,Moose,Moose Creek,07-Apr-26,8/28,Prosimulium sp.,Prosimulium,Larva,6,FALSE,FALSE,,Arthropoda,Insecta,Diptera,Simuliidae,2,FC
26-109-31,Moose,Moose,Moose Creek,07-Apr-26,8/28,Rhyacophila sp.,Rhyacophila,Larva,14,FALSE,FALSE,,Arthropoda,Insecta,Trichoptera,Rhyacophilidae,1,PR
26-109-31,Moose,Moose,Moose Creek,07-Apr-26,8/28,Stenelmis sp.,Stenelmis,Larva,1,FALSE,FALSE,,Arthropoda,Insecta,Coleoptera,Elmidae,5,SC
26-109-31,Moose,Moose,Moose Creek,07-Apr-26,8/28,Sweltsa sp.,Sweltsa,Larva,1,FALSE,FALSE,,Arthropoda,Insecta,Plecoptera,Chloroperlidae,0,PR
26-109-32,LITZ,LITZ,Lititz Run,21-Apr-26,1/28 of 4/28,Baetis sp.,Baetis,Larva,4,FALSE,FALSE,,Arthropoda,Insecta,Ephemeroptera,Baetidae,6,CG
26-109-32,LITZ,LITZ,Lititz Run,21-Apr-26,1/28 of 4/28,Chironomidae,Chironomidae,Larva,42,FALSE,FALSE,,Arthropoda,Insecta,Diptera,Chironomidae,6,CG
26-109-32,LITZ,LITZ,Lititz Run,21-Apr-26,1/28 of 4/28,Gammarus sp.,Gammarus,,35,FALSE,FALSE,,Arthropoda,Malocostraca,Amphipoda,Gammaridae,4,CG
26-109-32,LITZ,LITZ,Lititz Run,21-Apr-26,1/28 of 4/28,Hydropsyche sp.,Hydropsyche,Larva,7,FALSE,FALSE,,Arthropoda,Insecta,Trichoptera,Hydropsychidae,5,FC
26-109-32,LITZ,LITZ,Lititz Run,21-Apr-26,1/28 of 4/28,Hydroptila sp.,Hydroptila,Larva,3,FALSE,FALSE,,Arthropoda,Insecta,Trichoptera,Hydroptilidae,6,SC
26-109-32,LITZ,LITZ,Lititz Run,21-Apr-26,1/28 of 4/28,Lirceus sp.,Lirceus,,60,FALSE,FALSE,,Arthropoda,Malocostraca,Isopoda,Asellidae,8,CG
26-109-32,LITZ,LITZ,Lititz Run,21-Apr-26,1/28 of 4/28,Oligochaeta,Oligochaeta,,23,FALSE,FALSE,,Annelida,Clitellata,,,10,CG
26-109-32,LITZ,LITZ,Lititz Run,21-Apr-26,1/28 of 4/28,Simulium sp.,Simulium,Larva,4,FALSE,FALSE,,Arthropoda,Insecta,Diptera,Simuliidae,6,FC
26-109-32,LITZ,LITZ,Lititz Run,21-Apr-26,1/28 of 4/28,Trepaxonemata,Turbellaria,,5,FALSE,FALSE,,Plathyhelminthes,Trepaxonemata,,,9,PR
26-109-32,LITZ,LITZ,Lititz Run,21-Apr-26,1/28 of 4/28,Trombidiformes,Hydracarina,,1,FALSE,FALSE,,Arthropoda,Arachnida,Trombidiformes,,7,PR
26-109-33,HAMR,HAMR,Hammer Creek,21-Apr-26,4/28 of 4/28,Acentrella sp.,Acentrella,Larva,1,FALSE,FALSE,,Arthropoda,Insecta,Ephemeroptera,Baetidae,4,SC
26-109-33,HAMR,HAMR,Hammer Creek,21-Apr-26,4/28 of 4/28,Antocha sp.,Antocha,Larva,3,FALSE,FALSE,,Arthropoda,Insecta,Diptera,Limoniidae,3,CG
26-109-33,HAMR,HAMR,Hammer Creek,21-Apr-26,4/28 of 4/28,Baetis sp.,Baetis,Larva,24,FALSE,FALSE,,Arthropoda,Insecta,Ephemeroptera,Baetidae,6,CG
26-109-33,HAMR,HAMR,Hammer Creek,21-Apr-26,4/28 of 4/28,Cheumatopsyche sp.,Cheumatopsyche,Larva,19,FALSE,FALSE,,Arthropoda,Insecta,Trichoptera,Hydropsychidae,6,FC
26-109-33,HAMR,HAMR,Hammer Creek,21-Apr-26,4/28 of 4/28,Chimarra sp.,Chimarra,Larva,5,FALSE,FALSE,,Arthropoda,Insecta,Trichoptera,Philopotamidae,4,FC
26-109-33,HAMR,HAMR,Hammer Creek,21-Apr-26,4/28 of 4/28,Chironomidae,Chironomidae,Larva,22,FALSE,FALSE,,Arthropoda,Insecta,Diptera,Chironomidae,6,CG
26-109-33,HAMR,HAMR,Hammer Creek,21-Apr-26,4/28 of 4/28,Ephemera sp.,Ephemera,Larva,1,FALSE,FALSE,,Arthropoda,Insecta,Ephemeroptera,Ephemeridae,2,CG
26-109-33,HAMR,HAMR,Hammer Creek,21-Apr-26,4/28 of 4/28,Ephemerella sp.,Ephemerella,Larva,41,FALSE,FALSE,,Arthropoda,Insecta,Ephemeroptera,Ephemerellidae,1,CG
26-109-33,HAMR,HAMR,Hammer Creek,21-Apr-26,4/28 of 4/28,Gammarus sp.,Gammarus,,14,FALSE,FALSE,,Arthropoda,Malocostraca,Amphipoda,Gammaridae,4,CG
26-109-33,HAMR,HAMR,Hammer Creek,21-Apr-26,4/28 of 4/28,Hemerodromia sp.,Hemerodromia,Larva,2,FALSE,FALSE,,Arthropoda,Insecta,Diptera,Empididae,6,PR
26-109-33,HAMR,HAMR,Hammer Creek,21-Apr-26,4/28 of 4/28,Hydropsyche sp.,Hydropsyche,Larva,23,FALSE,FALSE,19 H. morosa gr. (formerly Ceratopsyche),Arthropoda,Insecta,Trichoptera,Hydropsychidae,5,FC
26-109-33,HAMR,HAMR,Hammer Creek,21-Apr-26,4/28 of 4/28,Maccaffertium sp.,Maccaffertium,Larva,2,FALSE,FALSE,,Arthropoda,Insecta,Ephemeroptera,Heptageniidae,3,SC
26-109-33,HAMR,HAMR,Hammer Creek,21-Apr-26,4/28 of 4/28,Oligochaeta,Oligochaeta,,1,FALSE,FALSE,,Annelida,Clitellata,,,10,CG
26-109-33,HAMR,HAMR,Hammer Creek,21-Apr-26,4/28 of 4/28,Optioservus fastiditus group,Optioservus,Larva/Adult,54,FALSE,FALSE,52 L/2 A,Arthropoda,Insecta,Coleoptera,Elmidae,4,SC
26-109-33,HAMR,HAMR,Hammer Creek,21-Apr-26,4/28 of 4/28,Stenelmis sp.,Stenelmis,Larva/Adult,9,FALSE,FALSE,5 L/4 A,Arthropoda,Insecta,Coleoptera,Elmidae,5,SC
26-109-33,HAMR,HAMR,Hammer Creek,21-Apr-26,4/28 of 4/28,Trepaxonemata,Turbellaria,,1,FALSE,FALSE,,Plathyhelminthes,Trepaxonemata,,,9,PR
26-109-33,HAMR,HAMR,Hammer Creek,21-Apr-26,4/28 of 4/28,Trombidiformes,Hydracarina,,1,FALSE,FALSE,,Arthropoda,Arachnida,Trombidiformes,,7,PR
26-109-34,EBFC,EBFC,East Branch Fishing Creek,06-Apr-26,12/28 of 4/28,Acroneuria sp.,Acroneuria,Immature,1,FALSE,FALSE,,Arthropoda,Insecta,Plecoptera,Perlidae,0,PR
26-109-34,EBFC,EBFC,East Branch Fishing Creek,06-Apr-26,12/28 of 4/28,Alloperla sp.,Alloperla,Larva,1,FALSE,FALSE,,Arthropoda,Insecta,Plecoptera,Chloroperlidae,0,CG
26-109-34,EBFC,EBFC,East Branch Fishing Creek,06-Apr-26,12/28 of 4/28,Ameletus sp.,Ameletus,Larva,1,FALSE,FALSE,,Arthropoda,Insecta,Ephemeroptera,Ameletidae,0,CG
26-109-34,EBFC,EBFC,East Branch Fishing Creek,06-Apr-26,12/28 of 4/28,Amphinemura sp.,Amphinemura,Larva,5,FALSE,FALSE,,Arthropoda,Insecta,Plecoptera,Nemouridae,3,SH
26-109-34,EBFC,EBFC,East Branch Fishing Creek,06-Apr-26,12/28 of 4/28,Antocha sp.,Antocha,Larva,1,FALSE,FALSE,,Arthropoda,Insecta,Diptera,Limoniidae,3,CG
26-109-34,EBFC,EBFC,East Branch Fishing Creek,06-Apr-26,12/28 of 4/28,Baetis sp.,Baetis,Larva,5,FALSE,FALSE,,Arthropoda,Insecta,Ephemeroptera,Baetidae,6,CG
26-109-34,EBFC,EBFC,East Branch Fishing Creek,06-Apr-26,12/28 of 4/28,Branchiobdellida,Branchiobdellida,,3,FALSE,FALSE,,Annelida,Clitellata,Branchiobdellida,,6,CG
26-109-34,EBFC,EBFC,East Branch Fishing Creek,06-Apr-26,12/28 of 4/28,Ceratopogoninae,Ceratopogonidae,Larva,3,FALSE,FALSE,,Arthropoda,Insecta,Diptera,Ceratopogonidae,6,PR
26-109-34,EBFC,EBFC,East Branch Fishing Creek,06-Apr-26,12/28 of 4/28,Chironomidae,Chironomidae,Larva,77,FALSE,FALSE,,Arthropoda,Insecta,Diptera,Chironomidae,6,CG
26-109-34,EBFC,EBFC,East Branch Fishing Creek,06-Apr-26,12/28 of 4/28,Chloroperlidae,Chloroperlidae,Immature,4,TRUE,FALSE,,Arthropoda,Insecta,Plecoptera,Chloroperlidae,0,PR
26-109-34,EBFC,EBFC,East Branch Fishing Creek,06-Apr-26,12/28 of 4/28,Cinygmula subaequalis,Cinygmula,Larva,4,FALSE,FALSE,,Arthropoda,Insecta,Ephemeroptera,Heptageniidae,1,CG
26-109-34,EBFC,EBFC,East Branch Fishing Creek,06-Apr-26,12/28 of 4/28,Dolophilodes distincta,Dolophilodes,Larva,3,FALSE,FALSE,,Arthropoda,Insecta,Trichoptera,Philopotamidae,0,FC
26-109-34,EBFC,EBFC,East Branch Fishing Creek,06-Apr-26,12/28 of 4/28,Epeorus sp.,Epeorus,Larva,68,FALSE,FALSE,,Arthropoda,Insecta,Ephemeroptera,Heptageniidae,0,SC
26-109-34,EBFC,EBFC,East Branch Fishing Creek,06-Apr-26,12/28 of 4/28,Hexatoma sp.,Hexatoma,Larva,1,FALSE,FALSE,,Arthropoda,Insecta,Diptera,Limoniidae,2,PR
26-109-34,EBFC,EBFC,East Branch Fishing Creek,06-Apr-26,12/28 of 4/28,Hydropsyche sp.,Hydropsyche,Larva,1,FALSE,FALSE,1 H. morosa gr. (formerly Ceratopsyche),Arthropoda,Insecta,Trichoptera,Hydropsychidae,5,FC
26-109-34,EBFC,EBFC,East Branch Fishing Creek,06-Apr-26,12/28 of 4/28,Isoperla sp.,Isoperla,Larva,1,FALSE,FALSE,,Arthropoda,Insecta,Plecoptera,Perlodidae,2,PR
26-109-34,EBFC,EBFC,East Branch Fishing Creek,06-Apr-26,12/28 of 4/28,Lepidostoma sp.,Lepidostoma,Larva,2,FALSE,FALSE,,Arthropoda,Insecta,Trichoptera,Lepidostomatidae,1,SH
26-109-34,EBFC,EBFC,East Branch Fishing Creek,06-Apr-26,12/28 of 4/28,Leuctra sp.,Leuctra,Larva,3,FALSE,FALSE,,Arthropoda,Insecta,Plecoptera,Leuctridae,0,SH
26-109-34,EBFC,EBFC,East Branch Fishing Creek,06-Apr-26,12/28 of 4/28,Neoplasta sp.,Neoplasta,Larva,1,FALSE,FALSE,,Arthropoda,Insecta,Diptera,Empididae,6,PR
26-109-34,EBFC,EBFC,East Branch Fishing Creek,06-Apr-26,12/28 of 4/28,Oligochaeta,Oligochaeta,,1,FALSE,FALSE,,Annelida,Clitellata,,,10,CG
26-109-34,EBFC,EBFC,East Branch Fishing Creek,06-Apr-26,12/28 of 4/28,Oulimnius sp.,Oulimnius,Larva/Adult,3,FALSE,FALSE,2 L/1 A,Arthropoda,Insecta,Coleoptera,Elmidae,5,SC
26-109-34,EBFC,EBFC,East Branch Fishing Creek,06-Apr-26,12/28 of 4/28,Paragnetina sp.,Paragnetina,Larva,1,FALSE,FALSE,,Arthropoda,Insecta,Plecoptera,Perlidae,1,PR
26-109-34,EBFC,EBFC,East Branch Fishing Creek,06-Apr-26,12/28 of 4/28,Prosimulium sp.,Prosimulium,Larva,8,FALSE,FALSE,,Arthropoda,Insecta,Diptera,Simuliidae,2,FC
26-109-34,EBFC,EBFC,East Branch Fishing Creek,06-Apr-26,12/28 of 4/28,Rhyacophila sp.,Rhyacophila,Larva,3,FALSE,FALSE,,Arthropoda,Insecta,Trichoptera,Rhyacophilidae,1,PR
26-109-34,EBFC,EBFC,East Branch Fishing Creek,06-Apr-26,12/28 of 4/28,Sweltsa sp.,Sweltsa,Larva,11,FALSE,FALSE,,Arthropoda,Insecta,Plecoptera,Chloroperlidae,0,PR
26-109-34,EBFC,EBFC,East Branch Fishing Creek,06-Apr-26,12/28 of 4/28,Trombidiformes,Hydracarina,,2,FALSE,FALSE,,Arthropoda,Arachnida,Trombidiformes,,7,PR
26-109-35,Cherry Valley,Cherry Valley,Cherry Valley Creek,22-Apr-26,11/28 of 4/28,Acerpenna sp.,Acerpenna,Larva,1,FALSE,FALSE,,Arthropoda,Insecta,Ephemeroptera,Baetidae,6,CG
26-109-35,Cherry Valley,Cherry Valley,Cherry Valley Creek,22-Apr-26,11/28 of 4/28,Acroneuria sp.,Acroneuria,Larva,1,FALSE,FALSE,,Arthropoda,Insecta,Plecoptera,Perlidae,0,PR
26-109-35,Cherry Valley,Cherry Valley,Cherry Valley Creek,22-Apr-26,11/28 of 4/28,Agnetina sp.,Agnetina,Larva,1,FALSE,FALSE,,Arthropoda,Insecta,Plecoptera,Perlidae,2,PR
26-109-35,Cherry Valley,Cherry Valley,Cherry Valley Creek,22-Apr-26,11/28 of 4/28,Antocha sp.,Antocha,Larva,1,FALSE,FALSE,,Arthropoda,Insecta,Diptera,Limoniidae,3,CG
26-109-35,Cherry Valley,Cherry Valley,Cherry Valley Creek,22-Apr-26,11/28 of 4/28,Branchiobdellida,Branchiobdellida,,3,FALSE,FALSE,,Annelida,Clitellata,Branchiobdellida,,6,CG
26-109-35,Cherry Valley,Cherry Valley,Cherry Valley Creek,22-Apr-26,11/28 of 4/28,Cheumatopsyche sp.,Cheumatopsyche,Larva,6,FALSE,FALSE,,Arthropoda,Insecta,Trichoptera,Hydropsychidae,6,FC
26-109-35,Cherry Valley,Cherry Valley,Cherry Valley Creek,22-Apr-26,11/28 of 4/28,Chimarra sp.,Chimarra,Larva,21,FALSE,FALSE,,Arthropoda,Insecta,Trichoptera,Philopotamidae,4,FC
26-109-35,Cherry Valley,Cherry Valley,Cherry Valley Creek,22-Apr-26,11/28 of 4/28,Chironomidae,Chironomidae,Larva,63,FALSE,FALSE,,Arthropoda,Insecta,Diptera,Chironomidae,6,CG
26-109-35,Cherry Valley,Cherry Valley,Cherry Valley Creek,22-Apr-26,11/28 of 4/28,Cinygmula subaequalis,Cinygmula,Larva,4,FALSE,FALSE,,Arthropoda,Insecta,Ephemeroptera,Heptageniidae,1,CG
26-109-35,Cherry Valley,Cherry Valley,Cherry Valley Creek,22-Apr-26,11/28 of 4/28,Diphetor hageni,Diphetor,Larva,1,FALSE,FALSE,,Arthropoda,Insecta,Ephemeroptera,Baetidae,6,CG
26-109-35,Cherry Valley,Cherry Valley,Cherry Valley Creek,22-Apr-26,11/28 of 4/28,Epeorus sp.,Epeorus,Larva,3,FALSE,FALSE,,Arthropoda,Insecta,Ephemeroptera,Heptageniidae,0,SC
26-109-35,Cherry Valley,Cherry Valley,Cherry Valley Creek,22-Apr-26,11/28 of 4/28,Ephemerella sp.,Ephemerella,Larva,2,FALSE,FALSE,,Arthropoda,Insecta,Ephemeroptera,Ephemerellidae,1,CG
26-109-35,Cherry Valley,Cherry Valley,Cherry Valley Creek,22-Apr-26,11/28 of 4/28,Hemerodromia sp.,Hemerodromia,Larva,2,FALSE,FALSE,,Arthropoda,Insecta,Diptera,Empididae,6,PR
26-109-35,Cherry Valley,Cherry Valley,Cherry Valley Creek,22-Apr-26,11/28 of 4/28,Hyalella sp.,Hyalella,,1,FALSE,FALSE,,Arthropoda,Malocostraca,Amphipoda,Hyalellidae,8,CG
26-109-35,Cherry Valley,Cherry Valley,Cherry Valley Creek,22-Apr-26,11/28 of 4/28,Hydropsyche sp.,Hydropsyche,Larva,5,FALSE,FALSE,2 H. morosa gr. (formerly Ceratopsyche),Arthropoda,Insecta,Trichoptera,Hydropsychidae,5,FC
26-109-35,Cherry Valley,Cherry Valley,Cherry Valley Creek,22-Apr-26,11/28 of 4/28,Isoperla sp.,Isoperla,Larva,4,FALSE,FALSE,I. signata,Arthropoda,Insecta,Plecoptera,Perlodidae,2,PR
26-109-35,Cherry Valley,Cherry Valley,Cherry Valley Creek,22-Apr-26,11/28 of 4/28,Leucrocuta sp.,Leucrocuta,Larva,1,FALSE,FALSE,,Arthropoda,Insecta,Ephemeroptera,Heptageniidae,1,SC
26-109-35,Cherry Valley,Cherry Valley,Cherry Valley Creek,22-Apr-26,11/28 of 4/28,Maccaffertium sp.,Maccaffertium,Larva,5,FALSE,FALSE,,Arthropoda,Insecta,Ephemeroptera,Heptageniidae,3,SC
26-109-35,Cherry Valley,Cherry Valley,Cherry Valley Creek,22-Apr-26,11/28 of 4/28,Nemouridae,Nemouridae,Immature,1,FALSE,FALSE,,Arthropoda,Insecta,Plecoptera,Nemouridae,2,SH
26-109-35,Cherry Valley,Cherry Valley,Cherry Valley Creek,22-Apr-26,11/28 of 4/28,Neophylax sp.,Neophylax,Larva,2,FALSE,FALSE,,Arthropoda,Insecta,Trichoptera,Thremmatidae,3,SC
26-109-35,Cherry Valley,Cherry Valley,Cherry Valley Creek,22-Apr-26,11/28 of 4/28,Oligochaeta,Oligochaeta,,2,FALSE,FALSE,,Annelida,Clitellata,,,10,CG
26-109-35,Cherry Valley,Cherry Valley,Cherry Valley Creek,22-Apr-26,11/28 of 4/28,Optioservus fastiditus group,Optioservus,Larva/Adult,5,FALSE,FALSE,4 L/1 A,Arthropoda,Insecta,Coleoptera,Elmidae,4,SC
26-109-35,Cherry Valley,Cherry Valley,Cherry Valley Creek,22-Apr-26,11/28 of 4/28,Polycentropus sensu lato complex,Polycentropus,Larva,1,FALSE,FALSE,,Arthropoda,Insecta,Trichoptera,Polycentropodidae,6,FC
26-109-35,Cherry Valley,Cherry Valley,Cherry Valley Creek,22-Apr-26,11/28 of 4/28,Prosimulium sp.,Prosimulium,Larva,3,FALSE,FALSE,,Arthropoda,Insecta,Diptera,Simuliidae,2,FC
26-109-35,Cherry Valley,Cherry Valley,Cherry Valley Creek,22-Apr-26,11/28 of 4/28,Psephenus sp.,Psephenus,Larva,7,FALSE,FALSE,,Arthropoda,Insecta,Coleoptera,Psephenidae,4,SC
26-109-35,Cherry Valley,Cherry Valley,Cherry Valley Creek,22-Apr-26,11/28 of 4/28,Simulium sp.,Simulium,Larva,14,FALSE,FALSE,,Arthropoda,Insecta,Diptera,Simuliidae,6,FC
26-109-35,Cherry Valley,Cherry Valley,Cherry Valley Creek,22-Apr-26,11/28 of 4/28,Stenelmis sp.,Stenelmis,Larva/Adult,25,FALSE,FALSE,17 L/8 A,Arthropoda,Insecta,Coleoptera,Elmidae,5,SC
26-109-35,Cherry Valley,Cherry Valley,Cherry Valley Creek,22-Apr-26,11/28 of 4/28,Teloganopsis deficiens,Teloganopsis,Immature,1,FALSE,FALSE,,Arthropoda,Insecta,Ephemeroptera,Ephemerellidae,2,CG
26-109-35,Cherry Valley,Cherry Valley,Cherry Valley Creek,22-Apr-26,11/28 of 4/28,Trichoclinocera sp.,Trichoclinocera,Larva,1,FALSE,FALSE,,Arthropoda,Insecta,Diptera,Empididae,6,PR
26-109-35,Cherry Valley,Cherry Valley,Cherry Valley Creek,22-Apr-26,11/28 of 4/28,Trombidiformes,Hydracarina,,4,FALSE,FALSE,,Arthropoda,Arachnida,Trombidiformes,,7,PR
26-109-36,Kitchen,Kitchen,Kitchen Creek,06-Apr-26,10/28 of 4/28,Agnetina sp.,Agnetina,Early Instar,1,FALSE,FALSE,,Arthropoda,Insecta,Plecoptera,Perlidae,2,PR
26-109-36,Kitchen,Kitchen,Kitchen Creek,06-Apr-26,10/28 of 4/28,Baetis sp.,Baetis,Larva,16,FALSE,FALSE,,Arthropoda,Insecta,Ephemeroptera,Baetidae,6,CG
26-109-36,Kitchen,Kitchen,Kitchen Creek,06-Apr-26,10/28 of 4/28,Ceratopogoninae,Ceratopogonidae,Larva,1,FALSE,FALSE,,Arthropoda,Insecta,Diptera,Ceratopogonidae,6,PR
26-109-36,Kitchen,Kitchen,Kitchen Creek,06-Apr-26,10/28 of 4/28,Cheumatopsyche sp.,Cheumatopsyche,Larva,1,FALSE,FALSE,,Arthropoda,Insecta,Trichoptera,Hydropsychidae,6,FC
26-109-36,Kitchen,Kitchen,Kitchen Creek,06-Apr-26,10/28 of 4/28,Chironomidae,Chironomidae,Larva,79,FALSE,FALSE,,Arthropoda,Insecta,Diptera,Chironomidae,6,CG
26-109-36,Kitchen,Kitchen,Kitchen Creek,06-Apr-26,10/28 of 4/28,Cinygmula subaequalis,Cinygmula,Larva,6,FALSE,FALSE,,Arthropoda,Insecta,Ephemeroptera,Heptageniidae,1,CG
26-109-36,Kitchen,Kitchen,Kitchen Creek,06-Apr-26,10/28 of 4/28,Dicranota sp.,Dicranota,Larva,1,FALSE,FALSE,,Arthropoda,Insecta,Diptera,Pedicidiidae,3,PR
26-109-36,Kitchen,Kitchen,Kitchen Creek,06-Apr-26,10/28 of 4/28,Diphetor hageni,Diphetor,Larva,3,FALSE,FALSE,,Arthropoda,Insecta,Ephemeroptera,Baetidae,6,CG
26-109-36,Kitchen,Kitchen,Kitchen Creek,06-Apr-26,10/28 of 4/28,Dolophilodes distincta,Dolophilodes,Larva,1,FALSE,FALSE,,Arthropoda,Insecta,Trichoptera,Philopotamidae,0,FC
26-109-36,Kitchen,Kitchen,Kitchen Creek,06-Apr-26,10/28 of 4/28,Drunella sp.,Drunella,Larva,1,FALSE,FALSE,,Arthropoda,Insecta,Ephemeroptera,Ephemerellidae,1,SC
26-109-36,Kitchen,Kitchen,Kitchen Creek,06-Apr-26,10/28 of 4/28,Epeorus sp.,Epeorus,Larva,31,FALSE,FALSE,,Arthropoda,Insecta,Ephemeroptera,Heptageniidae,0,SC
26-109-36,Kitchen,Kitchen,Kitchen Creek,06-Apr-26,10/28 of 4/28,Ephemerella sp.,Ephemerella,Larva,9,FALSE,FALSE,,Arthropoda,Insecta,Ephemeroptera,Ephemerellidae,1,CG
26-109-36,Kitchen,Kitchen,Kitchen Creek,06-Apr-26,10/28 of 4/28,Haploperla sp.,Haploperla,Larva,1,FALSE,FALSE,,Arthropoda,Insecta,Plecoptera,Chloroperlidae,0,PR
26-109-36,Kitchen,Kitchen,Kitchen Creek,06-Apr-26,10/28 of 4/28,Hexatoma sp.,Hexatoma,Larva,3,FALSE,FALSE,,Arthropoda,Insecta,Diptera,Limoniidae,2,PR
26-109-36,Kitchen,Kitchen,Kitchen Creek,06-Apr-26,10/28 of 4/28,Hydropsyche sp.,Hydropsyche,Larva,5,FALSE,FALSE,5 H. morosa gr. (formerly Ceratopsyche),Arthropoda,Insecta,Trichoptera,Hydropsychidae,5,FC
26-109-36,Kitchen,Kitchen,Kitchen Creek,06-Apr-26,10/28 of 4/28,Isogenoides sp.,Isogenoides,Larva,2,FALSE,FALSE,,Arthropoda,Insecta,Plecoptera,Perlodidae,0,PR
26-109-36,Kitchen,Kitchen,Kitchen Creek,06-Apr-26,10/28 of 4/28,Isonychia sp.,Isonychia,Larva,1,FALSE,TRUE,,Arthropoda,Insecta,Ephemeroptera,Isonychiidae,3,CG
26-109-36,Kitchen,Kitchen,Kitchen Creek,06-Apr-26,10/28 of 4/28,Isoperla sp.,Isoperla,Larva,10,FALSE,FALSE,,Arthropoda,Insecta,Plecoptera,Perlodidae,2,PR
26-109-36,Kitchen,Kitchen,Kitchen Creek,06-Apr-26,10/28 of 4/28,Leptophlebiidae,Leptophlebiidae,Immature,5,TRUE,TRUE,,Arthropoda,Insecta,Ephemeroptera,Leptophlebiidae,4,CG
26-109-36,Kitchen,Kitchen,Kitchen Creek,06-Apr-26,10/28 of 4/28,Leuctra sp.,Leuctra,Larva,1,FALSE,FALSE,,Arthropoda,Insecta,Plecoptera,Leuctridae,0,SH
26-109-36,Kitchen,Kitchen,Kitchen Creek,06-Apr-26,10/28 of 4/28,Maccaffertium sp.,Maccaffertium,Larva,1,FALSE,TRUE,,Arthropoda,Insecta,Ephemeroptera,Heptageniidae,3,SC
26-109-36,Kitchen,Kitchen,Kitchen Creek,06-Apr-26,10/28 of 4/28,Neoleptophlebia sp.,Paraleptophlebia,Larva,6,FALSE,TRUE,,Arthropoda,Insecta,Ephemeroptera,Leptophlebiidae,1,CG
26-109-36,Kitchen,Kitchen,Kitchen Creek,06-Apr-26,10/28 of 4/28,Neoplasta sp.,Neoplasta,Larva,4,FALSE,FALSE,,Arthropoda,Insecta,Diptera,Empididae,6,PR
26-109-36,Kitchen,Kitchen,Kitchen Creek,06-Apr-26,10/28 of 4/28,Oemopteryx sp.,Oemopteryx,Larva,1,FALSE,FALSE,,Arthropoda,Insecta,Plecoptera,Taeniopterygidae,3,SH
26-109-36,Kitchen,Kitchen,Kitchen Creek,06-Apr-26,10/28 of 4/28,Optioservus fastiditus group,Optioservus,Larva,1,FALSE,FALSE,,Arthropoda,Insecta,Coleoptera,Elmidae,4,SC
26-109-36,Kitchen,Kitchen,Kitchen Creek,06-Apr-26,10/28 of 4/28,Paragnetina sp.,Paragnetina,Early Instar,1,FALSE,FALSE,,Arthropoda,Insecta,Plecoptera,Perlidae,1,PR
26-109-36,Kitchen,Kitchen,Kitchen Creek,06-Apr-26,10/28 of 4/28,Pteronarcys sp.,Pteronarcys,Early Instar,1,FALSE,FALSE,,Arthropoda,Insecta,Plecoptera,Pteronarcyidae,0,SH
26-109-36,Kitchen,Kitchen,Kitchen Creek,06-Apr-26,10/28 of 4/28,Pycnopsyche sp.,Pycnopsyche,Larva,1,FALSE,FALSE,,Arthropoda,Insecta,Trichoptera,Limnephilidae,4,SH
26-109-36,Kitchen,Kitchen,Kitchen Creek,06-Apr-26,10/28 of 4/28,Rhithrogena sp.,Rhithrogena,Larva,1,FALSE,FALSE,,Arthropoda,Insecta,Ephemeroptera,Heptageniidae,0,CG
26-109-36,Kitchen,Kitchen,Kitchen Creek,06-Apr-26,10/28 of 4/28,Sweltsa sp.,Sweltsa,Larva,1,FALSE,FALSE,,Arthropoda,Insecta,Plecoptera,Chloroperlidae,0,PR
26-109-36,Kitchen,Kitchen,Kitchen Creek,06-Apr-26,10/28 of 4/28,Teloganopsis deficiens,Teloganopsis,Larva,1,FALSE,FALSE,,Arthropoda,Insecta,Ephemeroptera,Ephemerellidae,2,CG
26-109-37,BNUT,BNUT,Butternut Creek,22-Apr-26,9/28 of 4/28,Antocha sp.,Antocha,Larva,1,FALSE,FALSE,,Arthropoda,Insecta,Diptera,Limoniidae,3,CG
26-109-37,BNUT,BNUT,Butternut Creek,22-Apr-26,9/28 of 4/28,Baetis sp.,Baetis,Larva,3,FALSE,FALSE,,Arthropoda,Insecta,Ephemeroptera,Baetidae,6,CG
26-109-37,BNUT,BNUT,Butternut Creek,22-Apr-26,9/28 of 4/28,Cheumatopsyche sp.,Cheumatopsyche,Larva,20,FALSE,FALSE,,Arthropoda,Insecta,Trichoptera,Hydropsychidae,6,FC
26-109-37,BNUT,BNUT,Butternut Creek,22-Apr-26,9/28 of 4/28,Chimarra sp.,Chimarra,Larva,14,FALSE,FALSE,,Arthropoda,Insecta,Trichoptera,Philopotamidae,4,FC
26-109-37,BNUT,BNUT,Butternut Creek,22-Apr-26,9/28 of 4/28,Chironomidae,Chironomidae,Larva,17,FALSE,FALSE,,Arthropoda,Insecta,Diptera,Chironomidae,6,CG
26-109-37,BNUT,BNUT,Butternut Creek,22-Apr-26,9/28 of 4/28,Cinygmula subaequalis,Cinygmula,Larva,12,FALSE,FALSE,,Arthropoda,Insecta,Ephemeroptera,Heptageniidae,1,CG
26-109-37,BNUT,BNUT,Butternut Creek,22-Apr-26,9/28 of 4/28,Diphetor hageni,Diphetor,Larva,1,FALSE,FALSE,,Arthropoda,Insecta,Ephemeroptera,Baetidae,6,CG
26-109-37,BNUT,BNUT,Butternut Creek,22-Apr-26,9/28 of 4/28,Dubiraphia sp.,Dubiraphia,Adult,7,FALSE,FALSE,,Arthropoda,Insecta,Coleoptera,Elmidae,6,SC
26-109-37,BNUT,BNUT,Butternut Creek,22-Apr-26,9/28 of 4/28,Ephemera sp.,Ephemera,Immature,2,FALSE,FALSE,,Arthropoda,Insecta,Ephemeroptera,Ephemeridae,2,CG
26-109-37,BNUT,BNUT,Butternut Creek,22-Apr-26,9/28 of 4/28,Ephemerella sp.,Ephemerella,Larva,9,FALSE,FALSE,,Arthropoda,Insecta,Ephemeroptera,Ephemerellidae,1,CG
26-109-37,BNUT,BNUT,Butternut Creek,22-Apr-26,9/28 of 4/28,Goera sp.,Goera,Larva,1,FALSE,FALSE,,Arthropoda,Insecta,Trichoptera,Goeridae,0,SC
26-109-37,BNUT,BNUT,Butternut Creek,22-Apr-26,9/28 of 4/28,Hemerodromia sp.,Hemerodromia,Larva,3,FALSE,FALSE,,Arthropoda,Insecta,Diptera,Empididae,6,PR
26-109-37,BNUT,BNUT,Butternut Creek,22-Apr-26,9/28 of 4/28,Hydropsyche sp.,Hydropsyche,Larva,11,FALSE,FALSE,11 H. morosa gr. (formerly Ceratopsyche),Arthropoda,Insecta,Trichoptera,Hydropsychidae,5,FC
26-109-37,BNUT,BNUT,Butternut Creek,22-Apr-26,9/28 of 4/28,Isonychia sp.,Isonychia,Larva,6,FALSE,FALSE,,Arthropoda,Insecta,Ephemeroptera,Isonychiidae,3,CG
26-109-37,BNUT,BNUT,Butternut Creek,22-Apr-26,9/28 of 4/28,Leucrocuta sp.,Leucrocuta,Immature,1,FALSE,FALSE,,Arthropoda,Insecta,Ephemeroptera,Heptageniidae,1,SC
26-109-37,BNUT,BNUT,Butternut Creek,22-Apr-26,9/28 of 4/28,Maccaffertium sp.,Maccaffertium,Larva,15,FALSE,FALSE,,Arthropoda,Insecta,Ephemeroptera,Heptageniidae,3,SC
26-109-37,BNUT,BNUT,Butternut Creek,22-Apr-26,9/28 of 4/28,Microcylloepus pusillus,Microcylloepus,Larva,2,FALSE,FALSE,,Arthropoda,Insecta,Coleoptera,Elmidae,2,SC
26-109-37,BNUT,BNUT,Butternut Creek,22-Apr-26,9/28 of 4/28,Neoperla sp.,Neoperla,Immature,2,FALSE,FALSE,,Arthropoda,Insecta,Plecoptera,Perlidae,3,PR
26-109-37,BNUT,BNUT,Butternut Creek,22-Apr-26,9/28 of 4/28,Oligochaeta,Oligochaeta,,5,FALSE,FALSE,,Annelida,Clitellata,,,10,CG
26-109-37,BNUT,BNUT,Butternut Creek,22-Apr-26,9/28 of 4/28,Optioservus elegans group,Promoresia,Larva/Adult,16,FALSE,FALSE,14 L/2 A,Arthropoda,Insecta,Coleoptera,Elmidae,2,SC
26-109-37,BNUT,BNUT,Butternut Creek,22-Apr-26,9/28 of 4/28,Optioservus fastiditus group,Optioservus,Larva/Adult,13,FALSE,FALSE,10 L/3 A,Arthropoda,Insecta,Coleoptera,Elmidae,4,SC
26-109-37,BNUT,BNUT,Butternut Creek,22-Apr-26,9/28 of 4/28,Perlodidae,Perlodidae,Early Instar,1,FALSE,FALSE,,Arthropoda,Insecta,Plecoptera,Perlodidae,2,PR
26-109-37,BNUT,BNUT,Butternut Creek,22-Apr-26,9/28 of 4/28,Psephenus sp.,Psephenus,Larva,5,FALSE,FALSE,,Arthropoda,Insecta,Coleoptera,Psephenidae,4,SC
26-109-37,BNUT,BNUT,Butternut Creek,22-Apr-26,9/28 of 4/28,Psychomyia sp.,Psychomyia,Larva,1,FALSE,FALSE,,Arthropoda,Insecta,Trichoptera,Psychomyiidae,2,CG
26-109-37,BNUT,BNUT,Butternut Creek,22-Apr-26,9/28 of 4/28,Stenacron sp.,Stenacron,Larva,1,FALSE,FALSE,,Arthropoda,Insecta,Ephemeroptera,Heptageniidae,4,SC
26-109-37,BNUT,BNUT,Butternut Creek,22-Apr-26,9/28 of 4/28,Stenelmis sp.,Stenelmis,Larva/Adult,58,FALSE,FALSE,47 L/11 A,Arthropoda,Insecta,Coleoptera,Elmidae,5,SC
26-109-37,BNUT,BNUT,Butternut Creek,22-Apr-26,9/28 of 4/28,Teloganopsis deficiens,Teloganopsis,Larva,7,FALSE,FALSE,,Arthropoda,Insecta,Ephemeroptera,Ephemerellidae,2,CG
26-109-37,BNUT,BNUT,Butternut Creek,22-Apr-26,9/28 of 4/28,Trombidiformes,Hydracarina,,1,FALSE,FALSE,,Arthropoda,Arachnida,Trombidiformes,,7,PR
26-109-38,BLOC,BLOC,Blockhouse Creek,14-Apr-26,17/28 of 4/28,Acroneuria sp.,Acroneuria,Larva,1,FALSE,FALSE,,Arthropoda,Insecta,Plecoptera,Perlidae,0,PR
26-109-38,BLOC,BLOC,Blockhouse Creek,14-Apr-26,17/28 of 4/28,Antocha sp.,Antocha,Larva,1,FALSE,FALSE,,Arthropoda,Insecta,Diptera,Limoniidae,3,CG
26-109-38,BLOC,BLOC,Blockhouse Creek,14-Apr-26,17/28 of 4/28,Atherix sp.,Atherix,Larva,2,FALSE,FALSE,,Arthropoda,Insecta,Diptera,Athericidae,2,PR
26-109-38,BLOC,BLOC,Blockhouse Creek,14-Apr-26,17/28 of 4/28,Ceraclea sp.,Ceraclea,Larva,1,FALSE,FALSE,,Arthropoda,Insecta,Trichoptera,Leptoceridae,3,CG
26-109-38,BLOC,BLOC,Blockhouse Creek,14-Apr-26,17/28 of 4/28,Cheumatopsyche sp.,Cheumatopsyche,Larva,19,FALSE,FALSE,,Arthropoda,Insecta,Trichoptera,Hydropsychidae,6,FC
26-109-38,BLOC,BLOC,Blockhouse Creek,14-Apr-26,17/28 of 4/28,Chimarra sp.,Chimarra,Larva,2,FALSE,FALSE,,Arthropoda,Insecta,Trichoptera,Philopotamidae,4,FC
26-109-38,BLOC,BLOC,Blockhouse Creek,14-Apr-26,17/28 of 4/28,Chironomidae,Chironomidae,Larva,64,FALSE,FALSE,,Arthropoda,Insecta,Diptera,Chironomidae,6,CG
26-109-38,BLOC,BLOC,Blockhouse Creek,14-Apr-26,17/28 of 4/28,Drunella sp.,Drunella,Larva,44,FALSE,FALSE,,Arthropoda,Insecta,Ephemeroptera,Ephemerellidae,1,SC
26-109-38,BLOC,BLOC,Blockhouse Creek,14-Apr-26,17/28 of 4/28,Epeorus sp.,Epeorus,Larva,2,FALSE,FALSE,,Arthropoda,Insecta,Ephemeroptera,Heptageniidae,0,SC
26-109-38,BLOC,BLOC,Blockhouse Creek,14-Apr-26,17/28 of 4/28,Ephemerella sp.,Ephemerella,Larva,8,FALSE,FALSE,,Arthropoda,Insecta,Ephemeroptera,Ephemerellidae,1,CG
26-109-38,BLOC,BLOC,Blockhouse Creek,14-Apr-26,17/28 of 4/28,Eurylophella sp.,Eurylophella,Immature,1,FALSE,FALSE,,Arthropoda,Insecta,Ephemeroptera,Ephemerellidae,4,SC
26-109-38,BLOC,BLOC,Blockhouse Creek,14-Apr-26,17/28 of 4/28,Helichus sp.,Helichus,Adult,1,FALSE,FALSE,,Arthropoda,Insecta,Coleoptera,Dryopidae,5,SC
26-109-38,BLOC,BLOC,Blockhouse Creek,14-Apr-26,17/28 of 4/28,Helicopsyche borealis,Helicopsyche,Larva,1,FALSE,FALSE,,Arthropoda,Insecta,Trichoptera,Helicopsychidae,3,SC
26-109-38,BLOC,BLOC,Blockhouse Creek,14-Apr-26,17/28 of 4/28,Hydropsyche sp.,Hydropsyche,Larva,6,FALSE,FALSE,6 H. morosa group (formerly Ceratopsyche),Arthropoda,Insecta,Trichoptera,Hydropsychidae,5,FC
26-109-38,BLOC,BLOC,Blockhouse Creek,14-Apr-26,17/28 of 4/28,Leucrocuta sp.,Leucrocuta,Larva,3,FALSE,FALSE,,Arthropoda,Insecta,Ephemeroptera,Heptageniidae,1,SC
26-109-38,BLOC,BLOC,Blockhouse Creek,14-Apr-26,17/28 of 4/28,Maccaffertium sp.,Maccaffertium,Larva,5,FALSE,FALSE,,Arthropoda,Insecta,Ephemeroptera,Heptageniidae,3,SC
26-109-38,BLOC,BLOC,Blockhouse Creek,14-Apr-26,17/28 of 4/28,Neoleptophlebia sp.,Paraleptophlebia,Larva,6,FALSE,FALSE,,Arthropoda,Insecta,Ephemeroptera,Leptophlebiidae,1,CG
26-109-38,BLOC,BLOC,Blockhouse Creek,14-Apr-26,17/28 of 4/28,Neophylax sp.,Neophylax,Larva,23,FALSE,FALSE,,Arthropoda,Insecta,Trichoptera,Thremmatidae,3,SC
26-109-38,BLOC,BLOC,Blockhouse Creek,14-Apr-26,17/28 of 4/28,Oligochaeta,Oligochaeta,,2,FALSE,FALSE,,Annelida,Clitellata,,,10,CG
26-109-38,BLOC,BLOC,Blockhouse Creek,14-Apr-26,17/28 of 4/28,Optioservus fastiditus group,Optioservus,Larva/Adult,13,FALSE,FALSE,5A/8L,Arthropoda,Insecta,Coleoptera,Elmidae,4,SC
26-109-38,BLOC,BLOC,Blockhouse Creek,14-Apr-26,17/28 of 4/28,Polycentropus sensu lato complex,Polycentropus,Larva,1,FALSE,FALSE,,Arthropoda,Insecta,Trichoptera,Polycentropodidae,6,FC
26-109-38,BLOC,BLOC,Blockhouse Creek,14-Apr-26,17/28 of 4/28,Prostoma sp.,Prostoma,,2,FALSE,FALSE,,Nemertea,Hoplonemertea,Monostilifera,Prostomatidae ,6,PR
26-109-38,BLOC,BLOC,Blockhouse Creek,14-Apr-26,17/28 of 4/28,Psephenus sp.,Psephenus,Larva,8,FALSE,FALSE,,Arthropoda,Insecta,Coleoptera,Psephenidae,4,SC
26-109-38,BLOC,BLOC,Blockhouse Creek,14-Apr-26,17/28 of 4/28,Psilotreta sp.,Psilotreta,Larva,2,FALSE,FALSE,,Arthropoda,Insecta,Trichoptera,Odontoceridae,0,SC
26-109-38,BLOC,BLOC,Blockhouse Creek,14-Apr-26,17/28 of 4/28,Psychomyia sp.,Psychomyia,Larva,2,FALSE,FALSE,,Arthropoda,Insecta,Trichoptera,Psychomyiidae,2,CG
26-109-38,BLOC,BLOC,Blockhouse Creek,14-Apr-26,17/28 of 4/28,Pycnopsyche sp.,Pycnopsyche,Larva,1,FALSE,FALSE,,Arthropoda,Insecta,Trichoptera,Limnephilidae,4,SH
26-109-38,BLOC,BLOC,Blockhouse Creek,14-Apr-26,17/28 of 4/28,Rhyacophila sp.,Rhyacophila,Larva,1,FALSE,FALSE,,Arthropoda,Insecta,Trichoptera,Rhyacophilidae,1,PR
26-109-38,BLOC,BLOC,Blockhouse Creek,14-Apr-26,17/28 of 4/28,Stenacron sp.,Stenacron,Early Instar,1,FALSE,FALSE,,Arthropoda,Insecta,Ephemeroptera,Heptageniidae,4,SC
26-109-38,BLOC,BLOC,Blockhouse Creek,14-Apr-26,17/28 of 4/28,Stenelmis sp.,Stenelmis,Larva,1,FALSE,FALSE,,Arthropoda,Insecta,Coleoptera,Elmidae,5,SC
26-109-38,BLOC,BLOC,Blockhouse Creek,14-Apr-26,17/28 of 4/28,Sweltsa sp.,Sweltsa,Larva,1,FALSE,FALSE,,Arthropoda,Insecta,Plecoptera,Chloroperlidae,0,PR
26-109-38,BLOC,BLOC,Blockhouse Creek,14-Apr-26,17/28 of 4/28,Teloganopsis deficiens,Teloganopsis,Larva,4,FALSE,FALSE,,Arthropoda,Insecta,Ephemeroptera,Ephemerellidae,2,CG
26-109-38,BLOC,BLOC,Blockhouse Creek,14-Apr-26,17/28 of 4/28,Tipula sp.,Tipula,Larva,1,FALSE,FALSE,,Arthropoda,Insecta,Diptera,Tipulidae,4,SH
26-109-38,BLOC,BLOC,Blockhouse Creek,14-Apr-26,17/28 of 4/28,Trepaxonemata,Turbellaria,,1,FALSE,FALSE,,Plathyhelminthes,Trepaxonemata,,,9,PR
26-109-38,BLOC,BLOC,Blockhouse Creek,14-Apr-26,17/28 of 4/28,Trichoclinocera sp.,Trichoclinocera,Larva,4,FALSE,FALSE,,Arthropoda,Insecta,Diptera,Empididae,6,PR
26-109-38,BLOC,BLOC,Blockhouse Creek,14-Apr-26,17/28 of 4/28,Trombidiformes,Hydracarina,,3,FALSE,FALSE,,Arthropoda,Arachnida,Trombidiformes,,7,PR
26-109-39,APAL,APAL,Apalachin Creek,08-Apr-26,6/28,Acerpenna sp.,Acerpenna,Larva,5,FALSE,FALSE,,Arthropoda,Insecta,Ephemeroptera,Baetidae,6,CG
26-109-39,APAL,APAL,Apalachin Creek,08-Apr-26,6/28,Ameletus sp.,Ameletus,Larva,7,FALSE,FALSE,,Arthropoda,Insecta,Ephemeroptera,Ameletidae,0,CG
26-109-39,APAL,APAL,Apalachin Creek,08-Apr-26,6/28,Amphinemura sp.,Amphinemura,Larva,6,FALSE,FALSE,,Arthropoda,Insecta,Plecoptera,Nemouridae,3,SH
26-109-39,APAL,APAL,Apalachin Creek,08-Apr-26,6/28,Baetis sp.,Baetis,Larva,3,FALSE,FALSE,,Arthropoda,Insecta,Ephemeroptera,Baetidae,6,CG
26-109-39,APAL,APAL,Apalachin Creek,08-Apr-26,6/28,Caenis sp.,Caenis,Larva,1,FALSE,FALSE,,Arthropoda,Insecta,Ephemeroptera,Caenidae,7,CG
26-109-39,APAL,APAL,Apalachin Creek,08-Apr-26,6/28,Ceratopogoninae,Ceratopogonidae,Larva,8,FALSE,FALSE,,Arthropoda,Insecta,Diptera,Ceratopogonidae,6,PR
26-109-39,APAL,APAL,Apalachin Creek,08-Apr-26,6/28,Chelifera sp.,Chelifera,Larva,3,FALSE,FALSE,,Arthropoda,Insecta,Diptera,Empididae,6,PR
26-109-39,APAL,APAL,Apalachin Creek,08-Apr-26,6/28,Cheumatopsyche sp.,Cheumatopsyche,Larva,12,FALSE,FALSE,,Arthropoda,Insecta,Trichoptera,Hydropsychidae,6,FC
26-109-39,APAL,APAL,Apalachin Creek,08-Apr-26,6/28,Chironomidae,Chironomidae,Larva,53,FALSE,FALSE,,Arthropoda,Insecta,Diptera,Chironomidae,6,CG
26-109-39,APAL,APAL,Apalachin Creek,08-Apr-26,6/28,Chloroperlidae,Chloroperlidae,Immature,5,FALSE,FALSE,,Arthropoda,Insecta,Plecoptera,Chloroperlidae,0,PR
26-109-39,APAL,APAL,Apalachin Creek,08-Apr-26,6/28,Cinygmula subaequalis,Cinygmula,Larva,15,FALSE,FALSE,,Arthropoda,Insecta,Ephemeroptera,Heptageniidae,1,CG
26-109-39,APAL,APAL,Apalachin Creek,08-Apr-26,6/28,Isotomidae,Collembola,,1,FALSE,FALSE,,Arthropoda,Collembola,,Isotomidae,9,CG
26-109-39,APAL,APAL,Apalachin Creek,08-Apr-26,6/28,Drunella sp.,Drunella,Larva,7,FALSE,FALSE,,Arthropoda,Insecta,Ephemeroptera,Ephemerellidae,1,SC
26-109-39,APAL,APAL,Apalachin Creek,08-Apr-26,6/28,Epeorus sp.,Epeorus,Larva,6,FALSE,FALSE,,Arthropoda,Insecta,Ephemeroptera,Heptageniidae,0,SC
26-109-39,APAL,APAL,Apalachin Creek,08-Apr-26,6/28,Ephemerella sp.,Ephemerella,Larva,4,FALSE,FALSE,,Arthropoda,Insecta,Ephemeroptera,Ephemerellidae,1,CG
26-109-39,APAL,APAL,Apalachin Creek,08-Apr-26,6/28,Hemerodromia sp.,Hemerodromia,Larva,5,FALSE,FALSE,,Arthropoda,Insecta,Diptera,Empididae,6,PR
26-109-39,APAL,APAL,Apalachin Creek,08-Apr-26,6/28,Hexatoma sp.,Hexatoma,Larva,7,FALSE,FALSE,,Arthropoda,Insecta,Diptera,Limoniidae,2,PR
26-109-39,APAL,APAL,Apalachin Creek,08-Apr-26,6/28,Hydropsyche sp.,Hydropsyche,Larva,2,FALSE,FALSE,2 H. morosa group (formerly Ceratopsyche),Arthropoda,Insecta,Trichoptera,Hydropsychidae,5,FC
26-109-39,APAL,APAL,Apalachin Creek,08-Apr-26,6/28,Isonychia sp.,Isonychia,Larva,1,FALSE,FALSE,,Arthropoda,Insecta,Ephemeroptera,Isonychiidae,3,CG
26-109-39,APAL,APAL,Apalachin Creek,08-Apr-26,6/28,Lepidostoma sp.,Lepidostoma,Larva,1,FALSE,FALSE,,Arthropoda,Insecta,Trichoptera,Lepidostomatidae,1,SH
26-109-39,APAL,APAL,Apalachin Creek,08-Apr-26,6/28,Leucrocuta sp.,Leucrocuta,Larva,9,FALSE,FALSE,,Arthropoda,Insecta,Ephemeroptera,Heptageniidae,1,SC
26-109-39,APAL,APAL,Apalachin Creek,08-Apr-26,6/28,Maccaffertium sp.,Maccaffertium,Larva,7,FALSE,FALSE,,Arthropoda,Insecta,Ephemeroptera,Heptageniidae,3,SC
26-109-39,APAL,APAL,Apalachin Creek,08-Apr-26,6/28,Nematoda,Nematoda,,1,FALSE,FALSE,,Nematoda,,,,9,CG
26-109-39,APAL,APAL,Apalachin Creek,08-Apr-26,6/28,Neoleptophlebia sp.,Paraleptophlebia,Larva,1,FALSE,FALSE,,Arthropoda,Insecta,Ephemeroptera,Leptophlebiidae,1,CG
26-109-39,APAL,APAL,Apalachin Creek,08-Apr-26,6/28,Neophylax sp.,Neophylax,Larva,6,FALSE,FALSE,,Arthropoda,Insecta,Trichoptera,Thremmatidae,3,SC
26-109-39,APAL,APAL,Apalachin Creek,08-Apr-26,6/28,Oemopteryx sp.,Oemopteryx,Larva,1,FALSE,FALSE,,Arthropoda,Insecta,Plecoptera,Taeniopterygidae,3,SH
26-109-39,APAL,APAL,Apalachin Creek,08-Apr-26,6/28,Oligochaeta,Oligochaeta,,2,FALSE,FALSE,,Annelida,Clitellata,,,10,CG
26-109-39,APAL,APAL,Apalachin Creek,08-Apr-26,6/28,Optioservus fastiditus group,Optioservus,Larva,2,FALSE,FALSE,,Arthropoda,Insecta,Coleoptera,Elmidae,4,SC
26-109-39,APAL,APAL,Apalachin Creek,08-Apr-26,6/28,Prosimulium sp.,Prosimulium,Larva,33,FALSE,FALSE,,Arthropoda,Insecta,Diptera,Simuliidae,2,FC
26-109-39,APAL,APAL,Apalachin Creek,08-Apr-26,6/28,Psephenus sp.,Psephenus,Larva,1,FALSE,FALSE,,Arthropoda,Insecta,Coleoptera,Psephenidae,4,SC
26-109-39,APAL,APAL,Apalachin Creek,08-Apr-26,6/28,Simulium sp.,Simulium,Larva,1,FALSE,FALSE,,Arthropoda,Insecta,Diptera,Simuliidae,6,FC
26-109-39,APAL,APAL,Apalachin Creek,08-Apr-26,6/28,Stegopterna sp.,Stegopterna,Larva,1,FALSE,FALSE,,Arthropoda,Insecta,Diptera,Simuliidae,6,FC
26-109-39,APAL,APAL,Apalachin Creek,08-Apr-26,6/28,Stenacron sp.,Stenacron,Larva,3,FALSE,FALSE,,Arthropoda,Insecta,Ephemeroptera,Heptageniidae,4,SC
26-109-39,APAL,APAL,Apalachin Creek,08-Apr-26,6/28,Sweltsa sp.,Sweltsa,Larva,1,FALSE,FALSE,,Arthropoda,Insecta,Plecoptera,Chloroperlidae,0,PR
26-109-39,APAL,APAL,Apalachin Creek,08-Apr-26,6/28,Trepaxonemata,Turbellaria,,1,FALSE,FALSE,,Plathyhelminthes,Trepaxonemata,,,9,PR
26-109-39,APAL,APAL,Apalachin Creek,08-Apr-26,6/28,Trichoclinocera sp.,Trichoclinocera,Larva,7,FALSE,FALSE,,Arthropoda,Insecta,Diptera,Empididae,6,PR
26-109-39,APAL,APAL,Apalachin Creek,08-Apr-26,6/28,Trombidiformes,Hydracarina,,4,FALSE,FALSE,,Arthropoda,Arachnida,Trombidiformes,,7,PR
26-109-40,SNAK,SNAK,Snake Creek ,08-Apr-26,3/28 of 4/28,Antocha sp.,Antocha,Larva,2,FALSE,FALSE,,Arthropoda,Insecta,Diptera,Limoniidae,3,CG
26-109-40,SNAK,SNAK,Snake Creek ,08-Apr-26,3/28 of 4/28,Ceratopogoninae,Ceratopogonidae,Larva,6,FALSE,FALSE,,Arthropoda,Insecta,Diptera,Ceratopogonidae,6,PR
26-109-40,SNAK,SNAK,Snake Creek ,08-Apr-26,3/28 of 4/28,Cheumatopsyche sp.,Cheumatopsyche,Larva,8,FALSE,FALSE,,Arthropoda,Insecta,Trichoptera,Hydropsychidae,6,FC
26-109-40,SNAK,SNAK,Snake Creek ,08-Apr-26,3/28 of 4/28,Chironomidae,Chironomidae,Larva,80,FALSE,FALSE,,Arthropoda,Insecta,Diptera,Chironomidae,6,CG
26-109-40,SNAK,SNAK,Snake Creek ,08-Apr-26,3/28 of 4/28,Chloroperlidae,Chloroperlidae,Immature,1,FALSE,FALSE,,Arthropoda,Insecta,Plecoptera,Chloroperlidae,0,PR
26-109-40,SNAK,SNAK,Snake Creek ,08-Apr-26,3/28 of 4/28,Cinygmula subaequalis,Cinygmula,Larva,3,FALSE,FALSE,,Arthropoda,Insecta,Ephemeroptera,Heptageniidae,1,CG
26-109-40,SNAK,SNAK,Snake Creek ,08-Apr-26,3/28 of 4/28,Drunella sp.,Drunella,Immature,2,FALSE,FALSE,,Arthropoda,Insecta,Ephemeroptera,Ephemerellidae,1,SC
26-109-40,SNAK,SNAK,Snake Creek ,08-Apr-26,3/28 of 4/28,Epeorus sp.,Epeorus,Larva,1,FALSE,FALSE,,Arthropoda,Insecta,Ephemeroptera,Heptageniidae,0,SC
26-109-40,SNAK,SNAK,Snake Creek ,08-Apr-26,3/28 of 4/28,Ephemerella sp.,Ephemerella,Larva,1,FALSE,FALSE,,Arthropoda,Insecta,Ephemeroptera,Ephemerellidae,1,CG
26-109-40,SNAK,SNAK,Snake Creek ,08-Apr-26,3/28 of 4/28,Eurylophella sp.,Eurylophella,Immature,4,FALSE,FALSE,,Arthropoda,Insecta,Ephemeroptera,Ephemerellidae,4,SC
26-109-40,SNAK,SNAK,Snake Creek ,08-Apr-26,3/28 of 4/28,Hemerodromia sp.,Hemerodromia,Larva,2,FALSE,FALSE,,Arthropoda,Insecta,Diptera,Empididae,6,PR
26-109-40,SNAK,SNAK,Snake Creek ,08-Apr-26,3/28 of 4/28,Hexatoma sp.,Hexatoma,Larva,1,FALSE,FALSE,,Arthropoda,Insecta,Diptera,Limoniidae,2,PR
26-109-40,SNAK,SNAK,Snake Creek ,08-Apr-26,3/28 of 4/28,Hydropsyche sp.,Hydropsyche,Larva,5,FALSE,FALSE,5 H. morosa gr. (formerly Ceratopsyche),Arthropoda,Insecta,Trichoptera,Hydropsychidae,5,FC
26-109-40,SNAK,SNAK,Snake Creek ,08-Apr-26,3/28 of 4/28,Isonychia sp.,Isonychia,Larva,3,FALSE,FALSE,,Arthropoda,Insecta,Ephemeroptera,Isonychiidae,3,CG
26-109-40,SNAK,SNAK,Snake Creek ,08-Apr-26,3/28 of 4/28,Leptophlebiidae,Leptophlebiidae,Immature,1,TRUE,TRUE,,Arthropoda,Insecta,Ephemeroptera,Leptophlebiidae,4,CG
26-109-40,SNAK,SNAK,Snake Creek ,08-Apr-26,3/28 of 4/28,Leucrocuta sp.,Leucrocuta,Immature,9,FALSE,FALSE,,Arthropoda,Insecta,Ephemeroptera,Heptageniidae,1,SC
26-109-40,SNAK,SNAK,Snake Creek ,08-Apr-26,3/28 of 4/28,Leuctra sp.,Leuctra,Larva,1,FALSE,FALSE,,Arthropoda,Insecta,Plecoptera,Leuctridae,0,SH
26-109-40,SNAK,SNAK,Snake Creek ,08-Apr-26,3/28 of 4/28,Maccaffertium sp.,Maccaffertium,Larva,5,FALSE,FALSE,,Arthropoda,Insecta,Ephemeroptera,Heptageniidae,3,SC
26-109-40,SNAK,SNAK,Snake Creek ,08-Apr-26,3/28 of 4/28,Nematoda,Nematoda,,1,FALSE,FALSE,,Nematoda,,,,9,CG
26-109-40,SNAK,SNAK,Snake Creek ,08-Apr-26,3/28 of 4/28,Neoleptophlebia sp.,Paraleptophlebia,Larva,11,FALSE,FALSE,,Arthropoda,Insecta,Ephemeroptera,Leptophlebiidae,1,CG
26-109-40,SNAK,SNAK,Snake Creek ,08-Apr-26,3/28 of 4/28,Neophylax sp.,Neophylax,Larva,25,FALSE,FALSE,,Arthropoda,Insecta,Trichoptera,Thremmatidae,3,SC
26-109-40,SNAK,SNAK,Snake Creek ,08-Apr-26,3/28 of 4/28,Oligochaeta,Oligochaeta,,1,FALSE,FALSE,,Annelida,Clitellata,,,10,CG
26-109-40,SNAK,SNAK,Snake Creek ,08-Apr-26,3/28 of 4/28,Optioservus fastiditus group,Optioservus,Larva,8,FALSE,FALSE,,Arthropoda,Insecta,Coleoptera,Elmidae,4,SC
26-109-40,SNAK,SNAK,Snake Creek ,08-Apr-26,3/28 of 4/28,Polycentropus sensu lato complex,Polycentropus,Larva,6,FALSE,FALSE,,Arthropoda,Insecta,Trichoptera,Polycentropodidae,6,FC
26-109-40,SNAK,SNAK,Snake Creek ,08-Apr-26,3/28 of 4/28,Prosimulium sp.,Prosimulium,Larva,1,FALSE,FALSE,,Arthropoda,Insecta,Diptera,Simuliidae,2,FC
26-109-40,SNAK,SNAK,Snake Creek ,08-Apr-26,3/28 of 4/28,Prostoia sp.,Prostoia,Larva,2,FALSE,FALSE,,Arthropoda,Insecta,Plecoptera,Nemouridae,2,SH
26-109-40,SNAK,SNAK,Snake Creek ,08-Apr-26,3/28 of 4/28,Prostoma sp.,Prostoma,,1,FALSE,FALSE,,Nemertea,Hoplonemertea,Monostilifera,Prostomatidae ,6,PR
26-109-40,SNAK,SNAK,Snake Creek ,08-Apr-26,3/28 of 4/28,Psephenus sp.,Psephenus,Larva,2,FALSE,FALSE,,Arthropoda,Insecta,Coleoptera,Psephenidae,4,SC
26-109-40,SNAK,SNAK,Snake Creek ,08-Apr-26,3/28 of 4/28,Psychomyia sp.,Psychomyia,Larva,1,FALSE,FALSE,,Arthropoda,Insecta,Trichoptera,Psychomyiidae,2,CG
26-109-40,SNAK,SNAK,Snake Creek ,08-Apr-26,3/28 of 4/28,Stenacron sp.,Stenacron,Immature,1,FALSE,FALSE,,Arthropoda,Insecta,Ephemeroptera,Heptageniidae,4,SC
26-109-40,SNAK,SNAK,Snake Creek ,08-Apr-26,3/28 of 4/28,Teloganopsis deficiens,Teloganopsis,Early Instar,1,FALSE,FALSE,,Arthropoda,Insecta,Ephemeroptera,Ephemerellidae,2,CG
26-109-40,SNAK,SNAK,Snake Creek ,08-Apr-26,3/28 of 4/28,Trichoclinocera sp.,Trichoclinocera,Larva,6,FALSE,FALSE,,Arthropoda,Insecta,Diptera,Empididae,6,PR
26-109-40,SNAK,SNAK,Snake Creek ,08-Apr-26,3/28 of 4/28,Trombidiformes,Hydracarina,,10,FALSE,FALSE,,Arthropoda,Arachnida,Trombidiformes,,7,PR
26-109-41,HICKS,HICKS,Hicks Run ,23-Apr-26,6/28 of 4/28,Acentrella sp.,Acentrella,Larva,95,FALSE,FALSE,,Arthropoda,Insecta,Ephemeroptera,Baetidae,4,SC
26-109-41,HICKS,HICKS,Hicks Run ,23-Apr-26,6/28 of 4/28,Acroneuria sp.,Acroneuria,Immature,1,FALSE,FALSE,,Arthropoda,Insecta,Plecoptera,Perlidae,0,PR
26-109-41,HICKS,HICKS,Hicks Run ,23-Apr-26,6/28 of 4/28,Amphinemura sp.,Amphinemura,Larva,3,FALSE,FALSE,,Arthropoda,Insecta,Plecoptera,Nemouridae,3,SH
26-109-41,HICKS,HICKS,Hicks Run ,23-Apr-26,6/28 of 4/28,Ceratopogoninae,Ceratopogonidae,Larva,1,FALSE,FALSE,,Arthropoda,Insecta,Diptera,Ceratopogonidae,6,PR
26-109-41,HICKS,HICKS,Hicks Run ,23-Apr-26,6/28 of 4/28,Cheumatopsyche sp.,Cheumatopsyche,Larva,6,FALSE,FALSE,,Arthropoda,Insecta,Trichoptera,Hydropsychidae,6,FC
26-109-41,HICKS,HICKS,Hicks Run ,23-Apr-26,6/28 of 4/28,Chimarra sp.,Chimarra,Larva,1,FALSE,FALSE,,Arthropoda,Insecta,Trichoptera,Philopotamidae,4,FC
26-109-41,HICKS,HICKS,Hicks Run ,23-Apr-26,6/28 of 4/28,Chironomidae,Chironomidae,Larva,19,FALSE,FALSE,,Arthropoda,Insecta,Diptera,Chironomidae,6,CG
26-109-41,HICKS,HICKS,Hicks Run ,23-Apr-26,6/28 of 4/28,Chloroperlidae,Chloroperlidae,Immature,1,FALSE,FALSE,,Arthropoda,Insecta,Plecoptera,Chloroperlidae,0,PR
26-109-41,HICKS,HICKS,Hicks Run ,23-Apr-26,6/28 of 4/28,Cinygmula subaequalis,Cinygmula,Larva,3,FALSE,FALSE,,Arthropoda,Insecta,Ephemeroptera,Heptageniidae,1,CG
26-109-41,HICKS,HICKS,Hicks Run ,23-Apr-26,6/28 of 4/28,Drunella sp.,Drunella,Larva,33,FALSE,FALSE,,Arthropoda,Insecta,Ephemeroptera,Ephemerellidae,1,SC
26-109-41,HICKS,HICKS,Hicks Run ,23-Apr-26,6/28 of 4/28,Ephemerella sp.,Ephemerella,Larva,8,FALSE,FALSE,,Arthropoda,Insecta,Ephemeroptera,Ephemerellidae,1,CG
26-109-41,HICKS,HICKS,Hicks Run ,23-Apr-26,6/28 of 4/28,Glossosoma sp.,Glossosoma,Early Instar,1,FALSE,FALSE,,Arthropoda,Insecta,Trichoptera,Glossosomatidae,0,SC
26-109-41,HICKS,HICKS,Hicks Run ,23-Apr-26,6/28 of 4/28,Isoperla sp.,Isoperla,Larva,1,FALSE,FALSE,,Arthropoda,Insecta,Plecoptera,Perlodidae,2,PR
26-109-41,HICKS,HICKS,Hicks Run ,23-Apr-26,6/28 of 4/28,Leptophlebiidae,Leptophlebiidae,Immature,3,TRUE,TRUE,,Arthropoda,Insecta,Ephemeroptera,Leptophlebiidae,4,CG
26-109-41,HICKS,HICKS,Hicks Run ,23-Apr-26,6/28 of 4/28,Leucrocuta sp.,Leucrocuta,Early Instar,6,FALSE,FALSE,,Arthropoda,Insecta,Ephemeroptera,Heptageniidae,1,SC
26-109-41,HICKS,HICKS,Hicks Run ,23-Apr-26,6/28 of 4/28,Maccaffertium sp.,Maccaffertium,Larva,3,FALSE,FALSE,,Arthropoda,Insecta,Ephemeroptera,Heptageniidae,3,SC
26-109-41,HICKS,HICKS,Hicks Run ,23-Apr-26,6/28 of 4/28,Neoleptophlebia sp.,Paraleptophlebia,Larva,2,FALSE,FALSE,,Arthropoda,Insecta,Ephemeroptera,Leptophlebiidae,1,CG
26-109-41,HICKS,HICKS,Hicks Run ,23-Apr-26,6/28 of 4/28,Neophylax sp.,Neophylax,Larva,1,FALSE,FALSE,,Arthropoda,Insecta,Trichoptera,Thremmatidae,3,SC
26-109-41,HICKS,HICKS,Hicks Run ,23-Apr-26,6/28 of 4/28,Nigronia sp.,Nigronia,Larva,1,FALSE,FALSE,,Arthropoda,Insecta,Megaloptera,Corydalidae,2,PR
26-109-41,HICKS,HICKS,Hicks Run ,23-Apr-26,6/28 of 4/28,Oligochaeta,Oligochaeta,,7,FALSE,FALSE,,Annelida,Clitellata,,,10,CG
26-109-41,HICKS,HICKS,Hicks Run ,23-Apr-26,6/28 of 4/28,Optioservus fastiditus group,Optioservus,Larva,6,FALSE,FALSE,,Arthropoda,Insecta,Coleoptera,Elmidae,4,SC
26-109-41,HICKS,HICKS,Hicks Run ,23-Apr-26,6/28 of 4/28,Psephenus sp.,Psephenus,Larva,9,FALSE,FALSE,,Arthropoda,Insecta,Coleoptera,Psephenidae,4,SC
26-109-41,HICKS,HICKS,Hicks Run ,23-Apr-26,6/28 of 4/28,Psilotreta sp.,Psilotreta,Immature,1,FALSE,FALSE,,Arthropoda,Insecta,Trichoptera,Odontoceridae,0,SC
26-109-41,HICKS,HICKS,Hicks Run ,23-Apr-26,6/28 of 4/28,Rhyacophila sp.,Rhyacophila,Larva,1,FALSE,FALSE,,Arthropoda,Insecta,Trichoptera,Rhyacophilidae,1,PR
26-109-41,HICKS,HICKS,Hicks Run ,23-Apr-26,6/28 of 4/28,Simulium sp.,Simulium,Larva,5,FALSE,FALSE,,Arthropoda,Insecta,Diptera,Simuliidae,6,FC
26-109-41,HICKS,HICKS,Hicks Run ,23-Apr-26,6/28 of 4/28,Sphaeriidae,Sphaeriidae,Immature,1,FALSE,FALSE,,Mollusca,Bivalvia,Sphaeriida,Sphaeriidae,8,FC
26-109-41,HICKS,HICKS,Hicks Run ,23-Apr-26,6/28 of 4/28,Stenacron sp.,Stenacron,Immature,3,FALSE,FALSE,,Arthropoda,Insecta,Ephemeroptera,Heptageniidae,4,SC
26-109-41,HICKS,HICKS,Hicks Run ,23-Apr-26,6/28 of 4/28,Stenelmis sp.,Stenelmis,Larva/Adult,3,FALSE,FALSE,2 L/1 A,Arthropoda,Insecta,Coleoptera,Elmidae,5,SC
26-109-41,HICKS,HICKS,Hicks Run ,23-Apr-26,6/28 of 4/28,Teloganopsis deficiens,Teloganopsis,Immature,2,FALSE,FALSE,,Arthropoda,Insecta,Ephemeroptera,Ephemerellidae,2,CG
26-109-41,HICKS,HICKS,Hicks Run ,23-Apr-26,6/28 of 4/28,Trichoclinocera sp.,Trichoclinocera,Larva,1,FALSE,FALSE,,Arthropoda,Insecta,Diptera,Empididae,6,PR
26-109-41,HICKS,HICKS,Hicks Run ,23-Apr-26,6/28 of 4/28,Trombidiformes,Hydracarina,,2,FALSE,FALSE,,Arthropoda,Arachnida,Trombidiformes,,7,PR
26-109-42,WEST,WEST,West Creek,23-Apr-26,19/28 of 4/28,Acentrella sp.,Acentrella,Larva,119,FALSE,FALSE,,Arthropoda,Insecta,Ephemeroptera,Baetidae,4,SC
26-109-42,WEST,WEST,West Creek,23-Apr-26,19/28 of 4/28,Agapetus sp.,Agapetus,Larva,2,FALSE,FALSE,,Arthropoda,Insecta,Trichoptera,Glossosomatidae,0,SC
26-109-42,WEST,WEST,West Creek,23-Apr-26,19/28 of 4/28,Alloperla sp.,Alloperla,Larva,1,FALSE,FALSE,,Arthropoda,Insecta,Plecoptera,Chloroperlidae,0,CG
26-109-42,WEST,WEST,West Creek,23-Apr-26,19/28 of 4/28,Cheumatopsyche sp.,Cheumatopsyche,Larva,1,FALSE,FALSE,,Arthropoda,Insecta,Trichoptera,Hydropsychidae,6,FC
26-109-42,WEST,WEST,West Creek,23-Apr-26,19/28 of 4/28,Chimarra sp.,Chimarra,Larva,2,FALSE,FALSE,,Arthropoda,Insecta,Trichoptera,Philopotamidae,4,FC
26-109-42,WEST,WEST,West Creek,23-Apr-26,19/28 of 4/28,Chironomidae,Chironomidae,Larva,4,FALSE,FALSE,,Arthropoda,Insecta,Diptera,Chironomidae,6,CG
26-109-42,WEST,WEST,West Creek,23-Apr-26,19/28 of 4/28,Cinygmula subaequalis,Cinygmula,Larva,6,FALSE,FALSE,,Arthropoda,Insecta,Ephemeroptera,Heptageniidae,1,CG
26-109-42,WEST,WEST,West Creek,23-Apr-26,19/28 of 4/28,Drunella sp.,Drunella,Larva,13,FALSE,FALSE,,Arthropoda,Insecta,Ephemeroptera,Ephemerellidae,1,SC
26-109-42,WEST,WEST,West Creek,23-Apr-26,19/28 of 4/28,Ephemerella sp.,Ephemerella,Larva,14,FALSE,FALSE,,Arthropoda,Insecta,Ephemeroptera,Ephemerellidae,1,CG
26-109-42,WEST,WEST,West Creek,23-Apr-26,19/28 of 4/28,Isonychia sp.,Isonychia,Larva,2,FALSE,FALSE,,Arthropoda,Insecta,Ephemeroptera,Isonychiidae,3,CG
26-109-42,WEST,WEST,West Creek,23-Apr-26,19/28 of 4/28,Leucrocuta sp.,Leucrocuta,Larva,2,FALSE,FALSE,,Arthropoda,Insecta,Ephemeroptera,Heptageniidae,1,SC
26-109-42,WEST,WEST,West Creek,23-Apr-26,19/28 of 4/28,Leuctra sp.,Leuctra,Larva,1,FALSE,FALSE,,Arthropoda,Insecta,Plecoptera,Leuctridae,0,SH
26-109-42,WEST,WEST,West Creek,23-Apr-26,19/28 of 4/28,Maccaffertium sp.,Maccaffertium,Larva,4,FALSE,FALSE,,Arthropoda,Insecta,Ephemeroptera,Heptageniidae,3,SC
26-109-42,WEST,WEST,West Creek,23-Apr-26,19/28 of 4/28,Oligochaeta,Oligochaeta,,5,FALSE,FALSE,,Annelida,Clitellata,,,10,CG
26-109-42,WEST,WEST,West Creek,23-Apr-26,19/28 of 4/28,Paragnetina sp.,Paragnetina,Early Instar,1,FALSE,FALSE,,Arthropoda,Insecta,Plecoptera,Perlidae,1,PR
26-109-42,WEST,WEST,West Creek,23-Apr-26,19/28 of 4/28,Prosimulium sp.,Prosimulium,Larva,4,FALSE,FALSE,,Arthropoda,Insecta,Diptera,Simuliidae,2,FC
26-109-42,WEST,WEST,West Creek,23-Apr-26,19/28 of 4/28,Simulium sp.,Simulium,Larva,34,FALSE,FALSE,,Arthropoda,Insecta,Diptera,Simuliidae,6,FC
26-109-42,WEST,WEST,West Creek,23-Apr-26,19/28 of 4/28,Trichoclinocera sp.,Trichoclinocera,Larva,4,FALSE,FALSE,,Arthropoda,Insecta,Diptera,Empididae,6,PR
26-109-43,Driftwood,Driftwood,Driftwood Branch Sinnemahoning,23-Apr-26,7/28 of 4/28,Acentrella sp.,Acentrella,Larva,33,FALSE,FALSE,,Arthropoda,Insecta,Ephemeroptera,Baetidae,4,SC
26-109-43,Driftwood,Driftwood,Driftwood Branch Sinnemahoning,23-Apr-26,7/28 of 4/28,Acerpenna macdunnoughi,Acerpenna,Larva,1,FALSE,FALSE,,Arthropoda,Insecta,Ephemeroptera,Baetidae,6,CG
26-109-43,Driftwood,Driftwood,Driftwood Branch Sinnemahoning,23-Apr-26,7/28 of 4/28,Acroneuria sp.,Acroneuria,Larva,3,FALSE,FALSE,,Arthropoda,Insecta,Plecoptera,Perlidae,0,PR
26-109-43,Driftwood,Driftwood,Driftwood Branch Sinnemahoning,23-Apr-26,7/28 of 4/28,Antocha sp.,Antocha,Larva,1,FALSE,FALSE,,Arthropoda,Insecta,Diptera,Limoniidae,3,CG
26-109-43,Driftwood,Driftwood,Driftwood Branch Sinnemahoning,23-Apr-26,7/28 of 4/28,Baetis sp.,Baetis,Larva,2,FALSE,FALSE,,Arthropoda,Insecta,Ephemeroptera,Baetidae,6,CG
26-109-43,Driftwood,Driftwood,Driftwood Branch Sinnemahoning,23-Apr-26,7/28 of 4/28,Cheumatopsyche sp.,Cheumatopsyche,Larva,4,FALSE,FALSE,,Arthropoda,Insecta,Trichoptera,Hydropsychidae,6,FC
26-109-43,Driftwood,Driftwood,Driftwood Branch Sinnemahoning,23-Apr-26,7/28 of 4/28,Chimarra sp.,Chimarra,Larva,2,FALSE,FALSE,,Arthropoda,Insecta,Trichoptera,Philopotamidae,4,FC
26-109-43,Driftwood,Driftwood,Driftwood Branch Sinnemahoning,23-Apr-26,7/28 of 4/28,Chironomidae,Chironomidae,Larva,31,FALSE,FALSE,,Arthropoda,Insecta,Diptera,Chironomidae,6,CG
26-109-43,Driftwood,Driftwood,Driftwood Branch Sinnemahoning,23-Apr-26,7/28 of 4/28,Cinygmula subaequalis,Cinygmula,Larva,3,FALSE,FALSE,,Arthropoda,Insecta,Ephemeroptera,Heptageniidae,1,CG
26-109-43,Driftwood,Driftwood,Driftwood Branch Sinnemahoning,23-Apr-26,7/28 of 4/28,Drunella sp.,Drunella,Larva,21,FALSE,FALSE,,Arthropoda,Insecta,Ephemeroptera,Ephemerellidae,1,SC
26-109-43,Driftwood,Driftwood,Driftwood Branch Sinnemahoning,23-Apr-26,7/28 of 4/28,Epeorus sp.,Epeorus,Larva,3,FALSE,FALSE,,Arthropoda,Insecta,Ephemeroptera,Heptageniidae,0,SC
26-109-43,Driftwood,Driftwood,Driftwood Branch Sinnemahoning,23-Apr-26,7/28 of 4/28,Ephemerella sp.,Ephemerella,Larva,17,FALSE,FALSE,,Arthropoda,Insecta,Ephemeroptera,Ephemerellidae,1,CG
26-109-43,Driftwood,Driftwood,Driftwood Branch Sinnemahoning,23-Apr-26,7/28 of 4/28,Isoperla sp.,Isoperla,Larva,2,FALSE,FALSE,,Arthropoda,Insecta,Plecoptera,Perlodidae,2,PR
26-109-43,Driftwood,Driftwood,Driftwood Branch Sinnemahoning,23-Apr-26,7/28 of 4/28,Leucrocuta sp.,Leucrocuta,Larva,2,FALSE,FALSE,,Arthropoda,Insecta,Ephemeroptera,Heptageniidae,1,SC
26-109-43,Driftwood,Driftwood,Driftwood Branch Sinnemahoning,23-Apr-26,7/28 of 4/28,Maccaffertium sp.,Maccaffertium,Larva,2,FALSE,FALSE,,Arthropoda,Insecta,Ephemeroptera,Heptageniidae,3,SC
26-109-43,Driftwood,Driftwood,Driftwood Branch Sinnemahoning,23-Apr-26,7/28 of 4/28,Neoleptophlebia sp.,Paraleptophlebia,Immature,2,FALSE,TRUE,,Arthropoda,Insecta,Ephemeroptera,Leptophlebiidae,1,CG
26-109-43,Driftwood,Driftwood,Driftwood Branch Sinnemahoning,23-Apr-26,7/28 of 4/28,Neophylax sp.,Neophylax,Larva,1,FALSE,FALSE,,Arthropoda,Insecta,Trichoptera,Thremmatidae,3,SC
26-109-43,Driftwood,Driftwood,Driftwood Branch Sinnemahoning,23-Apr-26,7/28 of 4/28,Oligochaeta,Oligochaeta,,30,FALSE,FALSE,,Annelida,Clitellata,,,10,CG
26-109-43,Driftwood,Driftwood,Driftwood Branch Sinnemahoning,23-Apr-26,7/28 of 4/28,Optioservus fastiditus group,Optioservus,Immature,1,FALSE,FALSE,,Arthropoda,Insecta,Coleoptera,Elmidae,4,SC
26-109-43,Driftwood,Driftwood,Driftwood Branch Sinnemahoning,23-Apr-26,7/28 of 4/28,Paragnetina sp.,Paragnetina,Immature,1,FALSE,FALSE,,Arthropoda,Insecta,Plecoptera,Perlidae,1,PR
26-109-43,Driftwood,Driftwood,Driftwood Branch Sinnemahoning,23-Apr-26,7/28 of 4/28,Polycentropus sensu lato complex,Polycentropus,Larva,1,FALSE,FALSE,,Arthropoda,Insecta,Trichoptera,Polycentropodidae,6,FC
26-109-43,Driftwood,Driftwood,Driftwood Branch Sinnemahoning,23-Apr-26,7/28 of 4/28,Prosimulium sp.,Prosimulium,Larva,2,FALSE,FALSE,,Arthropoda,Insecta,Diptera,Simuliidae,2,FC
26-109-43,Driftwood,Driftwood,Driftwood Branch Sinnemahoning,23-Apr-26,7/28 of 4/28,Psephenus sp.,Psephenus,Larva,2,FALSE,FALSE,,Arthropoda,Insecta,Coleoptera,Psephenidae,4,SC
26-109-43,Driftwood,Driftwood,Driftwood Branch Sinnemahoning,23-Apr-26,7/28 of 4/28,Rhithrogena sp.,Rhithrogena,Larva,1,FALSE,FALSE,,Arthropoda,Insecta,Ephemeroptera,Heptageniidae,0,CG
26-109-43,Driftwood,Driftwood,Driftwood Branch Sinnemahoning,23-Apr-26,7/28 of 4/28,Simulium sp.,Simulium,Larva,4,FALSE,FALSE,,Arthropoda,Insecta,Diptera,Simuliidae,6,FC
26-109-43,Driftwood,Driftwood,Driftwood Branch Sinnemahoning,23-Apr-26,7/28 of 4/28,Stactobiella sp.,Stactobiella,Larva,1,FALSE,FALSE,,Arthropoda,Insecta,Trichoptera,Hydroptilidae,2,SC
26-109-43,Driftwood,Driftwood,Driftwood Branch Sinnemahoning,23-Apr-26,7/28 of 4/28,Stenacron sp.,Stenacron,Larva,3,FALSE,FALSE,,Arthropoda,Insecta,Ephemeroptera,Heptageniidae,4,SC
26-109-43,Driftwood,Driftwood,Driftwood Branch Sinnemahoning,23-Apr-26,7/28 of 4/28,Stenelmis sp.,Stenelmis,Larva,2,FALSE,FALSE,,Arthropoda,Insecta,Coleoptera,Elmidae,5,SC
26-109-43,Driftwood,Driftwood,Driftwood Branch Sinnemahoning,23-Apr-26,7/28 of 4/28,Teloganopsis deficiens,Teloganopsis,Larva,3,FALSE,FALSE,,Arthropoda,Insecta,Ephemeroptera,Ephemerellidae,2,CG
26-109-43,Driftwood,Driftwood,Driftwood Branch Sinnemahoning,23-Apr-26,7/28 of 4/28,Trombidiformes,Hydracarina,,2,FALSE,FALSE,,Arthropoda,Arachnida,Trombidiformes,,7,PR
26-109-44,PLES,PLES,Pleasant Stream,14-Apr-26,9/28 of 4/28,Agnetina sp.,Agnetina,Larva,1,FALSE,FALSE,,Arthropoda,Insecta,Plecoptera,Perlidae,2,PR
26-109-44,PLES,PLES,Pleasant Stream,14-Apr-26,9/28 of 4/28,Alloperla sp.,Alloperla,Larva,1,FALSE,FALSE,,Arthropoda,Insecta,Plecoptera,Chloroperlidae,0,CG
26-109-44,PLES,PLES,Pleasant Stream,14-Apr-26,9/28 of 4/28,Baetis sp.,Baetis,Larva,3,FALSE,FALSE,,Arthropoda,Insecta,Ephemeroptera,Baetidae,6,CG
26-109-44,PLES,PLES,Pleasant Stream,14-Apr-26,9/28 of 4/28,Brachycentrus sp.,Brachycentrus,Larva,1,FALSE,FALSE,,Arthropoda,Insecta,Trichoptera,Brachycentridae,1,FC
26-109-44,PLES,PLES,Pleasant Stream,14-Apr-26,9/28 of 4/28,Chironomidae,Chironomidae,Larva,37,FALSE,FALSE,,Arthropoda,Insecta,Diptera,Chironomidae,6,CG
26-109-44,PLES,PLES,Pleasant Stream,14-Apr-26,9/28 of 4/28,Cinygmula subaequalis,Cinygmula,Larva,3,FALSE,FALSE,,Arthropoda,Insecta,Ephemeroptera,Heptageniidae,1,CG
26-109-44,PLES,PLES,Pleasant Stream,14-Apr-26,9/28 of 4/28,Cryptolabis sp.,Cryptolabis,Larva,1,FALSE,FALSE,,Arthropoda,Insecta,Diptera,Limoniidae,4,CG
26-109-44,PLES,PLES,Pleasant Stream,14-Apr-26,9/28 of 4/28,Cultus sp.,Cultus,Larva,2,FALSE,FALSE,,Arthropoda,Insecta,Plecoptera,Perlodidae,2,PR
26-109-44,PLES,PLES,Pleasant Stream,14-Apr-26,9/28 of 4/28,Diphetor hageni,Diphetor,Larva,1,FALSE,FALSE,,Arthropoda,Insecta,Ephemeroptera,Baetidae,6,CG
26-109-44,PLES,PLES,Pleasant Stream,14-Apr-26,9/28 of 4/28,Dolophilodes distincta,Dolophilodes,Larva,1,FALSE,FALSE,,Arthropoda,Insecta,Trichoptera,Philopotamidae,0,FC
26-109-44,PLES,PLES,Pleasant Stream,14-Apr-26,9/28 of 4/28,Drunella sp.,Drunella,Larva,62,FALSE,FALSE,,Arthropoda,Insecta,Ephemeroptera,Ephemerellidae,1,SC
26-109-44,PLES,PLES,Pleasant Stream,14-Apr-26,9/28 of 4/28,Epeorus sp.,Epeorus,Larva,2,FALSE,FALSE,,Arthropoda,Insecta,Ephemeroptera,Heptageniidae,0,SC
26-109-44,PLES,PLES,Pleasant Stream,14-Apr-26,9/28 of 4/28,Ephemerella sp.,Ephemerella,Larva,32,FALSE,FALSE,,Arthropoda,Insecta,Ephemeroptera,Ephemerellidae,1,CG
26-109-44,PLES,PLES,Pleasant Stream,14-Apr-26,9/28 of 4/28,Hexatoma sp.,Hexatoma,Larva,2,FALSE,FALSE,,Arthropoda,Insecta,Diptera,Limoniidae,2,PR
26-109-44,PLES,PLES,Pleasant Stream,14-Apr-26,9/28 of 4/28,Hydropsyche sp.,Hydropsyche,Larva,3,FALSE,FALSE,3 H. morosa gr. (formerly Ceratopsyche),Arthropoda,Insecta,Trichoptera,Hydropsychidae,5,FC
26-109-44,PLES,PLES,Pleasant Stream,14-Apr-26,9/28 of 4/28,Isonychia sp.,Isonychia,Larva,4,FALSE,FALSE,,Arthropoda,Insecta,Ephemeroptera,Isonychiidae,3,CG
26-109-44,PLES,PLES,Pleasant Stream,14-Apr-26,9/28 of 4/28,Isoperla sp.,Isoperla,Larva,8,FALSE,FALSE,,Arthropoda,Insecta,Plecoptera,Perlodidae,2,PR
26-109-44,PLES,PLES,Pleasant Stream,14-Apr-26,9/28 of 4/28,Lepidostoma sp.,Lepidostoma,Larva,2,FALSE,FALSE,,Arthropoda,Insecta,Trichoptera,Lepidostomatidae,1,SH
26-109-44,PLES,PLES,Pleasant Stream,14-Apr-26,9/28 of 4/28,Leucrocuta sp.,Leucrocuta,Immature,1,FALSE,FALSE,,Arthropoda,Insecta,Ephemeroptera,Heptageniidae,1,SC
26-109-44,PLES,PLES,Pleasant Stream,14-Apr-26,9/28 of 4/28,Leuctra sp.,Leuctra,Larva,1,FALSE,FALSE,,Arthropoda,Insecta,Plecoptera,Leuctridae,0,SH
26-109-44,PLES,PLES,Pleasant Stream,14-Apr-26,9/28 of 4/28,Maccaffertium sp.,Maccaffertium,Larva,1,FALSE,FALSE,,Arthropoda,Insecta,Ephemeroptera,Heptageniidae,3,SC
26-109-44,PLES,PLES,Pleasant Stream,14-Apr-26,9/28 of 4/28,Neoleptophlebia sp.,Paraleptophlebia,Larva,19,FALSE,FALSE,,Arthropoda,Insecta,Ephemeroptera,Leptophlebiidae,1,CG
26-109-44,PLES,PLES,Pleasant Stream,14-Apr-26,9/28 of 4/28,Neophylax sp.,Neophylax,Larva,9,FALSE,FALSE,,Arthropoda,Insecta,Trichoptera,Thremmatidae,3,SC
26-109-44,PLES,PLES,Pleasant Stream,14-Apr-26,9/28 of 4/28,Neoplasta sp.,Neoplasta,Larva,1,FALSE,FALSE,,Arthropoda,Insecta,Diptera,Empididae,6,PR
26-109-44,PLES,PLES,Pleasant Stream,14-Apr-26,9/28 of 4/28,Oligochaeta,Oligochaeta,,2,FALSE,FALSE,,Annelida,Clitellata,,,10,CG
26-109-44,PLES,PLES,Pleasant Stream,14-Apr-26,9/28 of 4/28,Optioservus fastiditus group,Optioservus,Larva/Adult,7,FALSE,FALSE,6 L/1 A,Arthropoda,Insecta,Coleoptera,Elmidae,4,SC
26-109-44,PLES,PLES,Pleasant Stream,14-Apr-26,9/28 of 4/28,Oulimnius sp.,Oulimnius,Adult,1,FALSE,FALSE,,Arthropoda,Insecta,Coleoptera,Elmidae,5,SC
26-109-44,PLES,PLES,Pleasant Stream,14-Apr-26,9/28 of 4/28,Polycentropodidae,Polycentropodidae,Early Instar,1,FALSE,FALSE,,Arthropoda,Insecta,Trichoptera,Polycentropodidae,6,FC
26-109-44,PLES,PLES,Pleasant Stream,14-Apr-26,9/28 of 4/28,Psephenus sp.,Psephenus,Larva,3,FALSE,FALSE,,Arthropoda,Insecta,Coleoptera,Psephenidae,4,SC
26-109-44,PLES,PLES,Pleasant Stream,14-Apr-26,9/28 of 4/28,Rhithrogena sp.,Rhithrogena,Larva,1,FALSE,FALSE,,Arthropoda,Insecta,Ephemeroptera,Heptageniidae,0,CG
26-109-44,PLES,PLES,Pleasant Stream,14-Apr-26,9/28 of 4/28,Rhyacophila sp.,Rhyacophila,Larva,1,FALSE,FALSE,,Arthropoda,Insecta,Trichoptera,Rhyacophilidae,1,PR
26-109-44,PLES,PLES,Pleasant Stream,14-Apr-26,9/28 of 4/28,Simulium sp.,Simulium,Immature,1,FALSE,FALSE,,Arthropoda,Insecta,Diptera,Simuliidae,6,FC
26-109-44,PLES,PLES,Pleasant Stream,14-Apr-26,9/28 of 4/28,Sweltsa sp.,Sweltsa,Larva,2,FALSE,FALSE,,Arthropoda,Insecta,Plecoptera,Chloroperlidae,0,PR
26-109-44,PLES,PLES,Pleasant Stream,14-Apr-26,9/28 of 4/28,Teloganopsis deficiens,Teloganopsis,Immature,2,FALSE,FALSE,,Arthropoda,Insecta,Ephemeroptera,Ephemerellidae,2,CG
26-109-44,PLES,PLES,Pleasant Stream,14-Apr-26,9/28 of 4/28,Trichoclinocera sp.,Trichoclinocera,Larva,1,FALSE,FALSE,,Arthropoda,Insecta,Diptera,Empididae,6,PR
26-109-44,PLES,PLES,Pleasant Stream,14-Apr-26,9/28 of 4/28,Trombidiformes,Hydracarina,,1,FALSE,FALSE,,Arthropoda,Arachnida,Trombidiformes,,7,PR
26-109-45,LARR,LARR,Larrys Creek,13-Apr-26,21/28 of 4/28,Agnetina sp.,Agnetina,Larva,1,FALSE,FALSE,,Arthropoda,Insecta,Plecoptera,Perlidae,2,PR
26-109-45,LARR,LARR,Larrys Creek,13-Apr-26,21/28 of 4/28,Baetis sp.,Baetis,Larva,1,FALSE,FALSE,,Arthropoda,Insecta,Ephemeroptera,Baetidae,6,CG
26-109-45,LARR,LARR,Larrys Creek,13-Apr-26,21/28 of 4/28,Ceraclea sp.,Ceraclea,Immature,3,FALSE,FALSE,,Arthropoda,Insecta,Trichoptera,Leptoceridae,3,CG
26-109-45,LARR,LARR,Larrys Creek,13-Apr-26,21/28 of 4/28,Ceratopogoninae,Ceratopogonidae,Larva,1,FALSE,FALSE,,Arthropoda,Insecta,Diptera,Ceratopogonidae,6,PR
26-109-45,LARR,LARR,Larrys Creek,13-Apr-26,21/28 of 4/28,Cheumatopsyche sp.,Cheumatopsyche,Larva,3,FALSE,FALSE,,Arthropoda,Insecta,Trichoptera,Hydropsychidae,6,FC
26-109-45,LARR,LARR,Larrys Creek,13-Apr-26,21/28 of 4/28,Chironomidae,Chironomidae,Larva,32,FALSE,FALSE,,Arthropoda,Insecta,Diptera,Chironomidae,6,CG
26-109-45,LARR,LARR,Larrys Creek,13-Apr-26,21/28 of 4/28,Chloroperlidae,Chloroperlidae,Immature,1,FALSE,TRUE,,Arthropoda,Insecta,Plecoptera,Chloroperlidae,0,PR
26-109-45,LARR,LARR,Larrys Creek,13-Apr-26,21/28 of 4/28,Cinygmula subaequalis,Cinygmula,Larva,7,FALSE,FALSE,,Arthropoda,Insecta,Ephemeroptera,Heptageniidae,1,CG
26-109-45,LARR,LARR,Larrys Creek,13-Apr-26,21/28 of 4/28,Diphetor hageni,Diphetor,Larva,1,FALSE,FALSE,,Arthropoda,Insecta,Ephemeroptera,Baetidae,6,CG
26-109-45,LARR,LARR,Larrys Creek,13-Apr-26,21/28 of 4/28,Dolophilodes distincta,Dolophilodes,Larva,1,FALSE,FALSE,,Arthropoda,Insecta,Trichoptera,Philopotamidae,0,FC
26-109-45,LARR,LARR,Larrys Creek,13-Apr-26,21/28 of 4/28,Drunella sp.,Drunella,Larva,33,FALSE,FALSE,,Arthropoda,Insecta,Ephemeroptera,Ephemerellidae,1,SC
26-109-45,LARR,LARR,Larrys Creek,13-Apr-26,21/28 of 4/28,Epeorus sp.,Epeorus,Larva,23,FALSE,FALSE,,Arthropoda,Insecta,Ephemeroptera,Heptageniidae,0,SC
26-109-45,LARR,LARR,Larrys Creek,13-Apr-26,21/28 of 4/28,Ephemerella sp.,Ephemerella,Larva,25,FALSE,FALSE,,Arthropoda,Insecta,Ephemeroptera,Ephemerellidae,1,CG
26-109-45,LARR,LARR,Larrys Creek,13-Apr-26,21/28 of 4/28,Eurylophella sp.,Eurylophella,Early Instar,1,FALSE,FALSE,,Arthropoda,Insecta,Ephemeroptera,Ephemerellidae,4,SC
26-109-45,LARR,LARR,Larrys Creek,13-Apr-26,21/28 of 4/28,Hemerodromia sp.,Hemerodromia,Larva,1,FALSE,FALSE,,Arthropoda,Insecta,Diptera,Empididae,6,PR
26-109-45,LARR,LARR,Larrys Creek,13-Apr-26,21/28 of 4/28,Hexatoma sp.,Hexatoma,Larva,3,FALSE,FALSE,,Arthropoda,Insecta,Diptera,Limoniidae,2,PR
26-109-45,LARR,LARR,Larrys Creek,13-Apr-26,21/28 of 4/28,Hydropsyche sp.,Hydropsyche,Larva,1,FALSE,FALSE,1 H. morosa gr. (formerly Ceratopsyche),Arthropoda,Insecta,Trichoptera,Hydropsychidae,5,FC
26-109-45,LARR,LARR,Larrys Creek,13-Apr-26,21/28 of 4/28,Isoperla sp.,Isoperla,Larva,4,FALSE,FALSE,,Arthropoda,Insecta,Plecoptera,Perlodidae,2,PR
26-109-45,LARR,LARR,Larrys Creek,13-Apr-26,21/28 of 4/28,Leucrocuta sp.,Leucrocuta,Immature,6,FALSE,FALSE,,Arthropoda,Insecta,Ephemeroptera,Heptageniidae,1,SC
26-109-45,LARR,LARR,Larrys Creek,13-Apr-26,21/28 of 4/28,Leuctra sp.,Leuctra,Immature,5,FALSE,FALSE,,Arthropoda,Insecta,Plecoptera,Leuctridae,0,SH
26-109-45,LARR,LARR,Larrys Creek,13-Apr-26,21/28 of 4/28,Maccaffertium sp.,Maccaffertium,Larva,1,FALSE,FALSE,,Arthropoda,Insecta,Ephemeroptera,Heptageniidae,3,SC
26-109-45,LARR,LARR,Larrys Creek,13-Apr-26,21/28 of 4/28,Neoleptophlebia sp.,Paraleptophlebia,Larva,16,FALSE,TRUE,,Arthropoda,Insecta,Ephemeroptera,Leptophlebiidae,1,CG
26-109-45,LARR,LARR,Larrys Creek,13-Apr-26,21/28 of 4/28,Neophylax sp.,Neophylax,Larva,5,FALSE,FALSE,,Arthropoda,Insecta,Trichoptera,Thremmatidae,3,SC
26-109-45,LARR,LARR,Larrys Creek,13-Apr-26,21/28 of 4/28,Optioservus fastiditus group,Optioservus,Larva/Adult,22,FALSE,FALSE,18 L/4 A,Arthropoda,Insecta,Coleoptera,Elmidae,4,SC
26-109-45,LARR,LARR,Larrys Creek,13-Apr-26,21/28 of 4/28,Oulimnius sp.,Oulimnius,Larva,3,FALSE,FALSE,,Arthropoda,Insecta,Coleoptera,Elmidae,5,SC
26-109-45,LARR,LARR,Larrys Creek,13-Apr-26,21/28 of 4/28,Polycentropus sensu lato complex,Polycentropus,Immature,1,FALSE,FALSE,,Arthropoda,Insecta,Trichoptera,Polycentropodidae,6,FC
26-109-45,LARR,LARR,Larrys Creek,13-Apr-26,21/28 of 4/28,Psephenus sp.,Psephenus,Larva,1,FALSE,FALSE,,Arthropoda,Insecta,Coleoptera,Psephenidae,4,SC
26-109-45,LARR,LARR,Larrys Creek,13-Apr-26,21/28 of 4/28,Simulium sp.,Simulium,Larva,1,FALSE,FALSE,,Arthropoda,Insecta,Diptera,Simuliidae,6,FC
26-109-45,LARR,LARR,Larrys Creek,13-Apr-26,21/28 of 4/28,Teloganopsis deficiens,Teloganopsis,Larva,4,FALSE,FALSE,,Arthropoda,Insecta,Ephemeroptera,Ephemerellidae,2,CG
26-109-46,TIOG,TIOG,Tioga River,09-Apr-26,20/28 of 4/28,Agnetina sp.,Agnetina,Larva,7,FALSE,FALSE,,Arthropoda,Insecta,Plecoptera,Perlidae,2,PR
26-109-46,TIOG,TIOG,Tioga River,09-Apr-26,20/28 of 4/28,Amphinemura sp.,Amphinemura,Larva,3,FALSE,FALSE,,Arthropoda,Insecta,Plecoptera,Nemouridae,3,SH
26-109-46,TIOG,TIOG,Tioga River,09-Apr-26,20/28 of 4/28,Antocha sp.,Antocha,Larva,1,FALSE,FALSE,,Arthropoda,Insecta,Diptera,Limoniidae,3,CG
26-109-46,TIOG,TIOG,Tioga River,09-Apr-26,20/28 of 4/28,Baetis sp.,Baetis,Larva,1,FALSE,FALSE,,Arthropoda,Insecta,Ephemeroptera,Baetidae,6,CG
26-109-46,TIOG,TIOG,Tioga River,09-Apr-26,20/28 of 4/28,Ceratopogoninae,Ceratopogonidae,Larva,1,FALSE,FALSE,,Arthropoda,Insecta,Diptera,Ceratopogonidae,6,PR
26-109-46,TIOG,TIOG,Tioga River,09-Apr-26,20/28 of 4/28,Cheumatopsyche sp.,Cheumatopsyche,Larva,13,FALSE,FALSE,,Arthropoda,Insecta,Trichoptera,Hydropsychidae,6,FC
26-109-46,TIOG,TIOG,Tioga River,09-Apr-26,20/28 of 4/28,Chironomidae,Chironomidae,Larva,36,FALSE,FALSE,,Arthropoda,Insecta,Diptera,Chironomidae,6,CG
26-109-46,TIOG,TIOG,Tioga River,09-Apr-26,20/28 of 4/28,Cinygmula subaequalis,Cinygmula,Larva,2,FALSE,FALSE,,Arthropoda,Insecta,Ephemeroptera,Heptageniidae,1,CG
26-109-46,TIOG,TIOG,Tioga River,09-Apr-26,20/28 of 4/28,Cultus sp.,Cultus,Larva,2,FALSE,FALSE,,Arthropoda,Insecta,Plecoptera,Perlodidae,2,PR
26-109-46,TIOG,TIOG,Tioga River,09-Apr-26,20/28 of 4/28,Diphetor hageni,Diphetor,Larva,1,FALSE,FALSE,,Arthropoda,Insecta,Ephemeroptera,Baetidae,6,CG
26-109-46,TIOG,TIOG,Tioga River,09-Apr-26,20/28 of 4/28,Dolophilodes distincta,Dolophilodes,Larva,1,FALSE,FALSE,,Arthropoda,Insecta,Trichoptera,Philopotamidae,0,FC
26-109-46,TIOG,TIOG,Tioga River,09-Apr-26,20/28 of 4/28,Drunella sp.,Drunella,Larva,3,FALSE,FALSE,,Arthropoda,Insecta,Ephemeroptera,Ephemerellidae,1,SC
26-109-46,TIOG,TIOG,Tioga River,09-Apr-26,20/28 of 4/28,Epeorus sp.,Epeorus,Larva,18,FALSE,FALSE,,Arthropoda,Insecta,Ephemeroptera,Heptageniidae,0,SC
26-109-46,TIOG,TIOG,Tioga River,09-Apr-26,20/28 of 4/28,Ephemerella sp.,Ephemerella,Larva,24,FALSE,FALSE,,Arthropoda,Insecta,Ephemeroptera,Ephemerellidae,1,CG
26-109-46,TIOG,TIOG,Tioga River,09-Apr-26,20/28 of 4/28,Habrophlebiodes sp.,Habrophlebiodes,Larva,1,FALSE,TRUE,,Arthropoda,Insecta,Ephemeroptera,Leptophlebiidae,6,SC
26-109-46,TIOG,TIOG,Tioga River,09-Apr-26,20/28 of 4/28,Hydropsyche sp.,Hydropsyche,Larva,6,FALSE,FALSE,,Arthropoda,Insecta,Trichoptera,Hydropsychidae,5,FC
26-109-46,TIOG,TIOG,Tioga River,09-Apr-26,20/28 of 4/28,Isoperla sp.,Isoperla,Larva,1,FALSE,FALSE,,Arthropoda,Insecta,Plecoptera,Perlodidae,2,PR
26-109-46,TIOG,TIOG,Tioga River,09-Apr-26,20/28 of 4/28,Isotomidae,Collembola,,1,FALSE,FALSE,,Arthropoda,Collembola,,Isotomidae,9,CG
26-109-46,TIOG,TIOG,Tioga River,09-Apr-26,20/28 of 4/28,Lanthus sp.,Lanthus,Immature,1,FALSE,FALSE,,Arthropoda,Insecta,Odonata,Gomphidae,5,PR
26-109-46,TIOG,TIOG,Tioga River,09-Apr-26,20/28 of 4/28,Leucrocuta sp.,Leucrocuta,Larva,6,FALSE,FALSE,,Arthropoda,Insecta,Ephemeroptera,Heptageniidae,1,SC
26-109-46,TIOG,TIOG,Tioga River,09-Apr-26,20/28 of 4/28,Leuctra sp.,Leuctra,Larva,3,FALSE,FALSE,,Arthropoda,Insecta,Plecoptera,Leuctridae,0,SH
26-109-46,TIOG,TIOG,Tioga River,09-Apr-26,20/28 of 4/28,Maccaffertium sp.,Maccaffertium,Larva,1,FALSE,FALSE,,Arthropoda,Insecta,Ephemeroptera,Heptageniidae,3,SC
26-109-46,TIOG,TIOG,Tioga River,09-Apr-26,20/28 of 4/28,Micrasema sp.,Micrasema,Immature,3,FALSE,FALSE,,Arthropoda,Insecta,Trichoptera,Brachycentridae,2,SH
26-109-46,TIOG,TIOG,Tioga River,09-Apr-26,20/28 of 4/28,Neoleptophlebia sp.,Paraleptophlebia,Larva,12,FALSE,TRUE,,Arthropoda,Insecta,Ephemeroptera,Leptophlebiidae,1,CG
26-109-46,TIOG,TIOG,Tioga River,09-Apr-26,20/28 of 4/28,Neophylax sp.,Neophylax,Larva,2,FALSE,FALSE,,Arthropoda,Insecta,Trichoptera,Thremmatidae,3,SC
26-109-46,TIOG,TIOG,Tioga River,09-Apr-26,20/28 of 4/28,Neoplasta sp.,Neoplasta,Larva,1,FALSE,FALSE,,Arthropoda,Insecta,Diptera,Empididae,6,PR
26-109-46,TIOG,TIOG,Tioga River,09-Apr-26,20/28 of 4/28,Optioservus elegans group,Promoresia,Larva,5,FALSE,FALSE,,Arthropoda,Insecta,Coleoptera,Elmidae,2,SC
26-109-46,TIOG,TIOG,Tioga River,09-Apr-26,20/28 of 4/28,Optioservus fastiditus group,Optioservus,Adult,1,FALSE,FALSE,,Arthropoda,Insecta,Coleoptera,Elmidae,4,SC
26-109-46,TIOG,TIOG,Tioga River,09-Apr-26,20/28 of 4/28,Oulimnius sp.,Oulimnius,Larva/Adult,8,FALSE,FALSE,4 L/4 A,Arthropoda,Insecta,Coleoptera,Elmidae,5,SC
26-109-46,TIOG,TIOG,Tioga River,09-Apr-26,20/28 of 4/28,Perlidae,Perlidae,Early Instar,1,FALSE,FALSE,,Arthropoda,Insecta,Plecoptera,Perlidae,3,PR
26-109-46,TIOG,TIOG,Tioga River,09-Apr-26,20/28 of 4/28,Perlodidae,Perlodidae,Early Instar,2,TRUE,FALSE,,Arthropoda,Insecta,Plecoptera,Perlodidae,2,PR
26-109-46,TIOG,TIOG,Tioga River,09-Apr-26,20/28 of 4/28,Prosimulium sp.,Prosimulium,Larva,15,FALSE,FALSE,,Arthropoda,Insecta,Diptera,Simuliidae,2,FC
26-109-46,TIOG,TIOG,Tioga River,09-Apr-26,20/28 of 4/28,Pteronarcys sp.,Pteronarcys,Larva,2,FALSE,FALSE,,Arthropoda,Insecta,Plecoptera,Pteronarcyidae,0,SH
26-109-46,TIOG,TIOG,Tioga River,09-Apr-26,20/28 of 4/28,Rhithrogena sp.,Rhithrogena,Larva,1,FALSE,FALSE,,Arthropoda,Insecta,Ephemeroptera,Heptageniidae,0,CG
26-109-46,TIOG,TIOG,Tioga River,09-Apr-26,20/28 of 4/28,Rhyacophila sp.,Rhyacophila,Larva,20,FALSE,FALSE,,Arthropoda,Insecta,Trichoptera,Rhyacophilidae,1,PR
26-109-46,TIOG,TIOG,Tioga River,09-Apr-26,20/28 of 4/28,Sphaeriidae,Sphaeriidae,Immature,2,FALSE,FALSE,,Mollusca,Bivalvia,Sphaeriida,Sphaeriidae,8,FC
26-109-46,TIOG,TIOG,Tioga River,09-Apr-26,20/28 of 4/28,Stenacron sp.,Stenacron,Larva,2,FALSE,FALSE,,Arthropoda,Insecta,Ephemeroptera,Heptageniidae,4,SC
26-109-46,TIOG,TIOG,Tioga River,09-Apr-26,20/28 of 4/28,Teloganopsis deficiens,Teloganopsis,Larva,7,FALSE,FALSE,,Arthropoda,Insecta,Ephemeroptera,Ephemerellidae,2,CG
26-109-47,SING 0.9,SING 0.9,Sing Sing Creek,21-Apr-26,15/28 of 4/28,Acroneuria sp.,Acroneuria,Immature,1,FALSE,FALSE,,Arthropoda,Insecta,Plecoptera,Perlidae,0,PR
26-109-47,SING 0.9,SING 0.9,Sing Sing Creek,21-Apr-26,15/28 of 4/28,Argia sp.,Argia,Immature,4,FALSE,FALSE,,Arthropoda,Insecta,Odonata,Coenagrionidae,6,PR
26-109-47,SING 0.9,SING 0.9,Sing Sing Creek,21-Apr-26,15/28 of 4/28,Berosus sp.,Berosus,Larva,1,FALSE,FALSE,,Arthropoda,Insecta,Coleoptera,Hydrophilidae,5,PR
26-109-47,SING 0.9,SING 0.9,Sing Sing Creek,21-Apr-26,15/28 of 4/28,Caenis sp.,Caenis,Larva,14,FALSE,FALSE,,Arthropoda,Insecta,Ephemeroptera,Caenidae,7,CG
26-109-47,SING 0.9,SING 0.9,Sing Sing Creek,21-Apr-26,15/28 of 4/28,Calopteryx sp.,Calopteryx,Larva,1,FALSE,FALSE,,Arthropoda,Insecta,Odonata,Calopterygidae,6,PR
26-109-47,SING 0.9,SING 0.9,Sing Sing Creek,21-Apr-26,15/28 of 4/28,Cheumatopsyche sp.,Cheumatopsyche,Larva,34,FALSE,FALSE,,Arthropoda,Insecta,Trichoptera,Hydropsychidae,6,FC
26-109-47,SING 0.9,SING 0.9,Sing Sing Creek,21-Apr-26,15/28 of 4/28,Chimarra sp.,Chimarra,Larva,10,FALSE,FALSE,,Arthropoda,Insecta,Trichoptera,Philopotamidae,4,FC
26-109-47,SING 0.9,SING 0.9,Sing Sing Creek,21-Apr-26,15/28 of 4/28,Chironomidae,Chironomidae,Larva,66,FALSE,FALSE,,Arthropoda,Insecta,Diptera,Chironomidae,6,CG
26-109-47,SING 0.9,SING 0.9,Sing Sing Creek,21-Apr-26,15/28 of 4/28,Dubiraphia sp.,Dubiraphia,Larva/Adult,3,FALSE,FALSE,2 L/1 A,Arthropoda,Insecta,Coleoptera,Elmidae,6,SC
26-109-47,SING 0.9,SING 0.9,Sing Sing Creek,21-Apr-26,15/28 of 4/28,Ephemerella sp.,Ephemerella,Larva,2,FALSE,FALSE,,Arthropoda,Insecta,Ephemeroptera,Ephemerellidae,1,CG
26-109-47,SING 0.9,SING 0.9,Sing Sing Creek,21-Apr-26,15/28 of 4/28,Eurylophella sp.,Eurylophella,Larva,3,FALSE,FALSE,,Arthropoda,Insecta,Ephemeroptera,Ephemerellidae,4,SC
26-109-47,SING 0.9,SING 0.9,Sing Sing Creek,21-Apr-26,15/28 of 4/28,Helicopsyche borealis,Helicopsyche,Larva,1,FALSE,FALSE,,Arthropoda,Insecta,Trichoptera,Helicopsychidae,3,SC
26-109-47,SING 0.9,SING 0.9,Sing Sing Creek,21-Apr-26,15/28 of 4/28,Hemerodromia sp.,Hemerodromia,Larva,1,FALSE,FALSE,,Arthropoda,Insecta,Diptera,Empididae,6,PR
26-109-47,SING 0.9,SING 0.9,Sing Sing Creek,21-Apr-26,15/28 of 4/28,Hydrobiidae,Hydrobiidae,Immature,2,FALSE,FALSE,,Mollusca,Gastropoda,Littorinimorpha,Hydrobiidae,8,SC
26-109-47,SING 0.9,SING 0.9,Sing Sing Creek,21-Apr-26,15/28 of 4/28,Hydropsyche sp.,Hydropsyche,Larva,2,FALSE,FALSE,H. betteni,Arthropoda,Insecta,Trichoptera,Hydropsychidae,5,FC
26-109-47,SING 0.9,SING 0.9,Sing Sing Creek,21-Apr-26,15/28 of 4/28,Neureclipsis sp.,Neureclipsis,Larva,1,FALSE,FALSE,,Arthropoda,Insecta,Trichoptera,Polycentropodidae,7,FC
26-109-47,SING 0.9,SING 0.9,Sing Sing Creek,21-Apr-26,15/28 of 4/28,Nigronia sp.,Nigronia,Larva,1,FALSE,FALSE,,Arthropoda,Insecta,Megaloptera,Corydalidae,2,PR
26-109-47,SING 0.9,SING 0.9,Sing Sing Creek,21-Apr-26,15/28 of 4/28,Optioservus fastiditus group,Optioservus,Larva/Adult,9,FALSE,FALSE,8 L/1 A,Arthropoda,Insecta,Coleoptera,Elmidae,4,SC
26-109-47,SING 0.9,SING 0.9,Sing Sing Creek,21-Apr-26,15/28 of 4/28,Psephenus sp.,Psephenus,Larva,4,FALSE,FALSE,,Arthropoda,Insecta,Coleoptera,Psephenidae,4,SC
26-109-47,SING 0.9,SING 0.9,Sing Sing Creek,21-Apr-26,15/28 of 4/28,Simulium sp.,Simulium,Larva,1,FALSE,FALSE,,Arthropoda,Insecta,Diptera,Simuliidae,6,FC
26-109-47,SING 0.9,SING 0.9,Sing Sing Creek,21-Apr-26,15/28 of 4/28,Stenelmis sp.,Stenelmis,Larva/Adult,35,FALSE,FALSE,32 L/3 A,Arthropoda,Insecta,Coleoptera,Elmidae,5,SC
26-109-47,SING 0.9,SING 0.9,Sing Sing Creek,21-Apr-26,15/28 of 4/28,Teloganopsis deficiens,Teloganopsis,Larva,7,FALSE,FALSE,,Arthropoda,Insecta,Ephemeroptera,Ephemerellidae,2,CG
26-109-47,SING 0.9,SING 0.9,Sing Sing Creek,21-Apr-26,15/28 of 4/28,Trombidiformes,Hydracarina,,5,FALSE,FALSE,,Arthropoda,Arachnida,Trombidiformes,,7,PR
26-109-48,BAKR 0.1,BAKR 0.1,Baker Run,13-Apr-26,11/28 of 4/28,Acerpenna sp.,Acerpenna,Larva,1,FALSE,FALSE,,Arthropoda,Insecta,Ephemeroptera,Baetidae,6,CG
26-109-48,BAKR 0.1,BAKR 0.1,Baker Run,13-Apr-26,11/28 of 4/28,Acroneuria sp.,Acroneuria,Larva,3,FALSE,FALSE,,Arthropoda,Insecta,Plecoptera,Perlidae,0,PR
26-109-48,BAKR 0.1,BAKR 0.1,Baker Run,13-Apr-26,11/28 of 4/28,Amphinemura sp.,Amphinemura,Larva,2,FALSE,FALSE,,Arthropoda,Insecta,Plecoptera,Nemouridae,3,SH
26-109-48,BAKR 0.1,BAKR 0.1,Baker Run,13-Apr-26,11/28 of 4/28,Atherix sp.,Atherix,Larva,1,FALSE,FALSE,,Arthropoda,Insecta,Diptera,Athericidae,2,PR
26-109-48,BAKR 0.1,BAKR 0.1,Baker Run,13-Apr-26,11/28 of 4/28,Baetis sp.,Baetis,Larva,7,FALSE,FALSE,,Arthropoda,Insecta,Ephemeroptera,Baetidae,6,CG
26-109-48,BAKR 0.1,BAKR 0.1,Baker Run,13-Apr-26,11/28 of 4/28,Cambaridae,Cambaridae,Immature,1,FALSE,FALSE,,Arthropoda,Malocostraca,Decapoda,Cambaridae,6,CG
26-109-48,BAKR 0.1,BAKR 0.1,Baker Run,13-Apr-26,11/28 of 4/28,Cheumatopsyche sp.,Cheumatopsyche,Larva,2,FALSE,FALSE,,Arthropoda,Insecta,Trichoptera,Hydropsychidae,6,FC
26-109-48,BAKR 0.1,BAKR 0.1,Baker Run,13-Apr-26,11/28 of 4/28,Chironomidae,Chironomidae,Larva,35,FALSE,FALSE,,Arthropoda,Insecta,Diptera,Chironomidae,6,CG
26-109-48,BAKR 0.1,BAKR 0.1,Baker Run,13-Apr-26,11/28 of 4/28,Chloroperlidae,Chloroperlidae,Immature,1,FALSE,TRUE,,Arthropoda,Insecta,Plecoptera,Chloroperlidae,0,PR
26-109-48,BAKR 0.1,BAKR 0.1,Baker Run,13-Apr-26,11/28 of 4/28,Cinygmula subaequalis,Cinygmula,Larva,4,FALSE,FALSE,,Arthropoda,Insecta,Ephemeroptera,Heptageniidae,1,CG
26-109-48,BAKR 0.1,BAKR 0.1,Baker Run,13-Apr-26,11/28 of 4/28,Diphetor hageni,Diphetor,Larva,1,FALSE,FALSE,,Arthropoda,Insecta,Ephemeroptera,Baetidae,6,CG
26-109-48,BAKR 0.1,BAKR 0.1,Baker Run,13-Apr-26,11/28 of 4/28,Diplectrona sp.,Diplectrona,Larva,3,FALSE,FALSE,,Arthropoda,Insecta,Trichoptera,Hydropsychidae,0,FC
26-109-48,BAKR 0.1,BAKR 0.1,Baker Run,13-Apr-26,11/28 of 4/28,Dolophilodes distincta,Dolophilodes,Larva,1,FALSE,FALSE,,Arthropoda,Insecta,Trichoptera,Philopotamidae,0,FC
26-109-48,BAKR 0.1,BAKR 0.1,Baker Run,13-Apr-26,11/28 of 4/28,Drunella sp.,Drunella,Larva,5,FALSE,FALSE,,Arthropoda,Insecta,Ephemeroptera,Ephemerellidae,1,SC
26-109-48,BAKR 0.1,BAKR 0.1,Baker Run,13-Apr-26,11/28 of 4/28,Epeorus sp.,Epeorus,Larva,21,FALSE,FALSE,,Arthropoda,Insecta,Ephemeroptera,Heptageniidae,0,SC
26-109-48,BAKR 0.1,BAKR 0.1,Baker Run,13-Apr-26,11/28 of 4/28,Ephemera sp.,Ephemera,Larva,1,FALSE,TRUE,,Arthropoda,Insecta,Ephemeroptera,Ephemeridae,2,CG
26-109-48,BAKR 0.1,BAKR 0.1,Baker Run,13-Apr-26,11/28 of 4/28,Ephemerella sp.,Ephemerella,Larva,42,FALSE,FALSE,,Arthropoda,Insecta,Ephemeroptera,Ephemerellidae,1,CG
26-109-48,BAKR 0.1,BAKR 0.1,Baker Run,13-Apr-26,11/28 of 4/28,Hexatoma sp.,Hexatoma,Larva,2,FALSE,FALSE,,Arthropoda,Insecta,Diptera,Limoniidae,2,PR
26-109-48,BAKR 0.1,BAKR 0.1,Baker Run,13-Apr-26,11/28 of 4/28,Hydropsyche sp.,Hydropsyche,Larva,2,FALSE,FALSE,2 H. morosa gr. (formerly Ceratopsyche),Arthropoda,Insecta,Trichoptera,Hydropsychidae,5,FC
26-109-48,BAKR 0.1,BAKR 0.1,Baker Run,13-Apr-26,11/28 of 4/28,Isoperla sp.,Isoperla,Immature,2,FALSE,FALSE,,Arthropoda,Insecta,Plecoptera,Perlodidae,2,PR
26-109-48,BAKR 0.1,BAKR 0.1,Baker Run,13-Apr-26,11/28 of 4/28,Lepidostoma sp.,Lepidostoma,Larva,1,FALSE,FALSE,,Arthropoda,Insecta,Trichoptera,Lepidostomatidae,1,SH
26-109-48,BAKR 0.1,BAKR 0.1,Baker Run,13-Apr-26,11/28 of 4/28,Leptophlebiidae,Leptophlebiidae,Immature,2,FALSE,TRUE,distinct genus,Arthropoda,Insecta,Ephemeroptera,Leptophlebiidae,4,CG
26-109-48,BAKR 0.1,BAKR 0.1,Baker Run,13-Apr-26,11/28 of 4/28,Leucrocuta sp.,Leucrocuta,Immature,5,FALSE,FALSE,,Arthropoda,Insecta,Ephemeroptera,Heptageniidae,1,SC
26-109-48,BAKR 0.1,BAKR 0.1,Baker Run,13-Apr-26,11/28 of 4/28,Leuctra sp.,Leuctra,Larva,2,FALSE,FALSE,,Arthropoda,Insecta,Plecoptera,Leuctridae,0,SH
26-109-48,BAKR 0.1,BAKR 0.1,Baker Run,13-Apr-26,11/28 of 4/28,Neoleptophlebia sp.,Paraleptophlebia,Larva,27,TRUE,FALSE,,Arthropoda,Insecta,Ephemeroptera,Leptophlebiidae,1,CG
26-109-48,BAKR 0.1,BAKR 0.1,Baker Run,13-Apr-26,11/28 of 4/28,Neophylax sp.,Neophylax,Larva,2,FALSE,FALSE,,Arthropoda,Insecta,Trichoptera,Thremmatidae,3,SC
26-109-48,BAKR 0.1,BAKR 0.1,Baker Run,13-Apr-26,11/28 of 4/28,Oligochaeta,Oligochaeta,,1,FALSE,FALSE,,Annelida,Clitellata,,,10,CG
26-109-48,BAKR 0.1,BAKR 0.1,Baker Run,13-Apr-26,11/28 of 4/28,Optioservus elegans group,Promoresia,Larva,2,FALSE,FALSE,,Arthropoda,Insecta,Coleoptera,Elmidae,2,SC
26-109-48,BAKR 0.1,BAKR 0.1,Baker Run,13-Apr-26,11/28 of 4/28,Optioservus fastiditus group,Optioservus,Adult,1,FALSE,FALSE,,Arthropoda,Insecta,Coleoptera,Elmidae,4,SC
26-109-48,BAKR 0.1,BAKR 0.1,Baker Run,13-Apr-26,11/28 of 4/28,Oulimnius sp.,Oulimnius,Larva,5,FALSE,FALSE,,Arthropoda,Insecta,Coleoptera,Elmidae,5,SC
26-109-48,BAKR 0.1,BAKR 0.1,Baker Run,13-Apr-26,11/28 of 4/28,Perlidae,Perlidae,Early Instar,3,TRUE,FALSE,,Arthropoda,Insecta,Plecoptera,Perlidae,3,PR
26-109-48,BAKR 0.1,BAKR 0.1,Baker Run,13-Apr-26,11/28 of 4/28,Perlodidae,Perlodidae,Early Instar,1,TRUE,FALSE,,Arthropoda,Insecta,Plecoptera,Perlodidae,2,PR
26-109-48,BAKR 0.1,BAKR 0.1,Baker Run,13-Apr-26,11/28 of 4/28,Prosimulium sp.,Prosimulium,Larva,7,FALSE,FALSE,,Arthropoda,Insecta,Diptera,Simuliidae,2,FC
26-109-48,BAKR 0.1,BAKR 0.1,Baker Run,13-Apr-26,11/28 of 4/28,Psychomyia sp.,Psychomyia,Larva,1,FALSE,FALSE,,Arthropoda,Insecta,Trichoptera,Psychomyiidae,2,CG
26-109-48,BAKR 0.1,BAKR 0.1,Baker Run,13-Apr-26,11/28 of 4/28,Rhyacophila sp.,Rhyacophila,Larva,2,FALSE,FALSE,,Arthropoda,Insecta,Trichoptera,Rhyacophilidae,1,PR
26-109-48,BAKR 0.1,BAKR 0.1,Baker Run,13-Apr-26,11/28 of 4/28,Stactobiella sp.,Stactobiella,Larva,2,FALSE,FALSE,,Arthropoda,Insecta,Trichoptera,Hydroptilidae,2,SC
26-109-48,BAKR 0.1,BAKR 0.1,Baker Run,13-Apr-26,11/28 of 4/28,Stenacron sp.,Stenacron,Larva,1,FALSE,FALSE,,Arthropoda,Insecta,Ephemeroptera,Heptageniidae,4,SC
26-109-48,BAKR 0.1,BAKR 0.1,Baker Run,13-Apr-26,11/28 of 4/28,Teloganopsis deficiens,Teloganopsis,Larva,3,FALSE,FALSE,,Arthropoda,Insecta,Ephemeroptera,Ephemerellidae,2,CG
26-109-48,BAKR 0.1,BAKR 0.1,Baker Run,13-Apr-26,11/28 of 4/28,Tipula sp.,Tipula,Larva,1,FALSE,FALSE,,Arthropoda,Insecta,Diptera,Tipulidae,4,SH
26-109-49,Bald Tioga,Bald Tioga,Baldwin Run,15-Apr-26,5/28 of 4/28,Agnetina sp.,Agnetina,Larva,3,FALSE,FALSE,,Arthropoda,Insecta,Plecoptera,Perlidae,2,PR
26-109-49,Bald Tioga,Bald Tioga,Baldwin Run,15-Apr-26,5/28 of 4/28,Antocha sp.,Antocha,Larva,1,FALSE,FALSE,,Arthropoda,Insecta,Diptera,Limoniidae,3,CG
26-109-49,Bald Tioga,Bald Tioga,Baldwin Run,15-Apr-26,5/28 of 4/28,Baetis sp.,Baetis,Larva,2,FALSE,FALSE,,Arthropoda,Insecta,Ephemeroptera,Baetidae,6,CG
26-109-49,Bald Tioga,Bald Tioga,Baldwin Run,15-Apr-26,5/28 of 4/28,Cheumatopsyche sp.,Cheumatopsyche,Larva,3,FALSE,FALSE,,Arthropoda,Insecta,Trichoptera,Hydropsychidae,6,FC
26-109-49,Bald Tioga,Bald Tioga,Baldwin Run,15-Apr-26,5/28 of 4/28,Chironomidae,Chironomidae,Larva,18,FALSE,FALSE,,Arthropoda,Insecta,Diptera,Chironomidae,6,CG
26-109-49,Bald Tioga,Bald Tioga,Baldwin Run,15-Apr-26,5/28 of 4/28,Chloroperlidae,Chloroperlidae,Immature,1,FALSE,FALSE,,Arthropoda,Insecta,Plecoptera,Chloroperlidae,0,PR
26-109-49,Bald Tioga,Bald Tioga,Baldwin Run,15-Apr-26,5/28 of 4/28,Cinygmula subaequalis,Cinygmula,Larva,17,FALSE,FALSE,,Arthropoda,Insecta,Ephemeroptera,Heptageniidae,1,CG
26-109-49,Bald Tioga,Bald Tioga,Baldwin Run,15-Apr-26,5/28 of 4/28,Diphetor hageni,Diphetor,Larva,1,FALSE,FALSE,,Arthropoda,Insecta,Ephemeroptera,Baetidae,6,CG
26-109-49,Bald Tioga,Bald Tioga,Baldwin Run,15-Apr-26,5/28 of 4/28,Diplectrona sp.,Diplectrona,Larva,18,FALSE,FALSE,,Arthropoda,Insecta,Trichoptera,Hydropsychidae,0,FC
26-109-49,Bald Tioga,Bald Tioga,Baldwin Run,15-Apr-26,5/28 of 4/28,Dolophilodes distincta,Dolophilodes,Larva,1,FALSE,FALSE,,Arthropoda,Insecta,Trichoptera,Philopotamidae,0,FC
26-109-49,Bald Tioga,Bald Tioga,Baldwin Run,15-Apr-26,5/28 of 4/28,Drunella sp.,Drunella,Larva,6,FALSE,FALSE,,Arthropoda,Insecta,Ephemeroptera,Ephemerellidae,1,SC
26-109-49,Bald Tioga,Bald Tioga,Baldwin Run,15-Apr-26,5/28 of 4/28,Epeorus sp.,Epeorus,Larva,56,FALSE,FALSE,,Arthropoda,Insecta,Ephemeroptera,Heptageniidae,0,SC
26-109-49,Bald Tioga,Bald Tioga,Baldwin Run,15-Apr-26,5/28 of 4/28,Ephemerella sp.,Ephemerella,Larva,3,FALSE,FALSE,,Arthropoda,Insecta,Ephemeroptera,Ephemerellidae,1,CG
26-109-49,Bald Tioga,Bald Tioga,Baldwin Run,15-Apr-26,5/28 of 4/28,Glossosoma sp.,Glossosoma,Early Instar,1,FALSE,FALSE,,Arthropoda,Insecta,Trichoptera,Glossosomatidae,0,SC
26-109-49,Bald Tioga,Bald Tioga,Baldwin Run,15-Apr-26,5/28 of 4/28,Heptageniidae,Heptageniidae,Larva,3,TRUE,TRUE,,Arthropoda,Insecta,Ephemeroptera,Heptageniidae,3,SC
26-109-49,Bald Tioga,Bald Tioga,Baldwin Run,15-Apr-26,5/28 of 4/28,Hydropsyche sp.,Hydropsyche,Larva,4,FALSE,FALSE,4 H. morosa group (formerly Ceratopsyche),Arthropoda,Insecta,Trichoptera,Hydropsychidae,5,FC
26-109-49,Bald Tioga,Bald Tioga,Baldwin Run,15-Apr-26,5/28 of 4/28,Isoperla sp.,Isoperla,Larva,1,FALSE,FALSE,,Arthropoda,Insecta,Plecoptera,Perlodidae,2,PR
26-109-49,Bald Tioga,Bald Tioga,Baldwin Run,15-Apr-26,5/28 of 4/28,Leptophlebiidae,Leptophlebiidae,Larva,5,TRUE,TRUE,early instars/damaged,Arthropoda,Insecta,Ephemeroptera,Leptophlebiidae,4,CG
26-109-49,Bald Tioga,Bald Tioga,Baldwin Run,15-Apr-26,5/28 of 4/28,Leuctra sp.,Leuctra,Larva,4,FALSE,FALSE,,Arthropoda,Insecta,Plecoptera,Leuctridae,0,SH
26-109-49,Bald Tioga,Bald Tioga,Baldwin Run,15-Apr-26,5/28 of 4/28,Maccaffertium sp.,Maccaffertium,Larva,1,FALSE,FALSE,,Arthropoda,Insecta,Ephemeroptera,Heptageniidae,3,SC
26-109-49,Bald Tioga,Bald Tioga,Baldwin Run,15-Apr-26,5/28 of 4/28,Neoleptophlebia sp.,Paraleptophlebia,Larva,48,FALSE,FALSE,,Arthropoda,Insecta,Ephemeroptera,Leptophlebiidae,1,CG
26-109-49,Bald Tioga,Bald Tioga,Baldwin Run,15-Apr-26,5/28 of 4/28,Neophylax sp.,Neophylax,Larva,3,FALSE,FALSE,,Arthropoda,Insecta,Trichoptera,Thremmatidae,3,SC
26-109-49,Bald Tioga,Bald Tioga,Baldwin Run,15-Apr-26,5/28 of 4/28,Optioservus fastiditus group,Optioservus,Larva/Adult,4,FALSE,FALSE,1A/3L,Arthropoda,Insecta,Coleoptera,Elmidae,4,SC
26-109-49,Bald Tioga,Bald Tioga,Baldwin Run,15-Apr-26,5/28 of 4/28,Oulimnius sp.,Oulimnius,Larva/Adult,9,FALSE,FALSE,3A/6L,Arthropoda,Insecta,Coleoptera,Elmidae,5,SC
26-109-49,Bald Tioga,Bald Tioga,Baldwin Run,15-Apr-26,5/28 of 4/28,Paraleptophlebia sp.,Paraleptophlebia,Larva,3,FALSE,FALSE,,Arthropoda,Insecta,Ephemeroptera,Leptophlebiidae,1,CG
26-109-49,Bald Tioga,Bald Tioga,Baldwin Run,15-Apr-26,5/28 of 4/28,Prosimulium sp.,Prosimulium,Larva,3,FALSE,FALSE,,Arthropoda,Insecta,Diptera,Simuliidae,2,FC
26-109-49,Bald Tioga,Bald Tioga,Baldwin Run,15-Apr-26,5/28 of 4/28,Pteronarcys sp.,Pteronarcys,Early Instar,3,FALSE,FALSE,,Arthropoda,Insecta,Plecoptera,Pteronarcyidae,0,SH
26-109-49,Bald Tioga,Bald Tioga,Baldwin Run,15-Apr-26,5/28 of 4/28,Rhyacophila sp.,Rhyacophila,Larva,1,FALSE,FALSE,,Arthropoda,Insecta,Trichoptera,Rhyacophilidae,1,PR
26-109-50,East Fork,East Fork,East Fork Sinnemahoning Creek,27-Apr-26,9/28 of 4/28,Acentrella sp.,Acentrella,Larva,38,FALSE,FALSE,,Arthropoda,Insecta,Ephemeroptera,Baetidae,4,SC
26-109-50,East Fork,East Fork,East Fork Sinnemahoning Creek,27-Apr-26,9/28 of 4/28,Baetis sp.,Baetis,Larva,1,FALSE,FALSE,,Arthropoda,Insecta,Ephemeroptera,Baetidae,6,CG
26-109-50,East Fork,East Fork,East Fork Sinnemahoning Creek,27-Apr-26,9/28 of 4/28,Cheumatopsyche sp.,Cheumatopsyche,Larva,3,FALSE,FALSE,,Arthropoda,Insecta,Trichoptera,Hydropsychidae,6,FC
26-109-50,East Fork,East Fork,East Fork Sinnemahoning Creek,27-Apr-26,9/28 of 4/28,Chironomidae,Chironomidae,Larva,8,FALSE,FALSE,,Arthropoda,Insecta,Diptera,Chironomidae,6,CG
26-109-50,East Fork,East Fork,East Fork Sinnemahoning Creek,27-Apr-26,9/28 of 4/28,Cinygmula subaequalis,Cinygmula,Larva,17,FALSE,FALSE,,Arthropoda,Insecta,Ephemeroptera,Heptageniidae,1,CG
26-109-50,East Fork,East Fork,East Fork Sinnemahoning Creek,27-Apr-26,9/28 of 4/28,Dicranota sp.,Dicranota,Larva,1,FALSE,FALSE,,Arthropoda,Insecta,Diptera,Pedicidiidae,3,PR
26-109-50,East Fork,East Fork,East Fork Sinnemahoning Creek,27-Apr-26,9/28 of 4/28,Diplectrona sp.,Diplectrona,Larva,1,FALSE,FALSE,,Arthropoda,Insecta,Trichoptera,Hydropsychidae,0,FC
26-109-50,East Fork,East Fork,East Fork Sinnemahoning Creek,27-Apr-26,9/28 of 4/28,Drunella sp.,Drunella,Larva,13,FALSE,FALSE,,Arthropoda,Insecta,Ephemeroptera,Ephemerellidae,1,SC
26-109-50,East Fork,East Fork,East Fork Sinnemahoning Creek,27-Apr-26,9/28 of 4/28,Epeorus sp.,Epeorus,Larva,30,FALSE,FALSE,,Arthropoda,Insecta,Ephemeroptera,Heptageniidae,0,SC
26-109-50,East Fork,East Fork,East Fork Sinnemahoning Creek,27-Apr-26,9/28 of 4/28,Ephemerella sp.,Ephemerella,Larva,11,FALSE,FALSE,,Arthropoda,Insecta,Ephemeroptera,Ephemerellidae,1,CG
26-109-50,East Fork,East Fork,East Fork Sinnemahoning Creek,27-Apr-26,9/28 of 4/28,Haploperla sp.,Haploperla,Larva,9,FALSE,FALSE,,Arthropoda,Insecta,Plecoptera,Chloroperlidae,0,PR
26-109-50,East Fork,East Fork,East Fork Sinnemahoning Creek,27-Apr-26,9/28 of 4/28,Hexatoma sp.,Hexatoma,Larva,3,FALSE,FALSE,,Arthropoda,Insecta,Diptera,Limoniidae,2,PR
26-109-50,East Fork,East Fork,East Fork Sinnemahoning Creek,27-Apr-26,9/28 of 4/28,Hydropsyche sp.,Hydropsyche,Larva,2,FALSE,FALSE,2 H. morosa gr. (formerly Ceratopsyche),Arthropoda,Insecta,Trichoptera,Hydropsychidae,5,FC
26-109-50,East Fork,East Fork,East Fork Sinnemahoning Creek,27-Apr-26,9/28 of 4/28,Isonychia sp.,Isonychia,Larva,5,FALSE,FALSE,,Arthropoda,Insecta,Ephemeroptera,Isonychiidae,3,CG
26-109-50,East Fork,East Fork,East Fork Sinnemahoning Creek,27-Apr-26,9/28 of 4/28,Isoperla sp.,Isoperla,Larva,2,FALSE,FALSE,,Arthropoda,Insecta,Plecoptera,Perlodidae,2,PR
26-109-50,East Fork,East Fork,East Fork Sinnemahoning Creek,27-Apr-26,9/28 of 4/28,Lanthus sp.,Lanthus,Immature,1,FALSE,FALSE,,Arthropoda,Insecta,Odonata,Gomphidae,5,PR
26-109-50,East Fork,East Fork,East Fork Sinnemahoning Creek,27-Apr-26,9/28 of 4/28,Leucrocuta sp.,Leucrocuta,Larva,2,FALSE,FALSE,,Arthropoda,Insecta,Ephemeroptera,Heptageniidae,1,SC
26-109-50,East Fork,East Fork,East Fork Sinnemahoning Creek,27-Apr-26,9/28 of 4/28,Leuctra sp.,Leuctra,Larva,1,FALSE,FALSE,,Arthropoda,Insecta,Plecoptera,Leuctridae,0,SH
26-109-50,East Fork,East Fork,East Fork Sinnemahoning Creek,27-Apr-26,9/28 of 4/28,Maccaffertium sp.,Maccaffertium,Larva,2,FALSE,FALSE,,Arthropoda,Insecta,Ephemeroptera,Heptageniidae,3,SC
26-109-50,East Fork,East Fork,East Fork Sinnemahoning Creek,27-Apr-26,9/28 of 4/28,Micrasema sp.,Micrasema,Larva,1,FALSE,FALSE,,Arthropoda,Insecta,Trichoptera,Brachycentridae,2,SH
26-109-50,East Fork,East Fork,East Fork Sinnemahoning Creek,27-Apr-26,9/28 of 4/28,Neoleptophlebia sp.,Paraleptophlebia,Larva,20,FALSE,TRUE,,Arthropoda,Insecta,Ephemeroptera,Leptophlebiidae,1,CG
26-109-50,East Fork,East Fork,East Fork Sinnemahoning Creek,27-Apr-26,9/28 of 4/28,Neophylax sp.,Neophylax,Larva,6,FALSE,FALSE,,Arthropoda,Insecta,Trichoptera,Thremmatidae,3,SC
26-109-50,East Fork,East Fork,East Fork Sinnemahoning Creek,27-Apr-26,9/28 of 4/28,Nigronia sp.,Nigronia,Larva,1,FALSE,FALSE,,Arthropoda,Insecta,Megaloptera,Corydalidae,2,PR
26-109-50,East Fork,East Fork,East Fork Sinnemahoning Creek,27-Apr-26,9/28 of 4/28,Optioservus fastiditus group,Optioservus,Larva/Adult,12,FALSE,FALSE,4 L/8 A,Arthropoda,Insecta,Coleoptera,Elmidae,4,SC
26-109-50,East Fork,East Fork,East Fork Sinnemahoning Creek,27-Apr-26,9/28 of 4/28,Oulimnius sp.,Oulimnius,Larva/Adult,4,FALSE,FALSE,1 L/ 3 A,Arthropoda,Insecta,Coleoptera,Elmidae,5,SC
26-109-50,East Fork,East Fork,East Fork Sinnemahoning Creek,27-Apr-26,9/28 of 4/28,Polycentropodidae,Polycentropodidae,Early Instar,2,FALSE,FALSE,,Arthropoda,Insecta,Trichoptera,Polycentropodidae,6,FC
26-109-50,East Fork,East Fork,East Fork Sinnemahoning Creek,27-Apr-26,9/28 of 4/28,Prosimulium sp.,Prosimulium,Larva,4,FALSE,FALSE,,Arthropoda,Insecta,Diptera,Simuliidae,2,FC
26-109-50,East Fork,East Fork,East Fork Sinnemahoning Creek,27-Apr-26,9/28 of 4/28,Psephenus sp.,Psephenus,Larva,8,FALSE,FALSE,,Arthropoda,Insecta,Coleoptera,Psephenidae,4,SC
26-109-50,East Fork,East Fork,East Fork Sinnemahoning Creek,27-Apr-26,9/28 of 4/28,Psilotreta sp.,Psilotreta,Larva,1,FALSE,FALSE,,Arthropoda,Insecta,Trichoptera,Odontoceridae,0,SC
26-109-50,East Fork,East Fork,East Fork Sinnemahoning Creek,27-Apr-26,9/28 of 4/28,Rhithrogena sp.,Rhithrogena,Larva,3,FALSE,FALSE,,Arthropoda,Insecta,Ephemeroptera,Heptageniidae,0,CG
26-109-50,East Fork,East Fork,East Fork Sinnemahoning Creek,27-Apr-26,9/28 of 4/28,Simulium sp.,Simulium,Larva,13,FALSE,FALSE,,Arthropoda,Insecta,Diptera,Simuliidae,6,FC
26-109-50,East Fork,East Fork,East Fork Sinnemahoning Creek,27-Apr-26,9/28 of 4/28,Stenacron sp.,Stenacron,Larva,1,FALSE,FALSE,,Arthropoda,Insecta,Ephemeroptera,Heptageniidae,4,SC
26-109-50,East Fork,East Fork,East Fork Sinnemahoning Creek,27-Apr-26,9/28 of 4/28,Teloganopsis deficiens,Teloganopsis,Larva,5,FALSE,FALSE,,Arthropoda,Insecta,Ephemeroptera,Ephemerellidae,2,CG
26-109-50,East Fork,East Fork,East Fork Sinnemahoning Creek,27-Apr-26,9/28 of 4/28,Trombidiformes,Hydracarina,,4,FALSE,FALSE,,Arthropoda,Arachnida,Trombidiformes,,7,PR
26-109-51,SBTK,SBTK,South Branch Tunkhannock Creek,06-Apr-26,8/28 of 4/28,Argia sp.,Argia,Immature,1,FALSE,FALSE,,Arthropoda,Insecta,Odonata,Coenagrionidae,6,PR
26-109-51,SBTK,SBTK,South Branch Tunkhannock Creek,06-Apr-26,8/28 of 4/28,Caecidotea sp.,Caecidotea,,1,FALSE,FALSE,,Arthropoda,Malocostraca,Isopoda,Asellidae,6,CG
26-109-51,SBTK,SBTK,South Branch Tunkhannock Creek,06-Apr-26,8/28 of 4/28,Caenis sp.,Caenis,Larva,9,FALSE,FALSE,,Arthropoda,Insecta,Ephemeroptera,Caenidae,7,CG
26-109-51,SBTK,SBTK,South Branch Tunkhannock Creek,06-Apr-26,8/28 of 4/28,Cambaridae,Cambaridae,Immature,1,FALSE,FALSE,,Arthropoda,Malocostraca,Decapoda,Cambaridae,6,CG
26-109-51,SBTK,SBTK,South Branch Tunkhannock Creek,06-Apr-26,8/28 of 4/28,Cheumatopsyche sp.,Cheumatopsyche,Larva,1,FALSE,FALSE,,Arthropoda,Insecta,Trichoptera,Hydropsychidae,6,FC
26-109-51,SBTK,SBTK,South Branch Tunkhannock Creek,06-Apr-26,8/28 of 4/28,Chironomidae,Chironomidae,Larva,86,FALSE,FALSE,,Arthropoda,Insecta,Diptera,Chironomidae,6,CG
26-109-51,SBTK,SBTK,South Branch Tunkhannock Creek,06-Apr-26,8/28 of 4/28,Ephemerella sp.,Ephemerella,Larva,25,FALSE,FALSE,,Arthropoda,Insecta,Ephemeroptera,Ephemerellidae,1,CG
26-109-51,SBTK,SBTK,South Branch Tunkhannock Creek,06-Apr-26,8/28 of 4/28,Eurylophella sp.,Eurylophella,Early Instar,1,FALSE,FALSE,,Arthropoda,Insecta,Ephemeroptera,Ephemerellidae,4,SC
26-109-51,SBTK,SBTK,South Branch Tunkhannock Creek,06-Apr-26,8/28 of 4/28,Maccaffertium sp.,Maccaffertium,Larva,9,FALSE,FALSE,,Arthropoda,Insecta,Ephemeroptera,Heptageniidae,3,SC
26-109-51,SBTK,SBTK,South Branch Tunkhannock Creek,06-Apr-26,8/28 of 4/28,Neophylax sp.,Neophylax,Larva,5,FALSE,FALSE,,Arthropoda,Insecta,Trichoptera,Thremmatidae,3,SC
26-109-51,SBTK,SBTK,South Branch Tunkhannock Creek,06-Apr-26,8/28 of 4/28,Neoplasta sp.,Neoplasta,Larva,1,FALSE,FALSE,,Arthropoda,Insecta,Diptera,Empididae,6,PR
26-109-51,SBTK,SBTK,South Branch Tunkhannock Creek,06-Apr-26,8/28 of 4/28,Oligochaeta,Oligochaeta,,9,FALSE,FALSE,,Annelida,Clitellata,,,10,CG
26-109-51,SBTK,SBTK,South Branch Tunkhannock Creek,06-Apr-26,8/28 of 4/28,Optioservus fastiditus group,Optioservus,Larva,3,FALSE,FALSE,,Arthropoda,Insecta,Coleoptera,Elmidae,4,SC
26-109-51,SBTK,SBTK,South Branch Tunkhannock Creek,06-Apr-26,8/28 of 4/28,Physidae,Physidae,Immature,1,FALSE,FALSE,,Mollusca,Gastropoda,Basommatophora,Physidae,8,SC
26-109-51,SBTK,SBTK,South Branch Tunkhannock Creek,06-Apr-26,8/28 of 4/28,Prosimulium sp.,Prosimulium,Larva,3,FALSE,FALSE,,Arthropoda,Insecta,Diptera,Simuliidae,2,FC
26-109-51,SBTK,SBTK,South Branch Tunkhannock Creek,06-Apr-26,8/28 of 4/28,Prostoia sp.,Prostoia,Larva,3,FALSE,FALSE,,Arthropoda,Insecta,Plecoptera,Nemouridae,2,SH
26-109-51,SBTK,SBTK,South Branch Tunkhannock Creek,06-Apr-26,8/28 of 4/28,Pteronarcys sp.,Pteronarcys,Early Instar,1,FALSE,FALSE,,Arthropoda,Insecta,Plecoptera,Pteronarcyidae,0,SH
26-109-51,SBTK,SBTK,South Branch Tunkhannock Creek,06-Apr-26,8/28 of 4/28,Sphaeriidae,Sphaeriidae,Immature,1,FALSE,FALSE,,Mollusca,Bivalvia,Sphaeriida,Sphaeriidae,8,FC
26-109-51,SBTK,SBTK,South Branch Tunkhannock Creek,06-Apr-26,8/28 of 4/28,Stenelmis sp.,Stenelmis,Larva/Adult,18,FALSE,FALSE,16 L/2 A,Arthropoda,Insecta,Coleoptera,Elmidae,5,SC
26-109-51,SBTK,SBTK,South Branch Tunkhannock Creek,06-Apr-26,8/28 of 4/28,Trepaxonemata,Turbellaria,,1,FALSE,FALSE,,Plathyhelminthes,Trepaxonemata,,,9,PR
26-109-51,SBTK,SBTK,South Branch Tunkhannock Creek,06-Apr-26,8/28 of 4/28,Trichoclinocera sp.,Trichoclinocera,Larva,7,FALSE,FALSE,,Arthropoda,Insecta,Diptera,Empididae,6,PR
26-109-51,SBTK,SBTK,South Branch Tunkhannock Creek,06-Apr-26,8/28 of 4/28,Trombidiformes,Hydracarina,,5,FALSE,FALSE,,Arthropoda,Arachnida,Trombidiformes,,7,PR
26-109-52,Sugar Run,Sugar Run,Sugar Run,07-Apr-26,3/28 of 4/28,Acroneuria sp.,Acroneuria,Larva,1,FALSE,FALSE,,Arthropoda,Insecta,Plecoptera,Perlidae,0,PR
26-109-52,Sugar Run,Sugar Run,Sugar Run,07-Apr-26,3/28 of 4/28,Ameletus sp.,Ameletus,Larva,1,FALSE,TRUE,,Arthropoda,Insecta,Ephemeroptera,Ameletidae,0,CG
26-109-52,Sugar Run,Sugar Run,Sugar Run,07-Apr-26,3/28 of 4/28,Amphinemura sp.,Amphinemura,Larva,6,FALSE,FALSE,,Arthropoda,Insecta,Plecoptera,Nemouridae,3,SH
26-109-52,Sugar Run,Sugar Run,Sugar Run,07-Apr-26,3/28 of 4/28,Caenis sp.,Caenis,Larva,2,FALSE,FALSE,,Arthropoda,Insecta,Ephemeroptera,Caenidae,7,CG
26-109-52,Sugar Run,Sugar Run,Sugar Run,07-Apr-26,3/28 of 4/28,Ceratopogoninae,Ceratopogonidae,Larva,1,FALSE,FALSE,,Arthropoda,Insecta,Diptera,Ceratopogonidae,6,PR
26-109-52,Sugar Run,Sugar Run,Sugar Run,07-Apr-26,3/28 of 4/28,Cheumatopsyche sp.,Cheumatopsyche,Larva,3,FALSE,FALSE,,Arthropoda,Insecta,Trichoptera,Hydropsychidae,6,FC
26-109-52,Sugar Run,Sugar Run,Sugar Run,07-Apr-26,3/28 of 4/28,Chimarra sp.,Chimarra,Larva,11,FALSE,FALSE,,Arthropoda,Insecta,Trichoptera,Philopotamidae,4,FC
26-109-52,Sugar Run,Sugar Run,Sugar Run,07-Apr-26,3/28 of 4/28,Chironomidae,Chironomidae,Larva,9,FALSE,FALSE,,Arthropoda,Insecta,Diptera,Chironomidae,6,CG
26-109-52,Sugar Run,Sugar Run,Sugar Run,07-Apr-26,3/28 of 4/28,Drunella sp.,Drunella,Early Instar,4,FALSE,FALSE,,Arthropoda,Insecta,Ephemeroptera,Ephemerellidae,1,SC
26-109-52,Sugar Run,Sugar Run,Sugar Run,07-Apr-26,3/28 of 4/28,Ephemerella sp.,Ephemerella,Larva,1,FALSE,TRUE,,Arthropoda,Insecta,Ephemeroptera,Ephemerellidae,1,CG
26-109-52,Sugar Run,Sugar Run,Sugar Run,07-Apr-26,3/28 of 4/28,Hydropsyche sp.,Hydropsyche,Larva,2,FALSE,FALSE,2 H. morosa group (formerly Ceratopsyche),Arthropoda,Insecta,Trichoptera,Hydropsychidae,5,FC
26-109-52,Sugar Run,Sugar Run,Sugar Run,07-Apr-26,3/28 of 4/28,Isonychia sp.,Isonychia,Larva,1,FALSE,FALSE,,Arthropoda,Insecta,Ephemeroptera,Isonychiidae,3,CG
26-109-52,Sugar Run,Sugar Run,Sugar Run,07-Apr-26,3/28 of 4/28,Leucrocuta sp.,Leucrocuta,Larva,1,FALSE,FALSE,,Arthropoda,Insecta,Ephemeroptera,Heptageniidae,1,SC
26-109-52,Sugar Run,Sugar Run,Sugar Run,07-Apr-26,3/28 of 4/28,Neophylax sp.,Neophylax,Larva,2,FALSE,FALSE,,Arthropoda,Insecta,Trichoptera,Thremmatidae,3,SC
26-109-52,Sugar Run,Sugar Run,Sugar Run,07-Apr-26,3/28 of 4/28,Oligochaeta,Oligochaeta,,2,FALSE,FALSE,,Annelida,Clitellata,,,10,CG
26-109-52,Sugar Run,Sugar Run,Sugar Run,07-Apr-26,3/28 of 4/28,Optioservus fastiditus group,Optioservus,Larva/Adult,4,FALSE,FALSE,1A/3L,Arthropoda,Insecta,Coleoptera,Elmidae,4,SC
26-109-52,Sugar Run,Sugar Run,Sugar Run,07-Apr-26,3/28 of 4/28,Philopotamidae,Philopotamidae,Early Instar,1,TRUE,FALSE,,Arthropoda,Insecta,Trichoptera,Philopotamidae,3,FC
26-109-52,Sugar Run,Sugar Run,Sugar Run,07-Apr-26,3/28 of 4/28,Prosimulium sp.,Prosimulium,Larva,173,FALSE,FALSE,,Arthropoda,Insecta,Diptera,Simuliidae,2,FC
26-109-52,Sugar Run,Sugar Run,Sugar Run,07-Apr-26,3/28 of 4/28,Psephenus sp.,Psephenus,Larva,4,FALSE,FALSE,,Arthropoda,Insecta,Coleoptera,Psephenidae,4,SC
26-109-52,Sugar Run,Sugar Run,Sugar Run,07-Apr-26,3/28 of 4/28,Trichoclinocera sp.,Trichoclinocera,Larva,2,FALSE,FALSE,,Arthropoda,Insecta,Diptera,Empididae,6,PR
26-109-53,BOWN,BOWN,Bowman Creek,06-Apr-26,20/28 of 4/28,Acentrella sp.,Acentrella,Larva,1,FALSE,FALSE,,Arthropoda,Insecta,Ephemeroptera,Baetidae,4,SC
26-109-53,BOWN,BOWN,Bowman Creek,06-Apr-26,20/28 of 4/28,Agnetina sp.,Agnetina,Larva,4,FALSE,FALSE,,Arthropoda,Insecta,Plecoptera,Perlidae,2,PR
26-109-53,BOWN,BOWN,Bowman Creek,06-Apr-26,20/28 of 4/28,Alloperla sp.,Alloperla,Larva,2,FALSE,FALSE,,Arthropoda,Insecta,Plecoptera,Chloroperlidae,0,CG
26-109-53,BOWN,BOWN,Bowman Creek,06-Apr-26,20/28 of 4/28,Baetis sp.,Baetis,Larva,4,FALSE,FALSE,,Arthropoda,Insecta,Ephemeroptera,Baetidae,6,CG
26-109-53,BOWN,BOWN,Bowman Creek,06-Apr-26,20/28 of 4/28,Brachycentrus sp.,Brachycentrus,Larva,2,FALSE,FALSE,,Arthropoda,Insecta,Trichoptera,Brachycentridae,1,FC
26-109-53,BOWN,BOWN,Bowman Creek,06-Apr-26,20/28 of 4/28,Cheumatopsyche sp.,Cheumatopsyche,Larva,1,FALSE,FALSE,,Arthropoda,Insecta,Trichoptera,Hydropsychidae,6,FC
26-109-53,BOWN,BOWN,Bowman Creek,06-Apr-26,20/28 of 4/28,Chironomidae,Chironomidae,Larva,73,FALSE,FALSE,,Arthropoda,Insecta,Diptera,Chironomidae,6,CG
26-109-53,BOWN,BOWN,Bowman Creek,06-Apr-26,20/28 of 4/28,Chloroperlidae,Chloroperlidae,Immature,7,FALSE,FALSE,"distinct genus, immatures",Arthropoda,Insecta,Plecoptera,Chloroperlidae,0,PR
26-109-53,BOWN,BOWN,Bowman Creek,06-Apr-26,20/28 of 4/28,Cinygmula subaequalis,Cinygmula,Immature,1,FALSE,FALSE,,Arthropoda,Insecta,Ephemeroptera,Heptageniidae,1,CG
26-109-53,BOWN,BOWN,Bowman Creek,06-Apr-26,20/28 of 4/28,Cultus sp.,Cultus,Larva,1,FALSE,FALSE,,Arthropoda,Insecta,Plecoptera,Perlodidae,2,PR
26-109-53,BOWN,BOWN,Bowman Creek,06-Apr-26,20/28 of 4/28,Drunella sp.,Drunella,Larva,22,FALSE,FALSE,,Arthropoda,Insecta,Ephemeroptera,Ephemerellidae,1,SC
26-109-53,BOWN,BOWN,Bowman Creek,06-Apr-26,20/28 of 4/28,Epeorus sp.,Epeorus,Larva,13,FALSE,FALSE,,Arthropoda,Insecta,Ephemeroptera,Heptageniidae,0,SC
26-109-53,BOWN,BOWN,Bowman Creek,06-Apr-26,20/28 of 4/28,Ephemerella sp.,Ephemerella,Larva,16,FALSE,FALSE,,Arthropoda,Insecta,Ephemeroptera,Ephemerellidae,1,CG
26-109-53,BOWN,BOWN,Bowman Creek,06-Apr-26,20/28 of 4/28,Eurylophella sp.,Eurylophella,Immature,1,FALSE,FALSE,,Arthropoda,Insecta,Ephemeroptera,Ephemerellidae,4,SC
26-109-53,BOWN,BOWN,Bowman Creek,06-Apr-26,20/28 of 4/28,Hexatoma sp.,Hexatoma,Larva,1,FALSE,FALSE,,Arthropoda,Insecta,Diptera,Limoniidae,2,PR
26-109-53,BOWN,BOWN,Bowman Creek,06-Apr-26,20/28 of 4/28,Hydropsyche sp.,Hydropsyche,Larva,1,FALSE,FALSE,1 H. morosa gr. (formerly Ceratopsyche),Arthropoda,Insecta,Trichoptera,Hydropsychidae,5,FC
26-109-53,BOWN,BOWN,Bowman Creek,06-Apr-26,20/28 of 4/28,Isogenoides sp.,Isogenoides,Larva,1,FALSE,FALSE,,Arthropoda,Insecta,Plecoptera,Perlodidae,0,PR
26-109-53,BOWN,BOWN,Bowman Creek,06-Apr-26,20/28 of 4/28,Isoperla sp.,Isoperla,Larva,6,FALSE,FALSE,,Arthropoda,Insecta,Plecoptera,Perlodidae,2,PR
26-109-53,BOWN,BOWN,Bowman Creek,06-Apr-26,20/28 of 4/28,Lepidostoma sp.,Lepidostoma,Larva,3,FALSE,FALSE,,Arthropoda,Insecta,Trichoptera,Lepidostomatidae,1,SH
26-109-53,BOWN,BOWN,Bowman Creek,06-Apr-26,20/28 of 4/28,Leucrocuta sp.,Leucrocuta,Immature,4,FALSE,FALSE,,Arthropoda,Insecta,Ephemeroptera,Heptageniidae,1,SC
26-109-53,BOWN,BOWN,Bowman Creek,06-Apr-26,20/28 of 4/28,Leuctra sp.,Leuctra,Immature,6,FALSE,FALSE,,Arthropoda,Insecta,Plecoptera,Leuctridae,0,SH
26-109-53,BOWN,BOWN,Bowman Creek,06-Apr-26,20/28 of 4/28,Maccaffertium sp.,Maccaffertium,Larva,3,FALSE,FALSE,,Arthropoda,Insecta,Ephemeroptera,Heptageniidae,3,SC
26-109-53,BOWN,BOWN,Bowman Creek,06-Apr-26,20/28 of 4/28,Nematoda,Nematoda,,1,FALSE,FALSE,,Nematoda,,,,9,CG
26-109-53,BOWN,BOWN,Bowman Creek,06-Apr-26,20/28 of 4/28,Neoleptophlebia sp.,Paraleptophlebia,Larva,10,FALSE,TRUE,,Arthropoda,Insecta,Ephemeroptera,Leptophlebiidae,1,CG
26-109-53,BOWN,BOWN,Bowman Creek,06-Apr-26,20/28 of 4/28,Neophylax sp.,Neophylax,Larva,8,FALSE,FALSE,,Arthropoda,Insecta,Trichoptera,Thremmatidae,3,SC
26-109-53,BOWN,BOWN,Bowman Creek,06-Apr-26,20/28 of 4/28,Polycentropodidae,Polycentropodidae,Early Instar,1,FALSE,FALSE,,Arthropoda,Insecta,Trichoptera,Polycentropodidae,6,FC
26-109-53,BOWN,BOWN,Bowman Creek,06-Apr-26,20/28 of 4/28,Psephenus sp.,Psephenus,Larva,2,FALSE,FALSE,,Arthropoda,Insecta,Coleoptera,Psephenidae,4,SC
26-109-53,BOWN,BOWN,Bowman Creek,06-Apr-26,20/28 of 4/28,Psilotreta sp.,Psilotreta,Larva,1,FALSE,FALSE,,Arthropoda,Insecta,Trichoptera,Odontoceridae,0,SC
26-109-53,BOWN,BOWN,Bowman Creek,06-Apr-26,20/28 of 4/28,Rhyacophila sp.,Rhyacophila,Larva,1,FALSE,FALSE,,Arthropoda,Insecta,Trichoptera,Rhyacophilidae,1,PR
26-109-53,BOWN,BOWN,Bowman Creek,06-Apr-26,20/28 of 4/28,Teloganopsis deficiens,Teloganopsis,Immature,1,FALSE,FALSE,,Arthropoda,Insecta,Ephemeroptera,Ephemerellidae,2,CG
26-109-53,BOWN,BOWN,Bowman Creek,06-Apr-26,20/28 of 4/28,Trichoclinocera sp.,Trichoclinocera,Larva,3,FALSE,FALSE,,Arthropoda,Insecta,Diptera,Empididae,6,PR
26-109-53,BOWN,BOWN,Bowman Creek,06-Apr-26,20/28 of 4/28,Trombidiformes,Hydracarina,,1,FALSE,FALSE,,Arthropoda,Arachnida,Trombidiformes,,7,PR
